area_id,area_name,quartiere_name,zona_name,sex,age_group,citizenship,population
1,lavino di mezzo,Borgo Panigale - Reno,Borgo Panigale,Maschi,15-24,Straniera,5
1,lavino di mezzo,Borgo Panigale - Reno,Borgo Panigale,Maschi,65 e oltre,Italiana,33
3,bargellino,Borgo Panigale - Reno,Borgo Panigale,Femmine,06-14,Italiana,2
4,aeroporto,Borgo Panigale - Reno,Borgo Panigale,Maschi,02 e prima,Italiana,4
4,aeroporto,Borgo Panigale - Reno,Borgo Panigale,Maschi,25-34,Italiana,14
4,aeroporto,Borgo Panigale - Reno,Borgo Panigale,Maschi,25-34,Straniera,5
7,ducati-villaggio ina,Borgo Panigale - Reno,Borgo Panigale,Femmine,03-05,Straniera,5
7,ducati-villaggio ina,Borgo Panigale - Reno,Borgo Panigale,Femmine,06-14,Italiana,68
7,ducati-villaggio ina,Borgo Panigale - Reno,Borgo Panigale,Maschi,06-14,Italiana,113
7,ducati-villaggio ina,Borgo Panigale - Reno,Borgo Panigale,Maschi,06-14,Straniera,17
7,ducati-villaggio ina,Borgo Panigale - Reno,Borgo Panigale,Maschi,55-64,Straniera,11
8,borgo centro,Borgo Panigale - Reno,Borgo Panigale,Femmine,03-05,Italiana,58
8,borgo centro,Borgo Panigale - Reno,Borgo Panigale,Maschi,25-34,Straniera,95
8,borgo centro,Borgo Panigale - Reno,Borgo Panigale,Maschi,65 e oltre,Italiana,708
11,casteldebole,Borgo Panigale - Reno,Borgo Panigale,Femmine,02 e prima,Straniera,3
12,caserme rosse-manifattura,Navile,Bolognina,Femmine,25-34,Italiana,30
12,caserme rosse-manifattura,Navile,Bolognina,Femmine,45-54,Straniera,53
12,caserme rosse-manifattura,Navile,Bolognina,Femmine,65 e oltre,Straniera,32
14,arcoveggio,Navile,Bolognina,Maschi,15-24,Straniera,120
16,ex mercato ortofrutticolo,Navile,Bolognina,Femmine,03-05,Italiana,27
17,piazza dell'unita',Navile,Bolognina,Femmine,65 e oltre,Straniera,145
18,san savino,Navile,Corticella,Femmine,03-05,Straniera,19
18,san savino,Navile,Corticella,Femmine,06-14,Italiana,262
18,san savino,Navile,Corticella,Maschi,45-54,Italiana,567
19,savena abbandonato,Navile,Corticella,Femmine,02 e prima,Italiana,9
19,savena abbandonato,Navile,Corticella,Femmine,65 e oltre,Italiana,86
19,savena abbandonato,Navile,Corticella,Maschi,02 e prima,Italiana,2
20,croce coperta,Navile,Corticella,Femmine,02 e prima,Straniera,12
20,croce coperta,Navile,Corticella,Maschi,02 e prima,Straniera,16
21,mulino del gomito,Navile,Corticella,Femmine,15-24,Italiana,15
22,la dozza,Navile,Corticella,Maschi,06-14,Italiana,37
22,la dozza,Navile,Corticella,Maschi,25-34,Straniera,3
23,laghetti del rosario,Navile,Lame,Femmine,55-64,Italiana,35
24,la noce,Navile,Lame,Femmine,02 e prima,Italiana,13
24,la noce,Navile,Lame,Femmine,25-34,Italiana,36
24,la noce,Navile,Lame,Maschi,25-34,Straniera,8
25,tiro a segno,Navile,Lame,Maschi,06-14,Italiana,5
25,tiro a segno,Navile,Lame,Maschi,45-54,Italiana,9
50,osservanza,Santo Stefano,Colli,Maschi,55-64,Italiana,288
50,osservanza,Santo Stefano,Colli,Maschi,65 e oltre,Straniera,10
51,san michele in bosco,Santo Stefano,Colli,Femmine,06-14,Straniera,3
51,san michele in bosco,Santo Stefano,Colli,Femmine,25-34,Italiana,72
52,paderno,Santo Stefano,Colli,Femmine,25-34,Straniera,1
52,paderno,Santo Stefano,Colli,Maschi,25-34,Italiana,32
53,galvani-1,Santo Stefano,Galvani,Maschi,15-24,Italiana,67
54,galvani-2,Santo Stefano,Galvani,Femmine,45-54,Italiana,741
55,giardini margherita,Santo Stefano,Murri,Femmine,15-24,Italiana,2
56,mezzofanti,Santo Stefano,Murri,Femmine,02 e prima,Italiana,50
56,mezzofanti,Santo Stefano,Murri,Femmine,06-14,Italiana,249
56,mezzofanti,Santo Stefano,Murri,Femmine,35-44,Italiana,386
57,siepelunga,Santo Stefano,Murri,Femmine,15-24,Straniera,16
57,siepelunga,Santo Stefano,Murri,Femmine,25-34,Straniera,20
57,siepelunga,Santo Stefano,Murri,Maschi,02 e prima,Italiana,42
58,dagnini,Santo Stefano,Murri,Femmine,25-34,Straniera,55
58,dagnini,Santo Stefano,Murri,Femmine,65 e oltre,Straniera,77
59,chiesanuova,Santo Stefano,Murri,Maschi,02 e prima,Italiana,80
59,chiesanuova,Santo Stefano,Murri,Maschi,03-05,Straniera,8
59,chiesanuova,Santo Stefano,Murri,Maschi,06-14,Straniera,27
60,irnerio-1,Santo Stefano,Irnerio,Femmine,25-34,Straniera,28
61,irnerio-2,Santo Stefano,Irnerio,Femmine,25-34,Straniera,96
61,irnerio-2,Santo Stefano,Irnerio,Maschi,25-34,Italiana,333
61,irnerio-2,Santo Stefano,Irnerio,Maschi,45-54,Straniera,95
61,irnerio-2,Santo Stefano,Irnerio,Maschi,65 e oltre,Italiana,888
62,cirenaica,San Donato - San Vitale,San Vitale,Femmine,45-54,Italiana,564
62,cirenaica,San Donato - San Vitale,San Vitale,Femmine,55-64,Straniera,87
62,cirenaica,San Donato - San Vitale,San Vitale,Femmine,65 e oltre,Straniera,96
63,scandellara,San Donato - San Vitale,San Vitale,Maschi,03-05,Italiana,21
64,via larga,San Donato - San Vitale,San Vitale,Maschi,06-14,Straniera,3
65,roveri,San Donato - San Vitale,San Vitale,Femmine,03-05,Italiana,9
65,roveri,San Donato - San Vitale,San Vitale,Femmine,25-34,Straniera,5
65,roveri,San Donato - San Vitale,San Vitale,Femmine,65 e oltre,Straniera,8
65,roveri,San Donato - San Vitale,San Vitale,Maschi,03-05,Italiana,5
66,ospedale sant'orsola,San Donato - San Vitale,San Vitale,Femmine,25-34,Straniera,1
67,mengoli,San Donato - San Vitale,San Vitale,Femmine,03-05,Straniera,15
67,mengoli,San Donato - San Vitale,San Vitale,Maschi,06-14,Italiana,291
68,guelfa,San Donato - San Vitale,San Vitale,Femmine,06-14,Italiana,178
69,croce del biacco,San Donato - San Vitale,San Vitale,Femmine,06-14,Straniera,44
69,croce del biacco,San Donato - San Vitale,San Vitale,Maschi,15-24,Italiana,157
47,via del lavoro,San Donato - San Vitale,San Donato,Maschi,25-34,Italiana,227
48,michelino,San Donato - San Vitale,San Donato,Femmine,65 e oltre,Straniera,44
49,via mondo,San Donato - San Vitale,San Donato,Femmine,06-14,Straniera,77
50,osservanza,Santo Stefano,Colli,Maschi,25-34,Italiana,113
50,osservanza,Santo Stefano,Colli,Maschi,35-44,Straniera,33
51,san michele in bosco,Santo Stefano,Colli,Femmine,45-54,Italiana,196
51,san michele in bosco,Santo Stefano,Colli,Maschi,35-44,Italiana,151
52,paderno,Santo Stefano,Colli,Maschi,25-34,Italiana,29
53,galvani-1,Santo Stefano,Galvani,Femmine,25-34,Italiana,57
53,galvani-1,Santo Stefano,Galvani,Maschi,25-34,Italiana,47
56,mezzofanti,Santo Stefano,Murri,Maschi,06-14,Straniera,13
58,dagnini,Santo Stefano,Murri,Maschi,15-24,Italiana,358
58,dagnini,Santo Stefano,Murri,Maschi,15-24,Straniera,55
58,dagnini,Santo Stefano,Murri,Maschi,25-34,Italiana,304
59,chiesanuova,Santo Stefano,Murri,Maschi,02 e prima,Straniera,11
60,irnerio-1,Santo Stefano,Irnerio,Maschi,02 e prima,Straniera,3
60,irnerio-1,Santo Stefano,Irnerio,Maschi,03-05,Straniera,4
60,irnerio-1,Santo Stefano,Irnerio,Maschi,65 e oltre,Italiana,372
60,irnerio-1,Santo Stefano,Irnerio,Maschi,65 e oltre,Straniera,9
61,irnerio-2,Santo Stefano,Irnerio,Femmine,02 e prima,Straniera,16
61,irnerio-2,Santo Stefano,Irnerio,Maschi,35-44,Italiana,643
63,scandellara,San Donato - San Vitale,San Vitale,Maschi,25-34,Italiana,33
64,via larga,San Donato - San Vitale,San Vitale,Femmine,15-24,Straniera,18
64,via larga,San Donato - San Vitale,San Vitale,Femmine,35-44,Italiana,69
64,via larga,San Donato - San Vitale,San Vitale,Femmine,55-64,Italiana,233
64,via larga,San Donato - San Vitale,San Vitale,Maschi,06-14,Italiana,47
65,roveri,San Donato - San Vitale,San Vitale,Femmine,06-14,Straniera,4
65,roveri,San Donato - San Vitale,San Vitale,Femmine,45-54,Italiana,52
65,roveri,San Donato - San Vitale,San Vitale,Maschi,06-14,Italiana,19
65,roveri,San Donato - San Vitale,San Vitale,Maschi,45-54,Italiana,46
66,ospedale sant'orsola,San Donato - San Vitale,San Vitale,Femmine,55-64,Straniera,1
67,mengoli,San Donato - San Vitale,San Vitale,Femmine,06-14,Italiana,282
67,mengoli,San Donato - San Vitale,San Vitale,Femmine,35-44,Italiana,585
67,mengoli,San Donato - San Vitale,San Vitale,Femmine,35-44,Straniera,122
67,mengoli,San Donato - San Vitale,San Vitale,Maschi,02 e prima,Straniera,14
67,mengoli,San Donato - San Vitale,San Vitale,Maschi,15-24,Straniera,40
68,guelfa,San Donato - San Vitale,San Vitale,Femmine,02 e prima,Straniera,14
68,guelfa,San Donato - San Vitale,San Vitale,Femmine,45-54,Italiana,418
68,guelfa,San Donato - San Vitale,San Vitale,Femmine,55-64,Italiana,396
68,guelfa,San Donato - San Vitale,San Vitale,Maschi,03-05,Straniera,14
68,guelfa,San Donato - San Vitale,San Vitale,Maschi,25-34,Straniera,69
68,guelfa,San Donato - San Vitale,San Vitale,Maschi,45-54,Straniera,110
68,guelfa,San Donato - San Vitale,San Vitale,Maschi,65 e oltre,Italiana,609
69,croce del biacco,San Donato - San Vitale,San Vitale,Femmine,02 e prima,Italiana,44
69,croce del biacco,San Donato - San Vitale,San Vitale,Femmine,03-05,Straniera,13
69,croce del biacco,San Donato - San Vitale,San Vitale,Femmine,06-14,Italiana,161
69,croce del biacco,San Donato - San Vitale,San Vitale,Femmine,15-24,Italiana,152
69,croce del biacco,San Donato - San Vitale,San Vitale,Maschi,25-34,Straniera,39
69,croce del biacco,San Donato - San Vitale,San Vitale,Maschi,45-54,Straniera,56
70,stradelli guelfi,San Donato - San Vitale,San Vitale,Femmine,02 e prima,Italiana,4
70,stradelli guelfi,San Donato - San Vitale,San Vitale,Femmine,65 e oltre,Straniera,1
71,stadio-meloncello,Porto - Saragozza,Costa Saragozza,Femmine,25-34,Italiana,89
71,stadio-meloncello,Porto - Saragozza,Costa Saragozza,Femmine,25-34,Straniera,22
71,stadio-meloncello,Porto - Saragozza,Costa Saragozza,Femmine,25-34,Italiana,103
71,stadio-meloncello,Porto - Saragozza,Costa Saragozza,Femmine,45-54,Straniera,47
71,stadio-meloncello,Porto - Saragozza,Costa Saragozza,Maschi,02 e prima,Italiana,36
71,stadio-meloncello,Porto - Saragozza,Costa Saragozza,Maschi,06-14,Italiana,117
71,stadio-meloncello,Porto - Saragozza,Costa Saragozza,Maschi,06-14,Straniera,13
71,stadio-meloncello,Porto - Saragozza,Costa Saragozza,Maschi,25-34,Italiana,98
72,xxi aprile,Porto - Saragozza,Costa Saragozza,Femmine,45-54,Italiana,877
72,xxi aprile,Porto - Saragozza,Costa Saragozza,Maschi,06-14,Italiana,385
72,xxi aprile,Porto - Saragozza,Costa Saragozza,Maschi,25-34,Straniera,84
73,san giuseppe,Porto - Saragozza,Costa Saragozza,Femmine,35-44,Italiana,303
73,san giuseppe,Porto - Saragozza,Costa Saragozza,Maschi,15-24,Straniera,23
73,san giuseppe,Porto - Saragozza,Costa Saragozza,Maschi,65 e oltre,Straniera,16
74,ravone,Porto - Saragozza,Costa Saragozza,Femmine,06-14,Straniera,5
74,ravone,Porto - Saragozza,Costa Saragozza,Femmine,55-64,Italiana,91
74,ravone,Porto - Saragozza,Costa Saragozza,Maschi,02 e prima,Straniera,1
75,via del genio,Porto - Saragozza,Costa Saragozza,Femmine,15-24,Italiana,2
75,via del genio,Porto - Saragozza,Costa Saragozza,Femmine,25-34,Italiana,1
75,via del genio,Porto - Saragozza,Costa Saragozza,Femmine,65 e oltre,Italiana,1
76,san luca,Porto - Saragozza,Costa Saragozza,Femmine,02 e prima,Italiana,4
76,san luca,Porto - Saragozza,Costa Saragozza,Femmine,25-34,Italiana,10
76,san luca,Porto - Saragozza,Costa Saragozza,Maschi,06-14,Italiana,22
76,san luca,Porto - Saragozza,Costa Saragozza,Maschi,15-24,Italiana,37
76,san luca,Porto - Saragozza,Costa Saragozza,Maschi,25-34,Straniera,3
77,malpighi-2,Porto - Saragozza,Malpighi,Maschi,25-34,Straniera,80
77,malpighi-2,Porto - Saragozza,Malpighi,Maschi,55-64,Italiana,625
77,malpighi-2,Porto - Saragozza,Malpighi,Maschi,65 e oltre,Straniera,39
78,malpighi-1,Porto - Saragozza,Malpighi,Femmine,15-24,Italiana,57
78,malpighi-1,Porto - Saragozza,Malpighi,Femmine,65 e oltre,Straniera,12
79,fossolo,Savena,Mazzini,Femmine,55-64,Straniera,95
79,fossolo,Savena,Mazzini,Maschi,45-54,Italiana,556
80,due madonne,Savena,Mazzini,Maschi,55-64,Italiana,177
81,lungo savena,Savena,Mazzini,Femmine,35-44,Italiana,8
81,lungo savena,Savena,Mazzini,Femmine,35-44,Straniera,3
81,lungo savena,Savena,Mazzini,Maschi,55-64,Italiana,10
82,pontevecchio,Savena,Mazzini,Femmine,15-24,Straniera,31
82,pontevecchio,Savena,Mazzini,Femmine,35-44,Italiana,338
82,pontevecchio,Savena,Mazzini,Femmine,55-64,Straniera,80
82,pontevecchio,Savena,Mazzini,Femmine,65 e oltre,Italiana,616
82,pontevecchio,Savena,Mazzini,Maschi,06-14,Italiana,127
82,pontevecchio,Savena,Mazzini,Maschi,15-24,Straniera,59
82,pontevecchio,Savena,Mazzini,Maschi,65 e oltre,Straniera,16
83,bitone,Savena,Mazzini,Femmine,06-14,Italiana,280
83,bitone,Savena,Mazzini,Femmine,15-24,Italiana,287
83,bitone,Savena,Mazzini,Femmine,45-54,Straniera,167
83,bitone,Savena,Mazzini,Maschi,03-05,Italiana,108
83,bitone,Savena,Mazzini,Maschi,25-34,Straniera,71
83,bitone,Savena,Mazzini,Maschi,35-44,Straniera,184
83,bitone,Savena,Mazzini,Maschi,55-64,Straniera,69
83,bitone,Savena,Mazzini,Maschi,65 e oltre,Straniera,39
84,cavedone,Savena,Mazzini,Femmine,02 e prima,Italiana,33
84,cavedone,Savena,Mazzini,Femmine,35-44,Italiana,157
84,cavedone,Savena,Mazzini,Femmine,45-54,Straniera,45
84,cavedone,Savena,Mazzini,Maschi,03-05,Straniera,9
84,cavedone,Savena,Mazzini,Maschi,55-64,Straniera,18
85,via arno,Savena,Mazzini,Maschi,06-14,Italiana,204
86,ospedale bellaria,Savena,Mazzini,Maschi,15-24,Straniera,1
86,ospedale bellaria,Savena,Mazzini,Maschi,35-44,Straniera,1
86,ospedale bellaria,Savena,Mazzini,Maschi,55-64,Straniera,1
87,monte donato,Savena,San Ruffillo,Femmine,15-24,Italiana,73
87,monte donato,Savena,San Ruffillo,Femmine,25-34,Straniera,11
87,monte donato,Savena,San Ruffillo,Femmine,55-64,Italiana,120
87,monte donato,Savena,San Ruffillo,Maschi,03-05,Italiana,11
88,via toscana,Savena,San Ruffillo,Maschi,02 e prima,Italiana,93
88,via toscana,Savena,San Ruffillo,Maschi,25-34,Italiana,252
89,corelli,Savena,San Ruffillo,Femmine,06-14,Straniera,98
89,corelli,Savena,San Ruffillo,Femmine,25-34,Straniera,46
89,corelli,Savena,San Ruffillo,Maschi,15-24,Italiana,332
90,ponte savena-la bastia,Savena,San Ruffillo,Femmine,65 e oltre,Italiana,203
1,lavino di mezzo,Borgo Panigale - Reno,Borgo Panigale,Femmine,06-14,Italiana,19
1,lavino di mezzo,Borgo Panigale - Reno,Borgo Panigale,Femmine,35-44,Italiana,37
1,lavino di mezzo,Borgo Panigale - Reno,Borgo Panigale,Maschi,35-44,Italiana,34
1,lavino di mezzo,Borgo Panigale - Reno,Borgo Panigale,Maschi,55-64,Straniera,4
2,via del vivaio,Borgo Panigale - Reno,Borgo Panigale,Femmine,25-34,Straniera,6
3,bargellino,Borgo Panigale - Reno,Borgo Panigale,Femmine,65 e oltre,Italiana,7
3,bargellino,Borgo Panigale - Reno,Borgo Panigale,Maschi,35-44,Italiana,7
4,aeroporto,Borgo Panigale - Reno,Borgo Panigale,Femmine,15-24,Straniera,6
4,aeroporto,Borgo Panigale - Reno,Borgo Panigale,Maschi,06-14,Italiana,21
5,la birra,Borgo Panigale - Reno,Borgo Panigale,Femmine,35-44,Straniera,41
5,la birra,Borgo Panigale - Reno,Borgo Panigale,Femmine,65 e oltre,Straniera,19
5,la birra,Borgo Panigale - Reno,Borgo Panigale,Maschi,02 e prima,Italiana,23
5,la birra,Borgo Panigale - Reno,Borgo Panigale,Maschi,06-14,Italiana,56
5,la birra,Borgo Panigale - Reno,Borgo Panigale,Maschi,55-64,Italiana,129
6,lungo reno,Borgo Panigale - Reno,Borgo Panigale,Femmine,15-24,Italiana,1
6,lungo reno,Borgo Panigale - Reno,Borgo Panigale,Maschi,15-24,Italiana,1
7,ducati-villaggio ina,Borgo Panigale - Reno,Borgo Panigale,Maschi,03-05,Italiana,24
8,borgo centro,Borgo Panigale - Reno,Borgo Panigale,Femmine,55-64,Italiana,494
8,borgo centro,Borgo Panigale - Reno,Borgo Panigale,Maschi,15-24,Italiana,260
9,triumvirato-pietra,Borgo Panigale - Reno,Borgo Panigale,Femmine,25-34,Italiana,132
9,triumvirato-pietra,Borgo Panigale - Reno,Borgo Panigale,Maschi,25-34,Italiana,106
9,triumvirato-pietra,Borgo Panigale - Reno,Borgo Panigale,Maschi,45-54,Straniera,95
10,rigosa,Borgo Panigale - Reno,Borgo Panigale,Femmine,06-14,Italiana,73
10,rigosa,Borgo Panigale - Reno,Borgo Panigale,Femmine,25-34,Italiana,20
10,rigosa,Borgo Panigale - Reno,Borgo Panigale,Maschi,02 e prima,Italiana,15
11,casteldebole,Borgo Panigale - Reno,Borgo Panigale,Femmine,25-34,Straniera,20
11,casteldebole,Borgo Panigale - Reno,Borgo Panigale,Femmine,45-54,Straniera,46
11,casteldebole,Borgo Panigale - Reno,Borgo Panigale,Maschi,55-64,Italiana,297
12,caserme rosse-manifattura,Navile,Bolognina,Femmine,15-24,Straniera,34
12,caserme rosse-manifattura,Navile,Bolognina,Maschi,55-64,Straniera,14
13,cnr,Navile,Bolognina,Maschi,55-64,Italiana,4
14,arcoveggio,Navile,Bolognina,Femmine,03-05,Straniera,37
15,via ferrarese,Navile,Bolognina,Femmine,25-34,Straniera,111
16,ex mercato ortofrutticolo,Navile,Bolognina,Femmine,15-24,Straniera,32
16,ex mercato ortofrutticolo,Navile,Bolognina,Maschi,15-24,Straniera,456
17,piazza dell'unita',Navile,Bolognina,Femmine,03-05,Straniera,42
17,piazza dell'unita',Navile,Bolognina,Maschi,06-14,Italiana,318
17,piazza dell'unita',Navile,Bolognina,Maschi,15-24,Italiana,412
18,san savino,Navile,Corticella,Femmine,45-54,Straniera,154
18,san savino,Navile,Corticella,Maschi,25-34,Straniera,57
19,savena abbandonato,Navile,Corticella,Femmine,06-14,Straniera,6
19,savena abbandonato,Navile,Corticella,Femmine,35-44,Straniera,17
19,savena abbandonato,Navile,Corticella,Femmine,45-54,Italiana,67
19,savena abbandonato,Navile,Corticella,Maschi,02 e prima,Straniera,2
19,savena abbandonato,Navile,Corticella,Maschi,65 e oltre,Straniera,6
20,croce coperta,Navile,Corticella,Maschi,15-24,Straniera,84
21,mulino del gomito,Navile,Corticella,Femmine,25-34,Italiana,13
21,mulino del gomito,Navile,Corticella,Maschi,15-24,Straniera,13
21,mulino del gomito,Navile,Corticella,Maschi,25-34,Straniera,13
22,la dozza,Navile,Corticella,Femmine,15-24,Straniera,1
22,la dozza,Navile,Corticella,Femmine,25-34,Italiana,26
23,laghetti del rosario,Navile,Lame,Femmine,65 e oltre,Straniera,3
23,laghetti del rosario,Navile,Lame,Maschi,35-44,Italiana,30
23,laghetti del rosario,Navile,Lame,Maschi,65 e oltre,Straniera,1
24,la noce,Navile,Lame,Maschi,03-05,Straniera,3
24,la noce,Navile,Lame,Maschi,15-24,Straniera,7
24,la noce,Navile,Lame,Maschi,35-44,Straniera,21
24,la noce,Navile,Lame,Maschi,55-64,Italiana,113
25,tiro a segno,Navile,Lame,Femmine,55-64,Italiana,15
26,pescarola,Navile,Lame,Maschi,45-54,Italiana,279
27,lazzaretto,Navile,Lame,Femmine,25-34,Straniera,11
27,lazzaretto,Navile,Lame,Maschi,45-54,Italiana,67
28,beverara,Navile,Lame,Femmine,02 e prima,Italiana,44
28,beverara,Navile,Lame,Maschi,02 e prima,Straniera,14
29,marconi-2,Porto - Saragozza,Marconi,Femmine,55-64,Italiana,724
29,marconi-2,Porto - Saragozza,Marconi,Maschi,25-34,Italiana,371
29,marconi-2,Porto - Saragozza,Marconi,Maschi,25-34,Italiana,445
29,marconi-2,Porto - Saragozza,Marconi,Maschi,55-64,Italiana,671
29,marconi-2,Porto - Saragozza,Marconi,Maschi,65 e oltre,Straniera,30
30,marconi-1,Porto - Saragozza,Marconi,Femmine,25-34,Straniera,14
30,marconi-1,Porto - Saragozza,Marconi,Femmine,35-44,Italiana,141
31,prati di caprara-ospedale maggiore,Porto - Saragozza,Saffi,Femmine,02 e prima,Straniera,3
31,prati di caprara-ospedale maggiore,Porto - Saragozza,Saffi,Femmine,25-34,Straniera,6
31,prati di caprara-ospedale maggiore,Porto - Saragozza,Saffi,Maschi,03-05,Italiana,5
31,prati di caprara-ospedale maggiore,Porto - Saragozza,Saffi,Maschi,25-34,Italiana,18
31,prati di caprara-ospedale maggiore,Porto - Saragozza,Saffi,Maschi,35-44,Straniera,8
32,scalo ravone,Porto - Saragozza,Saffi,Femmine,35-44,Italiana,5
32,scalo ravone,Porto - Saragozza,Saffi,Femmine,65 e oltre,Italiana,14
32,scalo ravone,Porto - Saragozza,Saffi,Maschi,25-34,Italiana,20
34,velodromo,Porto - Saragozza,Saffi,Femmine,03-05,Italiana,59
34,velodromo,Porto - Saragozza,Saffi,Femmine,03-05,Straniera,10
34,velodromo,Porto - Saragozza,Saffi,Maschi,06-14,Straniera,28
34,velodromo,Porto - Saragozza,Saffi,Maschi,35-44,Italiana,392
35,via vittorio veneto,Porto - Saragozza,Saffi,Femmine,15-24,Straniera,26
35,via vittorio veneto,Porto - Saragozza,Saffi,Maschi,02 e prima,Straniera,10
35,via vittorio veneto,Porto - Saragozza,Saffi,Maschi,03-05,Italiana,46
35,via vittorio veneto,Porto - Saragozza,Saffi,Maschi,55-64,Straniera,24
36,villaggio della barca,Borgo Panigale - Reno,Barca,Femmine,03-05,Italiana,48
36,villaggio della barca,Borgo Panigale - Reno,Barca,Maschi,06-14,Italiana,184
37,battindarno,Borgo Panigale - Reno,Barca,Femmine,03-05,Italiana,65
37,battindarno,Borgo Panigale - Reno,Barca,Femmine,03-05,Straniera,19
37,battindarno,Borgo Panigale - Reno,Barca,Femmine,25-34,Italiana,182
37,battindarno,Borgo Panigale - Reno,Barca,Femmine,45-54,Italiana,523
37,battindarno,Borgo Panigale - Reno,Barca,Maschi,45-54,Italiana,504
37,battindarno,Borgo Panigale - Reno,Barca,Maschi,65 e oltre,Straniera,24
38,canale di reno,Borgo Panigale - Reno,Barca,Femmine,03-05,Straniera,6
38,canale di reno,Borgo Panigale - Reno,Barca,Femmine,15-24,Italiana,223
38,canale di reno,Borgo Panigale - Reno,Barca,Femmine,35-44,Italiana,313
38,canale di reno,Borgo Panigale - Reno,Barca,Maschi,06-14,Straniera,36
38,canale di reno,Borgo Panigale - Reno,Barca,Maschi,15-24,Straniera,36
39,agucchi,Borgo Panigale - Reno,Santa Viola,Femmine,03-05,Straniera,13
39,agucchi,Borgo Panigale - Reno,Santa Viola,Femmine,06-14,Straniera,36
39,agucchi,Borgo Panigale - Reno,Santa Viola,Femmine,25-34,Italiana,92
39,agucchi,Borgo Panigale - Reno,Santa Viola,Femmine,45-54,Straniera,67
39,agucchi,Borgo Panigale - Reno,Santa Viola,Maschi,03-05,Italiana,25
40,emilia ponente,Borgo Panigale - Reno,Santa Viola,Femmine,02 e prima,Italiana,70
40,emilia ponente,Borgo Panigale - Reno,Santa Viola,Femmine,06-14,Italiana,262
40,emilia ponente,Borgo Panigale - Reno,Santa Viola,Femmine,25-34,Straniera,52
40,emilia ponente,Borgo Panigale - Reno,Santa Viola,Femmine,25-34,Straniera,59
40,emilia ponente,Borgo Panigale - Reno,Santa Viola,Femmine,35-44,Straniera,157
40,emilia ponente,Borgo Panigale - Reno,Santa Viola,Maschi,02 e prima,Italiana,76
40,emilia ponente,Borgo Panigale - Reno,Santa Viola,Maschi,06-14,Straniera,48
40,emilia ponente,Borgo Panigale - Reno,Santa Viola,Maschi,15-24,Straniera,71
40,emilia ponente,Borgo Panigale - Reno,Santa Viola,Maschi,45-54,Italiana,629
40,emilia ponente,Borgo Panigale - Reno,Santa Viola,Maschi,45-54,Straniera,90
40,emilia ponente,Borgo Panigale - Reno,Santa Viola,Maschi,55-64,Italiana,596
41,cadriano-calamosco,San Donato - San Vitale,San Donato,Maschi,03-05,Italiana,8
41,cadriano-calamosco,San Donato - San Vitale,San Donato,Maschi,25-34,Italiana,19
41,cadriano-calamosco,San Donato - San Vitale,San Donato,Maschi,45-54,Italiana,64
43,san donnino,San Donato - San Vitale,San Donato,Femmine,65 e oltre,Straniera,23
44,pilastro,San Donato - San Vitale,San Donato,Femmine,25-34,Italiana,99
44,pilastro,San Donato - San Vitale,San Donato,Femmine,25-34,Italiana,84
44,pilastro,San Donato - San Vitale,San Donato,Femmine,45-54,Straniera,144
44,pilastro,San Donato - San Vitale,San Donato,Maschi,03-05,Straniera,27
44,pilastro,San Donato - San Vitale,San Donato,Maschi,15-24,Italiana,284
44,pilastro,San Donato - San Vitale,San Donato,Maschi,25-34,Straniera,79
44,pilastro,San Donato - San Vitale,San Donato,Maschi,35-44,Straniera,172
44,pilastro,San Donato - San Vitale,San Donato,Maschi,45-54,Italiana,320
44,pilastro,San Donato - San Vitale,San Donato,Maschi,55-64,Straniera,74
45,caab,San Donato - San Vitale,San Donato,Femmine,35-44,Straniera,15
45,caab,San Donato - San Vitale,San Donato,Maschi,06-14,Italiana,9
45,caab,San Donato - San Vitale,San Donato,Maschi,65 e oltre,Italiana,17
46,scalo merci san donato,San Donato - San Vitale,San Donato,Femmine,25-34,Straniera,1
46,scalo merci san donato,San Donato - San Vitale,San Donato,Femmine,65 e oltre,Italiana,5
46,scalo merci san donato,San Donato - San Vitale,San Donato,Maschi,25-34,Italiana,6
47,via del lavoro,San Donato - San Vitale,San Donato,Maschi,55-64,Italiana,473
47,via del lavoro,San Donato - San Vitale,San Donato,Maschi,65 e oltre,Straniera,51
48,michelino,San Donato - San Vitale,San Donato,Femmine,25-34,Italiana,120
48,michelino,San Donato - San Vitale,San Donato,Maschi,55-64,Straniera,27
49,via mondo,San Donato - San Vitale,San Donato,Maschi,25-34,Italiana,230
50,osservanza,Santo Stefano,Colli,Femmine,06-14,Straniera,9
50,osservanza,Santo Stefano,Colli,Femmine,15-24,Italiana,177
50,osservanza,Santo Stefano,Colli,Femmine,65 e oltre,Italiana,622
50,osservanza,Santo Stefano,Colli,Femmine,65 e oltre,Straniera,30
51,san michele in bosco,Santo Stefano,Colli,Maschi,02 e prima,Italiana,21
51,san michele in bosco,Santo Stefano,Colli,Maschi,06-14,Straniera,8
52,paderno,Santo Stefano,Colli,Femmine,02 e prima,Italiana,6
52,paderno,Santo Stefano,Colli,Femmine,45-54,Italiana,97
52,paderno,Santo Stefano,Colli,Maschi,45-54,Straniera,25
53,galvani-1,Santo Stefano,Galvani,Maschi,65 e oltre,Straniera,8
54,galvani-2,Santo Stefano,Galvani,Femmine,03-05,Italiana,74
54,galvani-2,Santo Stefano,Galvani,Femmine,15-24,Italiana,430
54,galvani-2,Santo Stefano,Galvani,Femmine,35-44,Italiana,618
54,galvani-2,Santo Stefano,Galvani,Femmine,55-64,Italiana,830
54,galvani-2,Santo Stefano,Galvani,Maschi,03-05,Straniera,7
54,galvani-2,Santo Stefano,Galvani,Maschi,06-14,Straniera,51
55,giardini margherita,Santo Stefano,Murri,Femmine,35-44,Italiana,1
56,mezzofanti,Santo Stefano,Murri,Femmine,35-44,Straniera,89
56,mezzofanti,Santo Stefano,Murri,Femmine,45-54,Straniera,92
56,mezzofanti,Santo Stefano,Murri,Maschi,06-14,Italiana,271
56,mezzofanti,Santo Stefano,Murri,Maschi,55-64,Italiana,444
57,siepelunga,Santo Stefano,Murri,Femmine,25-34,Italiana,116
57,siepelunga,Santo Stefano,Murri,Femmine,45-54,Italiana,283
57,siepelunga,Santo Stefano,Murri,Maschi,03-05,Straniera,5
57,siepelunga,Santo Stefano,Murri,Maschi,25-34,Straniera,11
57,siepelunga,Santo Stefano,Murri,Maschi,55-64,Italiana,273
57,siepelunga,Santo Stefano,Murri,Maschi,65 e oltre,Straniera,11
58,dagnini,Santo Stefano,Murri,Femmine,03-05,Straniera,16
58,dagnini,Santo Stefano,Murri,Femmine,35-44,Straniera,131
58,dagnini,Santo Stefano,Murri,Maschi,25-34,Straniera,59
58,dagnini,Santo Stefano,Murri,Maschi,45-54,Italiana,548
58,dagnini,Santo Stefano,Murri,Maschi,55-64,Italiana,514
59,chiesanuova,Santo Stefano,Murri,Femmine,35-44,Italiana,507
59,chiesanuova,Santo Stefano,Murri,Maschi,06-14,Italiana,226
59,chiesanuova,Santo Stefano,Murri,Maschi,65 e oltre,Italiana,704
60,irnerio-1,Santo Stefano,Irnerio,Femmine,15-24,Straniera,23
60,irnerio-1,Santo Stefano,Irnerio,Femmine,45-54,Straniera,52
60,irnerio-1,Santo Stefano,Irnerio,Maschi,06-14,Italiana,76
61,irnerio-2,Santo Stefano,Irnerio,Maschi,02 e prima,Italiana,56
61,irnerio-2,Santo Stefano,Irnerio,Maschi,15-24,Italiana,300
62,cirenaica,San Donato - San Vitale,San Vitale,Femmine,03-05,Italiana,84
62,cirenaica,San Donato - San Vitale,San Vitale,Femmine,03-05,Straniera,13
62,cirenaica,San Donato - San Vitale,San Vitale,Femmine,25-34,Italiana,295
62,cirenaica,San Donato - San Vitale,San Vitale,Maschi,02 e prima,Italiana,80
62,cirenaica,San Donato - San Vitale,San Vitale,Maschi,55-64,Italiana,539
63,scandellara,San Donato - San Vitale,San Vitale,Femmine,25-34,Italiana,30
63,scandellara,San Donato - San Vitale,San Vitale,Femmine,55-64,Italiana,50
63,scandellara,San Donato - San Vitale,San Vitale,Femmine,65 e oltre,Italiana,91
63,scandellara,San Donato - San Vitale,San Vitale,Femmine,65 e oltre,Straniera,4
64,via larga,San Donato - San Vitale,San Vitale,Femmine,65 e oltre,Italiana,266
64,via larga,San Donato - San Vitale,San Vitale,Maschi,03-05,Straniera,3
64,via larga,San Donato - San Vitale,San Vitale,Maschi,35-44,Italiana,70
64,via larga,San Donato - San Vitale,San Vitale,Maschi,65 e oltre,Italiana,231
65,roveri,San Donato - San Vitale,San Vitale,Femmine,02 e prima,Straniera,2
65,roveri,San Donato - San Vitale,San Vitale,Femmine,25-34,Straniera,6
65,roveri,San Donato - San Vitale,San Vitale,Femmine,35-44,Straniera,10
66,ospedale sant'orsola,San Donato - San Vitale,San Vitale,Maschi,03-05,Italiana,1
67,mengoli,San Donato - San Vitale,San Vitale,Femmine,06-14,Straniera,36
67,mengoli,San Donato - San Vitale,San Vitale,Femmine,15-24,Straniera,41
67,mengoli,San Donato - San Vitale,San Vitale,Femmine,55-64,Straniera,108
67,mengoli,San Donato - San Vitale,San Vitale,Femmine,65 e oltre,Straniera,70
67,mengoli,San Donato - San Vitale,San Vitale,Maschi,25-34,Straniera,88
67,mengoli,San Donato - San Vitale,San Vitale,Maschi,55-64,Italiana,556
67,mengoli,San Donato - San Vitale,San Vitale,Maschi,55-64,Straniera,43
67,mengoli,San Donato - San Vitale,San Vitale,Maschi,65 e oltre,Straniera,18
68,guelfa,San Donato - San Vitale,San Vitale,Femmine,35-44,Straniera,143
68,guelfa,San Donato - San Vitale,San Vitale,Femmine,55-64,Straniera,85
69,croce del biacco,San Donato - San Vitale,San Vitale,Femmine,03-05,Italiana,38
69,croce del biacco,San Donato - San Vitale,San Vitale,Femmine,25-34,Straniera,34
69,croce del biacco,San Donato - San Vitale,San Vitale,Femmine,35-44,Italiana,238
69,croce del biacco,San Donato - San Vitale,San Vitale,Maschi,06-14,Straniera,47
69,croce del biacco,San Donato - San Vitale,San Vitale,Maschi,25-34,Italiana,107
70,stradelli guelfi,San Donato - San Vitale,San Vitale,Femmine,45-54,Straniera,2
70,stradelli guelfi,San Donato - San Vitale,San Vitale,Femmine,65 e oltre,Italiana,26
70,stradelli guelfi,San Donato - San Vitale,San Vitale,Maschi,03-05,Italiana,2
71,stadio-meloncello,Porto - Saragozza,Costa Saragozza,Femmine,65 e oltre,Italiana,490
71,stadio-meloncello,Porto - Saragozza,Costa Saragozza,Maschi,25-34,Straniera,20
71,stadio-meloncello,Porto - Saragozza,Costa Saragozza,Maschi,65 e oltre,Italiana,341
72,xxi aprile,Porto - Saragozza,Costa Saragozza,Femmine,45-54,Straniera,192
73,san giuseppe,Porto - Saragozza,Costa Saragozza,Femmine,02 e prima,Italiana,49
73,san giuseppe,Porto - Saragozza,Costa Saragozza,Femmine,45-54,Italiana,463
74,ravone,Porto - Saragozza,Costa Saragozza,Femmine,03-05,Italiana,10
74,ravone,Porto - Saragozza,Costa Saragozza,Maschi,03-05,Straniera,2
74,ravone,Porto - Saragozza,Costa Saragozza,Maschi,06-14,Italiana,34
74,ravone,Porto - Saragozza,Costa Saragozza,Maschi,45-54,Italiana,80
76,san luca,Porto - Saragozza,Costa Saragozza,Femmine,06-14,Italiana,24
76,san luca,Porto - Saragozza,Costa Saragozza,Femmine,35-44,Italiana,24
76,san luca,Porto - Saragozza,Costa Saragozza,Femmine,45-54,Italiana,51
76,san luca,Porto - Saragozza,Costa Saragozza,Maschi,03-05,Italiana,7
76,san luca,Porto - Saragozza,Costa Saragozza,Maschi,55-64,Italiana,57
76,san luca,Porto - Saragozza,Costa Saragozza,Maschi,55-64,Straniera,2
77,malpighi-2,Porto - Saragozza,Malpighi,Maschi,45-54,Italiana,662
78,malpighi-1,Porto - Saragozza,Malpighi,Femmine,03-05,Italiana,11
78,malpighi-1,Porto - Saragozza,Malpighi,Femmine,45-54,Italiana,128
78,malpighi-1,Porto - Saragozza,Malpighi,Maschi,15-24,Straniera,19
78,malpighi-1,Porto - Saragozza,Malpighi,Maschi,25-34,Italiana,62
78,malpighi-1,Porto - Saragozza,Malpighi,Maschi,65 e oltre,Italiana,198
79,fossolo,Savena,Mazzini,Femmine,35-44,Straniera,69
79,fossolo,Savena,Mazzini,Maschi,02 e prima,Straniera,10
79,fossolo,Savena,Mazzini,Maschi,25-34,Straniera,28
79,fossolo,Savena,Mazzini,Maschi,25-34,Italiana,168
79,fossolo,Savena,Mazzini,Maschi,55-64,Italiana,544
79,fossolo,Savena,Mazzini,Maschi,65 e oltre,Italiana,1198
80,due madonne,Savena,Mazzini,Maschi,02 e prima,Italiana,30
80,due madonne,Savena,Mazzini,Maschi,06-14,Italiana,93
80,due madonne,Savena,Mazzini,Maschi,35-44,Italiana,174
81,lungo savena,Savena,Mazzini,Femmine,15-24,Italiana,9
81,lungo savena,Savena,Mazzini,Femmine,25-34,Straniera,2
81,lungo savena,Savena,Mazzini,Maschi,35-44,Italiana,20
82,pontevecchio,Savena,Mazzini,Maschi,06-14,Straniera,43
84,cavedone,Savena,Mazzini,Femmine,65 e oltre,Straniera,42
84,cavedone,Savena,Mazzini,Maschi,02 e prima,Italiana,31
84,cavedone,Savena,Mazzini,Maschi,35-44,Italiana,139
85,via arno,Savena,Mazzini,Femmine,02 e prima,Italiana,55
85,via arno,Savena,Mazzini,Femmine,55-64,Straniera,78
86,ospedale bellaria,Savena,Mazzini,Femmine,65 e oltre,Straniera,1
87,monte donato,Savena,San Ruffillo,Maschi,65 e oltre,Straniera,4
88,via toscana,Savena,San Ruffillo,Femmine,25-34,Straniera,52
88,via toscana,Savena,San Ruffillo,Maschi,06-14,Straniera,65
88,via toscana,Savena,San Ruffillo,Maschi,55-64,Straniera,55
88,via toscana,Savena,San Ruffillo,Maschi,65 e oltre,Straniera,29
89,corelli,Savena,San Ruffillo,Maschi,06-14,Straniera,93
89,corelli,Savena,San Ruffillo,Maschi,65 e oltre,Straniera,28
90,ponte savena-la bastia,Savena,San Ruffillo,Femmine,25-34,Straniera,5
90,ponte savena-la bastia,Savena,San Ruffillo,Femmine,55-64,Italiana,112
90,ponte savena-la bastia,Savena,San Ruffillo,Maschi,25-34,Italiana,35
1,lavino di mezzo,Borgo Panigale - Reno,Borgo Panigale,Femmine,15-24,Straniera,8
1,lavino di mezzo,Borgo Panigale - Reno,Borgo Panigale,Maschi,15-24,Italiana,18
1,lavino di mezzo,Borgo Panigale - Reno,Borgo Panigale,Maschi,45-54,Straniera,8
2,via del vivaio,Borgo Panigale - Reno,Borgo Panigale,Femmine,02 e prima,Straniera,2
2,via del vivaio,Borgo Panigale - Reno,Borgo Panigale,Femmine,06-14,Straniera,10
2,via del vivaio,Borgo Panigale - Reno,Borgo Panigale,Femmine,25-34,Straniera,3
2,via del vivaio,Borgo Panigale - Reno,Borgo Panigale,Maschi,45-54,Straniera,6
3,bargellino,Borgo Panigale - Reno,Borgo Panigale,Maschi,55-64,Italiana,6
4,aeroporto,Borgo Panigale - Reno,Borgo Panigale,Femmine,45-54,Italiana,41
4,aeroporto,Borgo Panigale - Reno,Borgo Panigale,Maschi,65 e oltre,Straniera,1
5,la birra,Borgo Panigale - Reno,Borgo Panigale,Femmine,55-64,Italiana,123
6,lungo reno,Borgo Panigale - Reno,Borgo Panigale,Femmine,45-54,Italiana,1
7,ducati-villaggio ina,Borgo Panigale - Reno,Borgo Panigale,Femmine,02 e prima,Italiana,27
7,ducati-villaggio ina,Borgo Panigale - Reno,Borgo Panigale,Femmine,35-44,Straniera,37
7,ducati-villaggio ina,Borgo Panigale - Reno,Borgo Panigale,Maschi,03-05,Straniera,4
8,borgo centro,Borgo Panigale - Reno,Borgo Panigale,Femmine,03-05,Straniera,31
8,borgo centro,Borgo Panigale - Reno,Borgo Panigale,Maschi,03-05,Straniera,33
9,triumvirato-pietra,Borgo Panigale - Reno,Borgo Panigale,Femmine,35-44,Straniera,105
9,triumvirato-pietra,Borgo Panigale - Reno,Borgo Panigale,Maschi,03-05,Italiana,48
10,rigosa,Borgo Panigale - Reno,Borgo Panigale,Femmine,02 e prima,Straniera,2
10,rigosa,Borgo Panigale - Reno,Borgo Panigale,Maschi,03-05,Italiana,22
11,casteldebole,Borgo Panigale - Reno,Borgo Panigale,Femmine,55-64,Italiana,329
12,caserme rosse-manifattura,Navile,Bolognina,Maschi,35-44,Italiana,90
13,cnr,Navile,Bolognina,Femmine,45-54,Italiana,1
13,cnr,Navile,Bolognina,Maschi,25-34,Italiana,1
14,arcoveggio,Navile,Bolognina,Femmine,65 e oltre,Straniera,110
14,arcoveggio,Navile,Bolognina,Maschi,15-24,Italiana,293
15,via ferrarese,Navile,Bolognina,Femmine,45-54,Straniera,236
16,ex mercato ortofrutticolo,Navile,Bolognina,Maschi,03-05,Italiana,18
16,ex mercato ortofrutticolo,Navile,Bolognina,Maschi,55-64,Italiana,43
17,piazza dell'unita',Navile,Bolognina,Femmine,03-05,Italiana,71
17,piazza dell'unita',Navile,Bolognina,Femmine,35-44,Italiana,559
17,piazza dell'unita',Navile,Bolognina,Femmine,65 e oltre,Italiana,1162
17,piazza dell'unita',Navile,Bolognina,Maschi,65 e oltre,Italiana,822
18,san savino,Navile,Corticella,Femmine,06-14,Straniera,76
18,san savino,Navile,Corticella,Maschi,02 e prima,Straniera,28
18,san savino,Navile,Corticella,Maschi,03-05,Italiana,76
18,san savino,Navile,Corticella,Maschi,25-34,Italiana,178
20,croce coperta,Navile,Corticella,Maschi,55-64,Italiana,430
21,mulino del gomito,Navile,Corticella,Femmine,03-05,Italiana,2
21,mulino del gomito,Navile,Corticella,Femmine,55-64,Italiana,34
22,la dozza,Navile,Corticella,Femmine,15-24,Italiana,60
22,la dozza,Navile,Corticella,Femmine,35-44,Straniera,10
24,la noce,Navile,Lame,Femmine,15-24,Straniera,17
24,la noce,Navile,Lame,Femmine,45-54,Italiana,79
24,la noce,Navile,Lame,Maschi,35-44,Italiana,62
24,la noce,Navile,Lame,Maschi,65 e oltre,Straniera,5
25,tiro a segno,Navile,Lame,Femmine,06-14,Straniera,1
25,tiro a segno,Navile,Lame,Maschi,65 e oltre,Italiana,13
27,lazzaretto,Navile,Lame,Femmine,15-24,Italiana,17
27,lazzaretto,Navile,Lame,Femmine,25-34,Italiana,25
27,lazzaretto,Navile,Lame,Maschi,25-34,Italiana,38
27,lazzaretto,Navile,Lame,Maschi,35-44,Italiana,93
28,beverara,Navile,Lame,Femmine,15-24,Straniera,64
28,beverara,Navile,Lame,Femmine,25-34,Straniera,47
28,beverara,Navile,Lame,Maschi,03-05,Italiana,40
28,beverara,Navile,Lame,Maschi,35-44,Italiana,288
29,marconi-2,Porto - Saragozza,Marconi,Femmine,65 e oltre,Italiana,1642
29,marconi-2,Porto - Saragozza,Marconi,Maschi,35-44,Italiana,769
30,marconi-1,Porto - Saragozza,Marconi,Femmine,03-05,Italiana,14
30,marconi-1,Porto - Saragozza,Marconi,Femmine,06-14,Italiana,46
30,marconi-1,Porto - Saragozza,Marconi,Maschi,02 e prima,Italiana,18
33,zanardi,Porto - Saragozza,Saffi,Femmine,03-05,Italiana,54
33,zanardi,Porto - Saragozza,Saffi,Femmine,65 e oltre,Straniera,67
33,zanardi,Porto - Saragozza,Saffi,Maschi,25-34,Italiana,276
34,velodromo,Porto - Saragozza,Saffi,Femmine,06-14,Straniera,30
34,velodromo,Porto - Saragozza,Saffi,Maschi,25-34,Italiana,144
35,via vittorio veneto,Porto - Saragozza,Saffi,Maschi,02 e prima,Italiana,45
35,via vittorio veneto,Porto - Saragozza,Saffi,Maschi,03-05,Straniera,10
35,via vittorio veneto,Porto - Saragozza,Saffi,Maschi,15-24,Italiana,164
36,villaggio della barca,Borgo Panigale - Reno,Barca,Femmine,35-44,Italiana,232
43,san donnino,San Donato - San Vitale,San Donato,Femmine,15-24,Straniera,11
44,pilastro,San Donato - San Vitale,San Donato,Maschi,25-34,Straniera,100
44,pilastro,San Donato - San Vitale,San Donato,Maschi,55-64,Italiana,394
45,caab,San Donato - San Vitale,San Donato,Femmine,65 e oltre,Straniera,3
46,scalo merci san donato,San Donato - San Vitale,San Donato,Maschi,25-34,Italiana,6
47,via del lavoro,San Donato - San Vitale,San Donato,Femmine,03-05,Italiana,72
47,via del lavoro,San Donato - San Vitale,San Donato,Femmine,25-34,Italiana,181
47,via del lavoro,San Donato - San Vitale,San Donato,Femmine,35-44,Straniera,176
48,michelino,San Donato - San Vitale,San Donato,Femmine,25-34,Italiana,161
48,michelino,San Donato - San Vitale,San Donato,Maschi,15-24,Straniera,50
49,via mondo,San Donato - San Vitale,San Donato,Femmine,55-64,Italiana,456
49,via mondo,San Donato - San Vitale,San Donato,Femmine,65 e oltre,Italiana,1061
50,osservanza,Santo Stefano,Colli,Femmine,03-05,Straniera,3
50,osservanza,Santo Stefano,Colli,Femmine,55-64,Straniera,55
50,osservanza,Santo Stefano,Colli,Maschi,15-24,Italiana,199
50,osservanza,Santo Stefano,Colli,Maschi,45-54,Italiana,280
51,san michele in bosco,Santo Stefano,Colli,Femmine,35-44,Straniera,20
51,san michele in bosco,Santo Stefano,Colli,Maschi,02 e prima,Straniera,1
51,san michele in bosco,Santo Stefano,Colli,Maschi,25-34,Italiana,78
52,paderno,Santo Stefano,Colli,Femmine,06-14,Italiana,39
52,paderno,Santo Stefano,Colli,Maschi,35-44,Italiana,55
53,galvani-1,Santo Stefano,Galvani,Femmine,25-34,Straniera,9
53,galvani-1,Santo Stefano,Galvani,Femmine,35-44,Italiana,79
80,due madonne,Savena,Mazzini,Femmine,03-05,Italiana,29
80,due madonne,Savena,Mazzini,Femmine,15-24,Straniera,10
81,lungo savena,Savena,Mazzini,Femmine,06-14,Italiana,9
81,lungo savena,Savena,Mazzini,Maschi,25-34,Straniera,6
82,pontevecchio,Savena,Mazzini,Femmine,02 e prima,Italiana,50
82,pontevecchio,Savena,Mazzini,Maschi,03-05,Straniera,23
83,bitone,Savena,Mazzini,Femmine,35-44,Straniera,198
83,bitone,Savena,Mazzini,Maschi,25-34,Italiana,307
84,cavedone,Savena,Mazzini,Maschi,06-14,Italiana,128
84,cavedone,Savena,Mazzini,Maschi,06-14,Straniera,23
84,cavedone,Savena,Mazzini,Maschi,65 e oltre,Italiana,281
85,via arno,Savena,Mazzini,Femmine,25-34,Italiana,124
85,via arno,Savena,Mazzini,Maschi,03-05,Straniera,16
85,via arno,Savena,Mazzini,Maschi,55-64,Straniera,22
87,monte donato,Savena,San Ruffillo,Femmine,25-34,Straniera,5
90,ponte savena-la bastia,Savena,San Ruffillo,Femmine,15-24,Straniera,5
90,ponte savena-la bastia,Savena,San Ruffillo,Maschi,03-05,Straniera,9
1,lavino di mezzo,Borgo Panigale - Reno,Borgo Panigale,Maschi,45-54,Italiana,45
2,via del vivaio,Borgo Panigale - Reno,Borgo Panigale,Maschi,15-24,Italiana,47
3,bargellino,Borgo Panigale - Reno,Borgo Panigale,Maschi,45-54,Italiana,6
5,la birra,Borgo Panigale - Reno,Borgo Panigale,Femmine,45-54,Italiana,114
5,la birra,Borgo Panigale - Reno,Borgo Panigale,Maschi,55-64,Straniera,15
6,lungo reno,Borgo Panigale - Reno,Borgo Panigale,Maschi,06-14,Italiana,2
8,borgo centro,Borgo Panigale - Reno,Borgo Panigale,Femmine,06-14,Straniera,106
8,borgo centro,Borgo Panigale - Reno,Borgo Panigale,Femmine,25-34,Straniera,51
8,borgo centro,Borgo Panigale - Reno,Borgo Panigale,Maschi,06-14,Straniera,81
8,borgo centro,Borgo Panigale - Reno,Borgo Panigale,Maschi,45-54,Straniera,146
9,triumvirato-pietra,Borgo Panigale - Reno,Borgo Panigale,Maschi,02 e prima,Straniera,15
9,triumvirato-pietra,Borgo Panigale - Reno,Borgo Panigale,Maschi,15-24,Italiana,160
9,triumvirato-pietra,Borgo Panigale - Reno,Borgo Panigale,Maschi,45-54,Italiana,357
9,triumvirato-pietra,Borgo Panigale - Reno,Borgo Panigale,Maschi,65 e oltre,Italiana,528
10,rigosa,Borgo Panigale - Reno,Borgo Panigale,Femmine,03-05,Straniera,2
10,rigosa,Borgo Panigale - Reno,Borgo Panigale,Femmine,15-24,Italiana,62
10,rigosa,Borgo Panigale - Reno,Borgo Panigale,Femmine,25-34,Italiana,19
10,rigosa,Borgo Panigale - Reno,Borgo Panigale,Maschi,45-54,Straniera,4
11,casteldebole,Borgo Panigale - Reno,Borgo Panigale,Maschi,02 e prima,Italiana,27
11,casteldebole,Borgo Panigale - Reno,Borgo Panigale,Maschi,06-14,Italiana,179
13,cnr,Navile,Bolognina,Maschi,25-34,Straniera,5
14,arcoveggio,Navile,Bolognina,Femmine,35-44,Italiana,622
14,arcoveggio,Navile,Bolognina,Femmine,45-54,Straniera,183
15,via ferrarese,Navile,Bolognina,Femmine,03-05,Italiana,112
15,via ferrarese,Navile,Bolognina,Maschi,65 e oltre,Straniera,89
17,piazza dell'unita',Navile,Bolognina,Femmine,25-34,Straniera,122
17,piazza dell'unita',Navile,Bolognina,Maschi,65 e oltre,Straniera,63
18,san savino,Navile,Corticella,Femmine,55-64,Italiana,526
20,croce coperta,Navile,Corticella,Maschi,25-34,Italiana,123
21,mulino del gomito,Navile,Corticella,Femmine,25-34,Italiana,8
21,mulino del gomito,Navile,Corticella,Femmine,25-34,Straniera,5
22,la dozza,Navile,Corticella,Maschi,02 e prima,Italiana,7
23,laghetti del rosario,Navile,Lame,Maschi,65 e oltre,Italiana,40
24,la noce,Navile,Lame,Femmine,45-54,Straniera,17
24,la noce,Navile,Lame,Femmine,55-64,Straniera,14
24,la noce,Navile,Lame,Maschi,45-54,Straniera,24
26,pescarola,Navile,Lame,Maschi,15-24,Straniera,36
26,pescarola,Navile,Lame,Maschi,55-64,Italiana,263
27,lazzaretto,Navile,Lame,Femmine,35-44,Italiana,76
28,beverara,Navile,Lame,Femmine,35-44,Italiana,290
29,marconi-2,Porto - Saragozza,Marconi,Femmine,02 e prima,Italiana,84
30,marconi-1,Porto - Saragozza,Marconi,Femmine,65 e oltre,Straniera,15
30,marconi-1,Porto - Saragozza,Marconi,Maschi,03-05,Italiana,21
31,prati di caprara-ospedale maggiore,Porto - Saragozza,Saffi,Femmine,25-34,Italiana,10
31,prati di caprara-ospedale maggiore,Porto - Saragozza,Saffi,Maschi,02 e prima,Italiana,4
31,prati di caprara-ospedale maggiore,Porto - Saragozza,Saffi,Maschi,25-34,Straniera,4
32,scalo ravone,Porto - Saragozza,Saffi,Maschi,02 e prima,Italiana,1
32,scalo ravone,Porto - Saragozza,Saffi,Maschi,45-54,Italiana,12
33,zanardi,Porto - Saragozza,Saffi,Femmine,25-34,Italiana,208
33,zanardi,Porto - Saragozza,Saffi,Maschi,55-64,Italiana,349
35,via vittorio veneto,Porto - Saragozza,Saffi,Femmine,45-54,Straniera,51
36,villaggio della barca,Borgo Panigale - Reno,Barca,Femmine,25-34,Straniera,46
36,villaggio della barca,Borgo Panigale - Reno,Barca,Femmine,55-64,Straniera,78
36,villaggio della barca,Borgo Panigale - Reno,Barca,Maschi,15-24,Straniera,76
37,battindarno,Borgo Panigale - Reno,Barca,Femmine,15-24,Straniera,45
37,battindarno,Borgo Panigale - Reno,Barca,Femmine,25-34,Straniera,58
37,battindarno,Borgo Panigale - Reno,Barca,Femmine,55-64,Straniera,107
37,battindarno,Borgo Panigale - Reno,Barca,Maschi,02 e prima,Straniera,20
37,battindarno,Borgo Panigale - Reno,Barca,Maschi,25-34,Straniera,61
37,battindarno,Borgo Panigale - Reno,Barca,Maschi,55-64,Straniera,55
38,canale di reno,Borgo Panigale - Reno,Barca,Maschi,02 e prima,Italiana,58
38,canale di reno,Borgo Panigale - Reno,Barca,Maschi,02 e prima,Straniera,11
38,canale di reno,Borgo Panigale - Reno,Barca,Maschi,03-05,Straniera,7
38,canale di reno,Borgo Panigale - Reno,Barca,Maschi,06-14,Italiana,177
38,canale di reno,Borgo Panigale - Reno,Barca,Maschi,25-34,Italiana,123
38,canale di reno,Borgo Panigale - Reno,Barca,Maschi,45-54,Italiana,391
39,agucchi,Borgo Panigale - Reno,Santa Viola,Femmine,06-14,Italiana,142
39,agucchi,Borgo Panigale - Reno,Santa Viola,Femmine,55-64,Italiana,265
39,agucchi,Borgo Panigale - Reno,Santa Viola,Maschi,02 e prima,Straniera,13
39,agucchi,Borgo Panigale - Reno,Santa Viola,Maschi,06-14,Straniera,38
39,agucchi,Borgo Panigale - Reno,Santa Viola,Maschi,15-24,Straniera,39
40,emilia ponente,Borgo Panigale - Reno,Santa Viola,Femmine,03-05,Italiana,70
40,emilia ponente,Borgo Panigale - Reno,Santa Viola,Femmine,35-44,Italiana,482
40,emilia ponente,Borgo Panigale - Reno,Santa Viola,Maschi,15-24,Italiana,351
40,emilia ponente,Borgo Panigale - Reno,Santa Viola,Maschi,35-44,Italiana,515
40,emilia ponente,Borgo Panigale - Reno,Santa Viola,Maschi,55-64,Straniera,39
41,cadriano-calamosco,San Donato - San Vitale,San Donato,Femmine,03-05,Italiana,5
41,cadriano-calamosco,San Donato - San Vitale,San Donato,Femmine,06-14,Italiana,24
41,cadriano-calamosco,San Donato - San Vitale,San Donato,Femmine,06-14,Straniera,18
41,cadriano-calamosco,San Donato - San Vitale,San Donato,Femmine,15-24,Italiana,21
41,cadriano-calamosco,San Donato - San Vitale,San Donato,Femmine,25-34,Straniera,10
41,cadriano-calamosco,San Donato - San Vitale,San Donato,Femmine,25-34,Italiana,22
41,cadriano-calamosco,San Donato - San Vitale,San Donato,Femmine,25-34,Straniera,9
41,cadriano-calamosco,San Donato - San Vitale,San Donato,Femmine,45-54,Straniera,9
41,cadriano-calamosco,San Donato - San Vitale,San Donato,Maschi,06-14,Straniera,18
42,fiera,San Donato - San Vitale,San Donato,Femmine,45-54,Italiana,1
43,san donnino,San Donato - San Vitale,San Donato,Femmine,25-34,Straniera,15
43,san donnino,San Donato - San Vitale,San Donato,Maschi,06-14,Italiana,92
43,san donnino,San Donato - San Vitale,San Donato,Maschi,06-14,Straniera,15
43,san donnino,San Donato - San Vitale,San Donato,Maschi,15-24,Straniera,22
43,san donnino,San Donato - San Vitale,San Donato,Maschi,25-34,Straniera,16
43,san donnino,San Donato - San Vitale,San Donato,Maschi,45-54,Italiana,163
43,san donnino,San Donato - San Vitale,San Donato,Maschi,55-64,Italiana,186
44,pilastro,San Donato - San Vitale,San Donato,Femmine,25-34,Straniera,84
45,caab,San Donato - San Vitale,San Donato,Femmine,06-14,Straniera,9
45,caab,San Donato - San Vitale,San Donato,Femmine,25-34,Straniera,9
45,caab,San Donato - San Vitale,San Donato,Maschi,02 e prima,Straniera,2
46,scalo merci san donato,San Donato - San Vitale,San Donato,Femmine,25-34,Italiana,2
47,via del lavoro,San Donato - San Vitale,San Donato,Femmine,15-24,Italiana,256
47,via del lavoro,San Donato - San Vitale,San Donato,Femmine,15-24,Straniera,61
47,via del lavoro,San Donato - San Vitale,San Donato,Femmine,35-44,Italiana,406
47,via del lavoro,San Donato - San Vitale,San Donato,Femmine,65 e oltre,Italiana,959
47,via del lavoro,San Donato - San Vitale,San Donato,Femmine,65 e oltre,Straniera,107
47,via del lavoro,San Donato - San Vitale,San Donato,Maschi,35-44,Italiana,419
48,michelino,San Donato - San Vitale,San Donato,Maschi,15-24,Italiana,157
48,michelino,San Donato - San Vitale,San Donato,Maschi,35-44,Straniera,97
48,michelino,San Donato - San Vitale,San Donato,Maschi,45-54,Straniera,57
48,michelino,San Donato - San Vitale,San Donato,Maschi,55-64,Italiana,243
49,via mondo,San Donato - San Vitale,San Donato,Femmine,02 e prima,Italiana,61
49,via mondo,San Donato - San Vitale,San Donato,Maschi,06-14,Straniera,80
49,via mondo,San Donato - San Vitale,San Donato,Maschi,15-24,Italiana,276
49,via mondo,San Donato - San Vitale,San Donato,Maschi,35-44,Straniera,190
49,via mondo,San Donato - San Vitale,San Donato,Maschi,45-54,Italiana,463
49,via mondo,San Donato - San Vitale,San Donato,Maschi,55-64,Italiana,408
49,via mondo,San Donato - San Vitale,San Donato,Maschi,65 e oltre,Italiana,743
50,osservanza,Santo Stefano,Colli,Femmine,02 e prima,Straniera,3
50,osservanza,Santo Stefano,Colli,Maschi,03-05,Italiana,44
53,galvani-1,Santo Stefano,Galvani,Maschi,35-44,Straniera,17
54,galvani-2,Santo Stefano,Galvani,Maschi,02 e prima,Straniera,17
54,galvani-2,Santo Stefano,Galvani,Maschi,25-34,Italiana,361
55,giardini margherita,Santo Stefano,Murri,Femmine,55-64,Straniera,1
55,giardini margherita,Santo Stefano,Murri,Maschi,55-64,Italiana,1
56,mezzofanti,Santo Stefano,Murri,Maschi,25-34,Italiana,201
57,siepelunga,Santo Stefano,Murri,Femmine,55-64,Italiana,346
58,dagnini,Santo Stefano,Murri,Maschi,03-05,Straniera,19
62,cirenaica,San Donato - San Vitale,San Vitale,Maschi,15-24,Straniera,71
63,scandellara,San Donato - San Vitale,San Vitale,Femmine,15-24,Italiana,32
1,lavino di mezzo,Borgo Panigale - Reno,Borgo Panigale,Femmine,02 e prima,Italiana,6
1,lavino di mezzo,Borgo Panigale - Reno,Borgo Panigale,Femmine,03-05,Straniera,1
1,lavino di mezzo,Borgo Panigale - Reno,Borgo Panigale,Femmine,06-14,Straniera,7
1,lavino di mezzo,Borgo Panigale - Reno,Borgo Panigale,Femmine,25-34,Straniera,4
1,lavino di mezzo,Borgo Panigale - Reno,Borgo Panigale,Femmine,55-64,Italiana,21
1,lavino di mezzo,Borgo Panigale - Reno,Borgo Panigale,Femmine,55-64,Straniera,4
1,lavino di mezzo,Borgo Panigale - Reno,Borgo Panigale,Maschi,02 e prima,Italiana,7
1,lavino di mezzo,Borgo Panigale - Reno,Borgo Panigale,Maschi,25-34,Straniera,11
1,lavino di mezzo,Borgo Panigale - Reno,Borgo Panigale,Maschi,55-64,Italiana,22
2,via del vivaio,Borgo Panigale - Reno,Borgo Panigale,Femmine,55-64,Italiana,55
2,via del vivaio,Borgo Panigale - Reno,Borgo Panigale,Maschi,55-64,Italiana,68
3,bargellino,Borgo Panigale - Reno,Borgo Panigale,Maschi,25-34,Italiana,2
4,aeroporto,Borgo Panigale - Reno,Borgo Panigale,Maschi,03-05,Italiana,1
5,la birra,Borgo Panigale - Reno,Borgo Panigale,Femmine,25-34,Straniera,18
5,la birra,Borgo Panigale - Reno,Borgo Panigale,Femmine,65 e oltre,Italiana,244
5,la birra,Borgo Panigale - Reno,Borgo Panigale,Maschi,65 e oltre,Straniera,8
7,ducati-villaggio ina,Borgo Panigale - Reno,Borgo Panigale,Femmine,15-24,Straniera,17
8,borgo centro,Borgo Panigale - Reno,Borgo Panigale,Femmine,35-44,Straniera,188
8,borgo centro,Borgo Panigale - Reno,Borgo Panigale,Maschi,02 e prima,Straniera,35
8,borgo centro,Borgo Panigale - Reno,Borgo Panigale,Maschi,25-34,Straniera,81
9,triumvirato-pietra,Borgo Panigale - Reno,Borgo Panigale,Femmine,02 e prima,Italiana,32
9,triumvirato-pietra,Borgo Panigale - Reno,Borgo Panigale,Maschi,35-44,Straniera,123
10,rigosa,Borgo Panigale - Reno,Borgo Panigale,Femmine,06-14,Straniera,5
10,rigosa,Borgo Panigale - Reno,Borgo Panigale,Maschi,06-14,Straniera,3
10,rigosa,Borgo Panigale - Reno,Borgo Panigale,Maschi,45-54,Italiana,73
12,caserme rosse-manifattura,Navile,Bolognina,Femmine,03-05,Straniera,7
12,caserme rosse-manifattura,Navile,Bolognina,Femmine,45-54,Italiana,131
12,caserme rosse-manifattura,Navile,Bolognina,Maschi,25-34,Italiana,40
14,arcoveggio,Navile,Bolognina,Maschi,02 e prima,Straniera,29
15,via ferrarese,Navile,Bolognina,Femmine,03-05,Straniera,39
15,via ferrarese,Navile,Bolognina,Maschi,55-64,Straniera,139
16,ex mercato ortofrutticolo,Navile,Bolognina,Maschi,02 e prima,Straniera,5
17,piazza dell'unita',Navile,Bolognina,Maschi,03-05,Straniera,30
17,piazza dell'unita',Navile,Bolognina,Maschi,25-34,Straniera,116
18,san savino,Navile,Corticella,Maschi,35-44,Italiana,397
19,savena abbandonato,Navile,Corticella,Femmine,55-64,Italiana,74
19,savena abbandonato,Navile,Corticella,Maschi,25-34,Italiana,27
20,croce coperta,Navile,Corticella,Maschi,15-24,Italiana,214
20,croce coperta,Navile,Corticella,Maschi,35-44,Straniera,118
20,croce coperta,Navile,Corticella,Maschi,65 e oltre,Italiana,628
21,mulino del gomito,Navile,Corticella,Femmine,55-64,Straniera,5
21,mulino del gomito,Navile,Corticella,Maschi,45-54,Straniera,31
22,la dozza,Navile,Corticella,Femmine,25-34,Straniera,2
22,la dozza,Navile,Corticella,Femmine,45-54,Italiana,100
22,la dozza,Navile,Corticella,Maschi,25-34,Straniera,2
23,laghetti del rosario,Navile,Lame,Femmine,06-14,Straniera,2
23,laghetti del rosario,Navile,Lame,Femmine,35-44,Straniera,7
31,prati di caprara-ospedale maggiore,Porto - Saragozza,Saffi,Femmine,03-05,Straniera,2
31,prati di caprara-ospedale maggiore,Porto - Saragozza,Saffi,Femmine,25-34,Italiana,16
32,scalo ravone,Porto - Saragozza,Saffi,Femmine,06-14,Italiana,1
33,zanardi,Porto - Saragozza,Saffi,Femmine,03-05,Straniera,12
33,zanardi,Porto - Saragozza,Saffi,Femmine,25-34,Italiana,166
33,zanardi,Porto - Saragozza,Saffi,Maschi,25-34,Straniera,45
34,velodromo,Porto - Saragozza,Saffi,Femmine,15-24,Italiana,185
34,velodromo,Porto - Saragozza,Saffi,Femmine,55-64,Italiana,392
35,via vittorio veneto,Porto - Saragozza,Saffi,Femmine,06-14,Straniera,34
35,via vittorio veneto,Porto - Saragozza,Saffi,Femmine,25-34,Straniera,14
35,via vittorio veneto,Porto - Saragozza,Saffi,Femmine,25-34,Italiana,202
35,via vittorio veneto,Porto - Saragozza,Saffi,Femmine,35-44,Straniera,88
36,villaggio della barca,Borgo Panigale - Reno,Barca,Maschi,25-34,Italiana,106
36,villaggio della barca,Borgo Panigale - Reno,Barca,Maschi,55-64,Straniera,40
38,canale di reno,Borgo Panigale - Reno,Barca,Femmine,25-34,Italiana,145
38,canale di reno,Borgo Panigale - Reno,Barca,Maschi,25-34,Italiana,128
39,agucchi,Borgo Panigale - Reno,Santa Viola,Maschi,45-54,Italiana,296
40,emilia ponente,Borgo Panigale - Reno,Santa Viola,Femmine,25-34,Italiana,208
42,fiera,San Donato - San Vitale,San Donato,Femmine,35-44,Italiana,1
43,san donnino,San Donato - San Vitale,San Donato,Femmine,45-54,Straniera,36
43,san donnino,San Donato - San Vitale,San Donato,Maschi,02 e prima,Straniera,5
44,pilastro,San Donato - San Vitale,San Donato,Femmine,03-05,Straniera,33
44,pilastro,San Donato - San Vitale,San Donato,Femmine,35-44,Italiana,196
44,pilastro,San Donato - San Vitale,San Donato,Femmine,65 e oltre,Straniera,104
44,pilastro,San Donato - San Vitale,San Donato,Maschi,45-54,Straniera,144
44,pilastro,San Donato - San Vitale,San Donato,Maschi,65 e oltre,Italiana,770
45,caab,San Donato - San Vitale,San Donato,Maschi,25-34,Italiana,6
46,scalo merci san donato,San Donato - San Vitale,San Donato,Maschi,25-34,Straniera,1
47,via del lavoro,San Donato - San Vitale,San Donato,Femmine,45-54,Straniera,132
47,via del lavoro,San Donato - San Vitale,San Donato,Maschi,03-05,Italiana,65
48,michelino,San Donato - San Vitale,San Donato,Maschi,03-05,Straniera,13
48,michelino,San Donato - San Vitale,San Donato,Maschi,06-14,Straniera,39
49,via mondo,San Donato - San Vitale,San Donato,Maschi,06-14,Italiana,200
50,osservanza,Santo Stefano,Colli,Femmine,25-34,Italiana,100
51,san michele in bosco,Santo Stefano,Colli,Femmine,15-24,Straniera,9
51,san michele in bosco,Santo Stefano,Colli,Maschi,15-24,Straniera,12
51,san michele in bosco,Santo Stefano,Colli,Maschi,25-34,Italiana,61
52,paderno,Santo Stefano,Colli,Maschi,15-24,Straniera,37
52,paderno,Santo Stefano,Colli,Maschi,25-34,Straniera,40
53,galvani-1,Santo Stefano,Galvani,Femmine,03-05,Straniera,2
53,galvani-1,Santo Stefano,Galvani,Femmine,55-64,Italiana,130
53,galvani-1,Santo Stefano,Galvani,Femmine,55-64,Straniera,29
53,galvani-1,Santo Stefano,Galvani,Maschi,03-05,Straniera,1
54,galvani-2,Santo Stefano,Galvani,Femmine,03-05,Straniera,12
54,galvani-2,Santo Stefano,Galvani,Femmine,35-44,Straniera,159
55,giardini margherita,Santo Stefano,Murri,Femmine,06-14,Italiana,2
57,siepelunga,Santo Stefano,Murri,Femmine,35-44,Italiana,215
57,siepelunga,Santo Stefano,Murri,Femmine,55-64,Straniera,49
57,siepelunga,Santo Stefano,Murri,Maschi,02 e prima,Straniera,1
57,siepelunga,Santo Stefano,Murri,Maschi,03-05,Italiana,36
59,chiesanuova,Santo Stefano,Murri,Femmine,15-24,Straniera,39
59,chiesanuova,Santo Stefano,Murri,Maschi,45-54,Italiana,469
60,irnerio-1,Santo Stefano,Irnerio,Maschi,35-44,Italiana,199
61,irnerio-2,Santo Stefano,Irnerio,Femmine,06-14,Straniera,47
62,cirenaica,San Donato - San Vitale,San Vitale,Femmine,25-34,Italiana,374
62,cirenaica,San Donato - San Vitale,San Vitale,Maschi,03-05,Straniera,12
62,cirenaica,San Donato - San Vitale,San Vitale,Maschi,25-34,Italiana,306
63,scandellara,San Donato - San Vitale,San Vitale,Femmine,02 e prima,Italiana,10
63,scandellara,San Donato - San Vitale,San Vitale,Maschi,06-14,Straniera,2
2,via del vivaio,Borgo Panigale - Reno,Borgo Panigale,Maschi,25-34,Straniera,2
3,bargellino,Borgo Panigale - Reno,Borgo Panigale,Maschi,06-14,Italiana,3
4,aeroporto,Borgo Panigale - Reno,Borgo Panigale,Femmine,45-54,Straniera,7
4,aeroporto,Borgo Panigale - Reno,Borgo Panigale,Maschi,45-54,Italiana,43
4,aeroporto,Borgo Panigale - Reno,Borgo Panigale,Maschi,55-64,Straniera,1
5,la birra,Borgo Panigale - Reno,Borgo Panigale,Femmine,02 e prima,Italiana,8
5,la birra,Borgo Panigale - Reno,Borgo Panigale,Femmine,03-05,Straniera,7
5,la birra,Borgo Panigale - Reno,Borgo Panigale,Maschi,25-34,Straniera,17
5,la birra,Borgo Panigale - Reno,Borgo Panigale,Maschi,35-44,Straniera,30
10,rigosa,Borgo Panigale - Reno,Borgo Panigale,Maschi,02 e prima,Straniera,2
10,rigosa,Borgo Panigale - Reno,Borgo Panigale,Maschi,55-64,Straniera,12
11,casteldebole,Borgo Panigale - Reno,Borgo Panigale,Femmine,25-34,Straniera,27
12,caserme rosse-manifattura,Navile,Bolognina,Femmine,03-05,Italiana,16
12,caserme rosse-manifattura,Navile,Bolognina,Maschi,03-05,Straniera,5
13,cnr,Navile,Bolognina,Femmine,35-44,Straniera,2
14,arcoveggio,Navile,Bolognina,Femmine,45-54,Italiana,573
14,arcoveggio,Navile,Bolognina,Maschi,02 e prima,Italiana,71
15,via ferrarese,Navile,Bolognina,Femmine,02 e prima,Italiana,81
15,via ferrarese,Navile,Bolognina,Femmine,15-24,Straniera,124
15,via ferrarese,Navile,Bolognina,Maschi,35-44,Italiana,768
16,ex mercato ortofrutticolo,Navile,Bolognina,Femmine,25-34,Italiana,44
17,piazza dell'unita',Navile,Bolognina,Femmine,06-14,Italiana,279
17,piazza dell'unita',Navile,Bolognina,Femmine,15-24,Straniera,129
17,piazza dell'unita',Navile,Bolognina,Femmine,35-44,Straniera,266
17,piazza dell'unita',Navile,Bolognina,Femmine,45-54,Italiana,588
17,piazza dell'unita',Navile,Bolognina,Maschi,15-24,Straniera,172
18,san savino,Navile,Corticella,Femmine,25-34,Straniera,39
18,san savino,Navile,Corticella,Femmine,25-34,Italiana,189
19,savena abbandonato,Navile,Corticella,Femmine,15-24,Straniera,6
19,savena abbandonato,Navile,Corticella,Femmine,35-44,Italiana,49
20,croce coperta,Navile,Corticella,Femmine,03-05,Straniera,19
20,croce coperta,Navile,Corticella,Femmine,25-34,Straniera,39
21,mulino del gomito,Navile,Corticella,Maschi,35-44,Italiana,52
23,laghetti del rosario,Navile,Lame,Maschi,15-24,Straniera,3
23,laghetti del rosario,Navile,Lame,Maschi,25-34,Italiana,9
25,tiro a segno,Navile,Lame,Femmine,35-44,Straniera,1
26,pescarola,Navile,Lame,Femmine,15-24,Italiana,174
26,pescarola,Navile,Lame,Femmine,25-34,Straniera,31
26,pescarola,Navile,Lame,Maschi,25-34,Italiana,81
27,lazzaretto,Navile,Lame,Femmine,02 e prima,Italiana,11
28,beverara,Navile,Lame,Femmine,03-05,Straniera,26
29,marconi-2,Porto - Saragozza,Marconi,Femmine,02 e prima,Straniera,7
29,marconi-2,Porto - Saragozza,Marconi,Femmine,25-34,Straniera,83
29,marconi-2,Porto - Saragozza,Marconi,Femmine,35-44,Italiana,788
29,marconi-2,Porto - Saragozza,Marconi,Maschi,35-44,Straniera,147
30,marconi-1,Porto - Saragozza,Marconi,Femmine,25-34,Straniera,14
30,marconi-1,Porto - Saragozza,Marconi,Femmine,45-54,Straniera,28
30,marconi-1,Porto - Saragozza,Marconi,Maschi,02 e prima,Straniera,2
30,marconi-1,Porto - Saragozza,Marconi,Maschi,45-54,Italiana,133
31,prati di caprara-ospedale maggiore,Porto - Saragozza,Saffi,Femmine,15-24,Italiana,24
31,prati di caprara-ospedale maggiore,Porto - Saragozza,Saffi,Femmine,35-44,Italiana,40
31,prati di caprara-ospedale maggiore,Porto - Saragozza,Saffi,Maschi,15-24,Italiana,12
31,prati di caprara-ospedale maggiore,Porto - Saragozza,Saffi,Maschi,45-54,Straniera,1
32,scalo ravone,Porto - Saragozza,Saffi,Maschi,35-44,Straniera,2
33,zanardi,Porto - Saragozza,Saffi,Femmine,15-24,Straniera,40
33,zanardi,Porto - Saragozza,Saffi,Femmine,55-64,Italiana,380
33,zanardi,Porto - Saragozza,Saffi,Maschi,03-05,Italiana,78
35,via vittorio veneto,Porto - Saragozza,Saffi,Femmine,35-44,Italiana,407
35,via vittorio veneto,Porto - Saragozza,Saffi,Maschi,06-14,Straniera,33
36,villaggio della barca,Borgo Panigale - Reno,Barca,Femmine,45-54,Straniera,128
36,villaggio della barca,Borgo Panigale - Reno,Barca,Maschi,02 e prima,Italiana,42
36,villaggio della barca,Borgo Panigale - Reno,Barca,Maschi,25-34,Straniera,58
36,villaggio della barca,Borgo Panigale - Reno,Barca,Maschi,35-44,Italiana,210
36,villaggio della barca,Borgo Panigale - Reno,Barca,Maschi,45-54,Italiana,302
36,villaggio della barca,Borgo Panigale - Reno,Barca,Maschi,45-54,Straniera,100
51,san michele in bosco,Santo Stefano,Colli,Femmine,25-34,Straniera,8
52,paderno,Santo Stefano,Colli,Femmine,15-24,Straniera,9
53,galvani-1,Santo Stefano,Galvani,Femmine,25-34,Italiana,51
53,galvani-1,Santo Stefano,Galvani,Femmine,35-44,Straniera,29
54,galvani-2,Santo Stefano,Galvani,Maschi,55-64,Straniera,55
56,mezzofanti,Santo Stefano,Murri,Femmine,06-14,Straniera,23
57,siepelunga,Santo Stefano,Murri,Femmine,45-54,Straniera,51
57,siepelunga,Santo Stefano,Murri,Maschi,45-54,Straniera,21
58,dagnini,Santo Stefano,Murri,Maschi,03-05,Italiana,100
59,chiesanuova,Santo Stefano,Murri,Femmine,02 e prima,Italiana,71
59,chiesanuova,Santo Stefano,Murri,Femmine,25-34,Straniera,32
59,chiesanuova,Santo Stefano,Murri,Maschi,45-54,Straniera,63
61,irnerio-2,Santo Stefano,Irnerio,Femmine,15-24,Italiana,339
61,irnerio-2,Santo Stefano,Irnerio,Femmine,45-54,Straniera,112
62,cirenaica,San Donato - San Vitale,San Vitale,Femmine,02 e prima,Straniera,10
62,cirenaica,San Donato - San Vitale,San Vitale,Femmine,35-44,Straniera,124
63,scandellara,San Donato - San Vitale,San Vitale,Maschi,35-44,Straniera,6
63,scandellara,San Donato - San Vitale,San Vitale,Maschi,65 e oltre,Straniera,2
64,via larga,San Donato - San Vitale,San Vitale,Femmine,06-14,Italiana,66
64,via larga,San Donato - San Vitale,San Vitale,Maschi,25-34,Straniera,34
64,via larga,San Donato - San Vitale,San Vitale,Maschi,55-64,Straniera,6
65,roveri,San Donato - San Vitale,San Vitale,Femmine,06-14,Italiana,19
65,roveri,San Donato - San Vitale,San Vitale,Femmine,65 e oltre,Italiana,77
65,roveri,San Donato - San Vitale,San Vitale,Maschi,15-24,Italiana,32
66,ospedale sant'orsola,San Donato - San Vitale,San Vitale,Femmine,45-54,Straniera,1
67,mengoli,San Donato - San Vitale,San Vitale,Femmine,45-54,Straniera,122
67,mengoli,San Donato - San Vitale,San Vitale,Maschi,45-54,Italiana,564
68,guelfa,San Donato - San Vitale,San Vitale,Femmine,03-05,Italiana,52
68,guelfa,San Donato - San Vitale,San Vitale,Femmine,15-24,Straniera,37
69,croce del biacco,San Donato - San Vitale,San Vitale,Maschi,02 e prima,Straniera,12
69,croce del biacco,San Donato - San Vitale,San Vitale,Maschi,55-64,Straniera,32
70,stradelli guelfi,San Donato - San Vitale,San Vitale,Femmine,25-34,Italiana,5
70,stradelli guelfi,San Donato - San Vitale,San Vitale,Femmine,25-34,Straniera,1
70,stradelli guelfi,San Donato - San Vitale,San Vitale,Maschi,25-34,Straniera,1
70,stradelli guelfi,San Donato - San Vitale,San Vitale,Maschi,25-34,Italiana,10
71,stadio-meloncello,Porto - Saragozza,Costa Saragozza,Maschi,25-34,Straniera,22
72,xxi aprile,Porto - Saragozza,Costa Saragozza,Femmine,03-05,Straniera,16
72,xxi aprile,Porto - Saragozza,Costa Saragozza,Femmine,25-34,Italiana,321
72,xxi aprile,Porto - Saragozza,Costa Saragozza,Femmine,35-44,Italiana,774
73,san giuseppe,Porto - Saragozza,Costa Saragozza,Femmine,55-64,Italiana,470
73,san giuseppe,Porto - Saragozza,Costa Saragozza,Femmine,55-64,Straniera,57
73,san giuseppe,Porto - Saragozza,Costa Saragozza,Maschi,06-14,Italiana,187
73,san giuseppe,Porto - Saragozza,Costa Saragozza,Maschi,25-34,Straniera,24
74,ravone,Porto - Saragozza,Costa Saragozza,Femmine,15-24,Straniera,3
74,ravone,Porto - Saragozza,Costa Saragozza,Femmine,25-34,Italiana,30
76,san luca,Porto - Saragozza,Costa Saragozza,Femmine,25-34,Italiana,16
76,san luca,Porto - Saragozza,Costa Saragozza,Femmine,65 e oltre,Italiana,72
76,san luca,Porto - Saragozza,Costa Saragozza,Maschi,15-24,Straniera,1
76,san luca,Porto - Saragozza,Costa Saragozza,Maschi,35-44,Italiana,25
77,malpighi-2,Porto - Saragozza,Malpighi,Femmine,03-05,Italiana,69
77,malpighi-2,Porto - Saragozza,Malpighi,Maschi,02 e prima,Italiana,68
77,malpighi-2,Porto - Saragozza,Malpighi,Maschi,15-24,Straniera,59
78,malpighi-1,Porto - Saragozza,Malpighi,Femmine,02 e prima,Straniera,1
78,malpighi-1,Porto - Saragozza,Malpighi,Femmine,25-34,Italiana,52
78,malpighi-1,Porto - Saragozza,Malpighi,Femmine,25-34,Straniera,16
78,malpighi-1,Porto - Saragozza,Malpighi,Maschi,06-14,Straniera,9
78,malpighi-1,Porto - Saragozza,Malpighi,Maschi,25-34,Straniera,21
78,malpighi-1,Porto - Saragozza,Malpighi,Maschi,65 e oltre,Straniera,10
79,fossolo,Savena,Mazzini,Femmine,25-34,Straniera,30
79,fossolo,Savena,Mazzini,Femmine,35-44,Italiana,410
79,fossolo,Savena,Mazzini,Maschi,03-05,Italiana,67
79,fossolo,Savena,Mazzini,Maschi,35-44,Straniera,49
80,due madonne,Savena,Mazzini,Femmine,03-05,Straniera,5
80,due madonne,Savena,Mazzini,Femmine,15-24,Italiana,123
80,due madonne,Savena,Mazzini,Maschi,65 e oltre,Italiana,334
81,lungo savena,Savena,Mazzini,Femmine,02 e prima,Straniera,1
81,lungo savena,Savena,Mazzini,Maschi,03-05,Straniera,2
81,lungo savena,Savena,Mazzini,Maschi,35-44,Straniera,5
81,lungo savena,Savena,Mazzini,Maschi,45-54,Italiana,6
82,pontevecchio,Savena,Mazzini,Femmine,25-34,Straniera,34
82,pontevecchio,Savena,Mazzini,Femmine,25-34,Straniera,58
82,pontevecchio,Savena,Mazzini,Femmine,35-44,Straniera,111
82,pontevecchio,Savena,Mazzini,Femmine,45-54,Italiana,320
82,pontevecchio,Savena,Mazzini,Maschi,25-34,Italiana,179
82,pontevecchio,Savena,Mazzini,Maschi,25-34,Straniera,65
82,pontevecchio,Savena,Mazzini,Maschi,45-54,Straniera,96
83,bitone,Savena,Mazzini,Femmine,06-14,Straniera,91
83,bitone,Savena,Mazzini,Femmine,25-34,Straniera,110
83,bitone,Savena,Mazzini,Femmine,65 e oltre,Straniera,98
83,bitone,Savena,Mazzini,Maschi,02 e prima,Straniera,25
83,bitone,Savena,Mazzini,Maschi,15-24,Straniera,78
84,cavedone,Savena,Mazzini,Femmine,03-05,Italiana,33
84,cavedone,Savena,Mazzini,Femmine,25-34,Italiana,74
84,cavedone,Savena,Mazzini,Maschi,03-05,Italiana,40
84,cavedone,Savena,Mazzini,Maschi,25-34,Straniera,14
84,cavedone,Savena,Mazzini,Maschi,35-44,Straniera,37
85,via arno,Savena,Mazzini,Femmine,06-14,Straniera,23
85,via arno,Savena,Mazzini,Maschi,06-14,Straniera,21
86,ospedale bellaria,Savena,Mazzini,Femmine,45-54,Italiana,4
86,ospedale bellaria,Savena,Mazzini,Femmine,55-64,Italiana,8
86,ospedale bellaria,Savena,Mazzini,Maschi,15-24,Italiana,4
86,ospedale bellaria,Savena,Mazzini,Maschi,65 e oltre,Italiana,15
87,monte donato,Savena,San Ruffillo,Femmine,35-44,Italiana,72
87,monte donato,Savena,San Ruffillo,Femmine,35-44,Straniera,13
87,monte donato,Savena,San Ruffillo,Femmine,45-54,Straniera,11
87,monte donato,Savena,San Ruffillo,Maschi,25-34,Straniera,5
88,via toscana,Savena,San Ruffillo,Femmine,02 e prima,Italiana,79
88,via toscana,Savena,San Ruffillo,Femmine,35-44,Italiana,555
88,via toscana,Savena,San Ruffillo,Femmine,45-54,Straniera,132
88,via toscana,Savena,San Ruffillo,Maschi,15-24,Straniera,63
89,corelli,Savena,San Ruffillo,Femmine,02 e prima,Italiana,63
89,corelli,Savena,San Ruffillo,Femmine,15-24,Straniera,67
89,corelli,Savena,San Ruffillo,Femmine,55-64,Straniera,99
89,corelli,Savena,San Ruffillo,Maschi,25-34,Italiana,135
89,corelli,Savena,San Ruffillo,Maschi,45-54,Straniera,104
90,ponte savena-la bastia,Savena,San Ruffillo,Femmine,02 e prima,Straniera,3
90,ponte savena-la bastia,Savena,San Ruffillo,Maschi,03-05,Italiana,13
90,ponte savena-la bastia,Savena,San Ruffillo,Maschi,65 e oltre,Italiana,145
1,lavino di mezzo,Borgo Panigale - Reno,Borgo Panigale,Femmine,65 e oltre,Straniera,5
1,lavino di mezzo,Borgo Panigale - Reno,Borgo Panigale,Maschi,06-14,Straniera,2
1,lavino di mezzo,Borgo Panigale - Reno,Borgo Panigale,Maschi,25-34,Italiana,12
2,via del vivaio,Borgo Panigale - Reno,Borgo Panigale,Femmine,03-05,Italiana,6
2,via del vivaio,Borgo Panigale - Reno,Borgo Panigale,Maschi,35-44,Italiana,51
3,bargellino,Borgo Panigale - Reno,Borgo Panigale,Maschi,15-24,Italiana,5
4,aeroporto,Borgo Panigale - Reno,Borgo Panigale,Femmine,15-24,Italiana,14
4,aeroporto,Borgo Panigale - Reno,Borgo Panigale,Femmine,55-64,Straniera,4
5,la birra,Borgo Panigale - Reno,Borgo Panigale,Femmine,25-34,Straniera,13
5,la birra,Borgo Panigale - Reno,Borgo Panigale,Maschi,45-54,Italiana,117
8,borgo centro,Borgo Panigale - Reno,Borgo Panigale,Femmine,15-24,Italiana,250
8,borgo centro,Borgo Panigale - Reno,Borgo Panigale,Femmine,45-54,Straniera,126
8,borgo centro,Borgo Panigale - Reno,Borgo Panigale,Maschi,02 e prima,Italiana,79
8,borgo centro,Borgo Panigale - Reno,Borgo Panigale,Maschi,06-14,Italiana,208
8,borgo centro,Borgo Panigale - Reno,Borgo Panigale,Maschi,55-64,Italiana,477
8,borgo centro,Borgo Panigale - Reno,Borgo Panigale,Maschi,65 e oltre,Straniera,14
9,triumvirato-pietra,Borgo Panigale - Reno,Borgo Panigale,Femmine,03-05,Italiana,47
9,triumvirato-pietra,Borgo Panigale - Reno,Borgo Panigale,Femmine,45-54,Italiana,325
9,triumvirato-pietra,Borgo Panigale - Reno,Borgo Panigale,Femmine,65 e oltre,Italiana,686
9,triumvirato-pietra,Borgo Panigale - Reno,Borgo Panigale,Maschi,02 e prima,Italiana,42
9,triumvirato-pietra,Borgo Panigale - Reno,Borgo Panigale,Maschi,06-14,Italiana,174
9,triumvirato-pietra,Borgo Panigale - Reno,Borgo Panigale,Maschi,06-14,Straniera,43
10,rigosa,Borgo Panigale - Reno,Borgo Panigale,Femmine,02 e prima,Italiana,22
10,rigosa,Borgo Panigale - Reno,Borgo Panigale,Maschi,06-14,Italiana,52
10,rigosa,Borgo Panigale - Reno,Borgo Panigale,Maschi,25-34,Straniera,19
11,casteldebole,Borgo Panigale - Reno,Borgo Panigale,Femmine,45-54,Italiana,359
11,casteldebole,Borgo Panigale - Reno,Borgo Panigale,Maschi,02 e prima,Straniera,4
11,casteldebole,Borgo Panigale - Reno,Borgo Panigale,Maschi,45-54,Straniera,44
11,casteldebole,Borgo Panigale - Reno,Borgo Panigale,Maschi,55-64,Straniera,17
12,caserme rosse-manifattura,Navile,Bolognina,Femmine,25-34,Straniera,21
12,caserme rosse-manifattura,Navile,Bolognina,Maschi,15-24,Straniera,23
14,arcoveggio,Navile,Bolognina,Maschi,35-44,Straniera,261
15,via ferrarese,Navile,Bolognina,Maschi,45-54,Italiana,734
16,ex mercato ortofrutticolo,Navile,Bolognina,Femmine,55-64,Italiana,50
16,ex mercato ortofrutticolo,Navile,Bolognina,Maschi,45-54,Straniera,6
17,piazza dell'unita',Navile,Bolognina,Femmine,25-34,Straniera,88
17,piazza dell'unita',Navile,Bolognina,Maschi,06-14,Straniera,137
17,piazza dell'unita',Navile,Bolognina,Maschi,45-54,Italiana,656
18,san savino,Navile,Corticella,Femmine,65 e oltre,Italiana,1425
19,savena abbandonato,Navile,Corticella,Femmine,25-34,Straniera,2
19,savena abbandonato,Navile,Corticella,Maschi,35-44,Straniera,28
20,croce coperta,Navile,Corticella,Femmine,06-14,Straniera,49
20,croce coperta,Navile,Corticella,Maschi,25-34,Italiana,121
20,croce coperta,Navile,Corticella,Maschi,45-54,Straniera,104
21,mulino del gomito,Navile,Corticella,Femmine,15-24,Straniera,4
21,mulino del gomito,Navile,Corticella,Femmine,45-54,Italiana,24
21,mulino del gomito,Navile,Corticella,Maschi,02 e prima,Straniera,3
22,la dozza,Navile,Corticella,Femmine,06-14,Straniera,5
22,la dozza,Navile,Corticella,Femmine,35-44,Italiana,52
22,la dozza,Navile,Corticella,Maschi,15-24,Italiana,76
23,laghetti del rosario,Navile,Lame,Femmine,25-34,Straniera,1
23,laghetti del rosario,Navile,Lame,Maschi,02 e prima,Italiana,4
23,laghetti del rosario,Navile,Lame,Maschi,25-34,Straniera,3
23,laghetti del rosario,Navile,Lame,Maschi,45-54,Italiana,42
23,laghetti del rosario,Navile,Lame,Maschi,45-54,Straniera,6
24,la noce,Navile,Lame,Femmine,25-34,Straniera,7
24,la noce,Navile,Lame,Maschi,02 e prima,Straniera,3
25,tiro a segno,Navile,Lame,Femmine,02 e prima,Italiana,1
25,tiro a segno,Navile,Lame,Maschi,25-34,Italiana,6
26,pescarola,Navile,Lame,Femmine,25-34,Straniera,20
26,pescarola,Navile,Lame,Femmine,45-54,Straniera,75
26,pescarola,Navile,Lame,Femmine,55-64,Straniera,51
26,pescarola,Navile,Lame,Maschi,02 e prima,Italiana,26
26,pescarola,Navile,Lame,Maschi,06-14,Straniera,31
26,pescarola,Navile,Lame,Maschi,35-44,Italiana,193
26,pescarola,Navile,Lame,Maschi,35-44,Straniera,57
27,lazzaretto,Navile,Lame,Femmine,02 e prima,Straniera,2
27,lazzaretto,Navile,Lame,Femmine,15-24,Straniera,5
27,lazzaretto,Navile,Lame,Femmine,45-54,Italiana,51
27,lazzaretto,Navile,Lame,Maschi,02 e prima,Italiana,12
27,lazzaretto,Navile,Lame,Maschi,06-14,Italiana,28
28,beverara,Navile,Lame,Femmine,03-05,Italiana,50
28,beverara,Navile,Lame,Femmine,06-14,Straniera,75
28,beverara,Navile,Lame,Maschi,15-24,Straniera,64
28,beverara,Navile,Lame,Maschi,25-34,Italiana,144
28,beverara,Navile,Lame,Maschi,25-34,Straniera,50
28,beverara,Navile,Lame,Maschi,45-54,Italiana,426
28,beverara,Navile,Lame,Maschi,45-54,Straniera,91
29,marconi-2,Porto - Saragozza,Marconi,Femmine,25-34,Italiana,454
29,marconi-2,Porto - Saragozza,Marconi,Maschi,03-05,Italiana,103
29,marconi-2,Porto - Saragozza,Marconi,Maschi,06-14,Italiana,339
29,marconi-2,Porto - Saragozza,Marconi,Maschi,15-24,Italiana,412
29,marconi-2,Porto - Saragozza,Marconi,Maschi,45-54,Straniera,100
29,marconi-2,Porto - Saragozza,Marconi,Maschi,55-64,Straniera,58
30,marconi-1,Porto - Saragozza,Marconi,Femmine,25-34,Italiana,88
30,marconi-1,Porto - Saragozza,Marconi,Maschi,25-34,Italiana,81
31,prati di caprara-ospedale maggiore,Porto - Saragozza,Saffi,Femmine,55-64,Italiana,31
31,prati di caprara-ospedale maggiore,Porto - Saragozza,Saffi,Maschi,45-54,Italiana,22
32,scalo ravone,Porto - Saragozza,Saffi,Femmine,45-54,Italiana,2
33,zanardi,Porto - Saragozza,Saffi,Femmine,25-34,Straniera,59
33,zanardi,Porto - Saragozza,Saffi,Femmine,25-34,Straniera,50
33,zanardi,Porto - Saragozza,Saffi,Femmine,55-64,Straniera,92
33,zanardi,Porto - Saragozza,Saffi,Maschi,02 e prima,Straniera,11
34,velodromo,Porto - Saragozza,Saffi,Maschi,02 e prima,Italiana,56
35,via vittorio veneto,Porto - Saragozza,Saffi,Femmine,02 e prima,Straniera,5
35,via vittorio veneto,Porto - Saragozza,Saffi,Femmine,03-05,Straniera,5
35,via vittorio veneto,Porto - Saragozza,Saffi,Femmine,55-64,Italiana,308
35,via vittorio veneto,Porto - Saragozza,Saffi,Femmine,65 e oltre,Straniera,54
37,battindarno,Borgo Panigale - Reno,Barca,Femmine,35-44,Italiana,392
38,canale di reno,Borgo Panigale - Reno,Barca,Femmine,65 e oltre,Italiana,1039
38,canale di reno,Borgo Panigale - Reno,Barca,Maschi,25-34,Straniera,26
39,agucchi,Borgo Panigale - Reno,Santa Viola,Femmine,02 e prima,Straniera,17
39,agucchi,Borgo Panigale - Reno,Santa Viola,Femmine,25-34,Straniera,35
39,agucchi,Borgo Panigale - Reno,Santa Viola,Femmine,45-54,Italiana,274
39,agucchi,Borgo Panigale - Reno,Santa Viola,Femmine,55-64,Straniera,75
39,agucchi,Borgo Panigale - Reno,Santa Viola,Maschi,25-34,Italiana,105
39,agucchi,Borgo Panigale - Reno,Santa Viola,Maschi,35-44,Straniera,80
39,agucchi,Borgo Panigale - Reno,Santa Viola,Maschi,65 e oltre,Straniera,12
40,emilia ponente,Borgo Panigale - Reno,Santa Viola,Femmine,02 e prima,Straniera,19
40,emilia ponente,Borgo Panigale - Reno,Santa Viola,Femmine,55-64,Straniera,75
41,cadriano-calamosco,San Donato - San Vitale,San Donato,Maschi,65 e oltre,Italiana,81
42,fiera,San Donato - San Vitale,San Donato,Femmine,03-05,Italiana,1
42,fiera,San Donato - San Vitale,San Donato,Maschi,03-05,Italiana,1
43,san donnino,San Donato - San Vitale,San Donato,Femmine,02 e prima,Italiana,22
44,pilastro,San Donato - San Vitale,San Donato,Maschi,03-05,Italiana,46
45,caab,San Donato - San Vitale,San Donato,Femmine,02 e prima,Italiana,5
48,michelino,San Donato - San Vitale,San Donato,Maschi,25-34,Straniera,49
49,via mondo,San Donato - San Vitale,San Donato,Maschi,02 e prima,Straniera,18
49,via mondo,San Donato - San Vitale,San Donato,Maschi,45-54,Straniera,111
49,via mondo,San Donato - San Vitale,San Donato,Maschi,55-64,Straniera,48
52,paderno,Santo Stefano,Colli,Femmine,35-44,Italiana,60
52,paderno,Santo Stefano,Colli,Femmine,45-54,Straniera,32
52,paderno,Santo Stefano,Colli,Maschi,35-44,Straniera,30
53,galvani-1,Santo Stefano,Galvani,Maschi,25-34,Straniera,5
54,galvani-2,Santo Stefano,Galvani,Femmine,25-34,Straniera,74
54,galvani-2,Santo Stefano,Galvani,Maschi,35-44,Straniera,140
55,giardini margherita,Santo Stefano,Murri,Maschi,55-64,Straniera,1
56,mezzofanti,Santo Stefano,Murri,Femmine,15-24,Italiana,349
56,mezzofanti,Santo Stefano,Murri,Femmine,15-24,Straniera,22
56,mezzofanti,Santo Stefano,Murri,Maschi,35-44,Straniera,58
58,dagnini,Santo Stefano,Murri,Femmine,02 e prima,Straniera,12
58,dagnini,Santo Stefano,Murri,Femmine,06-14,Italiana,297
59,chiesanuova,Santo Stefano,Murri,Femmine,03-05,Italiana,94
59,chiesanuova,Santo Stefano,Murri,Femmine,03-05,Straniera,7
59,chiesanuova,Santo Stefano,Murri,Maschi,35-44,Italiana,482
59,chiesanuova,Santo Stefano,Murri,Maschi,55-64,Straniera,29
60,irnerio-1,Santo Stefano,Irnerio,Maschi,06-14,Straniera,5
62,cirenaica,San Donato - San Vitale,San Vitale,Femmine,25-34,Straniera,67
63,scandellara,San Donato - San Vitale,San Vitale,Femmine,55-64,Straniera,10
1,lavino di mezzo,Borgo Panigale - Reno,Borgo Panigale,Femmine,03-05,Italiana,9
1,lavino di mezzo,Borgo Panigale - Reno,Borgo Panigale,Femmine,35-44,Straniera,10
1,lavino di mezzo,Borgo Panigale - Reno,Borgo Panigale,Femmine,45-54,Straniera,10
1,lavino di mezzo,Borgo Panigale - Reno,Borgo Panigale,Maschi,02 e prima,Straniera,1
1,lavino di mezzo,Borgo Panigale - Reno,Borgo Panigale,Maschi,03-05,Straniera,2
2,via del vivaio,Borgo Panigale - Reno,Borgo Panigale,Femmine,03-05,Straniera,2
2,via del vivaio,Borgo Panigale - Reno,Borgo Panigale,Femmine,15-24,Straniera,4
2,via del vivaio,Borgo Panigale - Reno,Borgo Panigale,Maschi,55-64,Straniera,3
3,bargellino,Borgo Panigale - Reno,Borgo Panigale,Femmine,15-24,Italiana,1
3,bargellino,Borgo Panigale - Reno,Borgo Panigale,Maschi,25-34,Italiana,1
3,bargellino,Borgo Panigale - Reno,Borgo Panigale,Maschi,65 e oltre,Italiana,8
4,aeroporto,Borgo Panigale - Reno,Borgo Panigale,Femmine,02 e prima,Italiana,2
4,aeroporto,Borgo Panigale - Reno,Borgo Panigale,Femmine,06-14,Italiana,11
4,aeroporto,Borgo Panigale - Reno,Borgo Panigale,Maschi,25-34,Straniera,3
4,aeroporto,Borgo Panigale - Reno,Borgo Panigale,Maschi,35-44,Straniera,6
5,la birra,Borgo Panigale - Reno,Borgo Panigale,Femmine,45-54,Straniera,40
5,la birra,Borgo Panigale - Reno,Borgo Panigale,Femmine,55-64,Straniera,17
5,la birra,Borgo Panigale - Reno,Borgo Panigale,Maschi,15-24,Italiana,65
5,la birra,Borgo Panigale - Reno,Borgo Panigale,Maschi,35-44,Italiana,110
6,lungo reno,Borgo Panigale - Reno,Borgo Panigale,Maschi,45-54,Italiana,2
7,ducati-villaggio ina,Borgo Panigale - Reno,Borgo Panigale,Femmine,06-14,Straniera,17
7,ducati-villaggio ina,Borgo Panigale - Reno,Borgo Panigale,Femmine,15-24,Italiana,92
7,ducati-villaggio ina,Borgo Panigale - Reno,Borgo Panigale,Maschi,35-44,Straniera,41
8,borgo centro,Borgo Panigale - Reno,Borgo Panigale,Femmine,25-34,Straniera,104
8,borgo centro,Borgo Panigale - Reno,Borgo Panigale,Femmine,55-64,Straniera,100
9,triumvirato-pietra,Borgo Panigale - Reno,Borgo Panigale,Femmine,03-05,Straniera,21
9,triumvirato-pietra,Borgo Panigale - Reno,Borgo Panigale,Femmine,15-24,Italiana,138
9,triumvirato-pietra,Borgo Panigale - Reno,Borgo Panigale,Femmine,25-34,Italiana,99
9,triumvirato-pietra,Borgo Panigale - Reno,Borgo Panigale,Femmine,65 e oltre,Straniera,37
9,triumvirato-pietra,Borgo Panigale - Reno,Borgo Panigale,Maschi,25-34,Straniera,53
10,rigosa,Borgo Panigale - Reno,Borgo Panigale,Femmine,15-24,Straniera,4
11,casteldebole,Borgo Panigale - Reno,Borgo Panigale,Maschi,45-54,Italiana,326
12,caserme rosse-manifattura,Navile,Bolognina,Femmine,02 e prima,Italiana,15
14,arcoveggio,Navile,Bolognina,Maschi,55-64,Italiana,629
14,arcoveggio,Navile,Bolognina,Maschi,55-64,Straniera,113
15,via ferrarese,Navile,Bolognina,Maschi,03-05,Straniera,56
15,via ferrarese,Navile,Bolognina,Maschi,25-34,Straniera,143
16,ex mercato ortofrutticolo,Navile,Bolognina,Femmine,06-14,Straniera,25
19,savena abbandonato,Navile,Corticella,Femmine,06-14,Italiana,27
19,savena abbandonato,Navile,Corticella,Maschi,15-24,Straniera,43
20,croce coperta,Navile,Corticella,Femmine,15-24,Straniera,48
20,croce coperta,Navile,Corticella,Maschi,03-05,Italiana,44
20,croce coperta,Navile,Corticella,Maschi,06-14,Straniera,65
20,croce coperta,Navile,Corticella,Maschi,65 e oltre,Straniera,25
21,mulino del gomito,Navile,Corticella,Femmine,03-05,Straniera,3
21,mulino del gomito,Navile,Corticella,Femmine,06-14,Italiana,12
21,mulino del gomito,Navile,Corticella,Maschi,25-34,Italiana,24
21,mulino del gomito,Navile,Corticella,Maschi,65 e oltre,Italiana,53
22,la dozza,Navile,Corticella,Femmine,45-54,Straniera,6
22,la dozza,Navile,Corticella,Maschi,25-34,Italiana,19
23,laghetti del rosario,Navile,Lame,Femmine,25-34,Straniera,1
23,laghetti del rosario,Navile,Lame,Maschi,35-44,Straniera,5
24,la noce,Navile,Lame,Femmine,02 e prima,Straniera,3
24,la noce,Navile,Lame,Femmine,03-05,Italiana,10
24,la noce,Navile,Lame,Femmine,35-44,Italiana,54
24,la noce,Navile,Lame,Maschi,06-14,Italiana,41
24,la noce,Navile,Lame,Maschi,25-34,Italiana,40
25,tiro a segno,Navile,Lame,Femmine,45-54,Straniera,1
25,tiro a segno,Navile,Lame,Femmine,65 e oltre,Italiana,15
26,pescarola,Navile,Lame,Femmine,03-05,Straniera,18
26,pescarola,Navile,Lame,Femmine,35-44,Italiana,176
26,pescarola,Navile,Lame,Femmine,65 e oltre,Straniera,48
26,pescarola,Navile,Lame,Maschi,06-14,Italiana,130
26,pescarola,Navile,Lame,Maschi,25-34,Straniera,36
26,pescarola,Navile,Lame,Maschi,65 e oltre,Straniera,17
27,lazzaretto,Navile,Lame,Femmine,55-64,Italiana,30
27,lazzaretto,Navile,Lame,Femmine,65 e oltre,Straniera,4
27,lazzaretto,Navile,Lame,Maschi,03-05,Italiana,9
27,lazzaretto,Navile,Lame,Maschi,25-34,Italiana,25
27,lazzaretto,Navile,Lame,Maschi,25-34,Straniera,21
27,lazzaretto,Navile,Lame,Maschi,65 e oltre,Italiana,48
28,beverara,Navile,Lame,Maschi,06-14,Straniera,86
28,beverara,Navile,Lame,Maschi,25-34,Italiana,129
28,beverara,Navile,Lame,Maschi,65 e oltre,Italiana,780
29,marconi-2,Porto - Saragozza,Marconi,Femmine,03-05,Italiana,106
29,marconi-2,Porto - Saragozza,Marconi,Femmine,65 e oltre,Straniera,97
29,marconi-2,Porto - Saragozza,Marconi,Maschi,02 e prima,Straniera,15
29,marconi-2,Porto - Saragozza,Marconi,Maschi,06-14,Straniera,50
30,marconi-1,Porto - Saragozza,Marconi,Femmine,03-05,Straniera,1
30,marconi-1,Porto - Saragozza,Marconi,Femmine,15-24,Straniera,15
30,marconi-1,Porto - Saragozza,Marconi,Femmine,25-34,Italiana,91
30,marconi-1,Porto - Saragozza,Marconi,Femmine,45-54,Italiana,160
30,marconi-1,Porto - Saragozza,Marconi,Maschi,65 e oltre,Straniera,8
31,prati di caprara-ospedale maggiore,Porto - Saragozza,Saffi,Femmine,03-05,Italiana,11
31,prati di caprara-ospedale maggiore,Porto - Saragozza,Saffi,Femmine,06-14,Italiana,17
31,prati di caprara-ospedale maggiore,Porto - Saragozza,Saffi,Femmine,25-34,Straniera,5
31,prati di caprara-ospedale maggiore,Porto - Saragozza,Saffi,Maschi,06-14,Italiana,14
32,scalo ravone,Porto - Saragozza,Saffi,Femmine,25-34,Italiana,11
32,scalo ravone,Porto - Saragozza,Saffi,Femmine,55-64,Italiana,3
32,scalo ravone,Porto - Saragozza,Saffi,Maschi,03-05,Italiana,2
33,zanardi,Porto - Saragozza,Saffi,Femmine,45-54,Italiana,392
33,zanardi,Porto - Saragozza,Saffi,Maschi,45-54,Italiana,407
33,zanardi,Porto - Saragozza,Saffi,Maschi,55-64,Straniera,48
34,velodromo,Porto - Saragozza,Saffi,Femmine,25-34,Italiana,140
34,velodromo,Porto - Saragozza,Saffi,Femmine,45-54,Straniera,73
34,velodromo,Porto - Saragozza,Saffi,Maschi,45-54,Italiana,368
34,velodromo,Porto - Saragozza,Saffi,Maschi,45-54,Straniera,69
35,via vittorio veneto,Porto - Saragozza,Saffi,Maschi,25-34,Straniera,24
35,via vittorio veneto,Porto - Saragozza,Saffi,Maschi,45-54,Italiana,354
35,via vittorio veneto,Porto - Saragozza,Saffi,Maschi,65 e oltre,Straniera,6
36,villaggio della barca,Borgo Panigale - Reno,Barca,Femmine,15-24,Italiana,241
36,villaggio della barca,Borgo Panigale - Reno,Barca,Femmine,25-34,Italiana,95
36,villaggio della barca,Borgo Panigale - Reno,Barca,Maschi,25-34,Italiana,128
36,villaggio della barca,Borgo Panigale - Reno,Barca,Maschi,55-64,Italiana,363
37,battindarno,Borgo Panigale - Reno,Barca,Femmine,25-34,Italiana,169
37,battindarno,Borgo Panigale - Reno,Barca,Femmine,55-64,Italiana,634
37,battindarno,Borgo Panigale - Reno,Barca,Maschi,06-14,Italiana,208
37,battindarno,Borgo Panigale - Reno,Barca,Maschi,35-44,Italiana,406
37,battindarno,Borgo Panigale - Reno,Barca,Maschi,45-54,Straniera,88
38,canale di reno,Borgo Panigale - Reno,Barca,Femmine,02 e prima,Italiana,50
38,canale di reno,Borgo Panigale - Reno,Barca,Maschi,45-54,Straniera,49
38,canale di reno,Borgo Panigale - Reno,Barca,Maschi,55-64,Straniera,26
39,agucchi,Borgo Panigale - Reno,Santa Viola,Femmine,35-44,Straniera,86
39,agucchi,Borgo Panigale - Reno,Santa Viola,Maschi,06-14,Italiana,136
40,emilia ponente,Borgo Panigale - Reno,Santa Viola,Femmine,15-24,Straniera,46
40,emilia ponente,Borgo Panigale - Reno,Santa Viola,Femmine,45-54,Straniera,124
40,emilia ponente,Borgo Panigale - Reno,Santa Viola,Maschi,02 e prima,Straniera,20
41,cadriano-calamosco,San Donato - San Vitale,San Donato,Femmine,15-24,Straniera,5
41,cadriano-calamosco,San Donato - San Vitale,San Donato,Femmine,45-54,Italiana,66
41,cadriano-calamosco,San Donato - San Vitale,San Donato,Femmine,55-64,Straniera,2
41,cadriano-calamosco,San Donato - San Vitale,San Donato,Maschi,15-24,Italiana,32
41,cadriano-calamosco,San Donato - San Vitale,San Donato,Maschi,15-24,Straniera,13
41,cadriano-calamosco,San Donato - San Vitale,San Donato,Maschi,45-54,Straniera,7
41,cadriano-calamosco,San Donato - San Vitale,San Donato,Maschi,65 e oltre,Straniera,1
42,fiera,San Donato - San Vitale,San Donato,Maschi,02 e prima,Italiana,1
42,fiera,San Donato - San Vitale,San Donato,Maschi,65 e oltre,Italiana,1
43,san donnino,San Donato - San Vitale,San Donato,Femmine,25-34,Italiana,64
43,san donnino,San Donato - San Vitale,San Donato,Femmine,25-34,Straniera,23
43,san donnino,San Donato - San Vitale,San Donato,Femmine,35-44,Italiana,114
43,san donnino,San Donato - San Vitale,San Donato,Maschi,03-05,Italiana,25
43,san donnino,San Donato - San Vitale,San Donato,Maschi,65 e oltre,Straniera,7
44,pilastro,San Donato - San Vitale,San Donato,Femmine,06-14,Italiana,153
44,pilastro,San Donato - San Vitale,San Donato,Femmine,35-44,Straniera,206
44,pilastro,San Donato - San Vitale,San Donato,Maschi,25-34,Italiana,122
45,caab,San Donato - San Vitale,San Donato,Femmine,02 e prima,Straniera,4
45,caab,San Donato - San Vitale,San Donato,Maschi,25-34,Straniera,12
45,caab,San Donato - San Vitale,San Donato,Maschi,35-44,Italiana,24
46,scalo merci san donato,San Donato - San Vitale,San Donato,Femmine,03-05,Italiana,1
46,scalo merci san donato,San Donato - San Vitale,San Donato,Femmine,45-54,Straniera,1
46,scalo merci san donato,San Donato - San Vitale,San Donato,Maschi,55-64,Italiana,5
47,via del lavoro,San Donato - San Vitale,San Donato,Femmine,03-05,Straniera,24
47,via del lavoro,San Donato - San Vitale,San Donato,Femmine,06-14,Italiana,253
47,via del lavoro,San Donato - San Vitale,San Donato,Femmine,06-14,Straniera,76
47,via del lavoro,San Donato - San Vitale,San Donato,Femmine,45-54,Italiana,465
48,michelino,San Donato - San Vitale,San Donato,Femmine,03-05,Straniera,12
48,michelino,San Donato - San Vitale,San Donato,Femmine,15-24,Italiana,151
48,michelino,San Donato - San Vitale,San Donato,Femmine,25-34,Straniera,37
48,michelino,San Donato - San Vitale,San Donato,Femmine,65 e oltre,Italiana,527
49,via mondo,San Donato - San Vitale,San Donato,Femmine,15-24,Straniera,66
49,via mondo,San Donato - San Vitale,San Donato,Femmine,25-34,Italiana,217
49,via mondo,San Donato - San Vitale,San Donato,Maschi,03-05,Italiana,44
49,via mondo,San Donato - San Vitale,San Donato,Maschi,25-34,Straniera,98
50,osservanza,Santo Stefano,Colli,Femmine,02 e prima,Italiana,36
50,osservanza,Santo Stefano,Colli,Femmine,45-54,Straniera,35
51,san michele in bosco,Santo Stefano,Colli,Femmine,03-05,Italiana,34
51,san michele in bosco,Santo Stefano,Colli,Femmine,35-44,Italiana,139
52,paderno,Santo Stefano,Colli,Femmine,55-64,Italiana,118
52,paderno,Santo Stefano,Colli,Maschi,03-05,Straniera,1
54,galvani-2,Santo Stefano,Galvani,Femmine,06-14,Italiana,288
54,galvani-2,Santo Stefano,Galvani,Femmine,15-24,Straniera,58
54,galvani-2,Santo Stefano,Galvani,Femmine,45-54,Straniera,153
54,galvani-2,Santo Stefano,Galvani,Femmine,55-64,Straniera,134
54,galvani-2,Santo Stefano,Galvani,Maschi,06-14,Italiana,274
54,galvani-2,Santo Stefano,Galvani,Maschi,25-34,Straniera,55
54,galvani-2,Santo Stefano,Galvani,Maschi,35-44,Italiana,569
54,galvani-2,Santo Stefano,Galvani,Maschi,45-54,Straniera,95
54,galvani-2,Santo Stefano,Galvani,Maschi,65 e oltre,Italiana,1120
57,siepelunga,Santo Stefano,Murri,Femmine,02 e prima,Straniera,2
57,siepelunga,Santo Stefano,Murri,Maschi,35-44,Straniera,28
58,dagnini,Santo Stefano,Murri,Femmine,02 e prima,Italiana,83
58,dagnini,Santo Stefano,Murri,Femmine,06-14,Straniera,44
58,dagnini,Santo Stefano,Murri,Femmine,65 e oltre,Italiana,1398
58,dagnini,Santo Stefano,Murri,Maschi,25-34,Italiana,228
59,chiesanuova,Santo Stefano,Murri,Femmine,65 e oltre,Italiana,968
59,chiesanuova,Santo Stefano,Murri,Maschi,03-05,Italiana,69
60,irnerio-1,Santo Stefano,Irnerio,Femmine,02 e prima,Straniera,2
60,irnerio-1,Santo Stefano,Irnerio,Femmine,03-05,Straniera,2
60,irnerio-1,Santo Stefano,Irnerio,Femmine,06-14,Straniera,14
60,irnerio-1,Santo Stefano,Irnerio,Maschi,03-05,Italiana,19
61,irnerio-2,Santo Stefano,Irnerio,Femmine,15-24,Straniera,60
62,cirenaica,San Donato - San Vitale,San Vitale,Maschi,45-54,Italiana,539
63,scandellara,San Donato - San Vitale,San Vitale,Femmine,06-14,Italiana,30
63,scandellara,San Donato - San Vitale,San Vitale,Femmine,35-44,Italiana,69
63,scandellara,San Donato - San Vitale,San Vitale,Maschi,25-34,Straniera,4
90,ponte savena-la bastia,Savena,San Ruffillo,Maschi,45-54,Italiana,74
19,savena abbandonato,Navile,Corticella,Maschi,15-24,Italiana,32
19,savena abbandonato,Navile,Corticella,Maschi,25-34,Italiana,26
20,croce coperta,Navile,Corticella,Femmine,25-34,Italiana,122
20,croce coperta,Navile,Corticella,Femmine,45-54,Italiana,337
21,mulino del gomito,Navile,Corticella,Femmine,25-34,Straniera,7
21,mulino del gomito,Navile,Corticella,Femmine,35-44,Straniera,15
21,mulino del gomito,Navile,Corticella,Femmine,45-54,Straniera,17
22,la dozza,Navile,Corticella,Femmine,02 e prima,Italiana,6
22,la dozza,Navile,Corticella,Femmine,25-34,Straniera,4
22,la dozza,Navile,Corticella,Maschi,65 e oltre,Straniera,2
23,laghetti del rosario,Navile,Lame,Femmine,35-44,Italiana,26
51,san michele in bosco,Santo Stefano,Colli,Maschi,65 e oltre,Italiana,228
51,san michele in bosco,Santo Stefano,Colli,Maschi,65 e oltre,Straniera,4
52,paderno,Santo Stefano,Colli,Femmine,03-05,Italiana,11
52,paderno,Santo Stefano,Colli,Maschi,02 e prima,Italiana,7
55,giardini margherita,Santo Stefano,Murri,Maschi,65 e oltre,Italiana,3
56,mezzofanti,Santo Stefano,Murri,Femmine,25-34,Italiana,216
56,mezzofanti,Santo Stefano,Murri,Femmine,25-34,Straniera,31
56,mezzofanti,Santo Stefano,Murri,Maschi,15-24,Italiana,318
56,mezzofanti,Santo Stefano,Murri,Maschi,45-54,Straniera,36
57,siepelunga,Santo Stefano,Murri,Femmine,02 e prima,Italiana,41
57,siepelunga,Santo Stefano,Murri,Maschi,25-34,Italiana,92
58,dagnini,Santo Stefano,Murri,Maschi,55-64,Straniera,43
60,irnerio-1,Santo Stefano,Irnerio,Femmine,25-34,Straniera,27
60,irnerio-1,Santo Stefano,Irnerio,Maschi,15-24,Straniera,16
61,irnerio-2,Santo Stefano,Irnerio,Femmine,25-34,Italiana,418
61,irnerio-2,Santo Stefano,Irnerio,Maschi,02 e prima,Straniera,18
63,scandellara,San Donato - San Vitale,San Vitale,Femmine,25-34,Italiana,38
63,scandellara,San Donato - San Vitale,San Vitale,Maschi,25-34,Italiana,27
64,via larga,San Donato - San Vitale,San Vitale,Femmine,25-34,Straniera,21
64,via larga,San Donato - San Vitale,San Vitale,Femmine,65 e oltre,Straniera,9
64,via larga,San Donato - San Vitale,San Vitale,Maschi,35-44,Straniera,32
65,roveri,San Donato - San Vitale,San Vitale,Femmine,25-34,Italiana,9
65,roveri,San Donato - San Vitale,San Vitale,Femmine,55-64,Italiana,28
65,roveri,San Donato - San Vitale,San Vitale,Maschi,45-54,Straniera,35
65,roveri,San Donato - San Vitale,San Vitale,Maschi,55-64,Straniera,7
66,ospedale sant'orsola,San Donato - San Vitale,San Vitale,Femmine,15-24,Italiana,1
66,ospedale sant'orsola,San Donato - San Vitale,San Vitale,Femmine,35-44,Italiana,1
66,ospedale sant'orsola,San Donato - San Vitale,San Vitale,Femmine,35-44,Straniera,3
66,ospedale sant'orsola,San Donato - San Vitale,San Vitale,Maschi,02 e prima,Italiana,1
66,ospedale sant'orsola,San Donato - San Vitale,San Vitale,Maschi,55-64,Straniera,1
66,ospedale sant'orsola,San Donato - San Vitale,San Vitale,Maschi,65 e oltre,Straniera,1
67,mengoli,San Donato - San Vitale,San Vitale,Femmine,25-34,Italiana,378
67,mengoli,San Donato - San Vitale,San Vitale,Maschi,02 e prima,Italiana,97
67,mengoli,San Donato - San Vitale,San Vitale,Maschi,35-44,Straniera,151
68,guelfa,San Donato - San Vitale,San Vitale,Maschi,45-54,Italiana,410
68,guelfa,San Donato - San Vitale,San Vitale,Maschi,65 e oltre,Straniera,26
69,croce del biacco,San Donato - San Vitale,San Vitale,Femmine,02 e prima,Straniera,7
69,croce del biacco,San Donato - San Vitale,San Vitale,Femmine,45-54,Italiana,264
69,croce del biacco,San Donato - San Vitale,San Vitale,Femmine,65 e oltre,Straniera,36
69,croce del biacco,San Donato - San Vitale,San Vitale,Maschi,35-44,Straniera,79
69,croce del biacco,San Donato - San Vitale,San Vitale,Maschi,55-64,Italiana,288
69,croce del biacco,San Donato - San Vitale,San Vitale,Maschi,65 e oltre,Italiana,351
70,stradelli guelfi,San Donato - San Vitale,San Vitale,Femmine,03-05,Italiana,4
70,stradelli guelfi,San Donato - San Vitale,San Vitale,Femmine,25-34,Straniera,2
70,stradelli guelfi,San Donato - San Vitale,San Vitale,Maschi,45-54,Italiana,24
71,stadio-meloncello,Porto - Saragozza,Costa Saragozza,Femmine,03-05,Italiana,28
71,stadio-meloncello,Porto - Saragozza,Costa Saragozza,Femmine,15-24,Straniera,21
71,stadio-meloncello,Porto - Saragozza,Costa Saragozza,Femmine,45-54,Italiana,242
71,stadio-meloncello,Porto - Saragozza,Costa Saragozza,Maschi,02 e prima,Straniera,9
71,stadio-meloncello,Porto - Saragozza,Costa Saragozza,Maschi,03-05,Straniera,6
71,stadio-meloncello,Porto - Saragozza,Costa Saragozza,Maschi,65 e oltre,Straniera,9
72,xxi aprile,Porto - Saragozza,Costa Saragozza,Femmine,06-14,Straniera,73
72,xxi aprile,Porto - Saragozza,Costa Saragozza,Femmine,15-24,Italiana,419
72,xxi aprile,Porto - Saragozza,Costa Saragozza,Femmine,25-34,Italiana,405
72,xxi aprile,Porto - Saragozza,Costa Saragozza,Femmine,35-44,Straniera,163
72,xxi aprile,Porto - Saragozza,Costa Saragozza,Maschi,02 e prima,Straniera,16
72,xxi aprile,Porto - Saragozza,Costa Saragozza,Maschi,25-34,Italiana,422
72,xxi aprile,Porto - Saragozza,Costa Saragozza,Maschi,25-34,Straniera,78
72,xxi aprile,Porto - Saragozza,Costa Saragozza,Maschi,35-44,Italiana,752
72,xxi aprile,Porto - Saragozza,Costa Saragozza,Maschi,45-54,Straniera,109
72,xxi aprile,Porto - Saragozza,Costa Saragozza,Maschi,65 e oltre,Italiana,1158
73,san giuseppe,Porto - Saragozza,Costa Saragozza,Femmine,02 e prima,Straniera,1
73,san giuseppe,Porto - Saragozza,Costa Saragozza,Femmine,25-34,Italiana,151
73,san giuseppe,Porto - Saragozza,Costa Saragozza,Femmine,35-44,Straniera,45
73,san giuseppe,Porto - Saragozza,Costa Saragozza,Maschi,03-05,Straniera,6
73,san giuseppe,Porto - Saragozza,Costa Saragozza,Maschi,25-34,Italiana,193
73,san giuseppe,Porto - Saragozza,Costa Saragozza,Maschi,55-64,Straniera,24
74,ravone,Porto - Saragozza,Costa Saragozza,Femmine,02 e prima,Straniera,1
74,ravone,Porto - Saragozza,Costa Saragozza,Femmine,65 e oltre,Italiana,204
74,ravone,Porto - Saragozza,Costa Saragozza,Maschi,06-14,Straniera,1
75,via del genio,Porto - Saragozza,Costa Saragozza,Femmine,03-05,Italiana,1
75,via del genio,Porto - Saragozza,Costa Saragozza,Maschi,02 e prima,Italiana,1
75,via del genio,Porto - Saragozza,Costa Saragozza,Maschi,65 e oltre,Italiana,2
76,san luca,Porto - Saragozza,Costa Saragozza,Femmine,15-24,Italiana,33
76,san luca,Porto - Saragozza,Costa Saragozza,Femmine,55-64,Straniera,10
77,malpighi-2,Porto - Saragozza,Malpighi,Femmine,55-64,Italiana,673
77,malpighi-2,Porto - Saragozza,Malpighi,Maschi,25-34,Italiana,230
77,malpighi-2,Porto - Saragozza,Malpighi,Maschi,55-64,Straniera,58
78,malpighi-1,Porto - Saragozza,Malpighi,Maschi,45-54,Straniera,19
78,malpighi-1,Porto - Saragozza,Malpighi,Maschi,55-64,Straniera,16
79,fossolo,Savena,Mazzini,Femmine,03-05,Italiana,62
79,fossolo,Savena,Mazzini,Femmine,45-54,Straniera,92
79,fossolo,Savena,Mazzini,Maschi,65 e oltre,Straniera,18
80,due madonne,Savena,Mazzini,Femmine,45-54,Italiana,206
80,due madonne,Savena,Mazzini,Femmine,55-64,Straniera,37
80,due madonne,Savena,Mazzini,Maschi,03-05,Italiana,27
81,lungo savena,Savena,Mazzini,Femmine,55-64,Italiana,4
81,lungo savena,Savena,Mazzini,Femmine,65 e oltre,Italiana,15
81,lungo savena,Savena,Mazzini,Maschi,15-24,Straniera,1
81,lungo savena,Savena,Mazzini,Maschi,25-34,Italiana,8
81,lungo savena,Savena,Mazzini,Maschi,45-54,Straniera,2
82,pontevecchio,Savena,Mazzini,Femmine,06-14,Italiana,123
82,pontevecchio,Savena,Mazzini,Femmine,65 e oltre,Straniera,39
82,pontevecchio,Savena,Mazzini,Maschi,02 e prima,Straniera,14
82,pontevecchio,Savena,Mazzini,Maschi,03-05,Italiana,50
82,pontevecchio,Savena,Mazzini,Maschi,35-44,Straniera,129
82,pontevecchio,Savena,Mazzini,Maschi,55-64,Italiana,293
82,pontevecchio,Savena,Mazzini,Maschi,55-64,Straniera,35
83,bitone,Savena,Mazzini,Femmine,15-24,Straniera,69
83,bitone,Savena,Mazzini,Femmine,25-34,Italiana,313
83,bitone,Savena,Mazzini,Maschi,06-14,Straniera,92
83,bitone,Savena,Mazzini,Maschi,25-34,Straniera,71
84,cavedone,Savena,Mazzini,Maschi,02 e prima,Straniera,5
84,cavedone,Savena,Mazzini,Maschi,15-24,Italiana,152
84,cavedone,Savena,Mazzini,Maschi,15-24,Straniera,23
84,cavedone,Savena,Mazzini,Maschi,45-54,Italiana,179
85,via arno,Savena,Mazzini,Femmine,03-05,Italiana,63
85,via arno,Savena,Mazzini,Femmine,06-14,Italiana,195
85,via arno,Savena,Mazzini,Femmine,25-34,Straniera,22
85,via arno,Savena,Mazzini,Femmine,25-34,Italiana,158
85,via arno,Savena,Mazzini,Maschi,02 e prima,Italiana,57
85,via arno,Savena,Mazzini,Maschi,03-05,Italiana,75
85,via arno,Savena,Mazzini,Maschi,15-24,Straniera,38
85,via arno,Savena,Mazzini,Maschi,25-34,Italiana,128
86,ospedale bellaria,Savena,Mazzini,Maschi,03-05,Italiana,1
86,ospedale bellaria,Savena,Mazzini,Maschi,45-54,Italiana,6
87,monte donato,Savena,San Ruffillo,Femmine,02 e prima,Straniera,4
87,monte donato,Savena,San Ruffillo,Femmine,15-24,Straniera,6
87,monte donato,Savena,San Ruffillo,Femmine,45-54,Italiana,90
87,monte donato,Savena,San Ruffillo,Maschi,15-24,Straniera,6
87,monte donato,Savena,San Ruffillo,Maschi,35-44,Italiana,59
87,monte donato,Savena,San Ruffillo,Maschi,45-54,Italiana,92
87,monte donato,Savena,San Ruffillo,Maschi,55-64,Italiana,102
88,via toscana,Savena,San Ruffillo,Femmine,25-34,Italiana,296
88,via toscana,Savena,San Ruffillo,Femmine,45-54,Italiana,585
89,corelli,Savena,San Ruffillo,Femmine,15-24,Italiana,295
89,corelli,Savena,San Ruffillo,Femmine,25-34,Italiana,147
89,corelli,Savena,San Ruffillo,Femmine,65 e oltre,Straniera,77
89,corelli,Savena,San Ruffillo,Maschi,45-54,Italiana,492
90,ponte savena-la bastia,Savena,San Ruffillo,Femmine,25-34,Straniera,10
90,ponte savena-la bastia,Savena,San Ruffillo,Femmine,45-54,Straniera,20
90,ponte savena-la bastia,Savena,San Ruffillo,Maschi,15-24,Italiana,39
90,ponte savena-la bastia,Savena,San Ruffillo,Maschi,25-34,Italiana,32
90,ponte savena-la bastia,Savena,San Ruffillo,Maschi,25-34,Straniera,9
90,ponte savena-la bastia,Savena,San Ruffillo,Maschi,35-44,Italiana,65
90,ponte savena-la bastia,Savena,San Ruffillo,Maschi,55-64,Straniera,5
10,rigosa,Borgo Panigale - Reno,Borgo Panigale,Maschi,35-44,Italiana,56
12,caserme rosse-manifattura,Navile,Bolognina,Femmine,06-14,Straniera,18
12,caserme rosse-manifattura,Navile,Bolognina,Maschi,45-54,Straniera,40
13,cnr,Navile,Bolognina,Maschi,35-44,Straniera,2
15,via ferrarese,Navile,Bolognina,Femmine,65 e oltre,Straniera,152
16,ex mercato ortofrutticolo,Navile,Bolognina,Femmine,06-14,Italiana,41
16,ex mercato ortofrutticolo,Navile,Bolognina,Maschi,15-24,Italiana,36
16,ex mercato ortofrutticolo,Navile,Bolognina,Maschi,45-54,Italiana,67
16,ex mercato ortofrutticolo,Navile,Bolognina,Maschi,65 e oltre,Italiana,72
17,piazza dell'unita',Navile,Bolognina,Maschi,25-34,Straniera,106
17,piazza dell'unita',Navile,Bolognina,Maschi,45-54,Straniera,216
18,san savino,Navile,Corticella,Maschi,35-44,Straniera,169
20,croce coperta,Navile,Corticella,Femmine,35-44,Italiana,231
21,mulino del gomito,Navile,Corticella,Femmine,02 e prima,Italiana,5
21,mulino del gomito,Navile,Corticella,Femmine,35-44,Italiana,28
22,la dozza,Navile,Corticella,Maschi,25-34,Italiana,46
22,la dozza,Navile,Corticella,Maschi,55-64,Straniera,8
23,laghetti del rosario,Navile,Lame,Femmine,02 e prima,Italiana,6
23,laghetti del rosario,Navile,Lame,Femmine,45-54,Straniera,6
1,lavino di mezzo,Borgo Panigale - Reno,Borgo Panigale,Femmine,15-24,Italiana,12
1,lavino di mezzo,Borgo Panigale - Reno,Borgo Panigale,Femmine,45-54,Italiana,30
1,lavino di mezzo,Borgo Panigale - Reno,Borgo Panigale,Femmine,65 e oltre,Italiana,49
1,lavino di mezzo,Borgo Panigale - Reno,Borgo Panigale,Maschi,03-05,Italiana,9
1,lavino di mezzo,Borgo Panigale - Reno,Borgo Panigale,Maschi,06-14,Italiana,17
1,lavino di mezzo,Borgo Panigale - Reno,Borgo Panigale,Maschi,35-44,Straniera,12
2,via del vivaio,Borgo Panigale - Reno,Borgo Panigale,Femmine,65 e oltre,Straniera,5
2,via del vivaio,Borgo Panigale - Reno,Borgo Panigale,Maschi,03-05,Italiana,8
2,via del vivaio,Borgo Panigale - Reno,Borgo Panigale,Maschi,25-34,Italiana,25
2,via del vivaio,Borgo Panigale - Reno,Borgo Panigale,Maschi,25-34,Straniera,5
2,via del vivaio,Borgo Panigale - Reno,Borgo Panigale,Maschi,65 e oltre,Italiana,76
3,bargellino,Borgo Panigale - Reno,Borgo Panigale,Femmine,35-44,Italiana,2
4,aeroporto,Borgo Panigale - Reno,Borgo Panigale,Femmine,06-14,Straniera,5
4,aeroporto,Borgo Panigale - Reno,Borgo Panigale,Femmine,25-34,Italiana,8
4,aeroporto,Borgo Panigale - Reno,Borgo Panigale,Maschi,65 e oltre,Italiana,38
5,la birra,Borgo Panigale - Reno,Borgo Panigale,Femmine,25-34,Italiana,48
5,la birra,Borgo Panigale - Reno,Borgo Panigale,Femmine,35-44,Italiana,78
5,la birra,Borgo Panigale - Reno,Borgo Panigale,Maschi,06-14,Straniera,13
5,la birra,Borgo Panigale - Reno,Borgo Panigale,Maschi,15-24,Straniera,15
7,ducati-villaggio ina,Borgo Panigale - Reno,Borgo Panigale,Femmine,02 e prima,Straniera,4
7,ducati-villaggio ina,Borgo Panigale - Reno,Borgo Panigale,Femmine,25-34,Italiana,78
7,ducati-villaggio ina,Borgo Panigale - Reno,Borgo Panigale,Femmine,35-44,Italiana,122
7,ducati-villaggio ina,Borgo Panigale - Reno,Borgo Panigale,Maschi,25-34,Straniera,12
7,ducati-villaggio ina,Borgo Panigale - Reno,Borgo Panigale,Maschi,65 e oltre,Italiana,399
8,borgo centro,Borgo Panigale - Reno,Borgo Panigale,Maschi,25-34,Italiana,184
8,borgo centro,Borgo Panigale - Reno,Borgo Panigale,Maschi,45-54,Italiana,475
9,triumvirato-pietra,Borgo Panigale - Reno,Borgo Panigale,Femmine,55-64,Italiana,303
10,rigosa,Borgo Panigale - Reno,Borgo Panigale,Femmine,65 e oltre,Straniera,9
10,rigosa,Borgo Panigale - Reno,Borgo Panigale,Maschi,15-24,Italiana,67
10,rigosa,Borgo Panigale - Reno,Borgo Panigale,Maschi,25-34,Italiana,24
10,rigosa,Borgo Panigale - Reno,Borgo Panigale,Maschi,65 e oltre,Italiana,139
10,rigosa,Borgo Panigale - Reno,Borgo Panigale,Maschi,65 e oltre,Straniera,3
11,casteldebole,Borgo Panigale - Reno,Borgo Panigale,Femmine,02 e prima,Italiana,27
11,casteldebole,Borgo Panigale - Reno,Borgo Panigale,Femmine,55-64,Straniera,40
11,casteldebole,Borgo Panigale - Reno,Borgo Panigale,Femmine,65 e oltre,Italiana,865
11,casteldebole,Borgo Panigale - Reno,Borgo Panigale,Maschi,65 e oltre,Straniera,12
12,caserme rosse-manifattura,Navile,Bolognina,Femmine,02 e prima,Straniera,9
12,caserme rosse-manifattura,Navile,Bolognina,Femmine,35-44,Italiana,83
12,caserme rosse-manifattura,Navile,Bolognina,Femmine,55-64,Italiana,134
12,caserme rosse-manifattura,Navile,Bolognina,Femmine,65 e oltre,Italiana,288
12,caserme rosse-manifattura,Navile,Bolognina,Maschi,02 e prima,Italiana,9
13,cnr,Navile,Bolognina,Femmine,65 e oltre,Italiana,5
13,cnr,Navile,Bolognina,Maschi,25-34,Italiana,1
14,arcoveggio,Navile,Bolognina,Femmine,15-24,Straniera,79
14,arcoveggio,Navile,Bolognina,Femmine,55-64,Straniera,144
14,arcoveggio,Navile,Bolognina,Maschi,06-14,Straniera,124
14,arcoveggio,Navile,Bolognina,Maschi,25-34,Italiana,206
14,arcoveggio,Navile,Bolognina,Maschi,45-54,Straniera,199
15,via ferrarese,Navile,Bolognina,Femmine,15-24,Italiana,306
15,via ferrarese,Navile,Bolognina,Femmine,35-44,Italiana,635
15,via ferrarese,Navile,Bolognina,Femmine,35-44,Straniera,326
15,via ferrarese,Navile,Bolognina,Femmine,45-54,Italiana,638
15,via ferrarese,Navile,Bolognina,Maschi,15-24,Italiana,326
15,via ferrarese,Navile,Bolognina,Maschi,25-34,Italiana,369
16,ex mercato ortofrutticolo,Navile,Bolognina,Femmine,03-05,Straniera,5
16,ex mercato ortofrutticolo,Navile,Bolognina,Femmine,15-24,Italiana,56
16,ex mercato ortofrutticolo,Navile,Bolognina,Femmine,25-34,Straniera,17
16,ex mercato ortofrutticolo,Navile,Bolognina,Femmine,35-44,Straniera,21
17,piazza dell'unita',Navile,Bolognina,Femmine,02 e prima,Straniera,27
17,piazza dell'unita',Navile,Bolognina,Femmine,06-14,Straniera,124
17,piazza dell'unita',Navile,Bolognina,Femmine,15-24,Italiana,325
17,piazza dell'unita',Navile,Bolognina,Femmine,25-34,Italiana,261
17,piazza dell'unita',Navile,Bolognina,Maschi,02 e prima,Italiana,77
17,piazza dell'unita',Navile,Bolognina,Maschi,03-05,Italiana,78
17,piazza dell'unita',Navile,Bolognina,Maschi,35-44,Italiana,654
18,san savino,Navile,Corticella,Femmine,03-05,Italiana,75
18,san savino,Navile,Corticella,Femmine,15-24,Italiana,325
18,san savino,Navile,Corticella,Femmine,35-44,Italiana,397
18,san savino,Navile,Corticella,Femmine,65 e oltre,Straniera,99
18,san savino,Navile,Corticella,Maschi,02 e prima,Italiana,61
18,san savino,Navile,Corticella,Maschi,03-05,Straniera,28
18,san savino,Navile,Corticella,Maschi,45-54,Straniera,118
19,savena abbandonato,Navile,Corticella,Femmine,25-34,Italiana,25
20,croce coperta,Navile,Corticella,Maschi,25-34,Straniera,57
21,mulino del gomito,Navile,Corticella,Maschi,15-24,Italiana,15
21,mulino del gomito,Navile,Corticella,Maschi,45-54,Italiana,54
22,la dozza,Navile,Corticella,Femmine,06-14,Italiana,39
22,la dozza,Navile,Corticella,Maschi,06-14,Straniera,3
23,laghetti del rosario,Navile,Lame,Femmine,06-14,Italiana,10
23,laghetti del rosario,Navile,Lame,Femmine,65 e oltre,Italiana,48
23,laghetti del rosario,Navile,Lame,Maschi,55-64,Italiana,38
24,la noce,Navile,Lame,Femmine,06-14,Straniera,19
24,la noce,Navile,Lame,Maschi,03-05,Italiana,15
24,la noce,Navile,Lame,Maschi,06-14,Straniera,14
24,la noce,Navile,Lame,Maschi,55-64,Straniera,12
25,tiro a segno,Navile,Lame,Maschi,02 e prima,Straniera,1
25,tiro a segno,Navile,Lame,Maschi,55-64,Italiana,15
26,pescarola,Navile,Lame,Femmine,02 e prima,Italiana,25
26,pescarola,Navile,Lame,Femmine,03-05,Italiana,28
26,pescarola,Navile,Lame,Femmine,45-54,Italiana,265
26,pescarola,Navile,Lame,Maschi,25-34,Straniera,29
26,pescarola,Navile,Lame,Maschi,65 e oltre,Italiana,534
27,lazzaretto,Navile,Lame,Femmine,45-54,Straniera,9
28,beverara,Navile,Lame,Femmine,06-14,Italiana,202
28,beverara,Navile,Lame,Femmine,35-44,Straniera,143
28,beverara,Navile,Lame,Femmine,45-54,Straniera,123
28,beverara,Navile,Lame,Femmine,55-64,Italiana,486
29,marconi-2,Porto - Saragozza,Marconi,Femmine,06-14,Italiana,339
29,marconi-2,Porto - Saragozza,Marconi,Femmine,45-54,Italiana,863
29,marconi-2,Porto - Saragozza,Marconi,Femmine,45-54,Straniera,141
29,marconi-2,Porto - Saragozza,Marconi,Femmine,55-64,Straniera,138
29,marconi-2,Porto - Saragozza,Marconi,Maschi,25-34,Straniera,97
30,marconi-1,Porto - Saragozza,Marconi,Maschi,15-24,Italiana,77
30,marconi-1,Porto - Saragozza,Marconi,Maschi,25-34,Straniera,17
30,marconi-1,Porto - Saragozza,Marconi,Maschi,55-64,Italiana,139
31,prati di caprara-ospedale maggiore,Porto - Saragozza,Saffi,Femmine,06-14,Straniera,2
31,prati di caprara-ospedale maggiore,Porto - Saragozza,Saffi,Femmine,45-54,Straniera,1
31,prati di caprara-ospedale maggiore,Porto - Saragozza,Saffi,Maschi,15-24,Straniera,2
31,prati di caprara-ospedale maggiore,Porto - Saragozza,Saffi,Maschi,35-44,Italiana,45
32,scalo ravone,Porto - Saragozza,Saffi,Maschi,15-24,Italiana,15
32,scalo ravone,Porto - Saragozza,Saffi,Maschi,25-34,Italiana,5
32,scalo ravone,Porto - Saragozza,Saffi,Maschi,35-44,Italiana,12
32,scalo ravone,Porto - Saragozza,Saffi,Maschi,55-64,Italiana,6
33,zanardi,Porto - Saragozza,Saffi,Femmine,35-44,Italiana,425
33,zanardi,Porto - Saragozza,Saffi,Femmine,45-54,Straniera,89
33,zanardi,Porto - Saragozza,Saffi,Maschi,06-14,Italiana,161
33,zanardi,Porto - Saragozza,Saffi,Maschi,15-24,Italiana,199
34,velodromo,Porto - Saragozza,Saffi,Femmine,02 e prima,Straniera,10
34,velodromo,Porto - Saragozza,Saffi,Femmine,55-64,Straniera,54
34,velodromo,Porto - Saragozza,Saffi,Maschi,02 e prima,Straniera,12
34,velodromo,Porto - Saragozza,Saffi,Maschi,03-05,Italiana,53
34,velodromo,Porto - Saragozza,Saffi,Maschi,25-34,Straniera,28
34,velodromo,Porto - Saragozza,Saffi,Maschi,55-64,Italiana,349
34,velodromo,Porto - Saragozza,Saffi,Maschi,65 e oltre,Straniera,13
35,via vittorio veneto,Porto - Saragozza,Saffi,Femmine,06-14,Italiana,121
35,via vittorio veneto,Porto - Saragozza,Saffi,Femmine,55-64,Straniera,67
35,via vittorio veneto,Porto - Saragozza,Saffi,Maschi,25-34,Italiana,164
36,villaggio della barca,Borgo Panigale - Reno,Barca,Femmine,02 e prima,Straniera,13
36,villaggio della barca,Borgo Panigale - Reno,Barca,Femmine,03-05,Straniera,13
36,villaggio della barca,Borgo Panigale - Reno,Barca,Femmine,45-54,Italiana,348
36,villaggio della barca,Borgo Panigale - Reno,Barca,Femmine,55-64,Italiana,380
36,villaggio della barca,Borgo Panigale - Reno,Barca,Maschi,02 e prima,Straniera,13
36,villaggio della barca,Borgo Panigale - Reno,Barca,Maschi,03-05,Straniera,24
36,villaggio della barca,Borgo Panigale - Reno,Barca,Maschi,65 e oltre,Straniera,29
37,battindarno,Borgo Panigale - Reno,Barca,Femmine,06-14,Straniera,66
37,battindarno,Borgo Panigale - Reno,Barca,Maschi,15-24,Italiana,313
37,battindarno,Borgo Panigale - Reno,Barca,Maschi,15-24,Straniera,85
37,battindarno,Borgo Panigale - Reno,Barca,Maschi,55-64,Italiana,518
38,canale di reno,Borgo Panigale - Reno,Barca,Femmine,25-34,Straniera,18
38,canale di reno,Borgo Panigale - Reno,Barca,Femmine,65 e oltre,Straniera,44
38,canale di reno,Borgo Panigale - Reno,Barca,Maschi,35-44,Italiana,300
38,canale di reno,Borgo Panigale - Reno,Barca,Maschi,35-44,Straniera,55
38,canale di reno,Borgo Panigale - Reno,Barca,Maschi,65 e oltre,Italiana,705
39,agucchi,Borgo Panigale - Reno,Santa Viola,Femmine,25-34,Straniera,37
39,agucchi,Borgo Panigale - Reno,Santa Viola,Maschi,25-34,Straniera,38
39,agucchi,Borgo Panigale - Reno,Santa Viola,Maschi,45-54,Straniera,69
40,emilia ponente,Borgo Panigale - Reno,Santa Viola,Femmine,15-24,Italiana,344
40,emilia ponente,Borgo Panigale - Reno,Santa Viola,Femmine,25-34,Italiana,228
40,emilia ponente,Borgo Panigale - Reno,Santa Viola,Femmine,65 e oltre,Italiana,1098
40,emilia ponente,Borgo Panigale - Reno,Santa Viola,Maschi,25-34,Straniera,47
40,emilia ponente,Borgo Panigale - Reno,Santa Viola,Maschi,65 e oltre,Straniera,31
41,cadriano-calamosco,San Donato - San Vitale,San Donato,Femmine,02 e prima,Straniera,5
41,cadriano-calamosco,San Donato - San Vitale,San Donato,Femmine,65 e oltre,Italiana,85
41,cadriano-calamosco,San Donato - San Vitale,San Donato,Femmine,65 e oltre,Straniera,1
41,cadriano-calamosco,San Donato - San Vitale,San Donato,Maschi,25-34,Straniera,9
41,cadriano-calamosco,San Donato - San Vitale,San Donato,Maschi,55-64,Straniera,4
42,fiera,San Donato - San Vitale,San Donato,Maschi,35-44,Straniera,1
42,fiera,San Donato - San Vitale,San Donato,Maschi,45-54,Straniera,3
42,fiera,San Donato - San Vitale,San Donato,Maschi,55-64,Straniera,2
43,san donnino,San Donato - San Vitale,San Donato,Femmine,03-05,Italiana,23
43,san donnino,San Donato - San Vitale,San Donato,Femmine,35-44,Straniera,49
43,san donnino,San Donato - San Vitale,San Donato,Maschi,02 e prima,Italiana,20
44,pilastro,San Donato - San Vitale,San Donato,Maschi,25-34,Italiana,97
45,caab,San Donato - San Vitale,San Donato,Femmine,55-64,Italiana,17
45,caab,San Donato - San Vitale,San Donato,Maschi,02 e prima,Italiana,5
45,caab,San Donato - San Vitale,San Donato,Maschi,45-54,Straniera,13
45,caab,San Donato - San Vitale,San Donato,Maschi,55-64,Straniera,7
46,scalo merci san donato,San Donato - San Vitale,San Donato,Femmine,15-24,Italiana,2
46,scalo merci san donato,San Donato - San Vitale,San Donato,Maschi,65 e oltre,Italiana,5
47,via del lavoro,San Donato - San Vitale,San Donato,Femmine,55-64,Italiana,456
47,via del lavoro,San Donato - San Vitale,San Donato,Maschi,06-14,Italiana,226
47,via del lavoro,San Donato - San Vitale,San Donato,Maschi,25-34,Straniera,82
47,via del lavoro,San Donato - San Vitale,San Donato,Maschi,25-34,Straniera,96
48,michelino,San Donato - San Vitale,San Donato,Femmine,45-54,Straniera,66
48,michelino,San Donato - San Vitale,San Donato,Maschi,25-34,Italiana,170
48,michelino,San Donato - San Vitale,San Donato,Maschi,45-54,Italiana,259
48,michelino,San Donato - San Vitale,San Donato,Maschi,65 e oltre,Straniera,10
49,via mondo,San Donato - San Vitale,San Donato,Femmine,03-05,Straniera,30
49,via mondo,San Donato - San Vitale,San Donato,Femmine,15-24,Italiana,214
49,via mondo,San Donato - San Vitale,San Donato,Femmine,25-34,Straniera,59
49,via mondo,San Donato - San Vitale,San Donato,Femmine,45-54,Straniera,119
49,via mondo,San Donato - San Vitale,San Donato,Maschi,15-24,Straniera,100
50,osservanza,Santo Stefano,Colli,Femmine,25-34,Straniera,13
50,osservanza,Santo Stefano,Colli,Femmine,25-34,Straniera,18
50,osservanza,Santo Stefano,Colli,Maschi,25-34,Straniera,14
52,paderno,Santo Stefano,Colli,Femmine,15-24,Italiana,76
52,paderno,Santo Stefano,Colli,Maschi,15-24,Italiana,101
53,galvani-1,Santo Stefano,Galvani,Femmine,25-34,Straniera,10
53,galvani-1,Santo Stefano,Galvani,Femmine,45-54,Straniera,32
54,galvani-2,Santo Stefano,Galvani,Femmine,02 e prima,Italiana,78
54,galvani-2,Santo Stefano,Galvani,Femmine,25-34,Italiana,317
55,giardini margherita,Santo Stefano,Murri,Femmine,45-54,Italiana,3
55,giardini margherita,Santo Stefano,Murri,Maschi,45-54,Italiana,2
56,mezzofanti,Santo Stefano,Murri,Maschi,25-34,Straniera,32
56,mezzofanti,Santo Stefano,Murri,Maschi,65 e oltre,Straniera,26
57,siepelunga,Santo Stefano,Murri,Maschi,06-14,Italiana,153
58,dagnini,Santo Stefano,Murri,Femmine,45-54,Italiana,607
58,dagnini,Santo Stefano,Murri,Maschi,65 e oltre,Italiana,894
59,chiesanuova,Santo Stefano,Murri,Femmine,45-54,Italiana,462
60,irnerio-1,Santo Stefano,Irnerio,Femmine,03-05,Italiana,19
60,irnerio-1,Santo Stefano,Irnerio,Femmine,35-44,Italiana,197
61,irnerio-2,Santo Stefano,Irnerio,Femmine,03-05,Italiana,69
61,irnerio-2,Santo Stefano,Irnerio,Femmine,55-64,Italiana,566
61,irnerio-2,Santo Stefano,Irnerio,Maschi,06-14,Straniera,44
62,cirenaica,San Donato - San Vitale,San Vitale,Maschi,25-34,Italiana,242
63,scandellara,San Donato - San Vitale,San Vitale,Maschi,15-24,Italiana,48
64,via larga,San Donato - San Vitale,San Vitale,Femmine,02 e prima,Italiana,13
1,lavino di mezzo,Borgo Panigale - Reno,Borgo Panigale,Femmine,25-34,Straniera,7
1,lavino di mezzo,Borgo Panigale - Reno,Borgo Panigale,Maschi,25-34,Straniera,7
1,lavino di mezzo,Borgo Panigale - Reno,Borgo Panigale,Maschi,65 e oltre,Straniera,3
2,via del vivaio,Borgo Panigale - Reno,Borgo Panigale,Femmine,35-44,Straniera,20
2,via del vivaio,Borgo Panigale - Reno,Borgo Panigale,Femmine,55-64,Straniera,4
2,via del vivaio,Borgo Panigale - Reno,Borgo Panigale,Maschi,02 e prima,Italiana,14
2,via del vivaio,Borgo Panigale - Reno,Borgo Panigale,Maschi,06-14,Straniera,10
2,via del vivaio,Borgo Panigale - Reno,Borgo Panigale,Maschi,45-54,Italiana,63
3,bargellino,Borgo Panigale - Reno,Borgo Panigale,Femmine,25-34,Italiana,1
3,bargellino,Borgo Panigale - Reno,Borgo Panigale,Femmine,55-64,Italiana,11
3,bargellino,Borgo Panigale - Reno,Borgo Panigale,Maschi,45-54,Straniera,1
4,aeroporto,Borgo Panigale - Reno,Borgo Panigale,Femmine,03-05,Italiana,7
4,aeroporto,Borgo Panigale - Reno,Borgo Panigale,Femmine,35-44,Italiana,23
4,aeroporto,Borgo Panigale - Reno,Borgo Panigale,Maschi,02 e prima,Straniera,1
4,aeroporto,Borgo Panigale - Reno,Borgo Panigale,Maschi,15-24,Italiana,19
4,aeroporto,Borgo Panigale - Reno,Borgo Panigale,Maschi,45-54,Straniera,5
5,la birra,Borgo Panigale - Reno,Borgo Panigale,Femmine,06-14,Italiana,51
5,la birra,Borgo Panigale - Reno,Borgo Panigale,Femmine,25-34,Italiana,46
5,la birra,Borgo Panigale - Reno,Borgo Panigale,Maschi,03-05,Straniera,3
5,la birra,Borgo Panigale - Reno,Borgo Panigale,Maschi,25-34,Straniera,20
6,lungo reno,Borgo Panigale - Reno,Borgo Panigale,Femmine,25-34,Italiana,1
7,ducati-villaggio ina,Borgo Panigale - Reno,Borgo Panigale,Femmine,25-34,Straniera,23
7,ducati-villaggio ina,Borgo Panigale - Reno,Borgo Panigale,Femmine,65 e oltre,Straniera,23
7,ducati-villaggio ina,Borgo Panigale - Reno,Borgo Panigale,Maschi,15-24,Italiana,107
7,ducati-villaggio ina,Borgo Panigale - Reno,Borgo Panigale,Maschi,15-24,Straniera,15
7,ducati-villaggio ina,Borgo Panigale - Reno,Borgo Panigale,Maschi,25-34,Italiana,73
8,borgo centro,Borgo Panigale - Reno,Borgo Panigale,Femmine,02 e prima,Italiana,67
8,borgo centro,Borgo Panigale - Reno,Borgo Panigale,Femmine,45-54,Italiana,431
9,triumvirato-pietra,Borgo Panigale - Reno,Borgo Panigale,Femmine,06-14,Italiana,147
9,triumvirato-pietra,Borgo Panigale - Reno,Borgo Panigale,Femmine,15-24,Straniera,38
9,triumvirato-pietra,Borgo Panigale - Reno,Borgo Panigale,Femmine,25-34,Straniera,37
9,triumvirato-pietra,Borgo Panigale - Reno,Borgo Panigale,Femmine,35-44,Italiana,276
9,triumvirato-pietra,Borgo Panigale - Reno,Borgo Panigale,Femmine,45-54,Straniera,88
9,triumvirato-pietra,Borgo Panigale - Reno,Borgo Panigale,Maschi,15-24,Straniera,60
9,triumvirato-pietra,Borgo Panigale - Reno,Borgo Panigale,Maschi,35-44,Italiana,309
10,rigosa,Borgo Panigale - Reno,Borgo Panigale,Maschi,25-34,Straniera,22
10,rigosa,Borgo Panigale - Reno,Borgo Panigale,Maschi,35-44,Straniera,23
11,casteldebole,Borgo Panigale - Reno,Borgo Panigale,Femmine,15-24,Straniera,36
11,casteldebole,Borgo Panigale - Reno,Borgo Panigale,Maschi,25-34,Italiana,92
11,casteldebole,Borgo Panigale - Reno,Borgo Panigale,Maschi,35-44,Italiana,194
11,casteldebole,Borgo Panigale - Reno,Borgo Panigale,Maschi,65 e oltre,Italiana,645
12,caserme rosse-manifattura,Navile,Bolognina,Femmine,06-14,Italiana,55
12,caserme rosse-manifattura,Navile,Bolognina,Femmine,25-34,Italiana,40
12,caserme rosse-manifattura,Navile,Bolognina,Femmine,35-44,Straniera,45
12,caserme rosse-manifattura,Navile,Bolognina,Maschi,03-05,Italiana,13
12,caserme rosse-manifattura,Navile,Bolognina,Maschi,06-14,Italiana,62
12,caserme rosse-manifattura,Navile,Bolognina,Maschi,55-64,Italiana,128
12,caserme rosse-manifattura,Navile,Bolognina,Maschi,65 e oltre,Italiana,185
13,cnr,Navile,Bolognina,Femmine,25-34,Straniera,1
13,cnr,Navile,Bolognina,Femmine,35-44,Italiana,1
13,cnr,Navile,Bolognina,Femmine,55-64,Italiana,6
13,cnr,Navile,Bolognina,Maschi,06-14,Italiana,1
13,cnr,Navile,Bolognina,Maschi,45-54,Straniera,1
14,arcoveggio,Navile,Bolognina,Maschi,03-05,Italiana,88
14,arcoveggio,Navile,Bolognina,Maschi,25-34,Italiana,324
15,via ferrarese,Navile,Bolognina,Femmine,06-14,Straniera,179
15,via ferrarese,Navile,Bolognina,Maschi,55-64,Italiana,651
16,ex mercato ortofrutticolo,Navile,Bolognina,Femmine,25-34,Italiana,24
16,ex mercato ortofrutticolo,Navile,Bolognina,Femmine,45-54,Italiana,61
16,ex mercato ortofrutticolo,Navile,Bolognina,Femmine,55-64,Straniera,8
16,ex mercato ortofrutticolo,Navile,Bolognina,Maschi,25-34,Italiana,25
16,ex mercato ortofrutticolo,Navile,Bolognina,Maschi,25-34,Straniera,23
17,piazza dell'unita',Navile,Bolognina,Femmine,45-54,Straniera,228
17,piazza dell'unita',Navile,Bolognina,Femmine,55-64,Italiana,616
18,san savino,Navile,Corticella,Femmine,02 e prima,Straniera,22
19,savena abbandonato,Navile,Corticella,Femmine,25-34,Straniera,2
19,savena abbandonato,Navile,Corticella,Femmine,55-64,Straniera,7
19,savena abbandonato,Navile,Corticella,Maschi,25-34,Straniera,13
20,croce coperta,Navile,Corticella,Femmine,02 e prima,Italiana,31
20,croce coperta,Navile,Corticella,Femmine,35-44,Straniera,125
20,croce coperta,Navile,Corticella,Femmine,45-54,Straniera,100
20,croce coperta,Navile,Corticella,Femmine,65 e oltre,Straniera,54
21,mulino del gomito,Navile,Corticella,Femmine,65 e oltre,Straniera,8
21,mulino del gomito,Navile,Corticella,Maschi,03-05,Straniera,5
21,mulino del gomito,Navile,Corticella,Maschi,06-14,Italiana,12
21,mulino del gomito,Navile,Corticella,Maschi,06-14,Straniera,11
21,mulino del gomito,Navile,Corticella,Maschi,25-34,Italiana,35
21,mulino del gomito,Navile,Corticella,Maschi,65 e oltre,Straniera,8
22,la dozza,Navile,Corticella,Femmine,03-05,Straniera,2
22,la dozza,Navile,Corticella,Maschi,03-05,Italiana,16
22,la dozza,Navile,Corticella,Maschi,55-64,Italiana,127
24,la noce,Navile,Lame,Femmine,35-44,Straniera,26
24,la noce,Navile,Lame,Maschi,15-24,Italiana,64
24,la noce,Navile,Lame,Maschi,65 e oltre,Italiana,170
25,tiro a segno,Navile,Lame,Femmine,25-34,Straniera,1
25,tiro a segno,Navile,Lame,Maschi,15-24,Italiana,11
25,tiro a segno,Navile,Lame,Maschi,35-44,Straniera,3
26,pescarola,Navile,Lame,Maschi,55-64,Straniera,34
27,lazzaretto,Navile,Lame,Femmine,06-14,Italiana,31
27,lazzaretto,Navile,Lame,Femmine,25-34,Straniera,3
27,lazzaretto,Navile,Lame,Femmine,65 e oltre,Italiana,40
27,lazzaretto,Navile,Lame,Maschi,06-14,Straniera,8
27,lazzaretto,Navile,Lame,Maschi,55-64,Straniera,13
27,lazzaretto,Navile,Lame,Maschi,65 e oltre,Straniera,5
28,beverara,Navile,Lame,Femmine,25-34,Italiana,125
28,beverara,Navile,Lame,Femmine,55-64,Straniera,81
29,marconi-2,Porto - Saragozza,Marconi,Maschi,03-05,Straniera,9
30,marconi-1,Porto - Saragozza,Marconi,Femmine,65 e oltre,Italiana,307
31,prati di caprara-ospedale maggiore,Porto - Saragozza,Saffi,Femmine,15-24,Straniera,4
32,scalo ravone,Porto - Saragozza,Saffi,Femmine,02 e prima,Italiana,2
33,zanardi,Porto - Saragozza,Saffi,Maschi,03-05,Straniera,14
33,zanardi,Porto - Saragozza,Saffi,Maschi,25-34,Straniera,51
34,velodromo,Porto - Saragozza,Saffi,Maschi,55-64,Straniera,30
34,velodromo,Porto - Saragozza,Saffi,Maschi,65 e oltre,Italiana,521
35,via vittorio veneto,Porto - Saragozza,Saffi,Femmine,45-54,Italiana,371
35,via vittorio veneto,Porto - Saragozza,Saffi,Maschi,06-14,Italiana,138
35,via vittorio veneto,Porto - Saragozza,Saffi,Maschi,15-24,Straniera,29
36,villaggio della barca,Borgo Panigale - Reno,Barca,Femmine,06-14,Straniera,92
37,battindarno,Borgo Panigale - Reno,Barca,Femmine,06-14,Italiana,241
37,battindarno,Borgo Panigale - Reno,Barca,Maschi,03-05,Straniera,25
38,canale di reno,Borgo Panigale - Reno,Barca,Femmine,15-24,Straniera,25
38,canale di reno,Borgo Panigale - Reno,Barca,Femmine,55-64,Italiana,460
39,agucchi,Borgo Panigale - Reno,Santa Viola,Femmine,15-24,Italiana,136
39,agucchi,Borgo Panigale - Reno,Santa Viola,Femmine,65 e oltre,Italiana,514
39,agucchi,Borgo Panigale - Reno,Santa Viola,Maschi,35-44,Italiana,244
40,emilia ponente,Borgo Panigale - Reno,Santa Viola,Femmine,55-64,Italiana,583
40,emilia ponente,Borgo Panigale - Reno,Santa Viola,Maschi,25-34,Italiana,181
41,cadriano-calamosco,San Donato - San Vitale,San Donato,Femmine,03-05,Straniera,8
41,cadriano-calamosco,San Donato - San Vitale,San Donato,Femmine,35-44,Italiana,29
41,cadriano-calamosco,San Donato - San Vitale,San Donato,Femmine,55-64,Italiana,56
41,cadriano-calamosco,San Donato - San Vitale,San Donato,Maschi,35-44,Straniera,12
42,fiera,San Donato - San Vitale,San Donato,Maschi,45-54,Italiana,3
43,san donnino,San Donato - San Vitale,San Donato,Femmine,06-14,Italiana,89
43,san donnino,San Donato - San Vitale,San Donato,Femmine,06-14,Straniera,17
43,san donnino,San Donato - San Vitale,San Donato,Femmine,45-54,Italiana,161
43,san donnino,San Donato - San Vitale,San Donato,Femmine,65 e oltre,Italiana,457
43,san donnino,San Donato - San Vitale,San Donato,Maschi,25-34,Straniera,23
43,san donnino,San Donato - San Vitale,San Donato,Maschi,65 e oltre,Italiana,332
44,pilastro,San Donato - San Vitale,San Donato,Femmine,55-64,Straniera,94
44,pilastro,San Donato - San Vitale,San Donato,Maschi,02 e prima,Italiana,47
45,caab,San Donato - San Vitale,San Donato,Femmine,45-54,Straniera,7
45,caab,San Donato - San Vitale,San Donato,Maschi,55-64,Italiana,18
47,via del lavoro,San Donato - San Vitale,San Donato,Maschi,35-44,Straniera,179
48,michelino,San Donato - San Vitale,San Donato,Femmine,55-64,Straniera,60
48,michelino,San Donato - San Vitale,San Donato,Maschi,02 e prima,Italiana,43
49,via mondo,San Donato - San Vitale,San Donato,Femmine,25-34,Italiana,214
49,via mondo,San Donato - San Vitale,San Donato,Maschi,03-05,Straniera,23
50,osservanza,Santo Stefano,Colli,Femmine,35-44,Straniera,44
50,osservanza,Santo Stefano,Colli,Femmine,45-54,Italiana,312
50,osservanza,Santo Stefano,Colli,Maschi,02 e prima,Italiana,40
50,osservanza,Santo Stefano,Colli,Maschi,06-14,Straniera,7
50,osservanza,Santo Stefano,Colli,Maschi,65 e oltre,Italiana,490
51,san michele in bosco,Santo Stefano,Colli,Femmine,06-14,Italiana,121
51,san michele in bosco,Santo Stefano,Colli,Maschi,03-05,Italiana,30
52,paderno,Santo Stefano,Colli,Maschi,06-14,Italiana,50
52,paderno,Santo Stefano,Colli,Maschi,06-14,Straniera,11
52,paderno,Santo Stefano,Colli,Maschi,45-54,Italiana,97
53,galvani-1,Santo Stefano,Galvani,Femmine,02 e prima,Italiana,12
53,galvani-1,Santo Stefano,Galvani,Femmine,45-54,Italiana,111
53,galvani-1,Santo Stefano,Galvani,Maschi,03-05,Italiana,10
53,galvani-1,Santo Stefano,Galvani,Maschi,35-44,Italiana,86
54,galvani-2,Santo Stefano,Galvani,Maschi,25-34,Italiana,292
54,galvani-2,Santo Stefano,Galvani,Maschi,25-34,Straniera,74
56,mezzofanti,Santo Stefano,Murri,Femmine,25-34,Straniera,29
56,mezzofanti,Santo Stefano,Murri,Maschi,02 e prima,Italiana,55
56,mezzofanti,Santo Stefano,Murri,Maschi,35-44,Italiana,344
57,siepelunga,Santo Stefano,Murri,Femmine,25-34,Straniera,17
57,siepelunga,Santo Stefano,Murri,Maschi,65 e oltre,Italiana,514
58,dagnini,Santo Stefano,Murri,Femmine,55-64,Straniera,108
58,dagnini,Santo Stefano,Murri,Maschi,02 e prima,Italiana,90
58,dagnini,Santo Stefano,Murri,Maschi,02 e prima,Straniera,9
59,chiesanuova,Santo Stefano,Murri,Femmine,55-64,Italiana,499
59,chiesanuova,Santo Stefano,Murri,Maschi,15-24,Straniera,30
59,chiesanuova,Santo Stefano,Murri,Maschi,25-34,Italiana,171
59,chiesanuova,Santo Stefano,Murri,Maschi,55-64,Italiana,423
60,irnerio-1,Santo Stefano,Irnerio,Femmine,25-34,Italiana,111
60,irnerio-1,Santo Stefano,Irnerio,Femmine,25-34,Italiana,116
60,irnerio-1,Santo Stefano,Irnerio,Femmine,55-64,Italiana,270
60,irnerio-1,Santo Stefano,Irnerio,Femmine,55-64,Straniera,38
61,irnerio-2,Santo Stefano,Irnerio,Femmine,55-64,Straniera,90
61,irnerio-2,Santo Stefano,Irnerio,Maschi,35-44,Straniera,181
62,cirenaica,San Donato - San Vitale,San Vitale,Femmine,06-14,Italiana,226
62,cirenaica,San Donato - San Vitale,San Vitale,Maschi,06-14,Italiana,253
63,scandellara,San Donato - San Vitale,San Vitale,Femmine,25-34,Straniera,4
63,scandellara,San Donato - San Vitale,San Vitale,Femmine,45-54,Italiana,63
63,scandellara,San Donato - San Vitale,San Vitale,Femmine,45-54,Straniera,1
63,scandellara,San Donato - San Vitale,San Vitale,Maschi,25-34,Straniera,3
63,scandellara,San Donato - San Vitale,San Vitale,Maschi,45-54,Straniera,1
64,via larga,San Donato - San Vitale,San Vitale,Femmine,45-54,Straniera,9
65,roveri,San Donato - San Vitale,San Vitale,Femmine,15-24,Italiana,32
65,roveri,San Donato - San Vitale,San Vitale,Maschi,15-24,Straniera,191
65,roveri,San Donato - San Vitale,San Vitale,Maschi,25-34,Italiana,16
65,roveri,San Donato - San Vitale,San Vitale,Maschi,25-34,Straniera,112
66,ospedale sant'orsola,San Donato - San Vitale,San Vitale,Femmine,25-34,Italiana,5
66,ospedale sant'orsola,San Donato - San Vitale,San Vitale,Femmine,55-64,Italiana,2
67,mengoli,San Donato - San Vitale,San Vitale,Femmine,15-24,Italiana,343
68,guelfa,San Donato - San Vitale,San Vitale,Femmine,25-34,Straniera,66
68,guelfa,San Donato - San Vitale,San Vitale,Femmine,45-54,Straniera,104
68,guelfa,San Donato - San Vitale,San Vitale,Maschi,15-24,Straniera,77
69,croce del biacco,San Donato - San Vitale,San Vitale,Femmine,15-24,Straniera,43
69,croce del biacco,San Donato - San Vitale,San Vitale,Femmine,65 e oltre,Italiana,447
70,stradelli guelfi,San Donato - San Vitale,San Vitale,Maschi,06-14,Straniera,2
70,stradelli guelfi,San Donato - San Vitale,San Vitale,Maschi,35-44,Italiana,15
70,stradelli guelfi,San Donato - San Vitale,San Vitale,Maschi,55-64,Italiana,26
71,stadio-meloncello,Porto - Saragozza,Costa Saragozza,Femmine,15-24,Italiana,145
71,stadio-meloncello,Porto - Saragozza,Costa Saragozza,Maschi,35-44,Italiana,213
72,xxi aprile,Porto - Saragozza,Costa Saragozza,Femmine,25-34,Straniera,86
72,xxi aprile,Porto - Saragozza,Costa Saragozza,Femmine,65 e oltre,Straniera,106
72,xxi aprile,Porto - Saragozza,Costa Saragozza,Maschi,03-05,Italiana,104
73,san giuseppe,Porto - Saragozza,Costa Saragozza,Femmine,15-24,Italiana,255
73,san giuseppe,Porto - Saragozza,Costa Saragozza,Femmine,25-34,Straniera,24
73,san giuseppe,Porto - Saragozza,Costa Saragozza,Maschi,06-14,Straniera,14
73,san giuseppe,Porto - Saragozza,Costa Saragozza,Maschi,35-44,Straniera,40
74,ravone,Porto - Saragozza,Costa Saragozza,Femmine,25-34,Italiana,24
74,ravone,Porto - Saragozza,Costa Saragozza,Femmine,45-54,Italiana,100
74,ravone,Porto - Saragozza,Costa Saragozza,Femmine,65 e oltre,Straniera,9
76,san luca,Porto - Saragozza,Costa Saragozza,Femmine,06-14,Straniera,2
76,san luca,Porto - Saragozza,Costa Saragozza,Femmine,25-34,Straniera,2
76,san luca,Porto - Saragozza,Costa Saragozza,Femmine,35-44,Straniera,12
77,malpighi-2,Porto - Saragozza,Malpighi,Femmine,06-14,Straniera,31
77,malpighi-2,Porto - Saragozza,Malpighi,Femmine,15-24,Italiana,302
77,malpighi-2,Porto - Saragozza,Malpighi,Maschi,03-05,Straniera,10
77,malpighi-2,Porto - Saragozza,Malpighi,Maschi,15-24,Italiana,308
78,malpighi-1,Porto - Saragozza,Malpighi,Maschi,25-34,Italiana,47
78,malpighi-1,Porto - Saragozza,Malpighi,Maschi,45-54,Italiana,110
79,fossolo,Savena,Mazzini,Femmine,02 e prima,Straniera,5
79,fossolo,Savena,Mazzini,Femmine,65 e oltre,Straniera,66
79,fossolo,Savena,Mazzini,Maschi,15-24,Italiana,355
79,fossolo,Savena,Mazzini,Maschi,25-34,Straniera,33
82,pontevecchio,Savena,Mazzini,Femmine,02 e prima,Straniera,16
82,pontevecchio,Savena,Mazzini,Femmine,03-05,Italiana,44
82,pontevecchio,Savena,Mazzini,Femmine,45-54,Straniera,81
82,pontevecchio,Savena,Mazzini,Maschi,45-54,Italiana,308
82,pontevecchio,Savena,Mazzini,Maschi,65 e oltre,Italiana,392
83,bitone,Savena,Mazzini,Maschi,15-24,Italiana,329
84,cavedone,Savena,Mazzini,Femmine,15-24,Straniera,25
84,cavedone,Savena,Mazzini,Femmine,25-34,Italiana,59
85,via arno,Savena,Mazzini,Femmine,15-24,Italiana,245
85,via arno,Savena,Mazzini,Femmine,45-54,Italiana,462
85,via arno,Savena,Mazzini,Femmine,45-54,Straniera,73
85,via arno,Savena,Mazzini,Maschi,35-44,Straniera,60
85,via arno,Savena,Mazzini,Maschi,65 e oltre,Straniera,22
86,ospedale bellaria,Savena,Mazzini,Femmine,25-34,Straniera,2
86,ospedale bellaria,Savena,Mazzini,Femmine,45-54,Straniera,1
86,ospedale bellaria,Savena,Mazzini,Femmine,65 e oltre,Italiana,49
87,monte donato,Savena,San Ruffillo,Femmine,02 e prima,Italiana,10
87,monte donato,Savena,San Ruffillo,Femmine,06-14,Italiana,47
87,monte donato,Savena,San Ruffillo,Femmine,25-34,Italiana,25
87,monte donato,Savena,San Ruffillo,Maschi,02 e prima,Italiana,11
88,via toscana,Savena,San Ruffillo,Femmine,03-05,Italiana,100
88,via toscana,Savena,San Ruffillo,Femmine,35-44,Straniera,151
88,via toscana,Savena,San Ruffillo,Femmine,55-64,Straniera,135
88,via toscana,Savena,San Ruffillo,Maschi,03-05,Italiana,91
89,corelli,Savena,San Ruffillo,Femmine,25-34,Italiana,155
89,corelli,Savena,San Ruffillo,Femmine,25-34,Straniera,70
89,corelli,Savena,San Ruffillo,Femmine,35-44,Straniera,143
89,corelli,Savena,San Ruffillo,Femmine,45-54,Straniera,149
89,corelli,Savena,San Ruffillo,Maschi,02 e prima,Italiana,73
89,corelli,Savena,San Ruffillo,Maschi,03-05,Straniera,16
89,corelli,Savena,San Ruffillo,Maschi,25-34,Straniera,44
90,ponte savena-la bastia,Savena,San Ruffillo,Femmine,06-14,Italiana,40
90,ponte savena-la bastia,Savena,San Ruffillo,Maschi,65 e oltre,Straniera,2
12,caserme rosse-manifattura,Navile,Bolognina,Maschi,06-14,Straniera,28
13,cnr,Navile,Bolognina,Femmine,15-24,Italiana,3
13,cnr,Navile,Bolognina,Maschi,45-54,Italiana,1
14,arcoveggio,Navile,Bolognina,Femmine,06-14,Italiana,230
14,arcoveggio,Navile,Bolognina,Femmine,55-64,Italiana,626
15,via ferrarese,Navile,Bolognina,Femmine,02 e prima,Straniera,31
15,via ferrarese,Navile,Bolognina,Femmine,06-14,Italiana,237
15,via ferrarese,Navile,Bolognina,Maschi,06-14,Italiana,266
15,via ferrarese,Navile,Bolognina,Maschi,45-54,Straniera,264
15,via ferrarese,Navile,Bolognina,Maschi,65 e oltre,Italiana,877
16,ex mercato ortofrutticolo,Navile,Bolognina,Maschi,06-14,Straniera,20
17,piazza dell'unita',Navile,Bolognina,Femmine,25-34,Italiana,322
17,piazza dell'unita',Navile,Bolognina,Maschi,25-34,Italiana,331
18,san savino,Navile,Corticella,Maschi,25-34,Straniera,68
18,san savino,Navile,Corticella,Maschi,55-64,Straniera,70
19,savena abbandonato,Navile,Corticella,Maschi,03-05,Straniera,2
20,croce coperta,Navile,Corticella,Maschi,45-54,Italiana,338
22,la dozza,Navile,Corticella,Maschi,35-44,Italiana,52
23,laghetti del rosario,Navile,Lame,Femmine,03-05,Italiana,4
23,laghetti del rosario,Navile,Lame,Femmine,25-34,Italiana,16
24,la noce,Navile,Lame,Maschi,25-34,Italiana,45
25,tiro a segno,Navile,Lame,Femmine,06-14,Italiana,5
25,tiro a segno,Navile,Lame,Maschi,25-34,Italiana,3
26,pescarola,Navile,Lame,Femmine,06-14,Italiana,137
26,pescarola,Navile,Lame,Femmine,65 e oltre,Italiana,702
27,lazzaretto,Navile,Lame,Femmine,55-64,Straniera,9
27,lazzaretto,Navile,Lame,Maschi,15-24,Straniera,10
28,beverara,Navile,Lame,Femmine,65 e oltre,Straniera,66
28,beverara,Navile,Lame,Maschi,06-14,Italiana,163
28,beverara,Navile,Lame,Maschi,15-24,Italiana,281
28,beverara,Navile,Lame,Maschi,55-64,Straniera,55
29,marconi-2,Porto - Saragozza,Marconi,Femmine,03-05,Straniera,21
29,marconi-2,Porto - Saragozza,Marconi,Femmine,06-14,Straniera,32
29,marconi-2,Porto - Saragozza,Marconi,Femmine,25-34,Italiana,396
30,marconi-1,Porto - Saragozza,Marconi,Femmine,02 e prima,Straniera,3
30,marconi-1,Porto - Saragozza,Marconi,Femmine,15-24,Italiana,74
30,marconi-1,Porto - Saragozza,Marconi,Femmine,55-64,Italiana,172
30,marconi-1,Porto - Saragozza,Marconi,Maschi,06-14,Italiana,59
30,marconi-1,Porto - Saragozza,Marconi,Maschi,25-34,Straniera,9
30,marconi-1,Porto - Saragozza,Marconi,Maschi,35-44,Italiana,150
30,marconi-1,Porto - Saragozza,Marconi,Maschi,35-44,Straniera,21
30,marconi-1,Porto - Saragozza,Marconi,Maschi,65 e oltre,Italiana,228
31,prati di caprara-ospedale maggiore,Porto - Saragozza,Saffi,Femmine,45-54,Italiana,21
31,prati di caprara-ospedale maggiore,Porto - Saragozza,Saffi,Femmine,55-64,Straniera,1
31,prati di caprara-ospedale maggiore,Porto - Saragozza,Saffi,Femmine,65 e oltre,Italiana,53
31,prati di caprara-ospedale maggiore,Porto - Saragozza,Saffi,Maschi,25-34,Straniera,9
33,zanardi,Porto - Saragozza,Saffi,Femmine,06-14,Italiana,141
33,zanardi,Porto - Saragozza,Saffi,Femmine,06-14,Straniera,40
33,zanardi,Porto - Saragozza,Saffi,Femmine,35-44,Straniera,97
33,zanardi,Porto - Saragozza,Saffi,Femmine,65 e oltre,Italiana,810
33,zanardi,Porto - Saragozza,Saffi,Maschi,65 e oltre,Straniera,27
34,velodromo,Porto - Saragozza,Saffi,Femmine,25-34,Straniera,39
34,velodromo,Porto - Saragozza,Saffi,Femmine,35-44,Italiana,377
34,velodromo,Porto - Saragozza,Saffi,Femmine,65 e oltre,Straniera,44
34,velodromo,Porto - Saragozza,Saffi,Maschi,06-14,Italiana,161
34,velodromo,Porto - Saragozza,Saffi,Maschi,15-24,Italiana,169
34,velodromo,Porto - Saragozza,Saffi,Maschi,25-34,Straniera,38
35,via vittorio veneto,Porto - Saragozza,Saffi,Femmine,02 e prima,Italiana,50
35,via vittorio veneto,Porto - Saragozza,Saffi,Femmine,03-05,Italiana,47
35,via vittorio veneto,Porto - Saragozza,Saffi,Maschi,25-34,Straniera,26
35,via vittorio veneto,Porto - Saragozza,Saffi,Maschi,45-54,Straniera,48
36,villaggio della barca,Borgo Panigale - Reno,Barca,Femmine,02 e prima,Italiana,49
36,villaggio della barca,Borgo Panigale - Reno,Barca,Femmine,15-24,Straniera,59
36,villaggio della barca,Borgo Panigale - Reno,Barca,Femmine,25-34,Straniera,35
36,villaggio della barca,Borgo Panigale - Reno,Barca,Maschi,03-05,Italiana,55
36,villaggio della barca,Borgo Panigale - Reno,Barca,Maschi,15-24,Italiana,271
37,battindarno,Borgo Panigale - Reno,Barca,Femmine,25-34,Straniera,51
37,battindarno,Borgo Panigale - Reno,Barca,Femmine,45-54,Straniera,128
37,battindarno,Borgo Panigale - Reno,Barca,Femmine,65 e oltre,Straniera,63
37,battindarno,Borgo Panigale - Reno,Barca,Maschi,06-14,Straniera,59
37,battindarno,Borgo Panigale - Reno,Barca,Maschi,25-34,Italiana,203
38,canale di reno,Borgo Panigale - Reno,Barca,Femmine,25-34,Italiana,130
38,canale di reno,Borgo Panigale - Reno,Barca,Femmine,45-54,Italiana,399
38,canale di reno,Borgo Panigale - Reno,Barca,Femmine,45-54,Straniera,68
38,canale di reno,Borgo Panigale - Reno,Barca,Femmine,55-64,Straniera,73
38,canale di reno,Borgo Panigale - Reno,Barca,Maschi,55-64,Italiana,400
38,canale di reno,Borgo Panigale - Reno,Barca,Maschi,65 e oltre,Straniera,14
39,agucchi,Borgo Panigale - Reno,Santa Viola,Maschi,55-64,Italiana,261
40,emilia ponente,Borgo Panigale - Reno,Santa Viola,Femmine,65 e oltre,Straniera,73
40,emilia ponente,Borgo Panigale - Reno,Santa Viola,Maschi,03-05,Straniera,26
40,emilia ponente,Borgo Panigale - Reno,Santa Viola,Maschi,06-14,Italiana,259
40,emilia ponente,Borgo Panigale - Reno,Santa Viola,Maschi,65 e oltre,Italiana,819
41,cadriano-calamosco,San Donato - San Vitale,San Donato,Maschi,25-34,Italiana,20
41,cadriano-calamosco,San Donato - San Vitale,San Donato,Maschi,25-34,Straniera,7
41,cadriano-calamosco,San Donato - San Vitale,San Donato,Maschi,55-64,Italiana,57
42,fiera,San Donato - San Vitale,San Donato,Maschi,15-24,Straniera,1
42,fiera,San Donato - San Vitale,San Donato,Maschi,55-64,Italiana,1
43,san donnino,San Donato - San Vitale,San Donato,Femmine,03-05,Straniera,5
43,san donnino,San Donato - San Vitale,San Donato,Femmine,15-24,Italiana,97
43,san donnino,San Donato - San Vitale,San Donato,Femmine,55-64,Italiana,186
43,san donnino,San Donato - San Vitale,San Donato,Maschi,25-34,Italiana,63
43,san donnino,San Donato - San Vitale,San Donato,Maschi,35-44,Italiana,156
43,san donnino,San Donato - San Vitale,San Donato,Maschi,55-64,Straniera,19
44,pilastro,San Donato - San Vitale,San Donato,Femmine,02 e prima,Italiana,41
44,pilastro,San Donato - San Vitale,San Donato,Femmine,06-14,Straniera,127
44,pilastro,San Donato - San Vitale,San Donato,Femmine,15-24,Italiana,248
44,pilastro,San Donato - San Vitale,San Donato,Femmine,45-54,Italiana,333
44,pilastro,San Donato - San Vitale,San Donato,Femmine,55-64,Italiana,424
44,pilastro,San Donato - San Vitale,San Donato,Maschi,02 e prima,Straniera,32
44,pilastro,San Donato - San Vitale,San Donato,Maschi,06-14,Straniera,136
44,pilastro,San Donato - San Vitale,San Donato,Maschi,65 e oltre,Straniera,43
45,caab,San Donato - San Vitale,San Donato,Femmine,03-05,Straniera,6
45,caab,San Donato - San Vitale,San Donato,Femmine,25-34,Italiana,7
45,caab,San Donato - San Vitale,San Donato,Femmine,25-34,Italiana,10
45,caab,San Donato - San Vitale,San Donato,Femmine,35-44,Italiana,15
45,caab,San Donato - San Vitale,San Donato,Femmine,55-64,Straniera,7
45,caab,San Donato - San Vitale,San Donato,Femmine,65 e oltre,Italiana,23
45,caab,San Donato - San Vitale,San Donato,Maschi,45-54,Italiana,22
45,caab,San Donato - San Vitale,San Donato,Maschi,65 e oltre,Straniera,5
46,scalo merci san donato,San Donato - San Vitale,San Donato,Maschi,35-44,Italiana,5
47,via del lavoro,San Donato - San Vitale,San Donato,Femmine,02 e prima,Italiana,55
47,via del lavoro,San Donato - San Vitale,San Donato,Femmine,02 e prima,Straniera,19
47,via del lavoro,San Donato - San Vitale,San Donato,Femmine,25-34,Straniera,81
47,via del lavoro,San Donato - San Vitale,San Donato,Femmine,25-34,Straniera,91
47,via del lavoro,San Donato - San Vitale,San Donato,Maschi,06-14,Straniera,76
47,via del lavoro,San Donato - San Vitale,San Donato,Maschi,15-24,Italiana,267
47,via del lavoro,San Donato - San Vitale,San Donato,Maschi,15-24,Straniera,92
47,via del lavoro,San Donato - San Vitale,San Donato,Maschi,45-54,Straniera,110
47,via del lavoro,San Donato - San Vitale,San Donato,Maschi,55-64,Straniera,50
47,via del lavoro,San Donato - San Vitale,San Donato,Maschi,65 e oltre,Italiana,705
48,michelino,San Donato - San Vitale,San Donato,Femmine,02 e prima,Italiana,29
48,michelino,San Donato - San Vitale,San Donato,Femmine,06-14,Straniera,29
48,michelino,San Donato - San Vitale,San Donato,Femmine,35-44,Straniera,82
48,michelino,San Donato - San Vitale,San Donato,Maschi,02 e prima,Straniera,13
48,michelino,San Donato - San Vitale,San Donato,Maschi,06-14,Italiana,115
48,michelino,San Donato - San Vitale,San Donato,Maschi,65 e oltre,Italiana,385
49,via mondo,San Donato - San Vitale,San Donato,Femmine,02 e prima,Straniera,16
49,via mondo,San Donato - San Vitale,San Donato,Femmine,25-34,Straniera,78
49,via mondo,San Donato - San Vitale,San Donato,Femmine,35-44,Italiana,405
49,via mondo,San Donato - San Vitale,San Donato,Femmine,35-44,Straniera,184
49,via mondo,San Donato - San Vitale,San Donato,Maschi,02 e prima,Italiana,62
49,via mondo,San Donato - San Vitale,San Donato,Maschi,65 e oltre,Straniera,29
50,osservanza,Santo Stefano,Colli,Femmine,15-24,Straniera,9
50,osservanza,Santo Stefano,Colli,Maschi,02 e prima,Straniera,1
50,osservanza,Santo Stefano,Colli,Maschi,06-14,Italiana,159
50,osservanza,Santo Stefano,Colli,Maschi,15-24,Straniera,16
50,osservanza,Santo Stefano,Colli,Maschi,25-34,Italiana,108
50,osservanza,Santo Stefano,Colli,Maschi,25-34,Straniera,19
50,osservanza,Santo Stefano,Colli,Maschi,45-54,Straniera,27
53,galvani-1,Santo Stefano,Galvani,Femmine,06-14,Italiana,48
53,galvani-1,Santo Stefano,Galvani,Maschi,65 e oltre,Italiana,206
54,galvani-2,Santo Stefano,Galvani,Femmine,25-34,Straniera,72
54,galvani-2,Santo Stefano,Galvani,Maschi,45-54,Italiana,661
56,mezzofanti,Santo Stefano,Murri,Femmine,03-05,Straniera,5
57,siepelunga,Santo Stefano,Murri,Femmine,15-24,Italiana,192
57,siepelunga,Santo Stefano,Murri,Maschi,25-34,Straniera,6
57,siepelunga,Santo Stefano,Murri,Maschi,55-64,Straniera,16
58,dagnini,Santo Stefano,Murri,Femmine,35-44,Italiana,580
58,dagnini,Santo Stefano,Murri,Maschi,35-44,Italiana,566
59,chiesanuova,Santo Stefano,Murri,Femmine,65 e oltre,Straniera,60
59,chiesanuova,Santo Stefano,Murri,Maschi,35-44,Straniera,70
60,irnerio-1,Santo Stefano,Irnerio,Femmine,35-44,Straniera,65
60,irnerio-1,Santo Stefano,Irnerio,Maschi,25-34,Italiana,114
60,irnerio-1,Santo Stefano,Irnerio,Maschi,35-44,Straniera,63
60,irnerio-1,Santo Stefano,Irnerio,Maschi,45-54,Italiana,203
60,irnerio-1,Santo Stefano,Irnerio,Maschi,55-64,Straniera,31
61,irnerio-2,Santo Stefano,Irnerio,Maschi,25-34,Straniera,95
62,cirenaica,San Donato - San Vitale,San Vitale,Femmine,15-24,Italiana,286
63,scandellara,San Donato - San Vitale,San Vitale,Maschi,55-64,Straniera,3
64,via larga,San Donato - San Vitale,San Vitale,Femmine,02 e prima,Straniera,2
64,via larga,San Donato - San Vitale,San Vitale,Femmine,45-54,Italiana,140
64,via larga,San Donato - San Vitale,San Vitale,Maschi,02 e prima,Italiana,10
65,roveri,San Donato - San Vitale,San Vitale,Maschi,35-44,Italiana,25
66,ospedale sant'orsola,San Donato - San Vitale,San Vitale,Maschi,35-44,Italiana,2
67,mengoli,San Donato - San Vitale,San Vitale,Femmine,03-05,Italiana,78
67,mengoli,San Donato - San Vitale,San Vitale,Maschi,06-14,Straniera,49
67,mengoli,San Donato - San Vitale,San Vitale,Maschi,45-54,Straniera,94
68,guelfa,San Donato - San Vitale,San Vitale,Maschi,35-44,Italiana,453
69,croce del biacco,San Donato - San Vitale,San Vitale,Femmine,25-34,Italiana,83
69,croce del biacco,San Donato - San Vitale,San Vitale,Maschi,06-14,Italiana,168
70,stradelli guelfi,San Donato - San Vitale,San Vitale,Maschi,15-24,Italiana,21
71,stadio-meloncello,Porto - Saragozza,Costa Saragozza,Femmine,02 e prima,Italiana,23
71,stadio-meloncello,Porto - Saragozza,Costa Saragozza,Maschi,25-34,Italiana,89
72,xxi aprile,Porto - Saragozza,Costa Saragozza,Maschi,15-24,Italiana,485
72,xxi aprile,Porto - Saragozza,Costa Saragozza,Maschi,45-54,Italiana,828
73,san giuseppe,Porto - Saragozza,Costa Saragozza,Maschi,03-05,Italiana,65
73,san giuseppe,Porto - Saragozza,Costa Saragozza,Maschi,45-54,Straniera,31
74,ravone,Porto - Saragozza,Costa Saragozza,Femmine,35-44,Italiana,47
74,ravone,Porto - Saragozza,Costa Saragozza,Maschi,65 e oltre,Italiana,141
76,san luca,Porto - Saragozza,Costa Saragozza,Maschi,02 e prima,Italiana,9
77,malpighi-2,Porto - Saragozza,Malpighi,Femmine,02 e prima,Italiana,69
77,malpighi-2,Porto - Saragozza,Malpighi,Maschi,25-34,Straniera,76
1,lavino di mezzo,Borgo Panigale - Reno,Borgo Panigale,Femmine,25-34,Italiana,15
2,via del vivaio,Borgo Panigale - Reno,Borgo Panigale,Femmine,02 e prima,Italiana,19
2,via del vivaio,Borgo Panigale - Reno,Borgo Panigale,Femmine,06-14,Italiana,46
2,via del vivaio,Borgo Panigale - Reno,Borgo Panigale,Femmine,45-54,Italiana,58
2,via del vivaio,Borgo Panigale - Reno,Borgo Panigale,Femmine,65 e oltre,Italiana,74
4,aeroporto,Borgo Panigale - Reno,Borgo Panigale,Femmine,25-34,Straniera,2
4,aeroporto,Borgo Panigale - Reno,Borgo Panigale,Femmine,55-64,Italiana,25
4,aeroporto,Borgo Panigale - Reno,Borgo Panigale,Maschi,25-34,Italiana,12
5,la birra,Borgo Panigale - Reno,Borgo Panigale,Femmine,03-05,Italiana,17
5,la birra,Borgo Panigale - Reno,Borgo Panigale,Femmine,15-24,Straniera,20
6,lungo reno,Borgo Panigale - Reno,Borgo Panigale,Maschi,35-44,Italiana,2
6,lungo reno,Borgo Panigale - Reno,Borgo Panigale,Maschi,65 e oltre,Italiana,1
7,ducati-villaggio ina,Borgo Panigale - Reno,Borgo Panigale,Maschi,02 e prima,Straniera,4
7,ducati-villaggio ina,Borgo Panigale - Reno,Borgo Panigale,Maschi,65 e oltre,Straniera,2
8,borgo centro,Borgo Panigale - Reno,Borgo Panigale,Femmine,15-24,Straniera,79
8,borgo centro,Borgo Panigale - Reno,Borgo Panigale,Femmine,65 e oltre,Italiana,970
8,borgo centro,Borgo Panigale - Reno,Borgo Panigale,Femmine,65 e oltre,Straniera,76
8,borgo centro,Borgo Panigale - Reno,Borgo Panigale,Maschi,25-34,Italiana,196
9,triumvirato-pietra,Borgo Panigale - Reno,Borgo Panigale,Maschi,03-05,Straniera,15
10,rigosa,Borgo Panigale - Reno,Borgo Panigale,Maschi,15-24,Straniera,12
11,casteldebole,Borgo Panigale - Reno,Borgo Panigale,Femmine,03-05,Straniera,7
11,casteldebole,Borgo Panigale - Reno,Borgo Panigale,Femmine,25-34,Italiana,72
11,casteldebole,Borgo Panigale - Reno,Borgo Panigale,Femmine,65 e oltre,Straniera,35
11,casteldebole,Borgo Panigale - Reno,Borgo Panigale,Maschi,03-05,Straniera,9
11,casteldebole,Borgo Panigale - Reno,Borgo Panigale,Maschi,25-34,Straniera,29
12,caserme rosse-manifattura,Navile,Bolognina,Femmine,15-24,Italiana,78
12,caserme rosse-manifattura,Navile,Bolognina,Maschi,65 e oltre,Straniera,10
14,arcoveggio,Navile,Bolognina,Femmine,25-34,Italiana,209
14,arcoveggio,Navile,Bolognina,Femmine,25-34,Italiana,288
14,arcoveggio,Navile,Bolognina,Maschi,03-05,Straniera,40
15,via ferrarese,Navile,Bolognina,Femmine,25-34,Straniera,156
15,via ferrarese,Navile,Bolognina,Femmine,55-64,Straniera,216
16,ex mercato ortofrutticolo,Navile,Bolognina,Maschi,25-34,Straniera,24
17,piazza dell'unita',Navile,Bolognina,Maschi,35-44,Straniera,237
18,san savino,Navile,Corticella,Maschi,15-24,Straniera,93
18,san savino,Navile,Corticella,Maschi,65 e oltre,Straniera,36
19,savena abbandonato,Navile,Corticella,Femmine,03-05,Straniera,4
19,savena abbandonato,Navile,Corticella,Femmine,25-34,Italiana,19
19,savena abbandonato,Navile,Corticella,Maschi,06-14,Straniera,12
19,savena abbandonato,Navile,Corticella,Maschi,65 e oltre,Italiana,72
20,croce coperta,Navile,Corticella,Maschi,02 e prima,Italiana,49
21,mulino del gomito,Navile,Corticella,Maschi,55-64,Italiana,52
22,la dozza,Navile,Corticella,Maschi,35-44,Straniera,12
23,laghetti del rosario,Navile,Lame,Femmine,15-24,Italiana,20
23,laghetti del rosario,Navile,Lame,Maschi,03-05,Italiana,4
45,caab,San Donato - San Vitale,San Donato,Femmine,06-14,Italiana,6
45,caab,San Donato - San Vitale,San Donato,Maschi,06-14,Straniera,11
45,caab,San Donato - San Vitale,San Donato,Maschi,35-44,Straniera,17
47,via del lavoro,San Donato - San Vitale,San Donato,Femmine,55-64,Straniera,99
47,via del lavoro,San Donato - San Vitale,San Donato,Maschi,02 e prima,Italiana,49
48,michelino,San Donato - San Vitale,San Donato,Femmine,02 e prima,Straniera,15
49,via mondo,San Donato - San Vitale,San Donato,Femmine,45-54,Italiana,458
49,via mondo,San Donato - San Vitale,San Donato,Femmine,55-64,Straniera,120
51,san michele in bosco,Santo Stefano,Colli,Maschi,06-14,Italiana,133
51,san michele in bosco,Santo Stefano,Colli,Maschi,15-24,Italiana,146
52,paderno,Santo Stefano,Colli,Femmine,25-34,Straniera,7
52,paderno,Santo Stefano,Colli,Femmine,35-44,Straniera,15
52,paderno,Santo Stefano,Colli,Femmine,65 e oltre,Italiana,213
52,paderno,Santo Stefano,Colli,Maschi,03-05,Italiana,20
52,paderno,Santo Stefano,Colli,Maschi,65 e oltre,Straniera,8
53,galvani-1,Santo Stefano,Galvani,Femmine,65 e oltre,Italiana,243
53,galvani-1,Santo Stefano,Galvani,Maschi,25-34,Italiana,40
53,galvani-1,Santo Stefano,Galvani,Maschi,55-64,Straniera,10
54,galvani-2,Santo Stefano,Galvani,Femmine,25-34,Italiana,380
54,galvani-2,Santo Stefano,Galvani,Femmine,65 e oltre,Straniera,105
54,galvani-2,Santo Stefano,Galvani,Maschi,02 e prima,Italiana,74
54,galvani-2,Santo Stefano,Galvani,Maschi,15-24,Straniera,51
55,giardini margherita,Santo Stefano,Murri,Femmine,65 e oltre,Italiana,5
56,mezzofanti,Santo Stefano,Murri,Femmine,55-64,Straniera,75
57,siepelunga,Santo Stefano,Murri,Femmine,06-14,Italiana,131
57,siepelunga,Santo Stefano,Murri,Femmine,35-44,Straniera,43
58,dagnini,Santo Stefano,Murri,Femmine,15-24,Straniera,45
59,chiesanuova,Santo Stefano,Murri,Femmine,02 e prima,Straniera,10
60,irnerio-1,Santo Stefano,Irnerio,Maschi,25-34,Italiana,114
61,irnerio-2,Santo Stefano,Irnerio,Maschi,25-34,Straniera,109
61,irnerio-2,Santo Stefano,Irnerio,Maschi,55-64,Italiana,518
62,cirenaica,San Donato - San Vitale,San Vitale,Femmine,02 e prima,Italiana,64
62,cirenaica,San Donato - San Vitale,San Vitale,Femmine,15-24,Straniera,65
62,cirenaica,San Donato - San Vitale,San Vitale,Femmine,45-54,Straniera,120
62,cirenaica,San Donato - San Vitale,San Vitale,Maschi,25-34,Straniera,78
62,cirenaica,San Donato - San Vitale,San Vitale,Maschi,35-44,Straniera,128
63,scandellara,San Donato - San Vitale,San Vitale,Femmine,35-44,Straniera,5
63,scandellara,San Donato - San Vitale,San Vitale,Maschi,45-54,Italiana,74
10,rigosa,Borgo Panigale - Reno,Borgo Panigale,Maschi,55-64,Italiana,79
11,casteldebole,Borgo Panigale - Reno,Borgo Panigale,Femmine,06-14,Italiana,160
11,casteldebole,Borgo Panigale - Reno,Borgo Panigale,Maschi,06-14,Straniera,54
14,arcoveggio,Navile,Bolognina,Femmine,02 e prima,Italiana,73
15,via ferrarese,Navile,Bolognina,Femmine,65 e oltre,Italiana,1082
15,via ferrarese,Navile,Bolognina,Maschi,02 e prima,Straniera,35
15,via ferrarese,Navile,Bolognina,Maschi,35-44,Straniera,349
16,ex mercato ortofrutticolo,Navile,Bolognina,Femmine,65 e oltre,Italiana,73
17,piazza dell'unita',Navile,Bolognina,Femmine,55-64,Straniera,164
18,san savino,Navile,Corticella,Femmine,45-54,Italiana,550
18,san savino,Navile,Corticella,Maschi,55-64,Italiana,509
19,savena abbandonato,Navile,Corticella,Femmine,45-54,Straniera,12
19,savena abbandonato,Navile,Corticella,Maschi,25-34,Straniera,22
20,croce coperta,Navile,Corticella,Femmine,15-24,Italiana,192
20,croce coperta,Navile,Corticella,Femmine,25-34,Straniera,41
21,mulino del gomito,Navile,Corticella,Maschi,02 e prima,Italiana,1
22,la dozza,Navile,Corticella,Maschi,02 e prima,Straniera,2
51,san michele in bosco,Santo Stefano,Colli,Femmine,15-24,Italiana,160
51,san michele in bosco,Santo Stefano,Colli,Femmine,65 e oltre,Italiana,320
51,san michele in bosco,Santo Stefano,Colli,Maschi,55-64,Italiana,179
53,galvani-1,Santo Stefano,Galvani,Maschi,25-34,Straniera,5
54,galvani-2,Santo Stefano,Galvani,Femmine,02 e prima,Straniera,12
54,galvani-2,Santo Stefano,Galvani,Maschi,15-24,Italiana,433
55,giardini margherita,Santo Stefano,Murri,Femmine,65 e oltre,Straniera,2
56,mezzofanti,Santo Stefano,Murri,Maschi,55-64,Straniera,27
57,siepelunga,Santo Stefano,Murri,Femmine,65 e oltre,Straniera,41
59,chiesanuova,Santo Stefano,Murri,Femmine,15-24,Italiana,258
59,chiesanuova,Santo Stefano,Murri,Femmine,25-34,Straniera,42
60,irnerio-1,Santo Stefano,Irnerio,Maschi,55-64,Italiana,241
61,irnerio-2,Santo Stefano,Irnerio,Femmine,35-44,Straniera,185
62,cirenaica,San Donato - San Vitale,San Vitale,Femmine,55-64,Italiana,604
62,cirenaica,San Donato - San Vitale,San Vitale,Maschi,03-05,Italiana,72
62,cirenaica,San Donato - San Vitale,San Vitale,Maschi,55-64,Straniera,47
63,scandellara,San Donato - San Vitale,San Vitale,Maschi,02 e prima,Italiana,16
63,scandellara,San Donato - San Vitale,San Vitale,Maschi,65 e oltre,Italiana,89
65,roveri,San Donato - San Vitale,San Vitale,Maschi,25-34,Italiana,9
67,mengoli,San Donato - San Vitale,San Vitale,Femmine,25-34,Italiana,344
69,croce del biacco,San Donato - San Vitale,San Vitale,Femmine,25-34,Straniera,41
70,stradelli guelfi,San Donato - San Vitale,San Vitale,Maschi,15-24,Straniera,4
71,stadio-meloncello,Porto - Saragozza,Costa Saragozza,Femmine,06-14,Italiana,89
71,stadio-meloncello,Porto - Saragozza,Costa Saragozza,Maschi,45-54,Straniera,47
71,stadio-meloncello,Porto - Saragozza,Costa Saragozza,Maschi,55-64,Italiana,230
72,xxi aprile,Porto - Saragozza,Costa Saragozza,Maschi,06-14,Straniera,65
73,san giuseppe,Porto - Saragozza,Costa Saragozza,Maschi,02 e prima,Straniera,2
73,san giuseppe,Porto - Saragozza,Costa Saragozza,Maschi,35-44,Italiana,286
74,ravone,Porto - Saragozza,Costa Saragozza,Femmine,25-34,Straniera,8
74,ravone,Porto - Saragozza,Costa Saragozza,Maschi,15-24,Straniera,3
75,via del genio,Porto - Saragozza,Costa Saragozza,Maschi,35-44,Italiana,2
76,san luca,Porto - Saragozza,Costa Saragozza,Maschi,25-34,Italiana,11
76,san luca,Porto - Saragozza,Costa Saragozza,Maschi,45-54,Straniera,4
77,malpighi-2,Porto - Saragozza,Malpighi,Femmine,25-34,Straniera,57
77,malpighi-2,Porto - Saragozza,Malpighi,Maschi,03-05,Italiana,61
78,malpighi-1,Porto - Saragozza,Malpighi,Maschi,03-05,Straniera,2
78,malpighi-1,Porto - Saragozza,Malpighi,Maschi,06-14,Italiana,39
79,fossolo,Savena,Mazzini,Maschi,15-24,Straniera,21
80,due madonne,Savena,Mazzini,Femmine,25-34,Straniera,17
80,due madonne,Savena,Mazzini,Maschi,06-14,Straniera,28
80,due madonne,Savena,Mazzini,Maschi,65 e oltre,Straniera,8
81,lungo savena,Savena,Mazzini,Maschi,06-14,Straniera,5
83,bitone,Savena,Mazzini,Femmine,45-54,Italiana,644
83,bitone,Savena,Mazzini,Maschi,25-34,Italiana,205
83,bitone,Savena,Mazzini,Maschi,45-54,Straniera,142
84,cavedone,Savena,Mazzini,Femmine,02 e prima,Straniera,3
84,cavedone,Savena,Mazzini,Maschi,45-54,Straniera,34
85,via arno,Savena,Mazzini,Femmine,35-44,Italiana,313
85,via arno,Savena,Mazzini,Femmine,65 e oltre,Italiana,1383
87,monte donato,Savena,San Ruffillo,Maschi,06-14,Straniera,4
87,monte donato,Savena,San Ruffillo,Maschi,25-34,Italiana,28
88,via toscana,Savena,San Ruffillo,Femmine,06-14,Straniera,51
89,corelli,Savena,San Ruffillo,Femmine,65 e oltre,Italiana,1427
89,corelli,Savena,San Ruffillo,Maschi,35-44,Italiana,357
90,ponte savena-la bastia,Savena,San Ruffillo,Femmine,45-54,Italiana,83
51,san michele in bosco,Santo Stefano,Colli,Femmine,55-64,Straniera,31
51,san michele in bosco,Santo Stefano,Colli,Maschi,25-34,Straniera,5
53,galvani-1,Santo Stefano,Galvani,Femmine,03-05,Italiana,16
54,galvani-2,Santo Stefano,Galvani,Maschi,65 e oltre,Straniera,36
55,giardini margherita,Santo Stefano,Murri,Femmine,35-44,Straniera,1
55,giardini margherita,Santo Stefano,Murri,Femmine,55-64,Italiana,1
55,giardini margherita,Santo Stefano,Murri,Maschi,35-44,Italiana,1
56,mezzofanti,Santo Stefano,Murri,Femmine,25-34,Italiana,192
57,siepelunga,Santo Stefano,Murri,Maschi,35-44,Italiana,214
58,dagnini,Santo Stefano,Murri,Femmine,15-24,Italiana,309
58,dagnini,Santo Stefano,Murri,Femmine,25-34,Italiana,297
59,chiesanuova,Santo Stefano,Murri,Femmine,06-14,Italiana,209
59,chiesanuova,Santo Stefano,Murri,Maschi,15-24,Italiana,247
61,irnerio-2,Santo Stefano,Irnerio,Femmine,65 e oltre,Italiana,1149
62,cirenaica,San Donato - San Vitale,San Vitale,Maschi,35-44,Italiana,494
62,cirenaica,San Donato - San Vitale,San Vitale,Maschi,45-54,Straniera,105
63,scandellara,San Donato - San Vitale,San Vitale,Maschi,15-24,Straniera,3
63,scandellara,San Donato - San Vitale,San Vitale,Maschi,35-44,Italiana,80
2,via del vivaio,Borgo Panigale - Reno,Borgo Panigale,Maschi,02 e prima,Straniera,3
2,via del vivaio,Borgo Panigale - Reno,Borgo Panigale,Maschi,03-05,Straniera,1
2,via del vivaio,Borgo Panigale - Reno,Borgo Panigale,Maschi,15-24,Straniera,10
2,via del vivaio,Borgo Panigale - Reno,Borgo Panigale,Maschi,25-34,Italiana,23
3,bargellino,Borgo Panigale - Reno,Borgo Panigale,Femmine,03-05,Italiana,1
3,bargellino,Borgo Panigale - Reno,Borgo Panigale,Femmine,25-34,Italiana,1
3,bargellino,Borgo Panigale - Reno,Borgo Panigale,Femmine,45-54,Italiana,6
3,bargellino,Borgo Panigale - Reno,Borgo Panigale,Maschi,55-64,Straniera,1
4,aeroporto,Borgo Panigale - Reno,Borgo Panigale,Femmine,25-34,Italiana,12
4,aeroporto,Borgo Panigale - Reno,Borgo Panigale,Femmine,25-34,Straniera,3
4,aeroporto,Borgo Panigale - Reno,Borgo Panigale,Maschi,15-24,Straniera,3
4,aeroporto,Borgo Panigale - Reno,Borgo Panigale,Maschi,35-44,Italiana,26
4,aeroporto,Borgo Panigale - Reno,Borgo Panigale,Maschi,55-64,Italiana,38
5,la birra,Borgo Panigale - Reno,Borgo Panigale,Femmine,15-24,Italiana,70
5,la birra,Borgo Panigale - Reno,Borgo Panigale,Maschi,25-34,Italiana,42
5,la birra,Borgo Panigale - Reno,Borgo Panigale,Maschi,65 e oltre,Italiana,195
6,lungo reno,Borgo Panigale - Reno,Borgo Panigale,Femmine,55-64,Italiana,1
7,ducati-villaggio ina,Borgo Panigale - Reno,Borgo Panigale,Femmine,25-34,Straniera,13
7,ducati-villaggio ina,Borgo Panigale - Reno,Borgo Panigale,Femmine,45-54,Straniera,31
7,ducati-villaggio ina,Borgo Panigale - Reno,Borgo Panigale,Femmine,55-64,Italiana,174
7,ducati-villaggio ina,Borgo Panigale - Reno,Borgo Panigale,Femmine,55-64,Straniera,35
7,ducati-villaggio ina,Borgo Panigale - Reno,Borgo Panigale,Maschi,02 e prima,Italiana,23
7,ducati-villaggio ina,Borgo Panigale - Reno,Borgo Panigale,Maschi,25-34,Italiana,85
7,ducati-villaggio ina,Borgo Panigale - Reno,Borgo Panigale,Maschi,55-64,Italiana,168
8,borgo centro,Borgo Panigale - Reno,Borgo Panigale,Maschi,03-05,Italiana,54
8,borgo centro,Borgo Panigale - Reno,Borgo Panigale,Maschi,15-24,Straniera,79
8,borgo centro,Borgo Panigale - Reno,Borgo Panigale,Maschi,35-44,Italiana,397
8,borgo centro,Borgo Panigale - Reno,Borgo Panigale,Maschi,35-44,Straniera,232
9,triumvirato-pietra,Borgo Panigale - Reno,Borgo Panigale,Femmine,02 e prima,Straniera,23
9,triumvirato-pietra,Borgo Panigale - Reno,Borgo Panigale,Maschi,55-64,Italiana,303
9,triumvirato-pietra,Borgo Panigale - Reno,Borgo Panigale,Maschi,65 e oltre,Straniera,11
10,rigosa,Borgo Panigale - Reno,Borgo Panigale,Femmine,03-05,Italiana,12
10,rigosa,Borgo Panigale - Reno,Borgo Panigale,Femmine,25-34,Straniera,3
10,rigosa,Borgo Panigale - Reno,Borgo Panigale,Femmine,55-64,Italiana,73
11,casteldebole,Borgo Panigale - Reno,Borgo Panigale,Femmine,06-14,Straniera,24
11,casteldebole,Borgo Panigale - Reno,Borgo Panigale,Maschi,25-34,Italiana,75
12,caserme rosse-manifattura,Navile,Bolognina,Maschi,25-34,Straniera,13
14,arcoveggio,Navile,Bolognina,Femmine,03-05,Italiana,80
14,arcoveggio,Navile,Bolognina,Femmine,06-14,Straniera,93
14,arcoveggio,Navile,Bolognina,Maschi,45-54,Italiana,603
19,savena abbandonato,Navile,Corticella,Maschi,45-54,Italiana,73
20,croce coperta,Navile,Corticella,Femmine,25-34,Italiana,121
20,croce coperta,Navile,Corticella,Maschi,35-44,Italiana,266
22,la dozza,Navile,Corticella,Femmine,55-64,Straniera,13
22,la dozza,Navile,Corticella,Maschi,45-54,Straniera,10
23,laghetti del rosario,Navile,Lame,Femmine,03-05,Straniera,1
23,laghetti del rosario,Navile,Lame,Maschi,02 e prima,Straniera,1
51,san michele in bosco,Santo Stefano,Colli,Maschi,03-05,Straniera,2
52,paderno,Santo Stefano,Colli,Femmine,65 e oltre,Straniera,19
52,paderno,Santo Stefano,Colli,Maschi,55-64,Straniera,28
53,galvani-1,Santo Stefano,Galvani,Maschi,06-14,Straniera,5
56,mezzofanti,Santo Stefano,Murri,Femmine,45-54,Italiana,470
56,mezzofanti,Santo Stefano,Murri,Maschi,25-34,Straniera,32
57,siepelunga,Santo Stefano,Murri,Femmine,03-05,Italiana,53
58,dagnini,Santo Stefano,Murri,Femmine,25-34,Italiana,237
58,dagnini,Santo Stefano,Murri,Femmine,45-54,Straniera,102
59,chiesanuova,Santo Stefano,Murri,Femmine,06-14,Straniera,22
60,irnerio-1,Santo Stefano,Irnerio,Femmine,02 e prima,Italiana,26
60,irnerio-1,Santo Stefano,Irnerio,Femmine,45-54,Italiana,240
60,irnerio-1,Santo Stefano,Irnerio,Maschi,15-24,Italiana,130
61,irnerio-2,Santo Stefano,Irnerio,Femmine,35-44,Italiana,586
61,irnerio-2,Santo Stefano,Irnerio,Maschi,65 e oltre,Straniera,36
62,cirenaica,San Donato - San Vitale,San Vitale,Maschi,15-24,Italiana,315
62,cirenaica,San Donato - San Vitale,San Vitale,Maschi,65 e oltre,Straniera,35
64,via larga,San Donato - San Vitale,San Vitale,Femmine,15-24,Italiana,114
64,via larga,San Donato - San Vitale,San Vitale,Maschi,45-54,Italiana,122
65,roveri,San Donato - San Vitale,San Vitale,Maschi,65 e oltre,Italiana,53
66,ospedale sant'orsola,San Donato - San Vitale,San Vitale,Maschi,65 e oltre,Italiana,6
67,mengoli,San Donato - San Vitale,San Vitale,Maschi,03-05,Straniera,12
68,guelfa,San Donato - San Vitale,San Vitale,Femmine,65 e oltre,Straniera,60
68,guelfa,San Donato - San Vitale,San Vitale,Maschi,35-44,Straniera,162
69,croce del biacco,San Donato - San Vitale,San Vitale,Maschi,02 e prima,Italiana,33
69,croce del biacco,San Donato - San Vitale,San Vitale,Maschi,15-24,Straniera,36
70,stradelli guelfi,San Donato - San Vitale,San Vitale,Femmine,06-14,Italiana,8
70,stradelli guelfi,San Donato - San Vitale,San Vitale,Maschi,25-34,Straniera,1
72,xxi aprile,Porto - Saragozza,Costa Saragozza,Femmine,55-64,Italiana,846
72,xxi aprile,Porto - Saragozza,Costa Saragozza,Femmine,55-64,Straniera,157
73,san giuseppe,Porto - Saragozza,Costa Saragozza,Femmine,03-05,Straniera,2
74,ravone,Porto - Saragozza,Costa Saragozza,Femmine,35-44,Straniera,12
74,ravone,Porto - Saragozza,Costa Saragozza,Maschi,15-24,Italiana,52
75,via del genio,Porto - Saragozza,Costa Saragozza,Maschi,06-14,Italiana,1
76,san luca,Porto - Saragozza,Costa Saragozza,Maschi,45-54,Italiana,50
77,malpighi-2,Porto - Saragozza,Malpighi,Femmine,55-64,Straniera,111
78,malpighi-1,Porto - Saragozza,Malpighi,Femmine,06-14,Straniera,3
78,malpighi-1,Porto - Saragozza,Malpighi,Femmine,45-54,Straniera,16
78,malpighi-1,Porto - Saragozza,Malpighi,Maschi,35-44,Straniera,23
79,fossolo,Savena,Mazzini,Maschi,35-44,Italiana,374
80,due madonne,Savena,Mazzini,Femmine,25-34,Straniera,17
80,due madonne,Savena,Mazzini,Femmine,35-44,Italiana,171
80,due madonne,Savena,Mazzini,Maschi,02 e prima,Straniera,4
80,due madonne,Savena,Mazzini,Maschi,25-34,Italiana,54
82,pontevecchio,Savena,Mazzini,Femmine,25-34,Italiana,190
83,bitone,Savena,Mazzini,Maschi,35-44,Italiana,603
83,bitone,Savena,Mazzini,Maschi,55-64,Italiana,597
84,cavedone,Savena,Mazzini,Femmine,06-14,Straniera,20
85,via arno,Savena,Mazzini,Femmine,03-05,Straniera,6
85,via arno,Savena,Mazzini,Femmine,35-44,Straniera,68
85,via arno,Savena,Mazzini,Maschi,35-44,Italiana,287
85,via arno,Savena,Mazzini,Maschi,45-54,Straniera,44
86,ospedale bellaria,Savena,Mazzini,Maschi,25-34,Italiana,2
87,monte donato,Savena,San Ruffillo,Maschi,25-34,Straniera,2
88,via toscana,Savena,San Ruffillo,Femmine,02 e prima,Straniera,17
88,via toscana,Savena,San Ruffillo,Femmine,25-34,Straniera,49
88,via toscana,Savena,San Ruffillo,Maschi,55-64,Italiana,611
89,corelli,Savena,San Ruffillo,Femmine,06-14,Italiana,254
89,corelli,Savena,San Ruffillo,Maschi,06-14,Italiana,277
89,corelli,Savena,San Ruffillo,Maschi,65 e oltre,Italiana,1068
90,ponte savena-la bastia,Savena,San Ruffillo,Maschi,15-24,Straniera,14
1,lavino di mezzo,Borgo Panigale - Reno,Borgo Panigale,Maschi,25-34,Italiana,9
2,via del vivaio,Borgo Panigale - Reno,Borgo Panigale,Femmine,15-24,Italiana,36
2,via del vivaio,Borgo Panigale - Reno,Borgo Panigale,Maschi,35-44,Straniera,17
4,aeroporto,Borgo Panigale - Reno,Borgo Panigale,Femmine,35-44,Straniera,15
4,aeroporto,Borgo Panigale - Reno,Borgo Panigale,Maschi,03-05,Straniera,1
5,la birra,Borgo Panigale - Reno,Borgo Panigale,Femmine,02 e prima,Straniera,7
5,la birra,Borgo Panigale - Reno,Borgo Panigale,Femmine,06-14,Straniera,12
5,la birra,Borgo Panigale - Reno,Borgo Panigale,Maschi,03-05,Italiana,17
5,la birra,Borgo Panigale - Reno,Borgo Panigale,Maschi,45-54,Straniera,25
7,ducati-villaggio ina,Borgo Panigale - Reno,Borgo Panigale,Femmine,65 e oltre,Italiana,568
7,ducati-villaggio ina,Borgo Panigale - Reno,Borgo Panigale,Maschi,45-54,Straniera,29
8,borgo centro,Borgo Panigale - Reno,Borgo Panigale,Femmine,06-14,Italiana,187
8,borgo centro,Borgo Panigale - Reno,Borgo Panigale,Femmine,35-44,Italiana,344
9,triumvirato-pietra,Borgo Panigale - Reno,Borgo Panigale,Femmine,06-14,Straniera,37
9,triumvirato-pietra,Borgo Panigale - Reno,Borgo Panigale,Femmine,55-64,Straniera,75
9,triumvirato-pietra,Borgo Panigale - Reno,Borgo Panigale,Maschi,25-34,Italiana,142
9,triumvirato-pietra,Borgo Panigale - Reno,Borgo Panigale,Maschi,25-34,Straniera,53
10,rigosa,Borgo Panigale - Reno,Borgo Panigale,Femmine,35-44,Italiana,61
10,rigosa,Borgo Panigale - Reno,Borgo Panigale,Femmine,35-44,Straniera,12
10,rigosa,Borgo Panigale - Reno,Borgo Panigale,Femmine,45-54,Straniera,12
10,rigosa,Borgo Panigale - Reno,Borgo Panigale,Femmine,65 e oltre,Italiana,186
10,rigosa,Borgo Panigale - Reno,Borgo Panigale,Maschi,25-34,Italiana,25
11,casteldebole,Borgo Panigale - Reno,Borgo Panigale,Femmine,15-24,Italiana,196
11,casteldebole,Borgo Panigale - Reno,Borgo Panigale,Femmine,25-34,Italiana,56
11,casteldebole,Borgo Panigale - Reno,Borgo Panigale,Femmine,35-44,Straniera,86
11,casteldebole,Borgo Panigale - Reno,Borgo Panigale,Maschi,03-05,Italiana,47
11,casteldebole,Borgo Panigale - Reno,Borgo Panigale,Maschi,15-24,Italiana,231
11,casteldebole,Borgo Panigale - Reno,Borgo Panigale,Maschi,25-34,Straniera,49
12,caserme rosse-manifattura,Navile,Bolognina,Femmine,25-34,Straniera,12
12,caserme rosse-manifattura,Navile,Bolognina,Maschi,02 e prima,Straniera,3
12,caserme rosse-manifattura,Navile,Bolognina,Maschi,15-24,Italiana,94
12,caserme rosse-manifattura,Navile,Bolognina,Maschi,45-54,Italiana,133
13,cnr,Navile,Bolognina,Maschi,65 e oltre,Italiana,3
14,arcoveggio,Navile,Bolognina,Femmine,25-34,Straniera,87
14,arcoveggio,Navile,Bolognina,Femmine,35-44,Straniera,229
14,arcoveggio,Navile,Bolognina,Maschi,65 e oltre,Straniera,30
15,via ferrarese,Navile,Bolognina,Femmine,55-64,Italiana,638
15,via ferrarese,Navile,Bolognina,Maschi,06-14,Straniera,141
15,via ferrarese,Navile,Bolognina,Maschi,25-34,Italiana,234
16,ex mercato ortofrutticolo,Navile,Bolognina,Femmine,02 e prima,Italiana,31
17,piazza dell'unita',Navile,Bolognina,Maschi,02 e prima,Straniera,30
18,san savino,Navile,Corticella,Maschi,06-14,Straniera,85
18,san savino,Navile,Corticella,Maschi,65 e oltre,Italiana,1042
19,savena abbandonato,Navile,Corticella,Femmine,02 e prima,Straniera,1
19,savena abbandonato,Navile,Corticella,Femmine,15-24,Italiana,26
19,savena abbandonato,Navile,Corticella,Maschi,03-05,Italiana,11
19,savena abbandonato,Navile,Corticella,Maschi,55-64,Straniera,6
20,croce coperta,Navile,Corticella,Femmine,03-05,Italiana,47
21,mulino del gomito,Navile,Corticella,Maschi,03-05,Italiana,2
21,mulino del gomito,Navile,Corticella,Maschi,55-64,Straniera,13
22,la dozza,Navile,Corticella,Femmine,65 e oltre,Straniera,4
22,la dozza,Navile,Corticella,Maschi,45-54,Italiana,83
23,laghetti del rosario,Navile,Lame,Femmine,15-24,Straniera,2
23,laghetti del rosario,Navile,Lame,Femmine,25-34,Italiana,9
23,laghetti del rosario,Navile,Lame,Maschi,25-34,Italiana,9
24,la noce,Navile,Lame,Femmine,06-14,Italiana,34
24,la noce,Navile,Lame,Femmine,15-24,Italiana,66
24,la noce,Navile,Lame,Femmine,25-34,Straniera,9
24,la noce,Navile,Lame,Femmine,65 e oltre,Straniera,7
24,la noce,Navile,Lame,Maschi,02 e prima,Italiana,11
24,la noce,Navile,Lame,Maschi,25-34,Straniera,6
24,la noce,Navile,Lame,Maschi,45-54,Italiana,79
25,tiro a segno,Navile,Lame,Femmine,35-44,Italiana,6
25,tiro a segno,Navile,Lame,Maschi,35-44,Italiana,11
25,tiro a segno,Navile,Lame,Maschi,45-54,Straniera,2
26,pescarola,Navile,Lame,Femmine,06-14,Straniera,41
26,pescarola,Navile,Lame,Femmine,15-24,Straniera,39
26,pescarola,Navile,Lame,Femmine,25-34,Italiana,80
26,pescarola,Navile,Lame,Femmine,55-64,Italiana,289
26,pescarola,Navile,Lame,Maschi,03-05,Italiana,28
26,pescarola,Navile,Lame,Maschi,03-05,Straniera,14
26,pescarola,Navile,Lame,Maschi,15-24,Italiana,194
26,pescarola,Navile,Lame,Maschi,25-34,Italiana,97
27,lazzaretto,Navile,Lame,Femmine,25-34,Italiana,38
27,lazzaretto,Navile,Lame,Maschi,03-05,Straniera,1
28,beverara,Navile,Lame,Femmine,15-24,Italiana,225
28,beverara,Navile,Lame,Femmine,25-34,Straniera,56
28,beverara,Navile,Lame,Maschi,65 e oltre,Straniera,21
29,marconi-2,Porto - Saragozza,Marconi,Femmine,15-24,Straniera,57
29,marconi-2,Porto - Saragozza,Marconi,Femmine,25-34,Straniera,90
29,marconi-2,Porto - Saragozza,Marconi,Maschi,15-24,Straniera,85
30,marconi-1,Porto - Saragozza,Marconi,Femmine,02 e prima,Italiana,19
30,marconi-1,Porto - Saragozza,Marconi,Femmine,06-14,Straniera,6
30,marconi-1,Porto - Saragozza,Marconi,Femmine,55-64,Straniera,21
30,marconi-1,Porto - Saragozza,Marconi,Maschi,06-14,Straniera,6
30,marconi-1,Porto - Saragozza,Marconi,Maschi,45-54,Straniera,8
31,prati di caprara-ospedale maggiore,Porto - Saragozza,Saffi,Femmine,65 e oltre,Straniera,2
31,prati di caprara-ospedale maggiore,Porto - Saragozza,Saffi,Maschi,06-14,Straniera,3
31,prati di caprara-ospedale maggiore,Porto - Saragozza,Saffi,Maschi,25-34,Italiana,10
31,prati di caprara-ospedale maggiore,Porto - Saragozza,Saffi,Maschi,55-64,Straniera,1
32,scalo ravone,Porto - Saragozza,Saffi,Maschi,25-34,Straniera,2
32,scalo ravone,Porto - Saragozza,Saffi,Maschi,65 e oltre,Italiana,10
33,zanardi,Porto - Saragozza,Saffi,Femmine,02 e prima,Italiana,56
33,zanardi,Porto - Saragozza,Saffi,Femmine,02 e prima,Straniera,5
33,zanardi,Porto - Saragozza,Saffi,Femmine,15-24,Italiana,215
33,zanardi,Porto - Saragozza,Saffi,Maschi,35-44,Italiana,419
34,velodromo,Porto - Saragozza,Saffi,Femmine,02 e prima,Italiana,50
34,velodromo,Porto - Saragozza,Saffi,Femmine,06-14,Italiana,146
34,velodromo,Porto - Saragozza,Saffi,Femmine,65 e oltre,Italiana,763
35,via vittorio veneto,Porto - Saragozza,Saffi,Femmine,15-24,Italiana,149
35,via vittorio veneto,Porto - Saragozza,Saffi,Femmine,25-34,Straniera,37
35,via vittorio veneto,Porto - Saragozza,Saffi,Maschi,35-44,Italiana,367
35,via vittorio veneto,Porto - Saragozza,Saffi,Maschi,35-44,Straniera,86
35,via vittorio veneto,Porto - Saragozza,Saffi,Maschi,55-64,Italiana,297
36,villaggio della barca,Borgo Panigale - Reno,Barca,Femmine,06-14,Italiana,201
36,villaggio della barca,Borgo Panigale - Reno,Barca,Femmine,65 e oltre,Straniera,82
36,villaggio della barca,Borgo Panigale - Reno,Barca,Maschi,25-34,Straniera,37
36,villaggio della barca,Borgo Panigale - Reno,Barca,Maschi,65 e oltre,Italiana,584
37,battindarno,Borgo Panigale - Reno,Barca,Femmine,02 e prima,Italiana,44
37,battindarno,Borgo Panigale - Reno,Barca,Femmine,02 e prima,Straniera,20
37,battindarno,Borgo Panigale - Reno,Barca,Femmine,15-24,Italiana,274
37,battindarno,Borgo Panigale - Reno,Barca,Femmine,35-44,Straniera,129
37,battindarno,Borgo Panigale - Reno,Barca,Femmine,65 e oltre,Italiana,1397
38,canale di reno,Borgo Panigale - Reno,Barca,Femmine,03-05,Italiana,61
38,canale di reno,Borgo Panigale - Reno,Barca,Femmine,35-44,Straniera,67
38,canale di reno,Borgo Panigale - Reno,Barca,Maschi,03-05,Italiana,77
38,canale di reno,Borgo Panigale - Reno,Barca,Maschi,15-24,Italiana,248
39,agucchi,Borgo Panigale - Reno,Santa Viola,Femmine,02 e prima,Italiana,39
39,agucchi,Borgo Panigale - Reno,Santa Viola,Femmine,03-05,Italiana,31
39,agucchi,Borgo Panigale - Reno,Santa Viola,Femmine,35-44,Italiana,239
39,agucchi,Borgo Panigale - Reno,Santa Viola,Maschi,55-64,Straniera,36
40,emilia ponente,Borgo Panigale - Reno,Santa Viola,Femmine,03-05,Straniera,18
41,cadriano-calamosco,San Donato - San Vitale,San Donato,Femmine,02 e prima,Italiana,9
41,cadriano-calamosco,San Donato - San Vitale,San Donato,Femmine,25-34,Italiana,15
41,cadriano-calamosco,San Donato - San Vitale,San Donato,Femmine,35-44,Straniera,19
41,cadriano-calamosco,San Donato - San Vitale,San Donato,Maschi,03-05,Straniera,6
42,fiera,San Donato - San Vitale,San Donato,Maschi,06-14,Italiana,1
43,san donnino,San Donato - San Vitale,San Donato,Femmine,55-64,Straniera,44
43,san donnino,San Donato - San Vitale,San Donato,Maschi,15-24,Italiana,114
43,san donnino,San Donato - San Vitale,San Donato,Maschi,25-34,Italiana,75
43,san donnino,San Donato - San Vitale,San Donato,Maschi,35-44,Straniera,40
43,san donnino,San Donato - San Vitale,San Donato,Maschi,45-54,Straniera,33
44,pilastro,San Donato - San Vitale,San Donato,Femmine,65 e oltre,Italiana,1066
44,pilastro,San Donato - San Vitale,San Donato,Maschi,06-14,Italiana,177
45,caab,San Donato - San Vitale,San Donato,Femmine,03-05,Italiana,7
47,via del lavoro,San Donato - San Vitale,San Donato,Maschi,02 e prima,Straniera,18
47,via del lavoro,San Donato - San Vitale,San Donato,Maschi,03-05,Straniera,24
47,via del lavoro,San Donato - San Vitale,San Donato,Maschi,45-54,Italiana,482
48,michelino,San Donato - San Vitale,San Donato,Femmine,03-05,Italiana,43
48,michelino,San Donato - San Vitale,San Donato,Femmine,55-64,Italiana,249
48,michelino,San Donato - San Vitale,San Donato,Maschi,35-44,Italiana,287
49,via mondo,San Donato - San Vitale,San Donato,Femmine,65 e oltre,Straniera,88
49,via mondo,San Donato - San Vitale,San Donato,Maschi,25-34,Straniera,87
49,via mondo,San Donato - San Vitale,San Donato,Maschi,35-44,Italiana,442
50,osservanza,Santo Stefano,Colli,Maschi,35-44,Italiana,193
51,san michele in bosco,Santo Stefano,Colli,Femmine,55-64,Italiana,198
53,galvani-1,Santo Stefano,Galvani,Maschi,06-14,Italiana,47
54,galvani-2,Santo Stefano,Galvani,Maschi,55-64,Italiana,674
56,mezzofanti,Santo Stefano,Murri,Femmine,65 e oltre,Straniera,71
56,mezzofanti,Santo Stefano,Murri,Maschi,03-05,Italiana,77
57,siepelunga,Santo Stefano,Murri,Femmine,03-05,Straniera,1
57,siepelunga,Santo Stefano,Murri,Femmine,25-34,Italiana,96
61,irnerio-2,Santo Stefano,Irnerio,Femmine,25-34,Italiana,392
61,irnerio-2,Santo Stefano,Irnerio,Femmine,25-34,Straniera,130
61,irnerio-2,Santo Stefano,Irnerio,Femmine,65 e oltre,Straniera,75
62,cirenaica,San Donato - San Vitale,San Vitale,Femmine,65 e oltre,Italiana,1182
62,cirenaica,San Donato - San Vitale,San Vitale,Maschi,06-14,Straniera,48
64,via larga,San Donato - San Vitale,San Vitale,Femmine,25-34,Italiana,40
64,via larga,San Donato - San Vitale,San Vitale,Femmine,25-34,Straniera,22
64,via larga,San Donato - San Vitale,San Vitale,Femmine,55-64,Straniera,6
64,via larga,San Donato - San Vitale,San Vitale,Maschi,15-24,Italiana,131
65,roveri,San Donato - San Vitale,San Vitale,Femmine,15-24,Straniera,5
65,roveri,San Donato - San Vitale,San Vitale,Femmine,45-54,Straniera,7
65,roveri,San Donato - San Vitale,San Vitale,Maschi,03-05,Straniera,3
65,roveri,San Donato - San Vitale,San Vitale,Maschi,06-14,Straniera,7
66,ospedale sant'orsola,San Donato - San Vitale,San Vitale,Femmine,25-34,Italiana,6
67,mengoli,San Donato - San Vitale,San Vitale,Femmine,02 e prima,Italiana,100
67,mengoli,San Donato - San Vitale,San Vitale,Femmine,25-34,Straniera,56
67,mengoli,San Donato - San Vitale,San Vitale,Femmine,25-34,Straniera,70
67,mengoli,San Donato - San Vitale,San Vitale,Maschi,15-24,Italiana,316
67,mengoli,San Donato - San Vitale,San Vitale,Maschi,65 e oltre,Italiana,944
68,guelfa,San Donato - San Vitale,San Vitale,Femmine,03-05,Straniera,20
68,guelfa,San Donato - San Vitale,San Vitale,Femmine,06-14,Straniera,53
68,guelfa,San Donato - San Vitale,San Vitale,Femmine,15-24,Italiana,192
68,guelfa,San Donato - San Vitale,San Vitale,Femmine,25-34,Italiana,255
68,guelfa,San Donato - San Vitale,San Vitale,Femmine,35-44,Italiana,407
68,guelfa,San Donato - San Vitale,San Vitale,Femmine,65 e oltre,Italiana,836
68,guelfa,San Donato - San Vitale,San Vitale,Maschi,02 e prima,Straniera,9
68,guelfa,San Donato - San Vitale,San Vitale,Maschi,15-24,Italiana,202
68,guelfa,San Donato - San Vitale,San Vitale,Maschi,25-34,Italiana,163
69,croce del biacco,San Donato - San Vitale,San Vitale,Femmine,25-34,Italiana,125
69,croce del biacco,San Donato - San Vitale,San Vitale,Femmine,35-44,Straniera,93
69,croce del biacco,San Donato - San Vitale,San Vitale,Maschi,03-05,Straniera,16
69,croce del biacco,San Donato - San Vitale,San Vitale,Maschi,35-44,Italiana,248
69,croce del biacco,San Donato - San Vitale,San Vitale,Maschi,65 e oltre,Straniera,21
70,stradelli guelfi,San Donato - San Vitale,San Vitale,Femmine,35-44,Straniera,1
70,stradelli guelfi,San Donato - San Vitale,San Vitale,Femmine,55-64,Italiana,35
70,stradelli guelfi,San Donato - San Vitale,San Vitale,Maschi,25-34,Italiana,3
70,stradelli guelfi,San Donato - San Vitale,San Vitale,Maschi,65 e oltre,Italiana,27
71,stadio-meloncello,Porto - Saragozza,Costa Saragozza,Femmine,03-05,Straniera,3
71,stadio-meloncello,Porto - Saragozza,Costa Saragozza,Femmine,06-14,Straniera,16
71,stadio-meloncello,Porto - Saragozza,Costa Saragozza,Femmine,25-34,Straniera,24
71,stadio-meloncello,Porto - Saragozza,Costa Saragozza,Femmine,65 e oltre,Straniera,29
71,stadio-meloncello,Porto - Saragozza,Costa Saragozza,Maschi,15-24,Italiana,123
72,xxi aprile,Porto - Saragozza,Costa Saragozza,Femmine,25-34,Straniera,67
72,xxi aprile,Porto - Saragozza,Costa Saragozza,Femmine,65 e oltre,Italiana,1715
72,xxi aprile,Porto - Saragozza,Costa Saragozza,Maschi,03-05,Straniera,11
72,xxi aprile,Porto - Saragozza,Costa Saragozza,Maschi,35-44,Straniera,119
72,xxi aprile,Porto - Saragozza,Costa Saragozza,Maschi,55-64,Italiana,740
72,xxi aprile,Porto - Saragozza,Costa Saragozza,Maschi,55-64,Straniera,60
73,san giuseppe,Porto - Saragozza,Costa Saragozza,Femmine,25-34,Italiana,187
73,san giuseppe,Porto - Saragozza,Costa Saragozza,Femmine,65 e oltre,Straniera,58
73,san giuseppe,Porto - Saragozza,Costa Saragozza,Maschi,25-34,Straniera,22
74,ravone,Porto - Saragozza,Costa Saragozza,Femmine,25-34,Straniera,5
74,ravone,Porto - Saragozza,Costa Saragozza,Maschi,03-05,Italiana,13
74,ravone,Porto - Saragozza,Costa Saragozza,Maschi,55-64,Italiana,94
75,via del genio,Porto - Saragozza,Costa Saragozza,Femmine,45-54,Italiana,1
76,san luca,Porto - Saragozza,Costa Saragozza,Femmine,03-05,Straniera,1
76,san luca,Porto - Saragozza,Costa Saragozza,Maschi,25-34,Straniera,2
76,san luca,Porto - Saragozza,Costa Saragozza,Maschi,65 e oltre,Straniera,4
77,malpighi-2,Porto - Saragozza,Malpighi,Femmine,15-24,Straniera,44
77,malpighi-2,Porto - Saragozza,Malpighi,Femmine,25-34,Italiana,288
77,malpighi-2,Porto - Saragozza,Malpighi,Femmine,25-34,Italiana,342
77,malpighi-2,Porto - Saragozza,Malpighi,Femmine,25-34,Straniera,69
77,malpighi-2,Porto - Saragozza,Malpighi,Femmine,35-44,Italiana,628
77,malpighi-2,Porto - Saragozza,Malpighi,Femmine,45-54,Italiana,684
77,malpighi-2,Porto - Saragozza,Malpighi,Maschi,06-14,Italiana,232
77,malpighi-2,Porto - Saragozza,Malpighi,Maschi,25-34,Italiana,324
77,malpighi-2,Porto - Saragozza,Malpighi,Maschi,35-44,Italiana,582
78,malpighi-1,Porto - Saragozza,Malpighi,Femmine,06-14,Italiana,51
78,malpighi-1,Porto - Saragozza,Malpighi,Femmine,15-24,Straniera,13
78,malpighi-1,Porto - Saragozza,Malpighi,Femmine,65 e oltre,Italiana,276
78,malpighi-1,Porto - Saragozza,Malpighi,Maschi,25-34,Straniera,14
79,fossolo,Savena,Mazzini,Femmine,25-34,Italiana,159
79,fossolo,Savena,Mazzini,Femmine,55-64,Italiana,595
79,fossolo,Savena,Mazzini,Maschi,03-05,Straniera,6
79,fossolo,Savena,Mazzini,Maschi,45-54,Straniera,32
80,due madonne,Savena,Mazzini,Femmine,25-34,Italiana,41
80,due madonne,Savena,Mazzini,Femmine,35-44,Straniera,60
80,due madonne,Savena,Mazzini,Maschi,25-34,Italiana,65
81,lungo savena,Savena,Mazzini,Femmine,25-34,Italiana,5
81,lungo savena,Savena,Mazzini,Femmine,45-54,Italiana,11
81,lungo savena,Savena,Mazzini,Maschi,02 e prima,Italiana,2
82,pontevecchio,Savena,Mazzini,Femmine,03-05,Straniera,22
82,pontevecchio,Savena,Mazzini,Femmine,15-24,Italiana,131
82,pontevecchio,Savena,Mazzini,Maschi,25-34,Italiana,138
83,bitone,Savena,Mazzini,Femmine,02 e prima,Straniera,25
83,bitone,Savena,Mazzini,Maschi,45-54,Italiana,650
84,cavedone,Savena,Mazzini,Femmine,06-14,Italiana,116
84,cavedone,Savena,Mazzini,Femmine,25-34,Straniera,15
84,cavedone,Savena,Mazzini,Maschi,25-34,Italiana,67
85,via arno,Savena,Mazzini,Femmine,02 e prima,Straniera,8
85,via arno,Savena,Mazzini,Femmine,55-64,Italiana,471
85,via arno,Savena,Mazzini,Femmine,65 e oltre,Straniera,53
85,via arno,Savena,Mazzini,Maschi,02 e prima,Straniera,9
85,via arno,Savena,Mazzini,Maschi,25-34,Italiana,134
85,via arno,Savena,Mazzini,Maschi,55-64,Italiana,484
86,ospedale bellaria,Savena,Mazzini,Femmine,06-14,Italiana,2
86,ospedale bellaria,Savena,Mazzini,Femmine,35-44,Italiana,1
86,ospedale bellaria,Savena,Mazzini,Maschi,06-14,Italiana,2
86,ospedale bellaria,Savena,Mazzini,Maschi,35-44,Italiana,1
87,monte donato,Savena,San Ruffillo,Femmine,03-05,Straniera,1
87,monte donato,Savena,San Ruffillo,Femmine,06-14,Straniera,2
87,monte donato,Savena,San Ruffillo,Femmine,65 e oltre,Italiana,203
87,monte donato,Savena,San Ruffillo,Maschi,06-14,Italiana,50
88,via toscana,Savena,San Ruffillo,Femmine,06-14,Italiana,277
89,corelli,Savena,San Ruffillo,Femmine,35-44,Italiana,381
90,ponte savena-la bastia,Savena,San Ruffillo,Femmine,03-05,Italiana,7
90,ponte savena-la bastia,Savena,San Ruffillo,Femmine,25-34,Italiana,22
90,ponte savena-la bastia,Savena,San Ruffillo,Femmine,35-44,Straniera,20
90,ponte savena-la bastia,Savena,San Ruffillo,Maschi,06-14,Straniera,14
90,ponte savena-la bastia,Savena,San Ruffillo,Maschi,25-34,Straniera,8
1,lavino di mezzo,Borgo Panigale - Reno,Borgo Panigale,Femmine,02 e prima,Straniera,1
1,lavino di mezzo,Borgo Panigale - Reno,Borgo Panigale,Femmine,25-34,Italiana,10
2,via del vivaio,Borgo Panigale - Reno,Borgo Panigale,Femmine,25-34,Italiana,18
2,via del vivaio,Borgo Panigale - Reno,Borgo Panigale,Femmine,25-34,Italiana,25
2,via del vivaio,Borgo Panigale - Reno,Borgo Panigale,Femmine,35-44,Italiana,55
2,via del vivaio,Borgo Panigale - Reno,Borgo Panigale,Femmine,45-54,Straniera,9
2,via del vivaio,Borgo Panigale - Reno,Borgo Panigale,Maschi,06-14,Italiana,39
2,via del vivaio,Borgo Panigale - Reno,Borgo Panigale,Maschi,65 e oltre,Straniera,1
4,aeroporto,Borgo Panigale - Reno,Borgo Panigale,Femmine,02 e prima,Straniera,1
4,aeroporto,Borgo Panigale - Reno,Borgo Panigale,Femmine,65 e oltre,Italiana,35
4,aeroporto,Borgo Panigale - Reno,Borgo Panigale,Maschi,06-14,Straniera,1
5,la birra,Borgo Panigale - Reno,Borgo Panigale,Maschi,25-34,Italiana,46
6,lungo reno,Borgo Panigale - Reno,Borgo Panigale,Maschi,55-64,Italiana,1
7,ducati-villaggio ina,Borgo Panigale - Reno,Borgo Panigale,Femmine,03-05,Italiana,25
7,ducati-villaggio ina,Borgo Panigale - Reno,Borgo Panigale,Femmine,25-34,Italiana,71
7,ducati-villaggio ina,Borgo Panigale - Reno,Borgo Panigale,Femmine,45-54,Italiana,182
7,ducati-villaggio ina,Borgo Panigale - Reno,Borgo Panigale,Maschi,25-34,Straniera,11
7,ducati-villaggio ina,Borgo Panigale - Reno,Borgo Panigale,Maschi,35-44,Italiana,146
7,ducati-villaggio ina,Borgo Panigale - Reno,Borgo Panigale,Maschi,45-54,Italiana,184
8,borgo centro,Borgo Panigale - Reno,Borgo Panigale,Femmine,02 e prima,Straniera,21
8,borgo centro,Borgo Panigale - Reno,Borgo Panigale,Femmine,25-34,Italiana,160
8,borgo centro,Borgo Panigale - Reno,Borgo Panigale,Femmine,25-34,Italiana,182
8,borgo centro,Borgo Panigale - Reno,Borgo Panigale,Maschi,55-64,Straniera,56
9,triumvirato-pietra,Borgo Panigale - Reno,Borgo Panigale,Femmine,25-34,Straniera,40
9,triumvirato-pietra,Borgo Panigale - Reno,Borgo Panigale,Maschi,55-64,Straniera,54
10,rigosa,Borgo Panigale - Reno,Borgo Panigale,Femmine,25-34,Straniera,6
10,rigosa,Borgo Panigale - Reno,Borgo Panigale,Femmine,45-54,Italiana,80
10,rigosa,Borgo Panigale - Reno,Borgo Panigale,Femmine,55-64,Straniera,11
11,casteldebole,Borgo Panigale - Reno,Borgo Panigale,Femmine,03-05,Italiana,36
11,casteldebole,Borgo Panigale - Reno,Borgo Panigale,Femmine,35-44,Italiana,212
11,casteldebole,Borgo Panigale - Reno,Borgo Panigale,Maschi,15-24,Straniera,33
12,caserme rosse-manifattura,Navile,Bolognina,Femmine,55-64,Straniera,38
12,caserme rosse-manifattura,Navile,Bolognina,Maschi,25-34,Italiana,55
12,caserme rosse-manifattura,Navile,Bolognina,Maschi,35-44,Straniera,44
14,arcoveggio,Navile,Bolognina,Femmine,15-24,Italiana,255
14,arcoveggio,Navile,Bolognina,Femmine,65 e oltre,Italiana,1190
14,arcoveggio,Navile,Bolognina,Maschi,65 e oltre,Italiana,875
16,ex mercato ortofrutticolo,Navile,Bolognina,Femmine,02 e prima,Straniera,4
16,ex mercato ortofrutticolo,Navile,Bolognina,Femmine,35-44,Italiana,92
16,ex mercato ortofrutticolo,Navile,Bolognina,Femmine,65 e oltre,Straniera,7
16,ex mercato ortofrutticolo,Navile,Bolognina,Maschi,02 e prima,Italiana,31
16,ex mercato ortofrutticolo,Navile,Bolognina,Maschi,06-14,Italiana,41
16,ex mercato ortofrutticolo,Navile,Bolognina,Maschi,35-44,Straniera,19
16,ex mercato ortofrutticolo,Navile,Bolognina,Maschi,55-64,Straniera,5
17,piazza dell'unita',Navile,Bolognina,Maschi,55-64,Italiana,534
18,san savino,Navile,Corticella,Femmine,02 e prima,Italiana,70
18,san savino,Navile,Corticella,Femmine,25-34,Straniera,74
18,san savino,Navile,Corticella,Femmine,55-64,Straniera,137
18,san savino,Navile,Corticella,Maschi,06-14,Italiana,276
18,san savino,Navile,Corticella,Maschi,15-24,Italiana,339
19,savena abbandonato,Navile,Corticella,Femmine,03-05,Italiana,8
19,savena abbandonato,Navile,Corticella,Femmine,65 e oltre,Straniera,5
20,croce coperta,Navile,Corticella,Femmine,55-64,Italiana,460
20,croce coperta,Navile,Corticella,Maschi,25-34,Straniera,49
21,mulino del gomito,Navile,Corticella,Femmine,06-14,Straniera,10
21,mulino del gomito,Navile,Corticella,Maschi,25-34,Straniera,17
23,laghetti del rosario,Navile,Lame,Maschi,15-24,Italiana,28
23,laghetti del rosario,Navile,Lame,Maschi,55-64,Straniera,4
24,la noce,Navile,Lame,Femmine,65 e oltre,Italiana,180
25,tiro a segno,Navile,Lame,Femmine,25-34,Italiana,6
25,tiro a segno,Navile,Lame,Femmine,25-34,Italiana,3
25,tiro a segno,Navile,Lame,Femmine,45-54,Italiana,8
25,tiro a segno,Navile,Lame,Femmine,65 e oltre,Straniera,1
25,tiro a segno,Navile,Lame,Maschi,02 e prima,Italiana,2
25,tiro a segno,Navile,Lame,Maschi,15-24,Straniera,1
25,tiro a segno,Navile,Lame,Maschi,25-34,Straniera,2
26,pescarola,Navile,Lame,Femmine,02 e prima,Straniera,8
26,pescarola,Navile,Lame,Femmine,25-34,Italiana,79
26,pescarola,Navile,Lame,Femmine,35-44,Straniera,87
26,pescarola,Navile,Lame,Maschi,02 e prima,Straniera,12
26,pescarola,Navile,Lame,Maschi,45-54,Straniera,63
27,lazzaretto,Navile,Lame,Femmine,03-05,Italiana,21
27,lazzaretto,Navile,Lame,Femmine,06-14,Straniera,3
27,lazzaretto,Navile,Lame,Femmine,35-44,Straniera,12
29,marconi-2,Porto - Saragozza,Marconi,Femmine,15-24,Italiana,406
29,marconi-2,Porto - Saragozza,Marconi,Maschi,45-54,Italiana,784
33,zanardi,Porto - Saragozza,Saffi,Maschi,06-14,Straniera,42
33,zanardi,Porto - Saragozza,Saffi,Maschi,35-44,Straniera,99
34,velodromo,Porto - Saragozza,Saffi,Maschi,15-24,Straniera,33
35,via vittorio veneto,Porto - Saragozza,Saffi,Maschi,65 e oltre,Italiana,459
36,villaggio della barca,Borgo Panigale - Reno,Barca,Femmine,25-34,Italiana,104
36,villaggio della barca,Borgo Panigale - Reno,Barca,Maschi,06-14,Straniera,68
40,emilia ponente,Borgo Panigale - Reno,Santa Viola,Femmine,45-54,Italiana,676
41,cadriano-calamosco,San Donato - San Vitale,San Donato,Maschi,35-44,Italiana,40
42,fiera,San Donato - San Vitale,San Donato,Maschi,35-44,Italiana,1
44,pilastro,San Donato - San Vitale,San Donato,Femmine,02 e prima,Straniera,25
44,pilastro,San Donato - San Vitale,San Donato,Femmine,15-24,Straniera,95
44,pilastro,San Donato - San Vitale,San Donato,Maschi,15-24,Straniera,123
45,caab,San Donato - San Vitale,San Donato,Femmine,15-24,Italiana,21
45,caab,San Donato - San Vitale,San Donato,Femmine,45-54,Italiana,24
45,caab,San Donato - San Vitale,San Donato,Maschi,25-34,Straniera,9
47,via del lavoro,San Donato - San Vitale,San Donato,Femmine,25-34,Italiana,215
48,michelino,San Donato - San Vitale,San Donato,Femmine,06-14,Italiana,103
48,michelino,San Donato - San Vitale,San Donato,Femmine,25-34,Straniera,54
48,michelino,San Donato - San Vitale,San Donato,Femmine,35-44,Italiana,231
48,michelino,San Donato - San Vitale,San Donato,Maschi,25-34,Straniera,55
49,via mondo,San Donato - San Vitale,San Donato,Femmine,06-14,Italiana,167
49,via mondo,San Donato - San Vitale,San Donato,Maschi,25-34,Italiana,233
50,osservanza,Santo Stefano,Colli,Femmine,03-05,Italiana,29
50,osservanza,Santo Stefano,Colli,Femmine,25-34,Italiana,100
52,paderno,Santo Stefano,Colli,Femmine,03-05,Straniera,1
52,paderno,Santo Stefano,Colli,Femmine,06-14,Straniera,8
52,paderno,Santo Stefano,Colli,Femmine,25-34,Italiana,33
52,paderno,Santo Stefano,Colli,Maschi,25-34,Straniera,23
52,paderno,Santo Stefano,Colli,Maschi,55-64,Italiana,106
53,galvani-1,Santo Stefano,Galvani,Femmine,06-14,Straniera,3
53,galvani-1,Santo Stefano,Galvani,Femmine,15-24,Italiana,73
53,galvani-1,Santo Stefano,Galvani,Femmine,15-24,Straniera,9
53,galvani-1,Santo Stefano,Galvani,Maschi,15-24,Straniera,11
53,galvani-1,Santo Stefano,Galvani,Maschi,45-54,Italiana,96
53,galvani-1,Santo Stefano,Galvani,Maschi,55-64,Italiana,127
54,galvani-2,Santo Stefano,Galvani,Femmine,06-14,Straniera,54
54,galvani-2,Santo Stefano,Galvani,Femmine,65 e oltre,Italiana,1511
54,galvani-2,Santo Stefano,Galvani,Maschi,03-05,Italiana,85
55,giardini margherita,Santo Stefano,Murri,Femmine,25-34,Italiana,2
56,mezzofanti,Santo Stefano,Murri,Femmine,02 e prima,Straniera,6
56,mezzofanti,Santo Stefano,Murri,Femmine,55-64,Italiana,538
56,mezzofanti,Santo Stefano,Murri,Femmine,65 e oltre,Italiana,1077
56,mezzofanti,Santo Stefano,Murri,Maschi,02 e prima,Straniera,4
56,mezzofanti,Santo Stefano,Murri,Maschi,15-24,Straniera,26
56,mezzofanti,Santo Stefano,Murri,Maschi,25-34,Italiana,193
56,mezzofanti,Santo Stefano,Murri,Maschi,65 e oltre,Italiana,809
57,siepelunga,Santo Stefano,Murri,Maschi,06-14,Straniera,6
58,dagnini,Santo Stefano,Murri,Maschi,06-14,Straniera,29
58,dagnini,Santo Stefano,Murri,Maschi,65 e oltre,Straniera,19
59,chiesanuova,Santo Stefano,Murri,Femmine,25-34,Italiana,206
59,chiesanuova,Santo Stefano,Murri,Femmine,25-34,Italiana,240
59,chiesanuova,Santo Stefano,Murri,Femmine,35-44,Straniera,92
59,chiesanuova,Santo Stefano,Murri,Femmine,45-54,Straniera,105
59,chiesanuova,Santo Stefano,Murri,Maschi,25-34,Straniera,35
59,chiesanuova,Santo Stefano,Murri,Maschi,25-34,Italiana,258
59,chiesanuova,Santo Stefano,Murri,Maschi,25-34,Straniera,34
60,irnerio-1,Santo Stefano,Irnerio,Femmine,15-24,Italiana,125
60,irnerio-1,Santo Stefano,Irnerio,Femmine,65 e oltre,Straniera,26
61,irnerio-2,Santo Stefano,Irnerio,Femmine,02 e prima,Italiana,60
61,irnerio-2,Santo Stefano,Irnerio,Femmine,03-05,Straniera,18
61,irnerio-2,Santo Stefano,Irnerio,Femmine,06-14,Italiana,193
61,irnerio-2,Santo Stefano,Irnerio,Femmine,45-54,Italiana,590
61,irnerio-2,Santo Stefano,Irnerio,Maschi,03-05,Straniera,19
61,irnerio-2,Santo Stefano,Irnerio,Maschi,06-14,Italiana,225
61,irnerio-2,Santo Stefano,Irnerio,Maschi,15-24,Straniera,66
61,irnerio-2,Santo Stefano,Irnerio,Maschi,25-34,Italiana,465
61,irnerio-2,Santo Stefano,Irnerio,Maschi,45-54,Italiana,593
61,irnerio-2,Santo Stefano,Irnerio,Maschi,55-64,Straniera,53
62,cirenaica,San Donato - San Vitale,San Vitale,Femmine,06-14,Straniera,56
62,cirenaica,San Donato - San Vitale,San Vitale,Femmine,35-44,Italiana,514
62,cirenaica,San Donato - San Vitale,San Vitale,Maschi,02 e prima,Straniera,17
62,cirenaica,San Donato - San Vitale,San Vitale,Maschi,25-34,Straniera,75
62,cirenaica,San Donato - San Vitale,San Vitale,Maschi,65 e oltre,Italiana,838
63,scandellara,San Donato - San Vitale,San Vitale,Maschi,06-14,Italiana,32
64,via larga,San Donato - San Vitale,San Vitale,Femmine,06-14,Straniera,4
64,via larga,San Donato - San Vitale,San Vitale,Maschi,03-05,Italiana,24
64,via larga,San Donato - San Vitale,San Vitale,Maschi,15-24,Straniera,12
64,via larga,San Donato - San Vitale,San Vitale,Maschi,25-34,Italiana,60
64,via larga,San Donato - San Vitale,San Vitale,Maschi,25-34,Italiana,30
65,roveri,San Donato - San Vitale,San Vitale,Femmine,25-34,Italiana,9
65,roveri,San Donato - San Vitale,San Vitale,Maschi,02 e prima,Italiana,8
65,roveri,San Donato - San Vitale,San Vitale,Maschi,25-34,Straniera,175
65,roveri,San Donato - San Vitale,San Vitale,Maschi,35-44,Straniera,135
66,ospedale sant'orsola,San Donato - San Vitale,San Vitale,Femmine,25-34,Straniera,1
66,ospedale sant'orsola,San Donato - San Vitale,San Vitale,Maschi,25-34,Italiana,5
66,ospedale sant'orsola,San Donato - San Vitale,San Vitale,Maschi,25-34,Straniera,1
66,ospedale sant'orsola,San Donato - San Vitale,San Vitale,Maschi,45-54,Italiana,2
67,mengoli,San Donato - San Vitale,San Vitale,Femmine,02 e prima,Straniera,14
67,mengoli,San Donato - San Vitale,San Vitale,Maschi,25-34,Italiana,257
67,mengoli,San Donato - San Vitale,San Vitale,Maschi,25-34,Italiana,372
68,guelfa,San Donato - San Vitale,San Vitale,Maschi,02 e prima,Italiana,61
68,guelfa,San Donato - San Vitale,San Vitale,Maschi,03-05,Italiana,74
68,guelfa,San Donato - San Vitale,San Vitale,Maschi,06-14,Italiana,159
68,guelfa,San Donato - San Vitale,San Vitale,Maschi,25-34,Straniera,71
68,guelfa,San Donato - San Vitale,San Vitale,Maschi,55-64,Straniera,49
69,croce del biacco,San Donato - San Vitale,San Vitale,Femmine,45-54,Straniera,72
69,croce del biacco,San Donato - San Vitale,San Vitale,Femmine,55-64,Italiana,311
69,croce del biacco,San Donato - San Vitale,San Vitale,Maschi,03-05,Italiana,46
69,croce del biacco,San Donato - San Vitale,San Vitale,Maschi,25-34,Straniera,26
69,croce del biacco,San Donato - San Vitale,San Vitale,Maschi,45-54,Italiana,276
70,stradelli guelfi,San Donato - San Vitale,San Vitale,Femmine,15-24,Italiana,11
70,stradelli guelfi,San Donato - San Vitale,San Vitale,Femmine,35-44,Italiana,17
70,stradelli guelfi,San Donato - San Vitale,San Vitale,Femmine,45-54,Italiana,28
70,stradelli guelfi,San Donato - San Vitale,San Vitale,Maschi,06-14,Italiana,10
70,stradelli guelfi,San Donato - San Vitale,San Vitale,Maschi,45-54,Straniera,2
71,stadio-meloncello,Porto - Saragozza,Costa Saragozza,Femmine,35-44,Italiana,205
71,stadio-meloncello,Porto - Saragozza,Costa Saragozza,Femmine,55-64,Straniera,39
71,stadio-meloncello,Porto - Saragozza,Costa Saragozza,Maschi,03-05,Italiana,30
71,stadio-meloncello,Porto - Saragozza,Costa Saragozza,Maschi,35-44,Straniera,42
71,stadio-meloncello,Porto - Saragozza,Costa Saragozza,Maschi,55-64,Straniera,11
72,xxi aprile,Porto - Saragozza,Costa Saragozza,Femmine,02 e prima,Straniera,12
72,xxi aprile,Porto - Saragozza,Costa Saragozza,Maschi,15-24,Straniera,77
72,xxi aprile,Porto - Saragozza,Costa Saragozza,Maschi,65 e oltre,Straniera,25
73,san giuseppe,Porto - Saragozza,Costa Saragozza,Femmine,03-05,Italiana,49
73,san giuseppe,Porto - Saragozza,Costa Saragozza,Femmine,06-14,Italiana,183
73,san giuseppe,Porto - Saragozza,Costa Saragozza,Femmine,45-54,Straniera,50
73,san giuseppe,Porto - Saragozza,Costa Saragozza,Femmine,65 e oltre,Italiana,984
73,san giuseppe,Porto - Saragozza,Costa Saragozza,Maschi,15-24,Italiana,291
73,san giuseppe,Porto - Saragozza,Costa Saragozza,Maschi,45-54,Italiana,395
74,ravone,Porto - Saragozza,Costa Saragozza,Femmine,02 e prima,Italiana,9
74,ravone,Porto - Saragozza,Costa Saragozza,Maschi,02 e prima,Italiana,6
74,ravone,Porto - Saragozza,Costa Saragozza,Maschi,25-34,Straniera,3
74,ravone,Porto - Saragozza,Costa Saragozza,Maschi,25-34,Italiana,28
74,ravone,Porto - Saragozza,Costa Saragozza,Maschi,35-44,Italiana,51
74,ravone,Porto - Saragozza,Costa Saragozza,Maschi,65 e oltre,Straniera,1
75,via del genio,Porto - Saragozza,Costa Saragozza,Femmine,25-34,Italiana,2
75,via del genio,Porto - Saragozza,Costa Saragozza,Femmine,35-44,Italiana,1
75,via del genio,Porto - Saragozza,Costa Saragozza,Maschi,45-54,Italiana,1
76,san luca,Porto - Saragozza,Costa Saragozza,Femmine,15-24,Straniera,1
76,san luca,Porto - Saragozza,Costa Saragozza,Femmine,65 e oltre,Straniera,7
76,san luca,Porto - Saragozza,Costa Saragozza,Maschi,35-44,Straniera,7
76,san luca,Porto - Saragozza,Costa Saragozza,Maschi,65 e oltre,Italiana,81
77,malpighi-2,Porto - Saragozza,Malpighi,Femmine,02 e prima,Straniera,11
77,malpighi-2,Porto - Saragozza,Malpighi,Femmine,03-05,Straniera,11
77,malpighi-2,Porto - Saragozza,Malpighi,Femmine,35-44,Straniera,126
77,malpighi-2,Porto - Saragozza,Malpighi,Femmine,65 e oltre,Italiana,1258
77,malpighi-2,Porto - Saragozza,Malpighi,Maschi,45-54,Straniera,90
77,malpighi-2,Porto - Saragozza,Malpighi,Maschi,65 e oltre,Italiana,949
78,malpighi-1,Porto - Saragozza,Malpighi,Femmine,02 e prima,Italiana,13
78,malpighi-1,Porto - Saragozza,Malpighi,Femmine,35-44,Straniera,22
78,malpighi-1,Porto - Saragozza,Malpighi,Maschi,03-05,Italiana,10
79,fossolo,Savena,Mazzini,Femmine,06-14,Straniera,30
79,fossolo,Savena,Mazzini,Femmine,15-24,Straniera,27
79,fossolo,Savena,Mazzini,Femmine,45-54,Italiana,538
79,fossolo,Savena,Mazzini,Femmine,65 e oltre,Italiana,1679
79,fossolo,Savena,Mazzini,Maschi,02 e prima,Italiana,87
81,lungo savena,Savena,Mazzini,Maschi,06-14,Italiana,2
81,lungo savena,Savena,Mazzini,Maschi,15-24,Italiana,7
83,bitone,Savena,Mazzini,Maschi,03-05,Straniera,34
84,cavedone,Savena,Mazzini,Femmine,45-54,Italiana,191
85,via arno,Savena,Mazzini,Maschi,25-34,Straniera,26
87,monte donato,Savena,San Ruffillo,Femmine,55-64,Straniera,19
87,monte donato,Savena,San Ruffillo,Femmine,65 e oltre,Straniera,10
87,monte donato,Savena,San Ruffillo,Maschi,45-54,Straniera,8
87,monte donato,Savena,San Ruffillo,Maschi,55-64,Straniera,8
88,via toscana,Savena,San Ruffillo,Femmine,03-05,Straniera,23
88,via toscana,Savena,San Ruffillo,Maschi,02 e prima,Straniera,15
88,via toscana,Savena,San Ruffillo,Maschi,15-24,Italiana,356
88,via toscana,Savena,San Ruffillo,Maschi,25-34,Italiana,184
89,corelli,Savena,San Ruffillo,Maschi,35-44,Straniera,110
89,corelli,Savena,San Ruffillo,Maschi,55-64,Straniera,43
90,ponte savena-la bastia,Savena,San Ruffillo,Femmine,02 e prima,Italiana,12
90,ponte savena-la bastia,Savena,San Ruffillo,Femmine,65 e oltre,Straniera,8
13,cnr,Navile,Bolognina,Femmine,06-14,Italiana,1
15,via ferrarese,Navile,Bolognina,Femmine,25-34,Italiana,225
15,via ferrarese,Navile,Bolognina,Femmine,25-34,Italiana,384
15,via ferrarese,Navile,Bolognina,Maschi,02 e prima,Italiana,94
15,via ferrarese,Navile,Bolognina,Maschi,15-24,Straniera,156
16,ex mercato ortofrutticolo,Navile,Bolognina,Femmine,45-54,Straniera,5
19,savena abbandonato,Navile,Corticella,Maschi,06-14,Italiana,31
19,savena abbandonato,Navile,Corticella,Maschi,45-54,Straniera,14
19,savena abbandonato,Navile,Corticella,Maschi,55-64,Italiana,78
20,croce coperta,Navile,Corticella,Femmine,55-64,Straniera,61
20,croce coperta,Navile,Corticella,Femmine,65 e oltre,Italiana,823
20,croce coperta,Navile,Corticella,Maschi,03-05,Straniera,21
20,croce coperta,Navile,Corticella,Maschi,06-14,Italiana,159
20,croce coperta,Navile,Corticella,Maschi,55-64,Straniera,53
21,mulino del gomito,Navile,Corticella,Femmine,65 e oltre,Italiana,45
21,mulino del gomito,Navile,Corticella,Maschi,35-44,Straniera,48
22,la dozza,Navile,Corticella,Femmine,03-05,Italiana,9
23,laghetti del rosario,Navile,Lame,Femmine,45-54,Italiana,40
23,laghetti del rosario,Navile,Lame,Maschi,06-14,Italiana,17
23,laghetti del rosario,Navile,Lame,Maschi,25-34,Straniera,1
24,la noce,Navile,Lame,Femmine,55-64,Italiana,157
27,lazzaretto,Navile,Lame,Maschi,15-24,Italiana,24
27,lazzaretto,Navile,Lame,Maschi,25-34,Straniera,25
27,lazzaretto,Navile,Lame,Maschi,35-44,Straniera,26
27,lazzaretto,Navile,Lame,Maschi,45-54,Straniera,20
27,lazzaretto,Navile,Lame,Maschi,55-64,Italiana,41
28,beverara,Navile,Lame,Femmine,02 e prima,Straniera,19
28,beverara,Navile,Lame,Femmine,25-34,Italiana,124
28,beverara,Navile,Lame,Femmine,45-54,Italiana,393
28,beverara,Navile,Lame,Femmine,65 e oltre,Italiana,1065
28,beverara,Navile,Lame,Maschi,02 e prima,Italiana,37
28,beverara,Navile,Lame,Maschi,03-05,Straniera,28
28,beverara,Navile,Lame,Maschi,25-34,Straniera,37
28,beverara,Navile,Lame,Maschi,35-44,Straniera,100
29,marconi-2,Porto - Saragozza,Marconi,Femmine,35-44,Straniera,168
30,marconi-1,Porto - Saragozza,Marconi,Femmine,35-44,Straniera,28
30,marconi-1,Porto - Saragozza,Marconi,Maschi,15-24,Straniera,13
30,marconi-1,Porto - Saragozza,Marconi,Maschi,25-34,Italiana,80
30,marconi-1,Porto - Saragozza,Marconi,Maschi,55-64,Straniera,11
31,prati di caprara-ospedale maggiore,Porto - Saragozza,Saffi,Maschi,55-64,Italiana,16
32,scalo ravone,Porto - Saragozza,Saffi,Femmine,15-24,Italiana,5
32,scalo ravone,Porto - Saragozza,Saffi,Femmine,25-34,Italiana,10
32,scalo ravone,Porto - Saragozza,Saffi,Femmine,55-64,Straniera,2
33,zanardi,Porto - Saragozza,Saffi,Maschi,45-54,Straniera,67
33,zanardi,Porto - Saragozza,Saffi,Maschi,65 e oltre,Italiana,568
34,velodromo,Porto - Saragozza,Saffi,Femmine,15-24,Straniera,31
34,velodromo,Porto - Saragozza,Saffi,Femmine,25-34,Straniera,25
34,velodromo,Porto - Saragozza,Saffi,Femmine,35-44,Straniera,89
34,velodromo,Porto - Saragozza,Saffi,Femmine,45-54,Italiana,330
35,via vittorio veneto,Porto - Saragozza,Saffi,Femmine,25-34,Italiana,146
35,via vittorio veneto,Porto - Saragozza,Saffi,Maschi,25-34,Italiana,199
36,villaggio della barca,Borgo Panigale - Reno,Barca,Femmine,65 e oltre,Italiana,761
36,villaggio della barca,Borgo Panigale - Reno,Barca,Maschi,35-44,Straniera,98
37,battindarno,Borgo Panigale - Reno,Barca,Maschi,03-05,Italiana,61
37,battindarno,Borgo Panigale - Reno,Barca,Maschi,25-34,Italiana,161
37,battindarno,Borgo Panigale - Reno,Barca,Maschi,65 e oltre,Italiana,1092
38,canale di reno,Borgo Panigale - Reno,Barca,Femmine,06-14,Italiana,177
39,agucchi,Borgo Panigale - Reno,Santa Viola,Femmine,15-24,Straniera,29
39,agucchi,Borgo Panigale - Reno,Santa Viola,Femmine,65 e oltre,Straniera,49
39,agucchi,Borgo Panigale - Reno,Santa Viola,Maschi,02 e prima,Italiana,40
39,agucchi,Borgo Panigale - Reno,Santa Viola,Maschi,03-05,Straniera,9
39,agucchi,Borgo Panigale - Reno,Santa Viola,Maschi,15-24,Italiana,154
39,agucchi,Borgo Panigale - Reno,Santa Viola,Maschi,25-34,Straniera,33
39,agucchi,Borgo Panigale - Reno,Santa Viola,Maschi,25-34,Italiana,121
39,agucchi,Borgo Panigale - Reno,Santa Viola,Maschi,65 e oltre,Italiana,364
40,emilia ponente,Borgo Panigale - Reno,Santa Viola,Femmine,06-14,Straniera,61
40,emilia ponente,Borgo Panigale - Reno,Santa Viola,Maschi,03-05,Italiana,68
40,emilia ponente,Borgo Panigale - Reno,Santa Viola,Maschi,25-34,Straniera,50
40,emilia ponente,Borgo Panigale - Reno,Santa Viola,Maschi,25-34,Italiana,255
40,emilia ponente,Borgo Panigale - Reno,Santa Viola,Maschi,35-44,Straniera,127
41,cadriano-calamosco,San Donato - San Vitale,San Donato,Maschi,02 e prima,Italiana,11
41,cadriano-calamosco,San Donato - San Vitale,San Donato,Maschi,02 e prima,Straniera,6
41,cadriano-calamosco,San Donato - San Vitale,San Donato,Maschi,06-14,Italiana,22
42,fiera,San Donato - San Vitale,San Donato,Femmine,65 e oltre,Italiana,1
43,san donnino,San Donato - San Vitale,San Donato,Femmine,25-34,Italiana,67
43,san donnino,San Donato - San Vitale,San Donato,Maschi,03-05,Straniera,7
44,pilastro,San Donato - San Vitale,San Donato,Femmine,03-05,Italiana,64
44,pilastro,San Donato - San Vitale,San Donato,Femmine,25-34,Straniera,68
44,pilastro,San Donato - San Vitale,San Donato,Maschi,35-44,Italiana,201
45,caab,San Donato - San Vitale,San Donato,Femmine,15-24,Straniera,7
45,caab,San Donato - San Vitale,San Donato,Maschi,15-24,Straniera,20
45,caab,San Donato - San Vitale,San Donato,Maschi,25-34,Italiana,12
47,via del lavoro,San Donato - San Vitale,San Donato,Maschi,25-34,Italiana,176
48,michelino,San Donato - San Vitale,San Donato,Femmine,15-24,Straniera,39
48,michelino,San Donato - San Vitale,San Donato,Maschi,03-05,Italiana,47
48,michelino,San Donato - San Vitale,San Donato,Maschi,25-34,Italiana,139
80,due madonne,Savena,Mazzini,Femmine,02 e prima,Italiana,33
80,due madonne,Savena,Mazzini,Femmine,02 e prima,Straniera,2
80,due madonne,Savena,Mazzini,Femmine,06-14,Italiana,112
80,due madonne,Savena,Mazzini,Femmine,06-14,Straniera,23
80,due madonne,Savena,Mazzini,Femmine,65 e oltre,Italiana,436
80,due madonne,Savena,Mazzini,Maschi,03-05,Straniera,5
80,due madonne,Savena,Mazzini,Maschi,25-34,Straniera,25
80,due madonne,Savena,Mazzini,Maschi,35-44,Straniera,33
80,due madonne,Savena,Mazzini,Maschi,55-64,Straniera,10
81,lungo savena,Savena,Mazzini,Femmine,03-05,Italiana,2
81,lungo savena,Savena,Mazzini,Femmine,06-14,Straniera,4
81,lungo savena,Savena,Mazzini,Maschi,25-34,Straniera,3
82,pontevecchio,Savena,Mazzini,Femmine,55-64,Italiana,304
82,pontevecchio,Savena,Mazzini,Maschi,25-34,Straniera,64
83,bitone,Savena,Mazzini,Femmine,35-44,Italiana,631
83,bitone,Savena,Mazzini,Femmine,65 e oltre,Italiana,1488
83,bitone,Savena,Mazzini,Maschi,65 e oltre,Italiana,1047
84,cavedone,Savena,Mazzini,Femmine,55-64,Straniera,33
84,cavedone,Savena,Mazzini,Maschi,25-34,Italiana,59
85,via arno,Savena,Mazzini,Femmine,25-34,Straniera,16
85,via arno,Savena,Mazzini,Maschi,65 e oltre,Italiana,986
86,ospedale bellaria,Savena,Mazzini,Femmine,25-34,Italiana,1
87,monte donato,Savena,San Ruffillo,Femmine,03-05,Italiana,13
87,monte donato,Savena,San Ruffillo,Maschi,02 e prima,Straniera,1
87,monte donato,Savena,San Ruffillo,Maschi,35-44,Straniera,10
88,via toscana,Savena,San Ruffillo,Femmine,25-34,Italiana,203
88,via toscana,Savena,San Ruffillo,Femmine,65 e oltre,Italiana,1301
88,via toscana,Savena,San Ruffillo,Femmine,65 e oltre,Straniera,86
88,via toscana,Savena,San Ruffillo,Maschi,25-34,Straniera,58
88,via toscana,Savena,San Ruffillo,Maschi,35-44,Straniera,134
88,via toscana,Savena,San Ruffillo,Maschi,65 e oltre,Italiana,953
89,corelli,Savena,San Ruffillo,Femmine,03-05,Straniera,19
89,corelli,Savena,San Ruffillo,Femmine,45-54,Italiana,529
89,corelli,Savena,San Ruffillo,Maschi,15-24,Straniera,82
89,corelli,Savena,San Ruffillo,Maschi,25-34,Straniera,42
90,ponte savena-la bastia,Savena,San Ruffillo,Femmine,06-14,Straniera,13
90,ponte savena-la bastia,Savena,San Ruffillo,Femmine,15-24,Italiana,35
90,ponte savena-la bastia,Savena,San Ruffillo,Femmine,25-34,Italiana,40
90,ponte savena-la bastia,Savena,San Ruffillo,Femmine,35-44,Italiana,57
90,ponte savena-la bastia,Savena,San Ruffillo,Maschi,06-14,Italiana,34
90,ponte savena-la bastia,Savena,San Ruffillo,Maschi,35-44,Straniera,16
11,casteldebole,Borgo Panigale - Reno,Borgo Panigale,Maschi,35-44,Straniera,54
12,caserme rosse-manifattura,Navile,Bolognina,Maschi,25-34,Straniera,17
13,cnr,Navile,Bolognina,Femmine,55-64,Straniera,1
14,arcoveggio,Navile,Bolognina,Maschi,06-14,Italiana,247
15,via ferrarese,Navile,Bolognina,Maschi,25-34,Straniera,151
16,ex mercato ortofrutticolo,Navile,Bolognina,Maschi,03-05,Straniera,10
16,ex mercato ortofrutticolo,Navile,Bolognina,Maschi,25-34,Italiana,64
16,ex mercato ortofrutticolo,Navile,Bolognina,Maschi,35-44,Italiana,119
17,piazza dell'unita',Navile,Bolognina,Maschi,25-34,Italiana,234
18,san savino,Navile,Corticella,Maschi,25-34,Italiana,155
20,croce coperta,Navile,Corticella,Femmine,06-14,Italiana,129
22,la dozza,Navile,Corticella,Femmine,25-34,Italiana,16
22,la dozza,Navile,Corticella,Femmine,55-64,Italiana,121
22,la dozza,Navile,Corticella,Femmine,65 e oltre,Italiana,206
22,la dozza,Navile,Corticella,Maschi,15-24,Straniera,2
50,osservanza,Santo Stefano,Colli,Maschi,55-64,Straniera,22
51,san michele in bosco,Santo Stefano,Colli,Femmine,25-34,Straniera,10
51,san michele in bosco,Santo Stefano,Colli,Femmine,65 e oltre,Straniera,25
51,san michele in bosco,Santo Stefano,Colli,Maschi,25-34,Straniera,7
51,san michele in bosco,Santo Stefano,Colli,Maschi,35-44,Straniera,14
51,san michele in bosco,Santo Stefano,Colli,Maschi,45-54,Italiana,158
51,san michele in bosco,Santo Stefano,Colli,Maschi,55-64,Straniera,14
53,galvani-1,Santo Stefano,Galvani,Maschi,02 e prima,Italiana,11
53,galvani-1,Santo Stefano,Galvani,Maschi,45-54,Straniera,16
56,mezzofanti,Santo Stefano,Murri,Maschi,03-05,Straniera,10
57,siepelunga,Santo Stefano,Murri,Femmine,06-14,Straniera,9
57,siepelunga,Santo Stefano,Murri,Femmine,65 e oltre,Italiana,731
57,siepelunga,Santo Stefano,Murri,Maschi,15-24,Italiana,222
57,siepelunga,Santo Stefano,Murri,Maschi,15-24,Straniera,14
57,siepelunga,Santo Stefano,Murri,Maschi,25-34,Italiana,108
57,siepelunga,Santo Stefano,Murri,Maschi,45-54,Italiana,245
58,dagnini,Santo Stefano,Murri,Femmine,03-05,Italiana,91
58,dagnini,Santo Stefano,Murri,Femmine,25-34,Straniera,48
58,dagnini,Santo Stefano,Murri,Maschi,06-14,Italiana,312
58,dagnini,Santo Stefano,Murri,Maschi,25-34,Straniera,58
59,chiesanuova,Santo Stefano,Murri,Femmine,55-64,Straniera,87
60,irnerio-1,Santo Stefano,Irnerio,Femmine,06-14,Italiana,69
60,irnerio-1,Santo Stefano,Irnerio,Maschi,02 e prima,Italiana,24
60,irnerio-1,Santo Stefano,Irnerio,Maschi,25-34,Straniera,31
62,cirenaica,San Donato - San Vitale,San Vitale,Femmine,25-34,Straniera,65
63,scandellara,San Donato - San Vitale,San Vitale,Femmine,03-05,Italiana,14
63,scandellara,San Donato - San Vitale,San Vitale,Femmine,25-34,Straniera,5
63,scandellara,San Donato - San Vitale,San Vitale,Maschi,02 e prima,Straniera,1
63,scandellara,San Donato - San Vitale,San Vitale,Maschi,55-64,Italiana,57
64,via larga,San Donato - San Vitale,San Vitale,Femmine,03-05,Italiana,13
64,via larga,San Donato - San Vitale,San Vitale,Femmine,25-34,Italiana,39
64,via larga,San Donato - San Vitale,San Vitale,Femmine,35-44,Straniera,27
64,via larga,San Donato - San Vitale,San Vitale,Maschi,25-34,Straniera,40
64,via larga,San Donato - San Vitale,San Vitale,Maschi,45-54,Straniera,6
65,roveri,San Donato - San Vitale,San Vitale,Femmine,35-44,Italiana,32
65,roveri,San Donato - San Vitale,San Vitale,Femmine,55-64,Straniera,12
65,roveri,San Donato - San Vitale,San Vitale,Maschi,02 e prima,Straniera,3
65,roveri,San Donato - San Vitale,San Vitale,Maschi,55-64,Italiana,48
67,mengoli,San Donato - San Vitale,San Vitale,Femmine,45-54,Italiana,593
67,mengoli,San Donato - San Vitale,San Vitale,Femmine,55-64,Italiana,609
67,mengoli,San Donato - San Vitale,San Vitale,Femmine,65 e oltre,Italiana,1397
67,mengoli,San Donato - San Vitale,San Vitale,Maschi,35-44,Italiana,574
68,guelfa,San Donato - San Vitale,San Vitale,Femmine,02 e prima,Italiana,72
68,guelfa,San Donato - San Vitale,San Vitale,Femmine,25-34,Italiana,194
68,guelfa,San Donato - San Vitale,San Vitale,Femmine,25-34,Straniera,53
68,guelfa,San Donato - San Vitale,San Vitale,Maschi,25-34,Italiana,244
68,guelfa,San Donato - San Vitale,San Vitale,Maschi,55-64,Italiana,396
69,croce del biacco,San Donato - San Vitale,San Vitale,Femmine,55-64,Straniera,53
69,croce del biacco,San Donato - San Vitale,San Vitale,Maschi,25-34,Italiana,124
70,stradelli guelfi,San Donato - San Vitale,San Vitale,Maschi,02 e prima,Italiana,3
70,stradelli guelfi,San Donato - San Vitale,San Vitale,Maschi,55-64,Straniera,2
71,stadio-meloncello,Porto - Saragozza,Costa Saragozza,Femmine,02 e prima,Straniera,4
71,stadio-meloncello,Porto - Saragozza,Costa Saragozza,Femmine,35-44,Straniera,47
71,stadio-meloncello,Porto - Saragozza,Costa Saragozza,Femmine,55-64,Italiana,243
71,stadio-meloncello,Porto - Saragozza,Costa Saragozza,Maschi,15-24,Straniera,16
71,stadio-meloncello,Porto - Saragozza,Costa Saragozza,Maschi,45-54,Italiana,246
72,xxi aprile,Porto - Saragozza,Costa Saragozza,Femmine,03-05,Italiana,115
72,xxi aprile,Porto - Saragozza,Costa Saragozza,Maschi,25-34,Italiana,312
73,san giuseppe,Porto - Saragozza,Costa Saragozza,Femmine,06-14,Straniera,11
73,san giuseppe,Porto - Saragozza,Costa Saragozza,Femmine,25-34,Straniera,21
73,san giuseppe,Porto - Saragozza,Costa Saragozza,Maschi,02 e prima,Italiana,55
73,san giuseppe,Porto - Saragozza,Costa Saragozza,Maschi,25-34,Italiana,164
73,san giuseppe,Porto - Saragozza,Costa Saragozza,Maschi,55-64,Italiana,406
73,san giuseppe,Porto - Saragozza,Costa Saragozza,Maschi,65 e oltre,Italiana,711
74,ravone,Porto - Saragozza,Costa Saragozza,Femmine,15-24,Italiana,37
74,ravone,Porto - Saragozza,Costa Saragozza,Femmine,45-54,Straniera,11
74,ravone,Porto - Saragozza,Costa Saragozza,Maschi,25-34,Italiana,27
74,ravone,Porto - Saragozza,Costa Saragozza,Maschi,25-34,Straniera,7
74,ravone,Porto - Saragozza,Costa Saragozza,Maschi,35-44,Straniera,2
75,via del genio,Porto - Saragozza,Costa Saragozza,Maschi,25-34,Italiana,1
76,san luca,Porto - Saragozza,Costa Saragozza,Femmine,03-05,Italiana,5
76,san luca,Porto - Saragozza,Costa Saragozza,Femmine,45-54,Straniera,11
76,san luca,Porto - Saragozza,Costa Saragozza,Maschi,25-34,Italiana,10
77,malpighi-2,Porto - Saragozza,Malpighi,Femmine,65 e oltre,Straniera,82
77,malpighi-2,Porto - Saragozza,Malpighi,Maschi,02 e prima,Straniera,11
77,malpighi-2,Porto - Saragozza,Malpighi,Maschi,06-14,Straniera,29
77,malpighi-2,Porto - Saragozza,Malpighi,Maschi,35-44,Straniera,107
78,malpighi-1,Porto - Saragozza,Malpighi,Femmine,03-05,Straniera,1
78,malpighi-1,Porto - Saragozza,Malpighi,Femmine,35-44,Italiana,93
78,malpighi-1,Porto - Saragozza,Malpighi,Femmine,55-64,Italiana,114
78,malpighi-1,Porto - Saragozza,Malpighi,Femmine,55-64,Straniera,25
78,malpighi-1,Porto - Saragozza,Malpighi,Maschi,02 e prima,Italiana,12
78,malpighi-1,Porto - Saragozza,Malpighi,Maschi,02 e prima,Straniera,1
78,malpighi-1,Porto - Saragozza,Malpighi,Maschi,35-44,Italiana,97
78,malpighi-1,Porto - Saragozza,Malpighi,Maschi,55-64,Italiana,100
79,fossolo,Savena,Mazzini,Femmine,02 e prima,Italiana,59
79,fossolo,Savena,Mazzini,Femmine,25-34,Straniera,24
79,fossolo,Savena,Mazzini,Femmine,25-34,Italiana,174
79,fossolo,Savena,Mazzini,Maschi,06-14,Italiana,294
79,fossolo,Savena,Mazzini,Maschi,06-14,Straniera,23
79,fossolo,Savena,Mazzini,Maschi,25-34,Italiana,153
79,fossolo,Savena,Mazzini,Maschi,55-64,Straniera,18
80,due madonne,Savena,Mazzini,Femmine,25-34,Italiana,74
80,due madonne,Savena,Mazzini,Femmine,65 e oltre,Straniera,34
80,due madonne,Savena,Mazzini,Maschi,15-24,Italiana,105
80,due madonne,Savena,Mazzini,Maschi,25-34,Straniera,9
80,due madonne,Savena,Mazzini,Maschi,45-54,Italiana,189
81,lungo savena,Savena,Mazzini,Femmine,25-34,Straniera,2
81,lungo savena,Savena,Mazzini,Femmine,55-64,Straniera,1
81,lungo savena,Savena,Mazzini,Maschi,03-05,Italiana,2
81,lungo savena,Savena,Mazzini,Maschi,25-34,Italiana,4
81,lungo savena,Savena,Mazzini,Maschi,65 e oltre,Italiana,8
82,pontevecchio,Savena,Mazzini,Femmine,25-34,Italiana,129
82,pontevecchio,Savena,Mazzini,Maschi,02 e prima,Italiana,46
82,pontevecchio,Savena,Mazzini,Maschi,15-24,Italiana,133
82,pontevecchio,Savena,Mazzini,Maschi,35-44,Italiana,324
83,bitone,Savena,Mazzini,Femmine,02 e prima,Italiana,91
83,bitone,Savena,Mazzini,Femmine,03-05,Italiana,115
83,bitone,Savena,Mazzini,Femmine,03-05,Straniera,26
83,bitone,Savena,Mazzini,Femmine,25-34,Italiana,242
83,bitone,Savena,Mazzini,Femmine,25-34,Straniera,58
83,bitone,Savena,Mazzini,Femmine,55-64,Italiana,672
83,bitone,Savena,Mazzini,Femmine,55-64,Straniera,130
83,bitone,Savena,Mazzini,Maschi,06-14,Italiana,318
84,cavedone,Savena,Mazzini,Femmine,03-05,Straniera,5
84,cavedone,Savena,Mazzini,Femmine,15-24,Italiana,149
84,cavedone,Savena,Mazzini,Femmine,25-34,Straniera,18
84,cavedone,Savena,Mazzini,Femmine,35-44,Straniera,56
84,cavedone,Savena,Mazzini,Femmine,55-64,Italiana,192
84,cavedone,Savena,Mazzini,Femmine,65 e oltre,Italiana,437
84,cavedone,Savena,Mazzini,Maschi,55-64,Italiana,181
84,cavedone,Savena,Mazzini,Maschi,65 e oltre,Straniera,19
85,via arno,Savena,Mazzini,Femmine,15-24,Straniera,16
85,via arno,Savena,Mazzini,Maschi,15-24,Italiana,249
85,via arno,Savena,Mazzini,Maschi,25-34,Straniera,24
85,via arno,Savena,Mazzini,Maschi,45-54,Italiana,411
86,ospedale bellaria,Savena,Mazzini,Femmine,03-05,Italiana,2
86,ospedale bellaria,Savena,Mazzini,Femmine,15-24,Italiana,4
86,ospedale bellaria,Savena,Mazzini,Maschi,55-64,Italiana,11
87,monte donato,Savena,San Ruffillo,Maschi,03-05,Straniera,2
87,monte donato,Savena,San Ruffillo,Maschi,15-24,Italiana,60
87,monte donato,Savena,San Ruffillo,Maschi,25-34,Italiana,27
87,monte donato,Savena,San Ruffillo,Maschi,65 e oltre,Italiana,178
88,via toscana,Savena,San Ruffillo,Femmine,15-24,Italiana,326
88,via toscana,Savena,San Ruffillo,Femmine,55-64,Italiana,660
88,via toscana,Savena,San Ruffillo,Maschi,06-14,Italiana,260
88,via toscana,Savena,San Ruffillo,Maschi,25-34,Straniera,52
88,via toscana,Savena,San Ruffillo,Maschi,45-54,Straniera,112
89,corelli,Savena,San Ruffillo,Femmine,02 e prima,Straniera,22
89,corelli,Savena,San Ruffillo,Femmine,03-05,Italiana,72
89,corelli,Savena,San Ruffillo,Maschi,02 e prima,Straniera,25
89,corelli,Savena,San Ruffillo,Maschi,03-05,Italiana,75
89,corelli,Savena,San Ruffillo,Maschi,25-34,Italiana,160
90,ponte savena-la bastia,Savena,San Ruffillo,Femmine,55-64,Straniera,17
90,ponte savena-la bastia,Savena,San Ruffillo,Maschi,02 e prima,Italiana,7
13,cnr,Navile,Bolognina,Maschi,15-24,Italiana,2
13,cnr,Navile,Bolognina,Maschi,35-44,Italiana,6
14,arcoveggio,Navile,Bolognina,Femmine,02 e prima,Straniera,26
14,arcoveggio,Navile,Bolognina,Femmine,25-34,Straniera,106
14,arcoveggio,Navile,Bolognina,Maschi,25-34,Straniera,112
14,arcoveggio,Navile,Bolognina,Maschi,25-34,Straniera,112
14,arcoveggio,Navile,Bolognina,Maschi,35-44,Italiana,603
15,via ferrarese,Navile,Bolognina,Maschi,03-05,Italiana,101
16,ex mercato ortofrutticolo,Navile,Bolognina,Femmine,25-34,Straniera,7
17,piazza dell'unita',Navile,Bolognina,Femmine,02 e prima,Italiana,59
17,piazza dell'unita',Navile,Bolognina,Maschi,55-64,Straniera,110
18,san savino,Navile,Corticella,Femmine,15-24,Straniera,73
18,san savino,Navile,Corticella,Femmine,25-34,Italiana,161
18,san savino,Navile,Corticella,Femmine,35-44,Straniera,187
19,savena abbandonato,Navile,Corticella,Maschi,35-44,Italiana,50
22,la dozza,Navile,Corticella,Maschi,65 e oltre,Italiana,170
23,laghetti del rosario,Navile,Lame,Femmine,55-64,Straniera,2
23,laghetti del rosario,Navile,Lame,Maschi,06-14,Straniera,2
24,la noce,Navile,Lame,Femmine,03-05,Straniera,4
24,la noce,Navile,Lame,Femmine,25-34,Italiana,27
25,tiro a segno,Navile,Lame,Femmine,15-24,Italiana,3
27,lazzaretto,Navile,Lame,Femmine,03-05,Straniera,1
28,beverara,Navile,Lame,Maschi,55-64,Italiana,506
29,marconi-2,Porto - Saragozza,Marconi,Maschi,02 e prima,Italiana,86
29,marconi-2,Porto - Saragozza,Marconi,Maschi,25-34,Straniera,84
29,marconi-2,Porto - Saragozza,Marconi,Maschi,65 e oltre,Italiana,1123
30,marconi-1,Porto - Saragozza,Marconi,Maschi,03-05,Straniera,2
31,prati di caprara-ospedale maggiore,Porto - Saragozza,Saffi,Femmine,02 e prima,Italiana,6
31,prati di caprara-ospedale maggiore,Porto - Saragozza,Saffi,Femmine,35-44,Straniera,4
31,prati di caprara-ospedale maggiore,Porto - Saragozza,Saffi,Maschi,65 e oltre,Italiana,43
32,scalo ravone,Porto - Saragozza,Saffi,Maschi,06-14,Italiana,2
33,zanardi,Porto - Saragozza,Saffi,Maschi,02 e prima,Italiana,52
33,zanardi,Porto - Saragozza,Saffi,Maschi,15-24,Straniera,68
33,zanardi,Porto - Saragozza,Saffi,Maschi,25-34,Italiana,192
34,velodromo,Porto - Saragozza,Saffi,Femmine,25-34,Italiana,189
34,velodromo,Porto - Saragozza,Saffi,Maschi,03-05,Straniera,12
34,velodromo,Porto - Saragozza,Saffi,Maschi,25-34,Italiana,204
34,velodromo,Porto - Saragozza,Saffi,Maschi,35-44,Straniera,85
35,via vittorio veneto,Porto - Saragozza,Saffi,Femmine,65 e oltre,Italiana,680
36,villaggio della barca,Borgo Panigale - Reno,Barca,Femmine,35-44,Straniera,150
37,battindarno,Borgo Panigale - Reno,Barca,Maschi,02 e prima,Italiana,83
37,battindarno,Borgo Panigale - Reno,Barca,Maschi,25-34,Straniera,65
37,battindarno,Borgo Panigale - Reno,Barca,Maschi,35-44,Straniera,131
38,canale di reno,Borgo Panigale - Reno,Barca,Femmine,02 e prima,Straniera,5
38,canale di reno,Borgo Panigale - Reno,Barca,Femmine,06-14,Straniera,20
38,canale di reno,Borgo Panigale - Reno,Barca,Femmine,25-34,Straniera,40
38,canale di reno,Borgo Panigale - Reno,Barca,Maschi,25-34,Straniera,31
39,agucchi,Borgo Panigale - Reno,Santa Viola,Femmine,25-34,Italiana,120
42,fiera,San Donato - San Vitale,San Donato,Femmine,15-24,Italiana,1
43,san donnino,San Donato - San Vitale,San Donato,Femmine,02 e prima,Straniera,6
45,caab,San Donato - San Vitale,San Donato,Femmine,25-34,Straniera,5
45,caab,San Donato - San Vitale,San Donato,Maschi,03-05,Italiana,5
45,caab,San Donato - San Vitale,San Donato,Maschi,03-05,Straniera,4
45,caab,San Donato - San Vitale,San Donato,Maschi,15-24,Italiana,13
48,michelino,San Donato - San Vitale,San Donato,Femmine,45-54,Italiana,255
49,via mondo,San Donato - San Vitale,San Donato,Femmine,03-05,Italiana,51
50,osservanza,Santo Stefano,Colli,Femmine,06-14,Italiana,164
50,osservanza,Santo Stefano,Colli,Femmine,35-44,Italiana,237
50,osservanza,Santo Stefano,Colli,Femmine,55-64,Italiana,317
51,san michele in bosco,Santo Stefano,Colli,Femmine,02 e prima,Italiana,25
51,san michele in bosco,Santo Stefano,Colli,Femmine,25-34,Italiana,68
51,san michele in bosco,Santo Stefano,Colli,Femmine,45-54,Straniera,21
51,san michele in bosco,Santo Stefano,Colli,Maschi,45-54,Straniera,13
52,paderno,Santo Stefano,Colli,Femmine,25-34,Italiana,22
52,paderno,Santo Stefano,Colli,Femmine,55-64,Straniera,24
52,paderno,Santo Stefano,Colli,Maschi,65 e oltre,Italiana,163
53,galvani-1,Santo Stefano,Galvani,Femmine,65 e oltre,Straniera,17
55,giardini margherita,Santo Stefano,Murri,Femmine,03-05,Italiana,1
55,giardini margherita,Santo Stefano,Murri,Maschi,15-24,Italiana,3
56,mezzofanti,Santo Stefano,Murri,Femmine,03-05,Italiana,84
56,mezzofanti,Santo Stefano,Murri,Maschi,45-54,Italiana,456
58,dagnini,Santo Stefano,Murri,Femmine,55-64,Italiana,640
58,dagnini,Santo Stefano,Murri,Maschi,35-44,Straniera,98
58,dagnini,Santo Stefano,Murri,Maschi,45-54,Straniera,74
59,chiesanuova,Santo Stefano,Murri,Maschi,65 e oltre,Straniera,18
60,irnerio-1,Santo Stefano,Irnerio,Femmine,65 e oltre,Italiana,459
60,irnerio-1,Santo Stefano,Irnerio,Maschi,25-34,Straniera,40
60,irnerio-1,Santo Stefano,Irnerio,Maschi,45-54,Straniera,41
61,irnerio-2,Santo Stefano,Irnerio,Maschi,03-05,Italiana,72
64,via larga,San Donato - San Vitale,San Vitale,Maschi,55-64,Italiana,224
65,roveri,San Donato - San Vitale,San Vitale,Femmine,02 e prima,Italiana,5
65,roveri,San Donato - San Vitale,San Vitale,Maschi,65 e oltre,Straniera,3
66,ospedale sant'orsola,San Donato - San Vitale,San Vitale,Femmine,65 e oltre,Italiana,36
66,ospedale sant'orsola,San Donato - San Vitale,San Vitale,Maschi,25-34,Italiana,1
67,mengoli,San Donato - San Vitale,San Vitale,Maschi,03-05,Italiana,84
67,mengoli,San Donato - San Vitale,San Vitale,Maschi,25-34,Straniera,78
68,guelfa,San Donato - San Vitale,San Vitale,Maschi,06-14,Straniera,49
70,stradelli guelfi,San Donato - San Vitale,San Vitale,Femmine,25-34,Italiana,7
72,xxi aprile,Porto - Saragozza,Costa Saragozza,Femmine,02 e prima,Italiana,120
72,xxi aprile,Porto - Saragozza,Costa Saragozza,Femmine,06-14,Italiana,365
72,xxi aprile,Porto - Saragozza,Costa Saragozza,Femmine,15-24,Straniera,61
72,xxi aprile,Porto - Saragozza,Costa Saragozza,Maschi,02 e prima,Italiana,119
73,san giuseppe,Porto - Saragozza,Costa Saragozza,Femmine,15-24,Straniera,12
74,ravone,Porto - Saragozza,Costa Saragozza,Femmine,06-14,Italiana,45
74,ravone,Porto - Saragozza,Costa Saragozza,Femmine,55-64,Straniera,15
74,ravone,Porto - Saragozza,Costa Saragozza,Maschi,45-54,Straniera,3
74,ravone,Porto - Saragozza,Costa Saragozza,Maschi,55-64,Straniera,3
76,san luca,Porto - Saragozza,Costa Saragozza,Femmine,55-64,Italiana,48
76,san luca,Porto - Saragozza,Costa Saragozza,Maschi,03-05,Straniera,1
77,malpighi-2,Porto - Saragozza,Malpighi,Femmine,06-14,Italiana,227
77,malpighi-2,Porto - Saragozza,Malpighi,Femmine,45-54,Straniera,114
78,malpighi-1,Porto - Saragozza,Malpighi,Femmine,25-34,Straniera,14
78,malpighi-1,Porto - Saragozza,Malpighi,Femmine,25-34,Italiana,56
78,malpighi-1,Porto - Saragozza,Malpighi,Maschi,15-24,Italiana,64
79,fossolo,Savena,Mazzini,Femmine,03-05,Straniera,16
79,fossolo,Savena,Mazzini,Femmine,06-14,Italiana,252
79,fossolo,Savena,Mazzini,Femmine,15-24,Italiana,308
80,due madonne,Savena,Mazzini,Femmine,45-54,Straniera,34
80,due madonne,Savena,Mazzini,Femmine,55-64,Italiana,152
80,due madonne,Savena,Mazzini,Maschi,15-24,Straniera,21
80,due madonne,Savena,Mazzini,Maschi,45-54,Straniera,28
81,lungo savena,Savena,Mazzini,Femmine,02 e prima,Italiana,3
81,lungo savena,Savena,Mazzini,Femmine,03-05,Straniera,1
81,lungo savena,Savena,Mazzini,Femmine,25-34,Italiana,6
82,pontevecchio,Savena,Mazzini,Femmine,06-14,Straniera,55
83,bitone,Savena,Mazzini,Maschi,02 e prima,Italiana,122
84,cavedone,Savena,Mazzini,Maschi,25-34,Straniera,11
87,monte donato,Savena,San Ruffillo,Femmine,25-34,Italiana,30
88,via toscana,Savena,San Ruffillo,Femmine,15-24,Straniera,53
88,via toscana,Savena,San Ruffillo,Maschi,03-05,Straniera,23
88,via toscana,Savena,San Ruffillo,Maschi,35-44,Italiana,515
88,via toscana,Savena,San Ruffillo,Maschi,45-54,Italiana,583
89,corelli,Savena,San Ruffillo,Femmine,55-64,Italiana,602
89,corelli,Savena,San Ruffillo,Maschi,55-64,Italiana,518
90,ponte savena-la bastia,Savena,San Ruffillo,Maschi,02 e prima,Straniera,3
90,ponte savena-la bastia,Savena,San Ruffillo,Maschi,45-54,Straniera,18
90,ponte savena-la bastia,Savena,San Ruffillo,Maschi,55-64,Italiana,79
