area_name,household_type,household_size,households
battindarno,Altre tipologie familiari,6-10,1.67243598912888
canale di reno,Altre tipologie familiari,6-10,1.1941067086253754
villaggio della barca,Altre tipologie familiari,6-10,1.1334573022457446
battindarno,Coniugi con figli e altri membri conviventi,4,28.84952081247318
canale di reno,Coniugi con figli e altri membri conviventi,4,20.598340723787725
villaggio della barca,Coniugi con figli e altri membri conviventi,4,19.552138463739094
battindarno,Padre con figli,4,0.41810899728222
canale di reno,Padre con figli,4,0.29852667715634384
villaggio della barca,Padre con figli,4,0.28336432556143615
battindarno,Padre con figli e altri membri conviventi,3,63.13445858961522
canale di reno,Padre con figli e altri membri conviventi,3,45.07752825060792
villaggio della barca,Padre con figli e altri membri conviventi,3,42.78801315977686
battindarno,Padre con figli e altri membri conviventi,6-10,2.92676298097554
canale di reno,Padre con figli e altri membri conviventi,6-10,2.089686740094407
villaggio della barca,Padre con figli e altri membri conviventi,6-10,1.983550278930053
aeroporto,Madre con figli e altri membri conviventi,6-10,0.17381532122120247
bargellino,Madre con figli e altri membri conviventi,6-10,0.026971342948117625
borgo centro,Madre con figli e altri membri conviventi,6-10,2.964974714365986
casteldebole,Madre con figli e altri membri conviventi,6-10,1.893238434163701
ducati-villaggio ina,Madre con figli e altri membri conviventi,6-10,1.1537741150028096
la birra,Madre con figli e altri membri conviventi,6-10,0.7263532496722234
lavino di mezzo,Madre con figli e altri membri conviventi,6-10,0.19704064431541488
lungo reno,Madre con figli e altri membri conviventi,6-10,0.004869825810076793
rigosa,Madre con figli e altri membri conviventi,6-10,0.4967222326278329
triumvirato-pietra,Madre con figli e altri membri conviventi,6-10,2.01423487544484
via del vivaio,Madre con figli e altri membri conviventi,6-10,0.34800524442779546
aeroporto,Padre con figli,2,3.337254167447087
bargellino,Padre con figli,2,0.5178497846038584
borgo centro,Padre con figli,2,56.92751451582693
casteldebole,Padre con figli,2,36.35017793594306
ducati-villaggio ina,Padre con figli,2,22.152463008053942
la birra,Padre con figli,2,13.945982393706688
lavino di mezzo,Padre con figli,2,3.7831803708559653
lungo reno,Padre con figli,2,0.09350065555347443
rigosa,Padre con figli,2,9.537066866454392
triumvirato-pietra,Padre con figli,2,38.673309608540926
via del vivaio,Padre con figli,2,6.681700693013673
aeroporto,Padre con figli,5,0.017381532122120246
bargellino,Padre con figli,5,0.0026971342948117626
borgo centro,Padre con figli,5,0.2964974714365986
casteldebole,Padre con figli,5,0.1893238434163701
ducati-villaggio ina,Padre con figli,5,0.11537741150028095
la birra,Padre con figli,5,0.07263532496722233
lavino di mezzo,Padre con figli,5,0.019704064431541487
lungo reno,Padre con figli,5,0.00048698258100767937
rigosa,Padre con figli,5,0.04967222326278329
triumvirato-pietra,Padre con figli,5,0.201423487544484
via del vivaio,Padre con figli,5,0.03480052444277955
agucchi,Altre tipologie familiari,5,1.3149418431255593
emilia ponente,Altre tipologie familiari,5,2.6850581568744407
agucchi,Coniugi con altri membri conviventi,6-10,0.9862063823441695
emilia ponente,Coniugi con altri membri conviventi,6-10,2.0137936176558306
agucchi,Madre con figli,5,0.6574709215627796
emilia ponente,Madre con figli,5,1.3425290784372204
agucchi,Padre con figli,2,23.997688637041456
emilia ponente,Padre con figli,2,49.002311362958544
agucchi,Padre con figli e altri membri conviventi,4,18.08045034297644
emilia ponente,Padre con figli e altri membri conviventi,4,36.91954965702356
arcoveggio,Altre tipologie familiari,3,19.80828399167275
caserme rosse-manifattura,Altre tipologie familiari,3,4.117527780030822
cnr,Altre tipologie familiari,3,0.09214048179089951
ex mercato ortofrutticolo,Altre tipologie familiari,3,3.29018303728337
piazza dell'unita',Altre tipologie familiari,3,20.9427636737232
via ferrarese,Altre tipologie familiari,3,22.74910103549896
arcoveggio,Coniugi con altri membri conviventi,3,21.761213399302456
caserme rosse-manifattura,Coniugi con altri membri conviventi,3,4.523481223132452
cnr,Coniugi con altri membri conviventi,3,0.1012247546435234
ex mercato ortofrutticolo,Coniugi con altri membri conviventi,3,3.6145672803958147
piazza dell'unita',Coniugi con altri membri conviventi,3,23.00754319085084
via ferrarese,Coniugi con altri membri conviventi,3,24.991970151674913
arcoveggio,Coniugi con figli,6-10,18.413334414794388
caserme rosse-manifattura,Coniugi con figli,6-10,3.8275610349582285
cnr,Coniugi con figli,6-10,0.08565171546759673
ex mercato ortofrutticolo,Coniugi con figli,6-10,3.0584800064887663
piazza dell'unita',Coniugi con figli,6-10,19.46792116148917
via ferrarese,Coniugi con figli,6-10,21.14705166680185
arcoveggio,Padre con figli e altri membri conviventi,6-10,5.021818476762105
caserme rosse-manifattura,Padre con figli e altri membri conviventi,6-10,1.0438802822613351
cnr,Padre con figli e altri membri conviventi,6-10,0.023359558763890016
ex mercato ortofrutticolo,Padre con figli e altri membri conviventi,6-10,0.8341309108605727
piazza dell'unita',Padre con figli e altri membri conviventi,6-10,5.3094330440425015
via ferrarese,Padre con figli e altri membri conviventi,6-10,5.767377727309595
croce coperta,Coniugi,2,464.32103825136613
la dozza,Coniugi,2,105.08114754098361
mulino del gomito,Coniugi,2,55.82677595628416
san savino,Coniugi,2,712.2939890710383
savena abbandonato,Coniugi,2,77.47704918032787
croce coperta,Coniugi con figli,4,195.2445355191257
la dozza,Coniugi con figli,4,44.18606557377049
mulino del gomito,Coniugi con figli,4,23.474863387978143
san savino,Coniugi con figli,4,299.5158469945355
savena abbandonato,Coniugi con figli,4,32.57868852459016
croce coperta,Coppia unita civilmente femminile,2,2.2969945355191257
la dozza,Coppia unita civilmente femminile,2,0.5198360655737705
mulino del gomito,Coppia unita civilmente femminile,2,0.27617486338797814
san savino,Coppia unita civilmente femminile,2,3.523715846994535
savena abbandonato,Coppia unita civilmente femminile,2,0.3832786885245901
croce coperta,Coppia unita civilmente femminile con figli ed eventuali conviventi,3,0.32814207650273225
la dozza,Coppia unita civilmente femminile con figli ed eventuali conviventi,3,0.07426229508196722
mulino del gomito,Coppia unita civilmente femminile con figli ed eventuali conviventi,3,0.03945355191256831
san savino,Coppia unita civilmente femminile con figli ed eventuali conviventi,3,0.5033879781420765
savena abbandonato,Coppia unita civilmente femminile con figli ed eventuali conviventi,3,0.054754098360655735
croce coperta,Coppia unita civilmente maschile,2,1.9688524590163934
la dozza,Coppia unita civilmente maschile,2,0.4455737704918033
mulino del gomito,Coppia unita civilmente maschile,2,0.23672131147540987
san savino,Coppia unita civilmente maschile,2,3.020327868852459
savena abbandonato,Coppia unita civilmente maschile,2,0.3285245901639344
beverara,Altre tipologie familiari,6-10,0.9620979307518951
la noce,Altre tipologie familiari,6-10,0.2078808987229393
laghetti del rosario,Altre tipologie familiari,6-10,0.06637984019668101
lazzaretto,Altre tipologie familiari,6-10,0.12470122242709827
pescarola,Altre tipologie familiari,6-10,0.6183159188690842
tiro a segno,Altre tipologie familiari,6-10,0.020624189032302124
beverara,Coniugi con figli e altri membri conviventi,6-10,17.79881171891006
la noce,Coniugi con figli e altri membri conviventi,6-10,3.8457966263743772
laghetti del rosario,Coniugi con figli e altri membri conviventi,6-10,1.2280270436385987
lazzaretto,Coniugi con figli e altri membri conviventi,6-10,2.306972614901318
pescarola,Coniugi con figli e altri membri conviventi,6-10,11.438844499078058
tiro a segno,Coniugi con figli e altri membri conviventi,6-10,0.3815474970975893
beverara,Madre con figli,3,67.34685515263266
la noce,Madre con figli,3,14.551662910605751
laghetti del rosario,Madre con figli,3,4.646588813767671
lazzaretto,Madre con figli,3,8.72908556989688
pescarola,Madre con figli,3,43.282114320835895
tiro a segno,Madre con figli,3,1.4436932322611487
beverara,Solo,1,783.6287645974186
la noce,Solo,1,169.31899200983406
laghetti del rosario,Solo,1,54.06637984019669
lazzaretto,Solo,1,101.56914566687155
pescarola,Solo,1,503.6183159188691
tiro a segno,Solo,1,16.79840196681008
ravone,Coniugi con figli e altri membri conviventi,6-10,1.3315787342592218
san giuseppe,Coniugi con figli e altri membri conviventi,6-10,6.9202737174555615
san luca,Coniugi con figli e altri membri conviventi,6-10,0.7281046280924809
stadio-meloncello,Coniugi con figli e altri membri conviventi,6-10,3.9652184475847267
via del genio,Coniugi con figli e altri membri conviventi,6-10,0.01858525326962789
xxi aprile,Coniugi con figli e altri membri conviventi,6-10,14.036239219338382
ravone,Coniugi con figli e altri membri conviventi,Oltre 10,0.09863546179697939
san giuseppe,Coniugi con figli e altri membri conviventi,Oltre 10,0.5126128679596712
san luca,Coniugi con figli e altri membri conviventi,Oltre 10,0.05393367615499858
stadio-meloncello,Coniugi con figli e altri membri conviventi,Oltre 10,0.29371988500627605
via del genio,Coniugi con figli e altri membri conviventi,Oltre 10,0.0013766854273798436
xxi aprile,Coniugi con figli e altri membri conviventi,Oltre 10,1.039721423654695
ravone,Coppia unita civilmente femminile con altri conviventi,3,0.049317730898489696
san giuseppe,Coppia unita civilmente femminile con altri conviventi,3,0.2563064339798356
san luca,Coppia unita civilmente femminile con altri conviventi,3,0.02696683807749929
stadio-meloncello,Coppia unita civilmente femminile con altri conviventi,3,0.14685994250313802
via del genio,Coppia unita civilmente femminile con altri conviventi,3,0.0006883427136899218
xxi aprile,Coppia unita civilmente femminile con altri conviventi,3,0.5198607118273475
ravone,Madre con figli,3,13.01988095720128
san giuseppe,Madre con figli,3,67.6648985706766
san luca,Madre con figli,3,7.119245252459813
stadio-meloncello,Madre con figli,3,38.77102482082844
via del genio,Madre con figli,3,0.18172247641413936
xxi aprile,Madre con figli,3,137.24322792241975
ravone,Madre con figli,5,0.3452241162894279
san giuseppe,Madre con figli,5,1.7941450378588493
san luca,Madre con figli,5,0.18876786654249506
stadio-meloncello,Madre con figli,5,1.0280195975219661
via del genio,Madre con figli,5,0.0048183989958294525
xxi aprile,Madre con figli,5,3.6390249827914323
ravone,Padre con figli,3,2.613839737619954
san giuseppe,Padre con figli,3,13.584241000931288
san luca,Padre con figli,3,1.4292424181074626
stadio-meloncello,Padre con figli,3,7.783576952666316
via del genio,Padre con figli,3,0.03648216382556586
xxi aprile,Padre con figli,3,27.552617726849416
ravone,Padre con figli,6-10,0.049317730898489696
san giuseppe,Padre con figli,6-10,0.2563064339798356
san luca,Padre con figli,6-10,0.02696683807749929
stadio-meloncello,Padre con figli,6-10,0.14685994250313802
via del genio,Padre con figli,6-10,0.0006883427136899218
xxi aprile,Padre con figli,6-10,0.5198607118273475
malpighi-1,Coniugi con altri membri conviventi,4,0.15863609035471957
malpighi-2,Coniugi con altri membri conviventi,4,0.8413639096452804
malpighi-1,Madre con figli,2,57.5849007987632
malpighi-2,Madre con figli,2,305.4150992012368
malpighi-1,Madre con figli e altri membri conviventi,5,0.9518165421283173
malpighi-2,Madre con figli e altri membri conviventi,5,5.048183457871683
marconi-1,Altre tipologie familiari,5,0.31720211468076454
marconi-2,Altre tipologie familiari,5,1.6827978853192354
marconi-1,Coniugi,2,135.44530296868646
marconi-2,Coniugi,2,718.5546970313135
marconi-1,Padre con figli,2,15.225701504676698
marconi-2,Padre con figli,2,80.7742984953233
prati di caprara-ospedale maggiore,Coniugi con altri membri conviventi,4,0.12946744274601535
scalo ravone,Coniugi con altri membri conviventi,4,0.039166621334929014
velodromo,Coniugi con altri membri conviventi,4,1.5778164608605776
via vittorio veneto,Coniugi con altri membri conviventi,4,1.4663003862264048
zanardi,Coniugi con altri membri conviventi,4,1.787249088832073
prati di caprara-ospedale maggiore,Coniugi con figli,6-10,0.388402328238046
scalo ravone,Coniugi con figli,6-10,0.11749986400478704
velodromo,Coniugi con figli,6-10,4.733449382581733
via vittorio veneto,Coniugi con figli,6-10,4.398901158679214
zanardi,Coniugi con figli,6-10,5.361747266496219
prati di caprara-ospedale maggiore,Coniugi con figli e altri membri conviventi,6-10,0.4919762824348583
scalo ravone,Coniugi con figli e altri membri conviventi,6-10,0.14883316107273026
velodromo,Coniugi con figli e altri membri conviventi,6-10,5.995702551270195
via vittorio veneto,Coniugi con figli e altri membri conviventi,6-10,5.571941467660339
zanardi,Coniugi con figli e altri membri conviventi,6-10,6.791546537561877
prati di caprara-ospedale maggiore,Madre con figli,5,0.051786977098406135
scalo ravone,Madre con figli,5,0.015666648533971605
velodromo,Madre con figli,5,0.6311265843442311
via vittorio veneto,Madre con figli,5,0.5865201544905619
zanardi,Madre con figli,5,0.7148996355328292
prati di caprara-ospedale maggiore,Padre con figli,5,0.025893488549203068
scalo ravone,Padre con figli,5,0.007833324266985802
velodromo,Padre con figli,5,0.31556329217211554
via vittorio veneto,Padre con figli,5,0.29326007724528097
zanardi,Padre con figli,5,0.3574498177664146
caab,Coniugi,2,26.06833171829577
cadriano-calamosco,Coniugi,2,50.88681191585133
fiera,Coniugi,2,1.249851520740208
michelino,Coniugi,2,271.5153636960395
pilastro,Coniugi,2,421.1404457503673
san donnino,Coniugi,2,173.90791160013754
scalo merci san donato,Coniugi,2,2.3806695633146826
via del lavoro,Coniugi,2,479.16926635616267
via mondo,Coniugi,2,477.68134787909105
caab,Solo,1,62.54208996280204
cadriano-calamosco,Solo,1,122.08558657122316
fiera,Solo,1,2.9985933543809193
michelino,Solo,1,651.4087086993217
pilastro,Solo,1,1010.3831702666374
san donnino,Solo,1,417.2328467381451
scalo merci san donato,Solo,1,5.71160638929699
via del lavoro,Solo,1,1149.6035760057516
via mondo,Solo,1,1146.033822012441
cirenaica,Altre tipologie familiari,5,0.517761063691935
croce del biacco,Altre tipologie familiari,5,0.2513310234091101
guelfa,Altre tipologie familiari,5,0.39674357024141527
mengoli,Altre tipologie familiari,5,0.5636778500802839
ospedale sant'orsola,Altre tipologie familiari,5,0.004450829600833826
roveri,Altre tipologie familiari,5,0.0711569339981408
scandellara,Altre tipologie familiari,5,0.053973351362010195
stradelli guelfi,Altre tipologie familiari,5,0.017183582636130595
via larga,Altre tipologie familiari,5,0.12372179498014028
cirenaica,Coniugi con altri membri conviventi,3,17.862756697371758
croce del biacco,Coniugi con altri membri conviventi,3,8.670920307614299
guelfa,Coniugi con altri membri conviventi,3,13.687653173328826
mengoli,Coniugi con altri membri conviventi,3,19.446885827769794
ospedale sant'orsola,Coniugi con altri membri conviventi,3,0.153553621228767
roveri,Coniugi con altri membri conviventi,3,2.4549142229358574
scandellara,Coniugi con altri membri conviventi,3,1.8620806219893518
stradelli guelfi,Coniugi con altri membri conviventi,3,0.5928336009465055
via larga,Coniugi con altri membri conviventi,3,4.26840192681484
cirenaica,Madre con figli,4,12.42626552860644
croce del biacco,Madre con figli,4,6.0319445618186425
guelfa,Madre con figli,4,9.521845685793966
mengoli,Madre con figli,4,13.528268401926814
ospedale sant'orsola,Madre con figli,4,0.10681991042001182
roveri,Madre con figli,4,1.7077664159553791
scandellara,Madre con figli,4,1.2953604326882446
stradelli guelfi,Madre con figli,4,0.4124059832671343
via larga,Madre con figli,4,2.9693230795233667
cirenaica,Madre con figli e altri membri conviventi,6-10,1.553283191075805
croce del biacco,Madre con figli e altri membri conviventi,6-10,0.7539930702273303
guelfa,Madre con figli e altri membri conviventi,6-10,1.1902307107242458
mengoli,Madre con figli e altri membri conviventi,6-10,1.6910335502408518
ospedale sant'orsola,Madre con figli e altri membri conviventi,6-10,0.013352488802501478
roveri,Madre con figli e altri membri conviventi,6-10,0.2134708019944224
scandellara,Madre con figli e altri membri conviventi,6-10,0.16192005408603058
stradelli guelfi,Madre con figli e altri membri conviventi,6-10,0.051550747908391786
via larga,Madre con figli e altri membri conviventi,6-10,0.37116538494042084
cirenaica,Sola,1,1523.5119299135188
croce del biacco,Sola,1,739.5415363813065
guelfa,Sola,1,1167.4179554353643
mengoli,Sola,1,1658.6220738612355
ospedale sant'orsola,Sola,1,13.096566100453533
roveri,Sola,1,209.3792782895293
scandellara,Sola,1,158.816586382715
stradelli guelfi,Sola,1,50.56269190681428
via larga,Sola,1,364.05138172906277
osservanza,Coppia unita civilmente maschile,2,2.4991433466590522
paderno,Coppia unita civilmente maschile,2,0.9446030839520274
san michele in bosco,Coppia unita civilmente maschile,2,1.5562535693889208
osservanza,Madre con figli e altri membri conviventi,3,33.98834951456311
paderno,Madre con figli e altri membri conviventi,3,12.846601941747572
san michele in bosco,Madre con figli e altri membri conviventi,3,21.16504854368932
osservanza,Madre con figli e altri membri conviventi,5,2.9989720159908626
paderno,Madre con figli e altri membri conviventi,5,1.1335237007424328
san michele in bosco,Madre con figli e altri membri conviventi,5,1.8675042832667048
osservanza,Padre con figli,5,0.4998286693318104
paderno,Padre con figli,5,0.18892061679040548
san michele in bosco,Padre con figli,5,0.31125071387778414
galvani-1,Coniugi con figli e altri membri conviventi,6-10,1.5020386183552583
galvani-2,Coniugi con figli e altri membri conviventi,6-10,9.497961381644743
galvani-1,Madre con figli,3,21.028540656973615
galvani-2,Madre con figli,3,132.9714593430264
galvani-1,Madre con figli,5,0.4096468959150704
galvani-2,Madre con figli,5,2.5903531040849295
galvani-1,Padre con figli,3,4.779213785675822
galvani-2,Padre con figli,3,30.22078621432418
galvani-1,Padre con figli,4,0.5461958612200939
galvani-2,Padre con figli,4,3.453804138779906
galvani-1,Sola,1,365.2684821909378
galvani-2,Sola,1,2309.731517809062
irnerio-1,Altre tipologie familiari,2,98.28437408384639
irnerio-2,Altre tipologie familiari,2,269.7156259161536
irnerio-1,Coniugi con altri membri conviventi,3,3.204925241864556
irnerio-2,Coniugi con altri membri conviventi,3,8.795074758135446
irnerio-1,Coniugi con figli e altri membri conviventi,6-10,2.403693931398417
irnerio-2,Coniugi con figli e altri membri conviventi,6-10,6.596306068601583
irnerio-1,Padre con figli,2,26.440633245382585
irnerio-2,Padre con figli,2,72.55936675461741
irnerio-1,Padre con figli e altri membri conviventi,4,10.950161243037233
irnerio-2,Padre con figli e altri membri conviventi,4,30.04983875696277
chiesanuova,Padre con figli e altri membri conviventi,4,28.562209121936085
dagnini,Padre con figli e altri membri conviventi,4,36.55993380908057
giardini margherita,Padre con figli e altri membri conviventi,4,0.12245320095149446
mezzofanti,Padre con figli e altri membri conviventi,4,28.646395697590233
siepelunga,Padre con figli e altri membri conviventi,4,17.109008170441616
bitone,Coppia unita civilmente maschile,2,3.095394052817634
cavedone,Coppia unita civilmente maschile,2,0.9015127885215222
due madonne,Coppia unita civilmente maschile,2,0.867773965481389
fossolo,Coppia unita civilmente maschile,2,2.494385527136619
lungo savena,Coppia unita civilmente maschile,2,0.05118007901850696
ospedale bellaria,Coppia unita civilmente maschile,2,0.034310667498440424
pontevecchio,Coppia unita civilmente maschile,2,1.517103347889374
via arno,Coppia unita civilmente maschile,2,2.0383395716365147
bitone,Madre con figli,4,16.883967560823457
cavedone,Madre con figli,4,4.917342482844666
due madonne,Madre con figli,4,4.733312538989394
fossolo,Madre con figli,4,13.605739238927013
lungo savena,Madre con figli,4,0.27916406737367433
ospedale bellaria,Madre con figli,4,0.1871490954460387
pontevecchio,Madre con figli,4,8.275109170305676
via arno,Madre con figli,4,11.11821584529008
corelli,Madre con figli e altri membri conviventi,5,8.710193487494102
monte donato,Madre con figli e altri membri conviventi,5,1.4201510146295424
ponte savena-la bastia,Madre con figli e altri membri conviventi,5,1.3210476639924493
via toscana,Madre con figli e altri membri conviventi,5,9.548607833883908
battindarno,Sola,1,1155.653268488056
canale di reno,Sola,1,825.1277356601344
villaggio della barca,Sola,1,783.2189958518095
aeroporto,Coniugi,2,34.258999812699
bargellino,Coniugi,2,5.316051695073984
borgo centro,Coniugi,2,584.3965162015359
casteldebole,Coniugi,2,373.1572953736655
ducati-villaggio ina,Coniugi,2,227.40887806705376
la birra,Coniugi,2,143.16422551039523
lavino di mezzo,Coniugi,2,38.83671099456827
lungo reno,Coniugi,2,0.959842667166136
rigosa,Coniugi,2,97.90395205094586
triumvirato-pietra,Coniugi,2,397.00569395017794
via del vivaio,Coniugi,2,68.5918336767185
aeroporto,Coniugi con altri membri conviventi,4,0.2954860460760442
bargellino,Coniugi con altri membri conviventi,4,0.04585128301179996
borgo centro,Coniugi con altri membri conviventi,4,5.040457014422176
casteldebole,Coniugi con altri membri conviventi,4,3.2185053380782915
ducati-villaggio ina,Coniugi con altri membri conviventi,4,1.9614159955047763
la birra,Coniugi con altri membri conviventi,4,1.2348005244427795
lavino di mezzo,Coniugi con altri membri conviventi,4,0.3349690953362053
lungo reno,Coniugi con altri membri conviventi,4,0.008278703877130549
rigosa,Coniugi con altri membri conviventi,4,0.844427795467316
triumvirato-pietra,Coniugi con altri membri conviventi,4,3.424199288256228
via del vivaio,Coniugi con altri membri conviventi,4,0.5916089155272524
aeroporto,Madre con figli e altri membri conviventi,3,3.7891740026222136
bargellino,Madre con figli e altri membri conviventi,3,0.5879752762689643
borgo centro,Madre con figli e altri membri conviventi,3,64.6364487731785
casteldebole,Madre con figli e altri membri conviventi,3,41.272597864768684
ducati-villaggio ina,Madre con figli e altri membri conviventi,3,25.152275707061246
la birra,Madre con figli e altri membri conviventi,3,15.834500842854467
lavino di mezzo,Madre con figli e altri membri conviventi,3,4.295486046076044
lungo reno,Madre con figli e altri membri conviventi,3,0.1061622026596741
rigosa,Madre con figli e altri membri conviventi,3,10.828544671286757
triumvirato-pietra,Madre con figli e altri membri conviventi,3,43.91032028469751
via del vivaio,Madre con figli e altri membri conviventi,3,7.586514328525942
aeroporto,Madre con figli e altri membri conviventi,4,1.7729162764562651
bargellino,Madre con figli e altri membri conviventi,4,0.27510769807079977
borgo centro,Madre con figli e altri membri conviventi,4,30.242742086533056
casteldebole,Madre con figli e altri membri conviventi,4,19.31103202846975
ducati-villaggio ina,Madre con figli e altri membri conviventi,4,11.768495973028658
la birra,Madre con figli e altri membri conviventi,4,7.408803146656678
lavino di mezzo,Madre con figli e altri membri conviventi,4,2.009814572017232
lungo reno,Madre con figli e altri membri conviventi,4,0.0496722232627833
rigosa,Madre con figli e altri membri conviventi,4,5.0665667728038954
triumvirato-pietra,Madre con figli e altri membri conviventi,4,20.54519572953737
via del vivaio,Madre con figli e altri membri conviventi,4,3.5496534931635138
agucchi,Coniugi con figli,5,26.298836862511187
emilia ponente,Coniugi con figli,5,53.70116313748881
agucchi,Coniugi con figli,6-10,5.917238294065017
emilia ponente,Coniugi con figli,6-10,12.082761705934983
agucchi,Coppia unita civilmente femminile con figli ed eventuali conviventi,3,0.3287354607813898
emilia ponente,Coppia unita civilmente femminile con figli ed eventuali conviventi,3,0.6712645392186102
arcoveggio,Coniugi con figli,3,341.2046665044475
caserme rosse-manifattura,Coniugi con figli,3,70.92586584475626
cnr,Coniugi con figli,3,1.5871522426798605
ex mercato ortofrutticolo,Coniugi con figli,3,56.67456133236002
piazza dell'unita',Coniugi con figli,3,360.74647849244326
via ferrarese,Coniugi con figli,3,391.8612755833131
arcoveggio,Coniugi con figli,4,270.89920782977805
caserme rosse-manifattura,Coniugi con figli,4,56.311541893097576
cnr,Coniugi con figli,4,1.2601184199854003
ex mercato ortofrutticolo,Coniugi con figli,4,44.996728580312
piazza dell'unita',Coniugi con figli,4,286.41441587584825
via ferrarese,Coniugi con figli,4,311.11798740097873
arcoveggio,Madre con figli,4,16.181415091789006
caserme rosse-manifattura,Madre con figli,4,3.36361424284208
cnr,Madre con figli,4,0.07526968935031228
ex mercato ortofrutticolo,Madre con figli,4,2.6877551572174005
piazza dell'unita',Madre con figli,4,17.108173141914726
via ferrarese,Madre con figli,4,18.583772676886475
croce coperta,Coniugi con altri membri conviventi,4,2.625136612021858
la dozza,Coniugi con altri membri conviventi,4,0.5940983606557377
mulino del gomito,Coniugi con altri membri conviventi,4,0.31562841530054647
san savino,Coniugi con altri membri conviventi,4,4.027103825136612
savena abbandonato,Coniugi con altri membri conviventi,4,0.4380327868852459
croce coperta,Coniugi con figli,3,248.73169398907103
la dozza,Coniugi con figli,3,56.29081967213115
mulino del gomito,Coniugi con figli,3,29.905792349726777
san savino,Coniugi con figli,3,381.568087431694
savena abbandonato,Coniugi con figli,3,41.50360655737705
croce coperta,Madre con figli e altri membri conviventi,3,48.23688524590164
la dozza,Madre con figli e altri membri conviventi,3,10.91655737704918
mulino del gomito,Madre con figli e altri membri conviventi,3,5.799672131147541
san savino,Madre con figli e altri membri conviventi,3,73.99803278688525
savena abbandonato,Madre con figli e altri membri conviventi,3,8.048852459016393
croce coperta,Madre con figli e altri membri conviventi,4,20.67295081967213
la dozza,Madre con figli e altri membri conviventi,4,4.678524590163935
mulino del gomito,Madre con figli e altri membri conviventi,4,2.4855737704918033
san savino,Madre con figli e altri membri conviventi,4,31.71344262295082
savena abbandonato,Madre con figli e altri membri conviventi,4,3.4495081967213115
malpighi-1,Solo,1,332.50124538349223
malpighi-2,Solo,1,1763.4987546165078
marconi-1,Coppia unita civilmente femminile con altri conviventi,3,0.31720211468076454
marconi-2,Coppia unita civilmente femminile con altri conviventi,3,1.6827978853192354
marconi-1,Coppia unita civilmente femminile con figli ed eventuali conviventi,4,0.15860105734038227
marconi-2,Coppia unita civilmente femminile con figli ed eventuali conviventi,4,0.8413989426596177
marconi-1,Padre con figli,3,3.647824318828792
marconi-2,Padre con figli,3,19.352175681171207
prati di caprara-ospedale maggiore,Altre tipologie familiari,3,0.8285916335744982
scalo ravone,Altre tipologie familiari,3,0.2506663765435457
velodromo,Altre tipologie familiari,3,10.098025349507697
via vittorio veneto,Altre tipologie familiari,3,9.384322471848991
zanardi,Altre tipologie familiari,3,11.438394168525267
prati di caprara-ospedale maggiore,Coppia unita civilmente femminile con figli ed eventuali conviventi,3,0.0776804656476092
scalo ravone,Coppia unita civilmente femminile con figli ed eventuali conviventi,3,0.023499972800957405
velodromo,Coppia unita civilmente femminile con figli ed eventuali conviventi,3,0.9466898765163466
via vittorio veneto,Coppia unita civilmente femminile con figli ed eventuali conviventi,3,0.879780231735843
zanardi,Coppia unita civilmente femminile con figli ed eventuali conviventi,3,1.072349453299244
prati di caprara-ospedale maggiore,Madre con figli,2,13.878909862372844
scalo ravone,Madre con figli,2,4.19866180710439
velodromo,Madre con figli,2,169.14192460425392
via vittorio veneto,Madre con figli,2,157.1874014034706
zanardi,Madre con figli,2,191.59310232279822
prati di caprara-ospedale maggiore,Madre con figli,4,0.4919762824348583
scalo ravone,Madre con figli,4,0.14883316107273026
velodromo,Madre con figli,4,5.995702551270195
via vittorio veneto,Madre con figli,4,5.571941467660339
zanardi,Madre con figli,4,6.791546537561877
prati di caprara-ospedale maggiore,Padre con figli,4,0.12946744274601535
scalo ravone,Padre con figli,4,0.039166621334929014
velodromo,Padre con figli,4,1.5778164608605776
via vittorio veneto,Padre con figli,4,1.4663003862264048
zanardi,Padre con figli,4,1.787249088832073
caab,Coniugi con figli,Oltre 10,0.013691350692382233
cadriano-calamosco,Coniugi con figli,Oltre 10,0.02672626676252696
fiera,Coniugi con figli,Oltre 10,0.0006564346222375043
michelino,Coniugi con figli,Oltre 10,0.14260260698321403
pilastro,Coniugi con figli,Oltre 10,0.22118720890250382
san donnino,Coniugi con figli,Oltre 10,0.09133818886561845
scalo merci san donato,Coniugi con figli,Oltre 10,0.0012503516614047702
via del lavoro,Coniugi con figli,Oltre 10,0.2516645306492451
via mondo,Coniugi con figli,Oltre 10,0.25088306086086715
caab,Madre con figli e altri membri conviventi,Oltre 10,0.013691350692382233
cadriano-calamosco,Madre con figli e altri membri conviventi,Oltre 10,0.02672626676252696
fiera,Madre con figli e altri membri conviventi,Oltre 10,0.0006564346222375043
michelino,Madre con figli e altri membri conviventi,Oltre 10,0.14260260698321403
pilastro,Madre con figli e altri membri conviventi,Oltre 10,0.22118720890250382
san donnino,Madre con figli e altri membri conviventi,Oltre 10,0.09133818886561845
scalo merci san donato,Madre con figli e altri membri conviventi,Oltre 10,0.0012503516614047702
via del lavoro,Madre con figli e altri membri conviventi,Oltre 10,0.2516645306492451
via mondo,Madre con figli e altri membri conviventi,Oltre 10,0.25088306086086715
cirenaica,Padre con figli,4,2.588805318459675
croce del biacco,Padre con figli,4,1.2566551170455507
guelfa,Padre con figli,4,1.9837178512070763
mengoli,Padre con figli,4,2.8183892504014194
ospedale sant'orsola,Padre con figli,4,0.02225414800416913
roveri,Padre con figli,4,0.355784669990704
scandellara,Padre con figli,4,0.26986675681005096
stradelli guelfi,Padre con figli,4,0.08591791318065298
via larga,Padre con figli,4,0.6186089749007014
osservanza,Coniugi con altri membri conviventi,4,0.4998286693318104
paderno,Coniugi con altri membri conviventi,4,0.18892061679040548
san michele in bosco,Coniugi con altri membri conviventi,4,0.31125071387778414
osservanza,Padre con figli e altri membri conviventi,4,18.993489434608797
paderno,Padre con figli e altri membri conviventi,4,7.1789834380354085
san michele in bosco,Padre con figli e altri membri conviventi,4,11.827527127355797
galvani-1,Altre tipologie familiari,3,2.321332410185399
galvani-2,Altre tipologie familiari,3,14.678667589814602
galvani-1,Madre con figli,6-10,0.13654896530502347
galvani-2,Madre con figli,6-10,0.8634510346949765
irnerio-1,Altre tipologie familiari,4,1.068308413954852
irnerio-2,Altre tipologie familiari,4,2.9316915860451482
irnerio-1,Madre con figli e altri membri conviventi,3,28.043095866314864
irnerio-2,Madre con figli e altri membri conviventi,3,76.95690413368514
irnerio-1,Madre con figli e altri membri conviventi,4,10.416007036059806
irnerio-2,Madre con figli e altri membri conviventi,4,28.583992963940194
bitone,Padre con figli e altri membri conviventi,6-10,3.9395924308588066
cavedone,Padre con figli e altri membri conviventi,6-10,1.1473799126637554
due madonne,Padre con figli e altri membri conviventi,6-10,1.1044395924308588
fossolo,Padre con figli e altri membri conviventi,6-10,3.17467248908297
lungo savena,Padre con figli e altri membri conviventi,6-10,0.06513828238719067
ospedale bellaria,Padre con figli e altri membri conviventi,6-10,0.04366812227074236
pontevecchio,Padre con figli e altri membri conviventi,6-10,1.930858806404658
via arno,Padre con figli e altri membri conviventi,6-10,2.594250363901019
bitone,Solo,1,1173.7171449365774
cavedone,Solo,1,341.8372582657517
due madonne,Solo,1,329.04411000207944
fossolo,Solo,1,945.8256394260761
lungo savena,Solo,1,19.406555416926594
ospedale bellaria,Solo,1,13.009981285090456
pontevecchio,Solo,1,575.2580058224163
via arno,Solo,1,772.9013048450821
corelli,Coniugi con altri membri conviventi,5,1.6590844738084003
monte donato,Coniugi con altri membri conviventi,5,0.27050495516753187
ponte savena-la bastia,Coniugi con altri membri conviventi,5,0.25162812647475225
via toscana,Coniugi con altri membri conviventi,5,1.8187824445493157
corelli,Coniugi con figli,4,285.77730061349695
monte donato,Coniugi con figli,4,46.594478527607365
ponte savena-la bastia,Coniugi con figli,4,43.342944785276075
via toscana,Coniugi con figli,4,313.2852760736196
corelli,Coniugi con figli,5,50.187305332704106
monte donato,Coniugi con figli,5,8.18277489381784
ponte savena-la bastia,Coniugi con figli,5,7.611750825861256
via toscana,Coniugi con figli,5,55.0181689476168
corelli,Coniugi con figli,6-10,10.784049079754602
monte donato,Coniugi con figli,6-10,1.7582822085889571
ponte savena-la bastia,Coniugi con figli,6-10,1.6355828220858897
via toscana,Coniugi con figli,6-10,11.822085889570552
corelli,Coppia unita civilmente femminile con figli ed eventuali conviventi,3,0.8295422369042001
monte donato,Coppia unita civilmente femminile con figli ed eventuali conviventi,3,0.13525247758376593
ponte savena-la bastia,Coppia unita civilmente femminile con figli ed eventuali conviventi,3,0.12581406323737612
via toscana,Coppia unita civilmente femminile con figli ed eventuali conviventi,3,0.9093912222746579
corelli,Coppia unita civilmente femminile con figli ed eventuali conviventi,4,0.4147711184521001
monte donato,Coppia unita civilmente femminile con figli ed eventuali conviventi,4,0.06762623879188297
ponte savena-la bastia,Coppia unita civilmente femminile con figli ed eventuali conviventi,4,0.06290703161868806
via toscana,Coppia unita civilmente femminile con figli ed eventuali conviventi,4,0.4546956111373289
corelli,Madre con figli,3,86.68716375648891
monte donato,Madre con figli,3,14.13388390750354
ponte savena-la bastia,Madre con figli,3,13.147569608305805
via toscana,Madre con figli,3,95.03138272770174
corelli,Madre con figli e altri membri conviventi,6-10,2.0738555922605
monte donato,Madre con figli e altri membri conviventi,6-10,0.3381311939594148
ponte savena-la bastia,Madre con figli e altri membri conviventi,6-10,0.3145351580934403
via toscana,Madre con figli e altri membri conviventi,6-10,2.2734780556866445
battindarno,Altre tipologie familiari,3,12.96137891574882
canale di reno,Altre tipologie familiari,3,9.254326991846659
villaggio della barca,Altre tipologie familiari,3,8.78429409240452
battindarno,Altre tipologie familiari,4,5.01730796738664
canale di reno,Altre tipologie familiari,4,3.582320125876126
villaggio della barca,Altre tipologie familiari,4,3.4003719067372336
battindarno,Altre tipologie familiari,5,1.67243598912888
canale di reno,Altre tipologie familiari,5,1.1941067086253754
villaggio della barca,Altre tipologie familiari,5,1.1334573022457446
battindarno,Coniugi,2,680.2633385781719
canale di reno,Coniugi,2,485.70290373337144
villaggio della barca,Coniugi,2,461.0337576884566
battindarno,Coniugi con altri membri conviventi,5,1.25432699184666
canale di reno,Coniugi con altri membri conviventi,5,0.8955800314690315
villaggio della barca,Coniugi con altri membri conviventi,5,0.8500929766843084
battindarno,Madre con figli,6-10,1.67243598912888
canale di reno,Madre con figli,6-10,1.1941067086253754
villaggio della barca,Madre con figli,6-10,1.1334573022457446
battindarno,Padre con figli e altri membri conviventi,4,35.12115577170648
canale di reno,Padre con figli e altri membri conviventi,4,25.076240881132883
villaggio della barca,Padre con figli e altri membri conviventi,4,23.802603347160638
battindarno,Solo,1,878.4470032899443
canale di reno,Solo,1,627.2045487054784
villaggio della barca,Solo,1,595.3484480045773
aeroporto,Altre tipologie familiari,3,1.0081288630829743
bargellino,Altre tipologie familiari,3,0.15643378909908223
borgo centro,Altre tipologie familiari,3,17.19685334332272
casteldebole,Altre tipologie familiari,3,10.980782918149465
ducati-villaggio ina,Altre tipologie familiari,3,6.691889867016295
la birra,Altre tipologie familiari,3,4.212848848098895
lavino di mezzo,Altre tipologie familiari,3,1.1428357370294062
lungo reno,Altre tipologie familiari,3,0.028244989698445404
rigosa,Altre tipologie familiari,3,2.8809889492414307
triumvirato-pietra,Altre tipologie familiari,3,11.682562277580072
via del vivaio,Altre tipologie familiari,3,2.018430417681214
aeroporto,Coniugi con altri membri conviventi,3,1.0255103952050946
bargellino,Coniugi con altri membri conviventi,3,0.15913092339389398
borgo centro,Coniugi con altri membri conviventi,3,17.493350814759317
casteldebole,Coniugi con altri membri conviventi,3,11.170106761565835
ducati-villaggio ina,Coniugi con altri membri conviventi,3,6.807267278516576
la birra,Coniugi con altri membri conviventi,3,4.285484173066117
lavino di mezzo,Coniugi con altri membri conviventi,3,1.1625398014609478
lungo reno,Coniugi con altri membri conviventi,3,0.028731972279453084
rigosa,Coniugi con altri membri conviventi,3,2.930661172504214
triumvirato-pietra,Coniugi con altri membri conviventi,3,11.883985765124557
via del vivaio,Coniugi con altri membri conviventi,3,2.053230942123993
aeroporto,Coniugi con figli,6-10,0.8690766061060123
bargellino,Coniugi con figli,6-10,0.13485671474058814
borgo centro,Coniugi con figli,6-10,14.82487357182993
casteldebole,Coniugi con figli,6-10,9.466192170818506
ducati-villaggio ina,Coniugi con figli,6-10,5.768870575014048
la birra,Coniugi con figli,6-10,3.6317662483611164
lavino di mezzo,Coniugi con figli,6-10,0.9852032215770743
lungo reno,Coniugi con figli,6-10,0.02434912905038397
rigosa,Coniugi con figli,6-10,2.4836111631391646
triumvirato-pietra,Coniugi con figli,6-10,10.0711743772242
via del vivaio,Coniugi con figli,6-10,1.7400262221389775
aeroporto,Coppia unita civilmente femminile,2,0.06952612848848098
bargellino,Coppia unita civilmente femminile,2,0.01078853717924705
borgo centro,Coppia unita civilmente femminile,2,1.1859898857463944
casteldebole,Coppia unita civilmente femminile,2,0.7572953736654804
ducati-villaggio ina,Coppia unita civilmente femminile,2,0.4615096460011238
la birra,Coppia unita civilmente femminile,2,0.2905412998688893
lavino di mezzo,Coppia unita civilmente femminile,2,0.07881625772616595
lungo reno,Coppia unita civilmente femminile,2,0.0019479303240307175
rigosa,Coppia unita civilmente femminile,2,0.19868889305113316
triumvirato-pietra,Coppia unita civilmente femminile,2,0.805693950177936
via del vivaio,Coppia unita civilmente femminile,2,0.1392020977711182
aeroporto,Solo,1,54.508484734969095
bargellino,Solo,1,8.458213148529687
borgo centro,Solo,1,929.8160704251732
casteldebole,Solo,1,593.7195729537366
ducati-villaggio ina,Solo,1,361.8235624648811
la birra,Solo,1,227.78437909720924
lavino di mezzo,Solo,1,61.7919460573141
lungo reno,Solo,1,1.5271773740400825
rigosa,Solo,1,155.7720921520884
triumvirato-pietra,Solo,1,631.6640569395018
via del vivaio,Solo,1,109.13444465255667
agucchi,Coniugi con altri membri conviventi,3,10.190799284223084
emilia ponente,Coniugi con altri membri conviventi,3,20.809200715776914
agucchi,Coniugi con figli e altri membri conviventi,6-10,8.218386519534745
emilia ponente,Coniugi con figli e altri membri conviventi,6-10,16.781613480465253
agucchi,Madre con figli,3,32.54481061735759
emilia ponente,Madre con figli,3,66.4551893826424
agucchi,Madre con figli e altri membri conviventi,5,2.6298836862511186
emilia ponente,Madre con figli e altri membri conviventi,5,5.370116313748881
arcoveggio,Altre tipologie familiari,5,2.5109092383810525
caserme rosse-manifattura,Altre tipologie familiari,5,0.5219401411306676
cnr,Altre tipologie familiari,5,0.011679779381945008
ex mercato ortofrutticolo,Altre tipologie familiari,5,0.41706545543028634
piazza dell'unita',Altre tipologie familiari,5,2.6547165220212507
via ferrarese,Altre tipologie familiari,5,2.8836888636547977
arcoveggio,Coniugi,2,547.6572038824452
caserme rosse-manifattura,Coniugi,2,113.84094411550004
cnr,Coniugi,2,2.5474896585286726
ex mercato ortofrutticolo,Coniugi,2,90.96660988996133
piazza dell'unita',Coniugi,2,579.0231703030794
via ferrarese,Coniugi,2,628.9645821504854
arcoveggio,Coniugi con altri membri conviventi,6-10,1.9529294076297077
caserme rosse-manifattura,Coniugi con altri membri conviventi,6-10,0.4059534431016303
cnr,Coniugi con altri membri conviventi,6-10,0.009084272852623896
ex mercato ortofrutticolo,Coniugi con altri membri conviventi,6-10,0.3243842431124449
piazza dell'unita',Coniugi con altri membri conviventi,6-10,2.064779517127639
via ferrarese,Coniugi con altri membri conviventi,6-10,2.242869116175954
arcoveggio,Coniugi con figli,5,58.58788222889123
caserme rosse-manifattura,Coniugi con figli,5,12.178603293048909
cnr,Coniugi con figli,5,0.2725281855787169
ex mercato ortofrutticolo,Coniugi con figli,5,9.731527293373347
piazza dell'unita',Coniugi con figli,5,61.94338551382918
via ferrarese,Coniugi con figli,5,67.28607348527862
arcoveggio,Coppia unita civilmente femminile,2,3.068889069132398
caserme rosse-manifattura,Coppia unita civilmente femminile,2,0.6379268391597047
cnr,Coppia unita civilmente femminile,2,0.014275285911266122
ex mercato ortofrutticolo,Coppia unita civilmente femminile,2,0.5097466677481277
piazza dell'unita',Coppia unita civilmente femminile,2,3.2446535269148615
via ferrarese,Coppia unita civilmente femminile,2,3.524508611133642
arcoveggio,Coppia unita civilmente maschile,2,6.416768053640468
caserme rosse-manifattura,Coppia unita civilmente maschile,2,1.3338470273339282
cnr,Coppia unita civilmente maschile,2,0.0298483250871928
ex mercato ortofrutticolo,Coppia unita civilmente maschile,2,1.065833941655176
piazza dell'unita',Coppia unita civilmente maschile,2,6.784275556276529
via ferrarese,Coppia unita civilmente maschile,2,7.369427096006706
arcoveggio,Madre con figli,2,272.2941574066564
caserme rosse-manifattura,Madre con figli,2,56.601508638170166
cnr,Madre con figli,2,1.2666071863087032
ex mercato ortofrutticolo,Madre con figli,2,45.22843161110661
piazza dell'unita',Madre con figli,2,287.8892583880823
via ferrarese,Madre con figli,2,312.72003676967586
arcoveggio,Madre con figli e altri membri conviventi,4,47.14929569848866
caserme rosse-manifattura,Madre con figli e altri membri conviventi,4,9.800875983453645
cnr,Madre con figli e altri membri conviventi,4,0.21932030172763406
ex mercato ortofrutticolo,Madre con figli e altri membri conviventi,4,7.831562440857598
piazza dell'unita',Madre con figli e altri membri conviventi,4,49.84967691351015
via ferrarese,Madre con figli e altri membri conviventi,4,54.14926866196232
arcoveggio,Madre con figli e altri membri conviventi,6-10,4.742828561386433
caserme rosse-manifattura,Madre con figli e altri membri conviventi,6-10,0.9858869332468164
cnr,Madre con figli e altri membri conviventi,6-10,0.02206180549922946
ex mercato ortofrutticolo,Madre con figli e altri membri conviventi,6-10,0.7877903047016519
piazza dell'unita',Madre con figli e altri membri conviventi,6-10,5.014464541595696
via ferrarese,Madre con figli e altri membri conviventi,6-10,5.4469678535701735
arcoveggio,Padre con figli,6-10,0.2789899153756725
caserme rosse-manifattura,Padre con figli,6-10,0.057993349014518615
cnr,Padre con figli,6-10,0.0012977532646605565
ex mercato ortofrutticolo,Padre con figli,6-10,0.0463406061589207
piazza dell'unita',Padre con figli,6-10,0.2949685024468056
via ferrarese,Padre con figli,6-10,0.320409873739422
croce coperta,Coniugi con altri membri conviventi,6-10,0.32814207650273225
la dozza,Coniugi con altri membri conviventi,6-10,0.07426229508196722
mulino del gomito,Coniugi con altri membri conviventi,6-10,0.03945355191256831
san savino,Coniugi con altri membri conviventi,6-10,0.5033879781420765
savena abbandonato,Coniugi con altri membri conviventi,6-10,0.054754098360655735
croce coperta,Madre con figli,4,6.2346994535519125
la dozza,Madre con figli,4,1.410983606557377
mulino del gomito,Madre con figli,4,0.7496174863387979
san savino,Madre con figli,4,9.564371584699453
savena abbandonato,Madre con figli,4,1.0403278688524589
beverara,Altre tipologie familiari,4,4.329440688383528
la noce,Altre tipologie familiari,4,0.9354640442532268
laghetti del rosario,Altre tipologie familiari,4,0.29870928088506454
lazzaretto,Altre tipologie familiari,4,0.5611555009219422
pescarola,Altre tipologie familiari,4,2.782421634910879
tiro a segno,Altre tipologie familiari,4,0.09280885064535956
beverara,Coniugi con figli,6-10,20.204056545789797
la noce,Coniugi con figli,6-10,4.365498873181726
laghetti del rosario,Coniugi con figli,6-10,1.3939766441303012
lazzaretto,Coniugi con figli,6-10,2.618725670969064
pescarola,Coniugi con figli,6-10,12.984634296250768
tiro a segno,Coniugi con figli,6-10,0.4331079696783446
beverara,Padre con figli e altri membri conviventi,3,50.51014136447449
la noce,Padre con figli e altri membri conviventi,3,10.913747182954314
laghetti del rosario,Padre con figli e altri membri conviventi,3,3.484941610325753
lazzaretto,Padre con figli e altri membri conviventi,3,6.546814177422659
pescarola,Padre con figli e altri membri conviventi,3,32.46158574062692
tiro a segno,Padre con figli e altri membri conviventi,3,1.0827699241958615
beverara,Padre con figli e altri membri conviventi,4,30.306084818684695
la noce,Padre con figli e altri membri conviventi,4,6.548248309772588
laghetti del rosario,Padre con figli e altri membri conviventi,4,2.090964966195452
lazzaretto,Padre con figli e altri membri conviventi,4,3.9280885064535958
pescarola,Padre con figli e altri membri conviventi,4,19.47695144437615
tiro a segno,Padre con figli e altri membri conviventi,4,0.6496619545175168
beverara,Padre con figli e altri membri conviventi,5,5.7725875845113706
la noce,Padre con figli e altri membri conviventi,5,1.247285392337636
laghetti del rosario,Padre con figli e altri membri conviventi,5,0.39827904118008606
lazzaretto,Padre con figli e altri membri conviventi,5,0.7482073345625897
pescarola,Padre con figli e altri membri conviventi,5,3.709895513214505
tiro a segno,Padre con figli e altri membri conviventi,5,0.12374513419381275
ravone,Coniugi con altri membri conviventi,3,1.8740737741426086
san giuseppe,Coniugi con altri membri conviventi,3,9.739644491233753
san luca,Coniugi con altri membri conviventi,3,1.024739846944973
stadio-meloncello,Coniugi con altri membri conviventi,3,5.580677815119245
via del genio,Coniugi con altri membri conviventi,3,0.02615702312021703
xxi aprile,Coniugi con altri membri conviventi,3,19.754707049439205
ravone,Coniugi con figli,3,48.03546989512896
san giuseppe,Coniugi con figli,3,249.6424666963599
san luca,Coniugi con figli,3,26.26570028748431
stadio-meloncello,Coniugi con figli,3,143.04158399805644
via del genio,Coniugi con figli,3,0.6704458031339838
xxi aprile,Coniugi con figli,3,506.34433331983644
ravone,Madre con figli,2,36.39648540308539
san giuseppe,Madre con figli,2,189.15414827711868
san luca,Madre con figli,2,19.90152650119448
stadio-meloncello,Madre con figli,2,108.38263756731587
via del genio,Madre con figli,2,0.5079969227031623
xxi aprile,Madre con figli,2,383.65720532858245
ravone,Padre con figli e altri membri conviventi,3,8.23606106004778
san giuseppe,Padre con figli e altri membri conviventi,3,42.80317447463255
san luca,Padre con figli e altri membri conviventi,3,4.503461958942382
stadio-meloncello,Padre con figli e altri membri conviventi,3,24.52561039802405
via del genio,Padre con figli e altri membri conviventi,3,0.11495323318621695
xxi aprile,Padre con figli e altri membri conviventi,3,86.81673887516703
ravone,Padre con figli e altri membri conviventi,4,4.833137628051991
san giuseppe,Padre con figli e altri membri conviventi,4,25.11803053002389
san luca,Padre con figli e altri membri conviventi,4,2.6427501315949304
stadio-meloncello,Padre con figli e altri membri conviventi,4,14.392274365307527
via del genio,Padre con figli e altri membri conviventi,4,0.06745758594161234
xxi aprile,Padre con figli e altri membri conviventi,4,50.94634975908006
malpighi-1,Coniugi,2,105.49300008588851
malpighi-2,Coniugi,2,559.5069999141115
malpighi-1,Coppia unita civilmente femminile con figli ed eventuali conviventi,4,0.15863609035471957
malpighi-2,Coppia unita civilmente femminile con figli ed eventuali conviventi,4,0.8413639096452804
malpighi-1,Madre con figli e altri membri conviventi,6-10,0.15863609035471957
malpighi-2,Madre con figli e altri membri conviventi,6-10,0.8413639096452804
malpighi-1,Padre con figli e altri membri conviventi,3,11.897706776603968
malpighi-2,Padre con figli e altri membri conviventi,3,63.10229322339603
marconi-1,Altre tipologie familiari,2,54.40016266775112
marconi-2,Altre tipologie familiari,2,288.59983733224885
marconi-1,Coniugi con altri membri conviventi,5,0.15860105734038227
marconi-2,Coniugi con altri membri conviventi,5,0.8413989426596177
marconi-1,Coniugi con figli e altri membri conviventi,5,3.172021146807645
marconi-2,Coniugi con figli e altri membri conviventi,5,16.827978853192352
prati di caprara-ospedale maggiore,Coniugi con figli,3,16.54593918294076
scalo ravone,Coniugi con figli,3,5.005494206603927
velodromo,Coniugi con figli,3,201.64494369798183
via vittorio veneto,Coniugi con figli,3,187.39318935973455
zanardi,Coniugi con figli,3,228.41043355273894
prati di caprara-ospedale maggiore,Madre con figli,3,4.531360496110537
scalo ravone,Madre con figli,3,1.3708317467225155
velodromo,Madre con figli,3,55.22357613012022
via vittorio veneto,Madre con figli,3,51.32051351792417
zanardi,Madre con figli,3,62.553718109122556
prati di caprara-ospedale maggiore,Madre con figli e altri membri conviventi,3,3.7804493281836478
scalo ravone,Madre con figli e altri membri conviventi,3,1.143665342979927
velodromo,Madre con figli e altri membri conviventi,3,46.072240657128866
via vittorio veneto,Madre con figli e altri membri conviventi,3,42.81597127781102
zanardi,Madre con figli e altri membri conviventi,3,52.18767339389653
caab,Coniugi con figli e altri membri conviventi,6-10,1.7798755900096903
cadriano-calamosco,Coniugi con figli e altri membri conviventi,6-10,3.474414679128505
fiera,Coniugi con figli e altri membri conviventi,6-10,0.08533650089087555
michelino,Coniugi con figli e altri membri conviventi,6-10,18.538338907817824
pilastro,Coniugi con figli e altri membri conviventi,6-10,28.754337157325498
san donnino,Coniugi con figli e altri membri conviventi,6-10,11.8739645525304
scalo merci san donato,Coniugi con figli e altri membri conviventi,6-10,0.16254571598262013
via del lavoro,Coniugi con figli e altri membri conviventi,6-10,32.71638898440186
via mondo,Coniugi con figli e altri membri conviventi,6-10,32.61479791191273
caab,Coniugi con figli e altri membri conviventi,Oltre 10,0.10953080553905786
cadriano-calamosco,Coniugi con figli e altri membri conviventi,Oltre 10,0.21381013410021568
fiera,Coniugi con figli e altri membri conviventi,Oltre 10,0.005251476977900034
michelino,Coniugi con figli e altri membri conviventi,Oltre 10,1.1408208558657122
pilastro,Coniugi con figli e altri membri conviventi,Oltre 10,1.7694976712200305
san donnino,Coniugi con figli e altri membri conviventi,Oltre 10,0.7307055109249476
scalo merci san donato,Coniugi con figli e altri membri conviventi,Oltre 10,0.010002813291238161
via del lavoro,Coniugi con figli e altri membri conviventi,Oltre 10,2.013316245193961
via mondo,Coniugi con figli e altri membri conviventi,Oltre 10,2.007064486886937
caab,Coppia unita civilmente femminile,2,0.10953080553905786
cadriano-calamosco,Coppia unita civilmente femminile,2,0.21381013410021568
fiera,Coppia unita civilmente femminile,2,0.005251476977900034
michelino,Coppia unita civilmente femminile,2,1.1408208558657122
pilastro,Coppia unita civilmente femminile,2,1.7694976712200305
san donnino,Coppia unita civilmente femminile,2,0.7307055109249476
scalo merci san donato,Coppia unita civilmente femminile,2,0.010002813291238161
via del lavoro,Coppia unita civilmente femminile,2,2.013316245193961
via mondo,Coppia unita civilmente femminile,2,2.007064486886937
caab,Coppia unita civilmente femminile con altri conviventi,3,0.013691350692382233
cadriano-calamosco,Coppia unita civilmente femminile con altri conviventi,3,0.02672626676252696
fiera,Coppia unita civilmente femminile con altri conviventi,3,0.0006564346222375043
michelino,Coppia unita civilmente femminile con altri conviventi,3,0.14260260698321403
pilastro,Coppia unita civilmente femminile con altri conviventi,3,0.22118720890250382
san donnino,Coppia unita civilmente femminile con altri conviventi,3,0.09133818886561845
scalo merci san donato,Coppia unita civilmente femminile con altri conviventi,3,0.0012503516614047702
via del lavoro,Coppia unita civilmente femminile con altri conviventi,3,0.2516645306492451
via mondo,Coppia unita civilmente femminile con altri conviventi,3,0.25088306086086715
caab,Madre con figli,4,0.6571848332343472
cadriano-calamosco,Madre con figli,4,1.2828608046012941
fiera,Madre con figli,4,0.031508861867400206
michelino,Madre con figli,4,6.8449251351942735
pilastro,Madre con figli,4,10.616986027320184
san donnino,Madre con figli,4,4.384233065549686
scalo merci san donato,Madre con figli,4,0.06001687974742897
via del lavoro,Madre con figli,4,12.079897471163765
via mondo,Madre con figli,4,12.042386921321622
caab,Padre con figli,3,0.6434934825419649
cadriano-calamosco,Padre con figli,3,1.2561345378387672
fiera,Padre con figli,3,0.0308524272451627
michelino,Padre con figli,3,6.7023225282110594
pilastro,Padre con figli,3,10.39579881841768
san donnino,Padre con figli,3,4.292894876684067
scalo merci san donato,Padre con figli,3,0.0587665280860242
via del lavoro,Padre con figli,3,11.82823294051452
via mondo,Padre con figli,3,11.791503860460756
caab,Padre con figli e altri membri conviventi,Oltre 10,0.013691350692382233
cadriano-calamosco,Padre con figli e altri membri conviventi,Oltre 10,0.02672626676252696
fiera,Padre con figli e altri membri conviventi,Oltre 10,0.0006564346222375043
michelino,Padre con figli e altri membri conviventi,Oltre 10,0.14260260698321403
pilastro,Padre con figli e altri membri conviventi,Oltre 10,0.22118720890250382
san donnino,Padre con figli e altri membri conviventi,Oltre 10,0.09133818886561845
scalo merci san donato,Padre con figli e altri membri conviventi,Oltre 10,0.0012503516614047702
via del lavoro,Padre con figli e altri membri conviventi,Oltre 10,0.2516645306492451
via mondo,Padre con figli e altri membri conviventi,Oltre 10,0.25088306086086715
cirenaica,Coniugi con altri membri conviventi,4,2.588805318459675
croce del biacco,Coniugi con altri membri conviventi,4,1.2566551170455507
guelfa,Coniugi con altri membri conviventi,4,1.9837178512070763
mengoli,Coniugi con altri membri conviventi,4,2.8183892504014194
ospedale sant'orsola,Coniugi con altri membri conviventi,4,0.02225414800416913
roveri,Coniugi con altri membri conviventi,4,0.355784669990704
scandellara,Coniugi con altri membri conviventi,4,0.26986675681005096
stradelli guelfi,Coniugi con altri membri conviventi,4,0.08591791318065298
via larga,Coniugi con altri membri conviventi,4,0.6186089749007014
cirenaica,Padre con figli e altri membri conviventi,5,7.507535423533057
croce del biacco,Padre con figli e altri membri conviventi,5,3.644299839432097
guelfa,Padre con figli e altri membri conviventi,5,5.752781768500522
mengoli,Padre con figli e altri membri conviventi,5,8.173328826164116
ospedale sant'orsola,Padre con figli e altri membri conviventi,5,0.06453702921209048
roveri,Padre con figli e altri membri conviventi,5,1.0317755429730415
scandellara,Padre con figli e altri membri conviventi,5,0.7826135947491478
stradelli guelfi,Padre con figli e altri membri conviventi,5,0.24916194822389365
via larga,Padre con figli e altri membri conviventi,5,1.7939660272120341
osservanza,Altre tipologie familiari,4,4.498458023986294
paderno,Altre tipologie familiari,4,1.7002855511136492
san michele in bosco,Altre tipologie familiari,4,2.8012564249000573
osservanza,Coniugi con figli,4,154.44705882352943
paderno,Coniugi con figli,4,58.37647058823529
san michele in bosco,Coniugi con figli,4,96.1764705882353
osservanza,Coniugi con figli,5,47.48372358652199
paderno,Coniugi con figli,5,17.94745859508852
san michele in bosco,Coniugi con figli,5,29.568817818389494
osservanza,Coniugi con figli e altri membri conviventi,6-10,3.9986293546544833
paderno,Coniugi con figli e altri membri conviventi,6-10,1.5113649343232438
san michele in bosco,Coniugi con figli e altri membri conviventi,6-10,2.490005711022273
osservanza,Madre con figli e altri membri conviventi,6-10,3.498800685322673
paderno,Madre con figli e altri membri conviventi,6-10,1.3224443175328384
san michele in bosco,Madre con figli e altri membri conviventi,6-10,2.178754997144489
osservanza,Padre con figli,3,14.495031410622502
paderno,Padre con figli,3,5.478697886921759
san michele in bosco,Padre con figli,3,9.02627070245574
osservanza,Padre con figli e altri membri conviventi,5,4.498458023986294
paderno,Padre con figli e altri membri conviventi,5,1.7002855511136492
san michele in bosco,Padre con figli e altri membri conviventi,5,2.8012564249000573
galvani-1,Altre tipologie familiari,2,44.10531579352258
galvani-2,Altre tipologie familiari,2,278.8946842064774
galvani-1,Coppia unita civilmente femminile,2,0.13654896530502347
galvani-2,Coppia unita civilmente femminile,2,0.8634510346949765
galvani-1,Coppia unita civilmente femminile con figli ed eventuali conviventi,3,0.13654896530502347
galvani-2,Coppia unita civilmente femminile con figli ed eventuali conviventi,3,0.8634510346949765
galvani-1,Padre con figli,2,14.61073928763751
galvani-2,Padre con figli,2,92.38926071236249
galvani-1,Padre con figli e altri membri conviventi,5,1.2289406877452111
galvani-2,Padre con figli e altri membri conviventi,5,7.771059312254788
irnerio-1,Coniugi con figli,6-10,2.136616827909704
irnerio-2,Coniugi con figli,6-10,5.8633831720902965
irnerio-1,Coppia unita civilmente femminile,2,0.267077103488713
irnerio-2,Coppia unita civilmente femminile,2,0.7329228965112871
irnerio-1,Coppia unita civilmente femminile con altri conviventi,3,0.267077103488713
irnerio-2,Coppia unita civilmente femminile con altri conviventi,3,0.7329228965112871
irnerio-1,Madre con figli,3,37.39079448841982
irnerio-2,Madre con figli,3,102.60920551158019
irnerio-1,Madre con figli,4,3.739079448841982
irnerio-2,Madre con figli,4,10.26092055115802
irnerio-1,Padre con figli e altri membri conviventi,5,1.602462620932278
irnerio-2,Padre con figli e altri membri conviventi,5,4.397537379067723
irnerio-1,Sola,1,827.9390208150103
irnerio-2,Sola,1,2272.0609791849897
bitone,Altre tipologie familiari,5,1.4069972967352882
cavedone,Altre tipologie familiari,5,0.4097785402370555
due madonne,Altre tipologie familiari,5,0.39444271158244953
fossolo,Altre tipologie familiari,5,1.1338116032439176
lungo savena,Altre tipologie familiari,5,0.023263672281139527
ospedale bellaria,Altre tipologie familiari,5,0.015595757953836557
pontevecchio,Altre tipologie familiari,5,0.6895924308588064
via arno,Altre tipologie familiari,5,0.9265179871075068
bitone,Padre con figli,4,2.251195674776461
cavedone,Padre con figli,4,0.6556456643792888
due madonne,Padre con figli,4,0.6311083385319193
fossolo,Padre con figli,4,1.8140985651902684
lungo savena,Padre con figli,4,0.037221875649823245
ospedale bellaria,Padre con figli,4,0.024953212726138492
pontevecchio,Padre con figli,4,1.1033478893740902
via arno,Padre con figli,4,1.4824287793720108
corelli,Coniugi con figli e altri membri conviventi,Oltre 10,0.8295422369042001
monte donato,Coniugi con figli e altri membri conviventi,Oltre 10,0.13525247758376593
ponte savena-la bastia,Coniugi con figli e altri membri conviventi,Oltre 10,0.12581406323737612
via toscana,Coniugi con figli e altri membri conviventi,Oltre 10,0.9093912222746579
corelli,Padre con figli,6-10,0.4147711184521001
monte donato,Padre con figli,6-10,0.06762623879188297
ponte savena-la bastia,Padre con figli,6-10,0.06290703161868806
via toscana,Padre con figli,6-10,0.4546956111373289
corelli,Sola,1,1249.2906087777253
monte donato,Sola,1,203.6902312411515
ponte savena-la bastia,Sola,1,189.47597923548844
via toscana,Sola,1,1369.5431807456348
irnerio-1,Madre con figli e altri membri conviventi,6-10,0.267077103488713
irnerio-2,Madre con figli e altri membri conviventi,6-10,0.7329228965112871
chiesanuova,Coniugi con figli,6-10,9.006101975385251
dagnini,Coniugi con figli,6-10,11.527907056917297
giardini margherita,Coniugi con figli,6-10,0.03861136966939015
mezzofanti,Coniugi con figli,6-10,9.032647292032957
siepelunga,Coniugi con figli,6-10,5.394732305995104
bitone,Coniugi,2,830.4098045331671
cavedone,Coniugi,2,241.85129444791016
due madonne,Coniugi,2,232.80008837596174
fossolo,Coniugi,2,669.1756082345603
lungo savena,Coniugi,2,13.730219380328549
ospedale bellaria,Coniugi,2,9.204616344354337
pontevecchio,Coniugi,2,406.9974526928675
via arno,Coniugi,2,546.8309159908505
bitone,Madre con figli e altri membri conviventi,5,8.160584321064672
cavedone,Madre con figli e altri membri conviventi,5,2.376715533374922
due madonne,Madre con figli e altri membri conviventi,5,2.2877677271782075
fossolo,Madre con figli e altri membri conviventi,5,6.576107298814723
lungo savena,Madre con figli e altri membri conviventi,5,0.13492929923060926
ospedale bellaria,Madre con figli e altri membri conviventi,5,0.09045539613225204
pontevecchio,Madre con figli e altri membri conviventi,5,3.9996360989810773
via arno,Madre con figli e altri membri conviventi,5,5.3738043252235395
corelli,Coniugi con altri membri conviventi,6-10,1.2443133553563002
monte donato,Coniugi con altri membri conviventi,6-10,0.20287871637564892
ponte savena-la bastia,Coniugi con altri membri conviventi,6-10,0.1887210948560642
via toscana,Coniugi con altri membri conviventi,6-10,1.3640868334119869
corelli,Madre con figli e altri membri conviventi,3,68.4372345445965
monte donato,Madre con figli e altri membri conviventi,3,11.158329400660689
ponte savena-la bastia,Madre con figli e altri membri conviventi,3,10.37966021708353
via toscana,Madre con figli e altri membri conviventi,3,75.02477583765928
corelli,Padre con figli e altri membri conviventi,4,38.98848513449741
monte donato,Padre con figli e altri membri conviventi,4,6.356866446436999
ponte savena-la bastia,Padre con figli e altri membri conviventi,4,5.913260972156678
via toscana,Padre con figli e altri membri conviventi,4,42.74138744690892
aeroporto,Madre con figli e altri membri conviventi,5,0.4519198351751264
bargellino,Madre con figli e altri membri conviventi,5,0.07012549166510583
borgo centro,Madre con figli e altri membri conviventi,5,7.708934257351563
casteldebole,Madre con figli e altri membri conviventi,5,4.922419928825622
ducati-villaggio ina,Madre con figli e altri membri conviventi,5,2.999812699007305
la birra,Madre con figli e altri membri conviventi,5,1.8885184491477807
lavino di mezzo,Madre con figli e altri membri conviventi,5,0.5123056752200786
lungo reno,Madre con figli e altri membri conviventi,5,0.012661547106199664
rigosa,Madre con figli e altri membri conviventi,5,1.2914778048323656
triumvirato-pietra,Madre con figli e altri membri conviventi,5,5.237010676156584
via del vivaio,Madre con figli e altri membri conviventi,5,0.9048136355122682
malpighi-1,Coniugi con altri membri conviventi,3,2.6968135360302328
malpighi-2,Coniugi con altri membri conviventi,3,14.303186463969768
malpighi-1,Madre con figli e altri membri conviventi,4,5.710899252769904
malpighi-2,Madre con figli e altri membri conviventi,4,30.289100747230094
malpighi-1,Padre con figli e altri membri conviventi,4,6.979987975607661
malpighi-2,Padre con figli e altri membri conviventi,4,37.02001202439234
marconi-1,Coniugi con figli,6-10,1.110207401382676
marconi-2,Coniugi con figli,6-10,5.889792598617324
marconi-1,Madre con figli e altri membri conviventi,6-10,0.31720211468076454
marconi-2,Madre con figli e altri membri conviventi,6-10,1.6827978853192354
marconi-1,Padre con figli e altri membri conviventi,6-10,0.31720211468076454
marconi-2,Padre con figli e altri membri conviventi,6-10,1.6827978853192354
cirenaica,Altre tipologie familiari,2,245.9365052536691
croce del biacco,Altre tipologie familiari,2,119.3822361193273
guelfa,Altre tipologie familiari,2,188.45319586467224
mengoli,Altre tipologie familiari,2,267.74697878813487
ospedale sant'orsola,Altre tipologie familiari,2,2.1141440603960673
roveri,Altre tipologie familiari,2,33.79954364911688
scandellara,Altre tipologie familiari,2,25.637341896954844
stradelli guelfi,Altre tipologie familiari,2,8.162201752162034
via larga,Altre tipologie familiari,2,58.76785261556663
cirenaica,Coniugi con figli e altri membri conviventi,6-10,15.273951378912082
croce del biacco,Coniugi con figli e altri membri conviventi,6-10,7.414265190568749
guelfa,Coniugi con figli e altri membri conviventi,6-10,11.703935322121751
mengoli,Coniugi con figli e altri membri conviventi,6-10,16.628496577368377
ospedale sant'orsola,Coniugi con figli e altri membri conviventi,6-10,0.13129947322459787
roveri,Coniugi con figli e altri membri conviventi,6-10,2.0991295529451537
scandellara,Coniugi con figli e altri membri conviventi,6-10,1.5922138651793007
stradelli guelfi,Coniugi con figli e altri membri conviventi,6-10,0.5069156877658526
via larga,Coniugi con figli e altri membri conviventi,6-10,3.6497929519141383
cirenaica,Coppia unita civilmente femminile con figli ed eventuali conviventi,3,0.2588805318459675
croce del biacco,Coppia unita civilmente femminile con figli ed eventuali conviventi,3,0.12566551170455506
guelfa,Coppia unita civilmente femminile con figli ed eventuali conviventi,3,0.19837178512070763
mengoli,Coppia unita civilmente femminile con figli ed eventuali conviventi,3,0.28183892504014196
ospedale sant'orsola,Coppia unita civilmente femminile con figli ed eventuali conviventi,3,0.002225414800416913
roveri,Coppia unita civilmente femminile con figli ed eventuali conviventi,3,0.0355784669990704
scandellara,Coppia unita civilmente femminile con figli ed eventuali conviventi,3,0.026986675681005098
stradelli guelfi,Coppia unita civilmente femminile con figli ed eventuali conviventi,3,0.008591791318065298
via larga,Coppia unita civilmente femminile con figli ed eventuali conviventi,3,0.06186089749007014
cirenaica,Madre con figli e altri membri conviventi,5,9.060818614608863
croce del biacco,Madre con figli e altri membri conviventi,5,4.398292909659427
guelfa,Madre con figli e altri membri conviventi,5,6.943012479224767
mengoli,Madre con figli e altri membri conviventi,5,9.86436237640497
ospedale sant'orsola,Madre con figli e altri membri conviventi,5,0.07788951801459196
roveri,Madre con figli e altri membri conviventi,5,1.245246344967464
scandellara,Madre con figli e altri membri conviventi,5,0.9445336488351784
stradelli guelfi,Madre con figli e altri membri conviventi,5,0.3007126961322854
via larga,Madre con figli e altri membri conviventi,5,2.165131412152455
osservanza,Altre tipologie familiari,6-10,0.9996573386636208
paderno,Altre tipologie familiari,6-10,0.37784123358081095
san michele in bosco,Altre tipologie familiari,6-10,0.6225014277555683
osservanza,Madre con figli,2,127.95613934894347
paderno,Madre con figli,2,48.3636778983438
san michele in bosco,Madre con figli,2,79.68018275271274
galvani-1,Coniugi con figli,4,42.05708131394723
galvani-2,Coniugi con figli,4,265.9429186860528
irnerio-1,Coppia unita civilmente maschile con figli ed eventuali conviventi,3,0.267077103488713
irnerio-2,Coppia unita civilmente maschile con figli ed eventuali conviventi,3,0.7329228965112871
irnerio-1,Padre con figli e altri membri conviventi,3,18.161243037232484
irnerio-2,Padre con figli e altri membri conviventi,3,49.83875696276752
chiesanuova,Coniugi con figli,3,293.8562415968559
dagnini,Coniugi con figli,3,376.13913882855866
giardini margherita,Coniugi con figli,3,1.2598338332126728
mezzofanti,Coniugi con figli,3,294.7223773571896
siepelunga,Coniugi con figli,3,176.02240838418314
chiesanuova,Coniugi con figli,4,265.29403247491985
dagnini,Coniugi con figli,4,339.5792050194781
giardini margherita,Coniugi con figli,4,1.1373806322611784
mezzofanti,Coniugi con figli,4,266.0759816595994
siepelunga,Coniugi con figli,4,158.9134002137415
chiesanuova,Madre con figli,2,222.32206019236736
dagnini,Madre con figli,2,284.57461991932985
giardini margherita,Madre con figli,2,0.9531492398386596
mezzofanti,Madre con figli,2,222.9773502947564
siepelunga,Madre con figli,2,133.17282035370772
chiesanuova,Padre con figli,3,18.269521150067224
dagnini,Padre con figli,3,23.385182886889375
giardini margherita,Padre con figli,3,0.0783259213293343
mezzofanti,Padre con figli,3,18.32337022098114
siepelunga,Padre con figli,3,10.943599820732926
chiesanuova,Padre con figli,4,2.315854793670493
dagnini,Padre con figli,4,2.964318957493019
giardini margherita,Padre con figli,4,0.009928637914986039
mezzofanti,Padre con figli,4,2.322680732237046
siepelunga,Padre con figli,4,1.3872168786844554
bitone,Altre tipologie familiari,3,15.195570804741111
cavedone,Altre tipologie familiari,3,4.425608234560199
due madonne,Altre tipologie familiari,3,4.259981285090455
fossolo,Altre tipologie familiari,3,12.245165315034312
lungo savena,Altre tipologie familiari,3,0.2512476606363069
ospedale bellaria,Altre tipologie familiari,3,0.16843418590143483
pontevecchio,Altre tipologie familiari,3,7.447598253275109
via arno,Altre tipologie familiari,3,10.006394260761073
bitone,Coniugi con figli e altri membri conviventi,5,17.446766479517574
cavedone,Coniugi con figli e altri membri conviventi,5,5.081253898939488
due madonne,Coniugi con figli e altri membri conviventi,5,4.891089623622374
fossolo,Coniugi con figli e altri membri conviventi,5,14.059263880224579
lungo savena,Coniugi con figli e altri membri conviventi,5,0.28846953628613015
ospedale bellaria,Coniugi con figli e altri membri conviventi,5,0.19338739862757331
pontevecchio,Coniugi con figli e altri membri conviventi,5,8.550946142649199
via arno,Coniugi con figli e altri membri conviventi,5,11.488823040133084
bitone,Madre con figli,2,322.7651798710751
cavedone,Madre con figli,2,94.00319713038054
due madonne,Madre con figli,2,90.48515803701393
fossolo,Madre con figli,2,260.09638178415474
lungo savena,Madre con figli,2,5.3366864212934075
ospedale bellaria,Madre con figli,2,3.5776668746101064
pontevecchio,Madre con figli,2,158.1925036390102
via arno,Madre con figli,2,212.54322624246205
corelli,Coniugi con altri membri conviventi,4,2.9033978291647005
monte donato,Coniugi con altri membri conviventi,4,0.4733836715431808
ponte savena-la bastia,Coniugi con altri membri conviventi,4,0.44034922133081644
via toscana,Coniugi con altri membri conviventi,4,3.1828692779613026
corelli,Solo,1,937.3827277017461
monte donato,Solo,1,152.8352996696555
ponte savena-la bastia,Solo,1,142.169891458235
via toscana,Solo,1,1027.6120811703634
aeroporto,Padre con figli e altri membri conviventi,6-10,0.3128675781981644
bargellino,Padre con figli e altri membri conviventi,6-10,0.048548417306611726
borgo centro,Padre con figli e altri membri conviventi,6-10,5.336954485858775
casteldebole,Padre con figli e altri membri conviventi,6-10,3.4078291814946615
ducati-villaggio ina,Padre con figli e altri membri conviventi,6-10,2.076793407005057
la birra,Padre con figli e altri membri conviventi,6-10,1.307435849410002
lavino di mezzo,Padre con figli e altri membri conviventi,6-10,0.35467315976774677
lungo reno,Padre con figli e altri membri conviventi,6-10,0.008765686458138229
rigosa,Padre con figli e altri membri conviventi,6-10,0.8941000187300993
triumvirato-pietra,Padre con figli e altri membri conviventi,6-10,3.625622775800712
via del vivaio,Padre con figli e altri membri conviventi,6-10,0.6264094399700318
agucchi,Altre tipologie familiari,3,6.574709215627797
emilia ponente,Altre tipologie familiari,3,13.425290784372203
agucchi,Coniugi con figli,3,185.07806441992247
emilia ponente,Coniugi con figli,3,377.92193558007756
agucchi,Padre con figli,4,1.6436773039069492
emilia ponente,Padre con figli,4,3.356322696093051
arcoveggio,Altre tipologie familiari,4,8.648687376645848
caserme rosse-manifattura,Altre tipologie familiari,4,1.797793819450077
cnr,Altre tipologie familiari,4,0.04023035120447725
ex mercato ortofrutticolo,Altre tipologie familiari,4,1.4365587909265418
piazza dell'unita',Altre tipologie familiari,4,9.144023575850975
via ferrarese,Altre tipologie familiari,4,9.932706085922081
arcoveggio,Padre con figli e altri membri conviventi,5,8.369697461270176
caserme rosse-manifattura,Padre con figli e altri membri conviventi,5,1.7398004704355585
cnr,Padre con figli e altri membri conviventi,5,0.038932597939816696
ex mercato ortofrutticolo,Padre con figli e altri membri conviventi,5,1.3902181847676212
piazza dell'unita',Padre con figli e altri membri conviventi,5,8.849055073404168
via ferrarese,Padre con figli e altri membri conviventi,5,9.61229621218266
croce coperta,Altre tipologie familiari,2,131.91311475409836
la dozza,Altre tipologie familiari,2,29.853442622950823
mulino del gomito,Altre tipologie familiari,2,15.86032786885246
san savino,Altre tipologie familiari,2,202.36196721311475
savena abbandonato,Altre tipologie familiari,2,22.011147540983604
croce coperta,Coniugi con altri membri conviventi,5,1.9688524590163934
la dozza,Coniugi con altri membri conviventi,5,0.4455737704918033
mulino del gomito,Coniugi con altri membri conviventi,5,0.23672131147540987
san savino,Coniugi con altri membri conviventi,5,3.020327868852459
savena abbandonato,Coniugi con altri membri conviventi,5,0.3285245901639344
croce coperta,Padre con figli,3,10.1724043715847
la dozza,Padre con figli,3,2.3021311475409836
mulino del gomito,Padre con figli,3,1.2230601092896176
san savino,Padre con figli,3,15.605027322404371
savena abbandonato,Padre con figli,3,1.6973770491803277
ravone,Padre con figli e altri membri conviventi,6-10,0.2465886544924485
san giuseppe,Padre con figli e altri membri conviventi,6-10,1.281532169899178
san luca,Padre con figli e altri membri conviventi,6-10,0.13483419038749644
stadio-meloncello,Padre con figli e altri membri conviventi,6-10,0.7342997125156902
via del genio,Padre con figli e altri membri conviventi,6-10,0.0034417135684496093
xxi aprile,Padre con figli e altri membri conviventi,6-10,2.5993035591367377
ravone,Solo,1,156.23857148641537
san giuseppe,Solo,1,811.9787828481192
san luca,Solo,1,85.43094302951775
stadio-meloncello,Solo,1,465.2522978499413
via del genio,Solo,1,2.1806697169696725
xxi aprile,Solo,1,1646.918735069037
battindarno,Coniugi con altri membri conviventi,3,26.75897582606208
canale di reno,Coniugi con altri membri conviventi,3,19.105707338006006
villaggio della barca,Coniugi con altri membri conviventi,3,18.135316835931913
battindarno,Coniugi con altri membri conviventi,6-10,1.25432699184666
canale di reno,Coniugi con altri membri conviventi,6-10,0.8955800314690315
villaggio della barca,Coniugi con altri membri conviventi,6-10,0.8500929766843084
agucchi,Coniugi con figli e altri membri conviventi,5,7.889651058753356
emilia ponente,Coniugi con figli e altri membri conviventi,5,16.110348941246645
agucchi,Madre con figli,2,127.54935878317924
emilia ponente,Madre con figli,2,260.45064121682077
arcoveggio,Coniugi con altri membri conviventi,5,1.6739394922540352
caserme rosse-manifattura,Coniugi con altri membri conviventi,5,0.3479600940871117
cnr,Coniugi con altri membri conviventi,5,0.007786519587963339
ex mercato ortofrutticolo,Coniugi con altri membri conviventi,5,0.2780436369535242
piazza dell'unita',Coniugi con altri membri conviventi,5,1.7698110146808337
via ferrarese,Coniugi con altri membri conviventi,5,1.9224592424365319
arcoveggio,Madre con figli,6-10,0.8369697461270176
caserme rosse-manifattura,Madre con figli,6-10,0.17398004704355585
cnr,Madre con figli,6-10,0.0038932597939816695
ex mercato ortofrutticolo,Madre con figli,6-10,0.1390218184767621
piazza dell'unita',Madre con figli,6-10,0.8849055073404168
via ferrarese,Madre con figli,6-10,0.9612296212182659
arcoveggio,Padre con figli,3,13.949495768783626
caserme rosse-manifattura,Padre con figli,3,2.899667450725931
cnr,Padre con figli,3,0.06488766323302783
ex mercato ortofrutticolo,Padre con figli,3,2.3170303079460353
piazza dell'unita',Padre con figli,3,14.748425122340281
via ferrarese,Padre con figli,3,16.0204936869711
croce coperta,Altre tipologie familiari,4,2.2969945355191257
la dozza,Altre tipologie familiari,4,0.5198360655737705
mulino del gomito,Altre tipologie familiari,4,0.27617486338797814
san savino,Altre tipologie familiari,4,3.523715846994535
savena abbandonato,Altre tipologie familiari,4,0.3832786885245901
croce coperta,Coniugi con altri membri conviventi,3,12.141256830601094
la dozza,Coniugi con altri membri conviventi,3,2.747704918032787
mulino del gomito,Coniugi con altri membri conviventi,3,1.4597814207650275
san savino,Coniugi con altri membri conviventi,3,18.62535519125683
savena abbandonato,Coniugi con altri membri conviventi,3,2.025901639344262
beverara,Coniugi con figli e altri membri conviventi,4,15.874615857406269
la noce,Coniugi con figli e altri membri conviventi,4,3.4300348289284983
laghetti del rosario,Coniugi con figli e altri membri conviventi,4,1.0952673632452368
lazzaretto,Coniugi con figli e altri membri conviventi,4,2.0575701700471214
pescarola,Coniugi con figli e altri membri conviventi,4,10.202212661339889
tiro a segno,Coniugi con figli e altri membri conviventi,4,0.34029911903298504
ravone,Coppia unita civilmente femminile con figli ed eventuali conviventi,3,0.19727092359395879
san giuseppe,Coppia unita civilmente femminile con figli ed eventuali conviventi,3,1.0252257359193424
san luca,Coppia unita civilmente femminile con figli ed eventuali conviventi,3,0.10786735230999717
stadio-meloncello,Coppia unita civilmente femminile con figli ed eventuali conviventi,3,0.5874397700125521
via del genio,Coppia unita civilmente femminile con figli ed eventuali conviventi,3,0.0027533708547596873
xxi aprile,Coppia unita civilmente femminile con figli ed eventuali conviventi,3,2.07944284730939
ravone,Madre con figli e altri membri conviventi,4,5.326314937036887
san giuseppe,Madre con figli e altri membri conviventi,4,27.681094869822246
san luca,Madre con figli e altri membri conviventi,4,2.9124185123699236
stadio-meloncello,Madre con figli e altri membri conviventi,4,15.860873790338907
via del genio,Madre con figli e altri membri conviventi,4,0.07434101307851156
xxi aprile,Madre con figli e altri membri conviventi,4,56.14495687735353
malpighi-1,Altre tipologie familiari,2,41.87992785364597
malpighi-2,Altre tipologie familiari,2,222.12007214635403
malpighi-1,Madre con figli,6-10,0.31727218070943913
malpighi-2,Madre con figli,6-10,1.6827278192905608
malpighi-1,Padre con figli,2,12.373615047668126
malpighi-2,Padre con figli,2,65.62638495233188
marconi-1,Coniugi con altri membri conviventi,4,0.7930052867019113
marconi-2,Coniugi con altri membri conviventi,4,4.206994713298088
marconi-1,Coppia unita civilmente femminile,2,0.6344042293615291
marconi-2,Coppia unita civilmente femminile,2,3.3655957706384707
marconi-1,Madre con figli,2,73.11508743391623
marconi-2,Madre con figli,2,387.88491256608376
marconi-1,Madre con figli e altri membri conviventi,5,1.110207401382676
marconi-2,Madre con figli e altri membri conviventi,5,5.889792598617324
marconi-1,Padre con figli,4,0.4758031720211468
marconi-2,Padre con figli,4,2.524196827978853
prati di caprara-ospedale maggiore,Altre tipologie familiari,2,11.31545449600174
scalo ravone,Altre tipologie familiari,2,3.4231627046727957
velodromo,Altre tipologie familiari,2,137.9011586792145
via vittorio veneto,Altre tipologie familiari,2,128.15465375618777
zanardi,Altre tipologie familiari,2,156.2055703639232
prati di caprara-ospedale maggiore,Coppia unita civilmente femminile,2,0.12946744274601535
scalo ravone,Coppia unita civilmente femminile,2,0.039166621334929014
velodromo,Coppia unita civilmente femminile,2,1.5778164608605776
via vittorio veneto,Coppia unita civilmente femminile,2,1.4663003862264048
zanardi,Coppia unita civilmente femminile,2,1.787249088832073
prati di caprara-ospedale maggiore,Coppia unita civilmente maschile,2,0.3107218625904368
scalo ravone,Coppia unita civilmente maschile,2,0.09399989120382962
velodromo,Coppia unita civilmente maschile,2,3.7867595060653865
via vittorio veneto,Coppia unita civilmente maschile,2,3.519120926943372
zanardi,Coppia unita civilmente maschile,2,4.289397813196976
caab,Altre tipologie familiari,6-10,0.0410740520771467
cadriano-calamosco,Altre tipologie familiari,6-10,0.08017880028758088
fiera,Altre tipologie familiari,6-10,0.001969303866712513
michelino,Altre tipologie familiari,6-10,0.4278078209496421
pilastro,Altre tipologie familiari,6-10,0.6635616267075115
san donnino,Altre tipologie familiari,6-10,0.27401456659685536
scalo merci san donato,Altre tipologie familiari,6-10,0.0037510549842143105
via del lavoro,Altre tipologie familiari,6-10,0.7549935919477353
via mondo,Altre tipologie familiari,6-10,0.7526491825826014
caab,Coniugi con figli,3,13.992560407614642
cadriano-calamosco,Coniugi con figli,3,27.314244631302554
fiera,Coniugi con figli,3,0.6708761839267293
michelino,Coniugi con figli,3,145.73986433684473
pilastro,Coniugi con figli,3,226.0533274983589
san donnino,Coniugi con figli,3,93.34762902066205
scalo merci san donato,Coniugi con figli,3,1.2778593979556752
via del lavoro,Coniugi con figli,3,257.2011503235285
via mondo,Coniugi con figli,3,256.4024881998062
caab,Coniugi con figli,4,10.720327592135288
cadriano-calamosco,Coniugi con figli,4,20.92666687505861
fiera,Coniugi con figli,4,0.5139883092119658
michelino,Coniugi con figli,4,111.65784126785658
pilastro,Coniugi con figli,4,173.1895845706605
san donnino,Coniugi con figli,4,71.51780188177925
scalo merci san donato,Coniugi con figli,4,0.979025350879935
via del lavoro,Coniugi con figli,4,197.05332749835893
via mondo,Coniugi con figli,4,196.44143665405898
caab,Padre con figli,6-10,0.013691350692382233
cadriano-calamosco,Padre con figli,6-10,0.02672626676252696
fiera,Padre con figli,6-10,0.0006564346222375043
michelino,Padre con figli,6-10,0.14260260698321403
pilastro,Padre con figli,6-10,0.22118720890250382
san donnino,Padre con figli,6-10,0.09133818886561845
scalo merci san donato,Padre con figli,6-10,0.0012503516614047702
via del lavoro,Padre con figli,6-10,0.2516645306492451
via mondo,Padre con figli,6-10,0.25088306086086715
cirenaica,Altre tipologie familiari,4,4.4009690413814475
croce del biacco,Altre tipologie familiari,4,2.136313698977436
guelfa,Altre tipologie familiari,4,3.37232034705203
mengoli,Altre tipologie familiari,4,4.791261725682413
ospedale sant'orsola,Altre tipologie familiari,4,0.037832051607087525
roveri,Altre tipologie familiari,4,0.6048339389841968
scandellara,Altre tipologie familiari,4,0.45877348657708666
stradelli guelfi,Altre tipologie familiari,4,0.14606045240711008
via larga,Altre tipologie familiari,4,1.0516352573311925
cirenaica,Madre con figli,3,77.92304008563622
croce del biacco,Madre con figli,3,37.825319023071074
guelfa,Madre con figli,3,59.709907321333
mengoli,Madre con figli,3,84.83351643708274
ospedale sant'orsola,Madre con figli,3,0.6698498549254909
roveri,Madre con figli,3,10.709118566720191
scandellara,Madre con figli,3,8.122989379982535
stradelli guelfi,Madre con figli,3,2.586129186737655
via larga,Madre con figli,3,18.620130144511112
cirenaica,Madre con figli,5,1.2944026592298374
croce del biacco,Madre con figli,5,0.6283275585227753
guelfa,Madre con figli,5,0.9918589256035382
mengoli,Madre con figli,5,1.4091946252007097
ospedale sant'orsola,Madre con figli,5,0.011127074002084566
roveri,Madre con figli,5,0.177892334995352
scandellara,Madre con figli,5,0.13493337840502548
stradelli guelfi,Madre con figli,5,0.04295895659032649
via larga,Madre con figli,5,0.3093044874503507
cirenaica,Solo,1,1321.3262345418182
croce del biacco,Solo,1,641.3967717400491
guelfa,Solo,1,1012.4895912560918
mengoli,Solo,1,1438.5058734048846
ospedale sant'orsola,Solo,1,11.358517141327924
roveri,Solo,1,181.5924955632553
scandellara,Solo,1,137.73999267585003
stradelli guelfi,Solo,1,43.85250288740528
via larga,Solo,1,315.738020789318
osservanza,Coniugi,2,263.9095374071959
paderno,Coniugi,2,99.7500856653341
san michele in bosco,Coniugi,2,164.34037692747003
osservanza,Madre con figli,3,58.47995431182182
paderno,Madre con figli,3,22.10371216447744
san michele in bosco,Madre con figli,3,36.41633352370074
osservanza,Madre con figli,5,1.9993146773272417
paderno,Madre con figli,5,0.7556824671616219
san michele in bosco,Madre con figli,5,1.2450028555111365
osservanza,Madre con figli e altri membri conviventi,4,22.99211878926328
paderno,Madre con figli e altri membri conviventi,4,8.690348372358653
san michele in bosco,Madre con figli e altri membri conviventi,4,14.317532838378071
osservanza,Padre con figli,6-10,0.4998286693318104
paderno,Padre con figli,6-10,0.18892061679040548
san michele in bosco,Padre con figli,6-10,0.31125071387778414
osservanza,Solo,1,448.34631639063394
paderno,Solo,1,169.46179326099372
san michele in bosco,Solo,1,279.1918903483724
galvani-1,Coniugi con figli,3,56.53127163627972
galvani-2,Coniugi con figli,3,357.4687283637203
galvani-1,Coniugi con figli,5,9.83152550196169
galvani-2,Coniugi con figli,5,62.16847449803831
galvani-1,Madre con figli e altri membri conviventi,4,6.144703438726056
galvani-2,Madre con figli e altri membri conviventi,4,38.855296561273946
galvani-1,Padre con figli e altri membri conviventi,3,9.558427571351643
galvani-2,Padre con figli e altri membri conviventi,3,60.44157242864836
galvani-1,Padre con figli e altri membri conviventi,6-10,0.13654896530502347
galvani-2,Padre con figli e altri membri conviventi,6-10,0.8634510346949765
chiesanuova,Altre tipologie familiari,2,144.09763160616401
dagnini,Altre tipologie familiari,2,184.44651291067674
giardini margherita,Altre tipologie familiari,2,0.6177819147102424
mezzofanti,Altre tipologie familiari,2,144.5223566725273
siepelunga,Altre tipologie familiari,2,86.31571689592167
chiesanuova,Altre tipologie familiari,3,12.865859964836075
dagnini,Altre tipologie familiari,3,16.468438652738996
giardini margherita,Altre tipologie familiari,3,0.05515909952770021
mezzofanti,Altre tipologie familiari,3,12.903781845761367
siepelunga,Altre tipologie familiari,3,7.706760437135864
chiesanuova,Altre tipologie familiari,4,2.5731719929672145
dagnini,Altre tipologie familiari,4,3.293687730547799
giardini margherita,Altre tipologie familiari,4,0.011031819905540042
mezzofanti,Altre tipologie familiari,4,2.5807563691522732
siepelunga,Altre tipologie familiari,4,1.5413520874271727
chiesanuova,Coniugi con figli,5,44.00124107973937
dagnini,Coniugi con figli,5,56.32206019236737
giardini margherita,Coniugi con figli,5,0.18864412038473471
mezzofanti,Coniugi con figli,5,44.13093391250388
siepelunga,Coniugi con figli,5,26.357120695004653
chiesanuova,Coppia unita civilmente maschile con altri conviventi,3,0.514634398593443
dagnini,Coppia unita civilmente maschile con altri conviventi,3,0.6587375461095598
giardini margherita,Coppia unita civilmente maschile con altri conviventi,3,0.0022063639811080085
mezzofanti,Coppia unita civilmente maschile con altri conviventi,3,0.5161512738304547
siepelunga,Coppia unita civilmente maschile con altri conviventi,3,0.30827041748543454
chiesanuova,Madre con figli e altri membri conviventi,5,5.660978384527873
dagnini,Madre con figli e altri membri conviventi,5,7.246113007205158
giardini margherita,Madre con figli e altri membri conviventi,5,0.02427000379218809
mezzofanti,Madre con figli e altri membri conviventi,5,5.6776640121350015
siepelunga,Madre con figli e altri membri conviventi,5,3.39097459233978
chiesanuova,Padre con figli e altri membri conviventi,5,3.345123590857379
dagnini,Padre con figli e altri membri conviventi,5,4.281794049712139
giardini margherita,Padre con figli e altri membri conviventi,5,0.014341365877202056
mezzofanti,Padre con figli e altri membri conviventi,5,3.3549832798979553
siepelunga,Padre con figli e altri membri conviventi,5,2.0037577136553244
bitone,Coniugi con altri membri conviventi,3,24.481752963194012
cavedone,Coniugi con altri membri conviventi,3,7.130146600124766
due madonne,Coniugi con altri membri conviventi,3,6.863303181534622
fossolo,Coniugi con altri membri conviventi,3,19.728321896444168
lungo savena,Coniugi con altri membri conviventi,3,0.40478789769182777
ospedale bellaria,Coniugi con altri membri conviventi,3,0.2713661883967561
pontevecchio,Coniugi con altri membri conviventi,3,11.998908296943231
via arno,Coniugi con altri membri conviventi,3,16.121412975670616
bitone,Coniugi con figli,3,442.07855063422755
cavedone,Coniugi con figli,3,128.75241734248286
due madonne,Coniugi con figli,3,123.93389997920565
fossolo,Coniugi con figli,3,356.24360573923894
lungo savena,Coniugi con figli,3,7.30944583073404
ospedale bellaria,Coniugi con figli,3,4.900187149095446
pontevecchio,Coniugi con figli,3,216.66994177583697
via arno,Coniugi con figli,3,291.1119515491786
bitone,Coniugi con figli e altri membri conviventi,Oltre 10,0.8441983780411728
cavedone,Coniugi con figli e altri membri conviventi,Oltre 10,0.24586712414223333
due madonne,Coniugi con figli e altri membri conviventi,Oltre 10,0.23666562694946974
fossolo,Coniugi con figli e altri membri conviventi,Oltre 10,0.6802869619463506
lungo savena,Coniugi con figli e altri membri conviventi,Oltre 10,0.013958203368683718
ospedale bellaria,Coniugi con figli e altri membri conviventi,Oltre 10,0.009357454772301935
pontevecchio,Coniugi con figli e altri membri conviventi,Oltre 10,0.41375545851528384
via arno,Coniugi con figli e altri membri conviventi,Oltre 10,0.555910792264504
bitone,Coppia unita civilmente femminile,2,1.9697962154294033
cavedone,Coppia unita civilmente femminile,2,0.5736899563318777
due madonne,Coppia unita civilmente femminile,2,0.5522197962154294
fossolo,Coppia unita civilmente femminile,2,1.587336244541485
lungo savena,Coppia unita civilmente femminile,2,0.03256914119359534
ospedale bellaria,Coppia unita civilmente femminile,2,0.02183406113537118
pontevecchio,Coppia unita civilmente femminile,2,0.965429403202329
via arno,Coppia unita civilmente femminile,2,1.2971251819505094
bitone,Madre con figli e altri membri conviventi,4,49.526304845082144
cavedone,Madre con figli e altri membri conviventi,4,14.424204616344355
due madonne,Madre con figli e altri membri conviventi,4,13.884383447702223
fossolo,Madre con figli e altri membri conviventi,4,39.910168434185906
lungo savena,Madre con figli e altri membri conviventi,4,0.8188812642961114
ospedale bellaria,Madre con figli e altri membri conviventi,4,0.5489706799750468
pontevecchio,Madre con figli e altri membri conviventi,4,24.273653566229985
via arno,Madre con figli e altri membri conviventi,4,32.613433146184235
bitone,Sola,1,1617.2026928675402
cavedone,Sola,1,470.9994541484716
due madonne,Sola,1,453.3724526928675
fossolo,Sola,1,1303.203056768559
lungo savena,Sola,1,26.739264919941775
ospedale bellaria,Sola,1,17.925764192139738
pontevecchio,Sola,1,792.6175400291121
via arno,Sola,1,1064.9397743813684
corelli,Altre tipologie familiari,5,1.2443133553563002
monte donato,Altre tipologie familiari,5,0.20287871637564892
ponte savena-la bastia,Altre tipologie familiari,5,0.1887210948560642
via toscana,Altre tipologie familiari,5,1.3640868334119869
corelli,Coniugi con altri membri conviventi,3,22.812411514865506
monte donato,Coniugi con altri membri conviventi,3,3.7194431335535634
ponte savena-la bastia,Coniugi con altri membri conviventi,3,3.4598867390278434
via toscana,Coniugi con altri membri conviventi,3,25.008258612553092
corelli,Coniugi con figli,3,340.94185936762625
monte donato,Coniugi con figli,3,55.5887682869278
ponte savena-la bastia,Coniugi con figli,3,51.709579990561586
via toscana,Coniugi con figli,3,373.7597923548844
corelli,Coppia unita civilmente maschile,2,1.2443133553563002
monte donato,Coppia unita civilmente maschile,2,0.20287871637564892
ponte savena-la bastia,Coppia unita civilmente maschile,2,0.1887210948560642
via toscana,Coppia unita civilmente maschile,2,1.3640868334119869
battindarno,Madre con figli,3,89.8934344156773
canale di reno,Madre con figli,3,64.18323558861393
villaggio della barca,Madre con figli,3,60.92332999570877
battindarno,Padre con figli,2,57.69904162494636
canale di reno,Padre con figli,2,41.19668144757545
villaggio della barca,Padre con figli,2,39.10427692747819
aeroporto,Coniugi con altri membri conviventi,6-10,0.03476306424424049
bargellino,Coniugi con altri membri conviventi,6-10,0.005394268589623525
borgo centro,Coniugi con altri membri conviventi,6-10,0.5929949428731972
casteldebole,Coniugi con altri membri conviventi,6-10,0.3786476868327402
ducati-villaggio ina,Coniugi con altri membri conviventi,6-10,0.2307548230005619
la birra,Coniugi con altri membri conviventi,6-10,0.14527064993444466
lavino di mezzo,Coniugi con altri membri conviventi,6-10,0.039408128863082974
lungo reno,Coniugi con altri membri conviventi,6-10,0.0009739651620153587
rigosa,Coniugi con altri membri conviventi,6-10,0.09934444652556658
triumvirato-pietra,Coniugi con altri membri conviventi,6-10,0.402846975088968
via del vivaio,Coniugi con altri membri conviventi,6-10,0.0696010488855591
aeroporto,Madre con figli,2,11.95849410001873
bargellino,Madre con figli,2,1.8556283948304926
borgo centro,Madre con figli,2,203.99026034837985
casteldebole,Madre con figli,2,130.2548042704626
ducati-villaggio ina,Madre con figli,2,79.3796591121933
la birra,Madre con figli,2,49.97310357744897
lavino di mezzo,Madre con figli,2,13.556396328900544
lungo reno,Madre con figli,2,0.3350440157332834
rigosa,Madre con figli,2,34.1744896047949
triumvirato-pietra,Madre con figli,2,138.579359430605
via del vivaio,Madre con figli,2,23.94276081663233
aeroporto,Padre con figli,4,0.10428919273272147
bargellino,Padre con figli,4,0.016182805768870576
borgo centro,Padre con figli,4,1.7789848286195915
casteldebole,Padre con figli,4,1.1359430604982206
ducati-villaggio ina,Padre con figli,4,0.6922644690016857
la birra,Padre con figli,4,0.435811949803334
lavino di mezzo,Padre con figli,4,0.11822438658924891
lungo reno,Padre con figli,4,0.002921895486046076
rigosa,Padre con figli,4,0.29803333957669975
triumvirato-pietra,Padre con figli,4,1.208540925266904
via del vivaio,Padre con figli,4,0.2088031466566773
agucchi,Coniugi,2,299.80674023262753
emilia ponente,Coniugi,2,612.1932597673725
agucchi,Coniugi con altri membri conviventi,4,2.3011482254697286
emilia ponente,Coniugi con altri membri conviventi,4,4.698851774530271
agucchi,Coniugi con altri membri conviventi,5,0.6574709215627796
emilia ponente,Coniugi con altri membri conviventi,5,1.3425290784372204
arcoveggio,Altre tipologie familiari,2,297.96122962121825
caserme rosse-manifattura,Altre tipologie familiari,2,61.936896747505884
cnr,Altre tipologie familiari,2,1.3860004866574744
ex mercato ortofrutticolo,Altre tipologie familiari,2,49.491767377727314
piazza dell'unita',Altre tipologie familiari,2,315.0263606131884
via ferrarese,Altre tipologie familiari,2,342.19774515370267
croce coperta,Altre tipologie familiari,3,11.813114754098361
la dozza,Altre tipologie familiari,3,2.67344262295082
mulino del gomito,Altre tipologie familiari,3,1.4203278688524592
san savino,Altre tipologie familiari,3,18.121967213114754
savena abbandonato,Altre tipologie familiari,3,1.9711475409836066
croce coperta,Madre con figli e altri membri conviventi,6-10,4.2658469945355195
la dozza,Madre con figli e altri membri conviventi,6-10,0.9654098360655738
mulino del gomito,Madre con figli e altri membri conviventi,6-10,0.512896174863388
san savino,Madre con figli e altri membri conviventi,6-10,6.544043715846994
savena abbandonato,Madre con figli e altri membri conviventi,6-10,0.7118032786885246
croce coperta,Padre con figli,2,41.674043715847
la dozza,Padre con figli,2,9.431311475409837
mulino del gomito,Padre con figli,2,5.0106010928961755
san savino,Padre con figli,2,63.93027322404371
savena abbandonato,Padre con figli,2,6.9537704918032786
croce coperta,Padre con figli e altri membri conviventi,6-10,2.625136612021858
la dozza,Padre con figli e altri membri conviventi,6-10,0.5940983606557377
mulino del gomito,Padre con figli e altri membri conviventi,6-10,0.31562841530054647
san savino,Padre con figli e altri membri conviventi,6-10,4.027103825136612
savena abbandonato,Padre con figli e altri membri conviventi,6-10,0.4380327868852459
beverara,Altre tipologie familiari,3,12.507273099774636
la noce,Altre tipologie familiari,3,2.702451683398211
laghetti del rosario,Altre tipologie familiari,3,0.8629379225568532
lazzaretto,Altre tipologie familiari,3,1.6211158915522776
pescarola,Altre tipologie familiari,3,8.038106945298095
tiro a segno,Altre tipologie familiari,3,0.2681144574199276
beverara,Coniugi con altri membri conviventi,4,1.9241958615037902
la noce,Coniugi con altri membri conviventi,4,0.4157617974458786
laghetti del rosario,Coniugi con altri membri conviventi,4,0.13275968039336203
lazzaretto,Coniugi con altri membri conviventi,4,0.24940244485419655
pescarola,Coniugi con altri membri conviventi,4,1.2366318377381684
tiro a segno,Coniugi con altri membri conviventi,4,0.04124837806460425
beverara,Coniugi con figli,3,286.70518336406474
la noce,Coniugi con figli,3,61.94850781943591
laghetti del rosario,Coniugi con figli,3,19.781192378610942
lazzaretto,Coniugi con figli,3,37.160964283275284
pescarola,Coniugi con figli,3,184.2581438229871
tiro a segno,Coniugi con figli,3,6.1460083316260326
beverara,Coniugi con figli e altri membri conviventi,Oltre 10,0.9620979307518951
la noce,Coniugi con figli e altri membri conviventi,Oltre 10,0.2078808987229393
laghetti del rosario,Coniugi con figli e altri membri conviventi,Oltre 10,0.06637984019668101
lazzaretto,Coniugi con figli e altri membri conviventi,Oltre 10,0.12470122242709827
pescarola,Coniugi con figli e altri membri conviventi,Oltre 10,0.6183159188690842
tiro a segno,Coniugi con figli e altri membri conviventi,Oltre 10,0.020624189032302124
beverara,Madre con figli e altri membri conviventi,5,6.734685515263266
la noce,Madre con figli e altri membri conviventi,5,1.4551662910605752
laghetti del rosario,Madre con figli e altri membri conviventi,5,0.4646588813767671
lazzaretto,Madre con figli e altri membri conviventi,5,0.872908556989688
pescarola,Madre con figli e altri membri conviventi,5,4.32821143208359
tiro a segno,Madre con figli e altri membri conviventi,5,0.14436932322611487
beverara,Padre con figli,3,10.102028272894898
la noce,Padre con figli,3,2.182749436590863
laghetti del rosario,Padre con figli,3,0.6969883220651506
lazzaretto,Padre con figli,3,1.309362835484532
pescarola,Padre con figli,3,6.492317148125384
tiro a segno,Padre con figli,3,0.2165539848391723
ravone,Altre tipologie familiari,4,0.09863546179697939
san giuseppe,Altre tipologie familiari,4,0.5126128679596712
san luca,Altre tipologie familiari,4,0.05393367615499858
stadio-meloncello,Altre tipologie familiari,4,0.29371988500627605
via del genio,Altre tipologie familiari,4,0.0013766854273798436
xxi aprile,Altre tipologie familiari,4,1.039721423654695
ravone,Coniugi con figli,6-10,1.134307810665263
san giuseppe,Coniugi con figli,6-10,5.8950479815362185
san luca,Coniugi con figli,6-10,0.6202372757824837
stadio-meloncello,Coniugi con figli,6-10,3.3777786775721745
via del genio,Coniugi con figli,6-10,0.0158318824148682
xxi aprile,Coniugi con figli,6-10,11.956796372028993
ravone,Coppia unita civilmente maschile con altri conviventi,3,0.049317730898489696
san giuseppe,Coppia unita civilmente maschile con altri conviventi,3,0.2563064339798356
san luca,Coppia unita civilmente maschile con altri conviventi,3,0.02696683807749929
stadio-meloncello,Coppia unita civilmente maschile con altri conviventi,3,0.14685994250313802
via del genio,Coppia unita civilmente maschile con altri conviventi,3,0.0006883427136899218
xxi aprile,Coppia unita civilmente maschile con altri conviventi,3,0.5198607118273475
ravone,Madre con figli e altri membri conviventi,3,7.644248289265903
san giuseppe,Madre con figli e altri membri conviventi,3,39.727497266874515
san luca,Madre con figli e altri membri conviventi,3,4.1798599020123905
stadio-meloncello,Madre con figli e altri membri conviventi,3,22.763291087986392
via del genio,Madre con figli e altri membri conviventi,3,0.10669312062193788
xxi aprile,Madre con figli e altri membri conviventi,3,80.57841033323886
ravone,Padre con figli,4,0.14795319269546908
san giuseppe,Padre con figli,4,0.7689193019395069
san luca,Padre con figli,4,0.08090051423249787
stadio-meloncello,Padre con figli,4,0.44057982750941405
via del genio,Padre con figli,4,0.0020650281410697652
xxi aprile,Padre con figli,4,1.5595821354820425
ravone,Sola,1,204.66858322873225
san giuseppe,Sola,1,1063.6717010163177
san luca,Sola,1,111.91237802162206
stadio-meloncello,Sola,1,609.4687613880228
via del genio,Sola,1,2.8566222618131754
xxi aprile,Sola,1,2157.421954083492
malpighi-1,Coppia unita civilmente maschile,2,0.9518165421283173
malpighi-2,Coppia unita civilmente maschile,2,5.048183457871683
malpighi-1,Madre con figli,3,17.132697758309714
malpighi-2,Madre con figli,3,90.86730224169028
marconi-1,Altre tipologie familiari,4,1.4274095160634404
marconi-2,Altre tipologie familiari,4,7.572590483936559
marconi-1,Coniugi con figli,4,61.378609190727936
marconi-2,Coniugi con figli,4,325.62139080927204
marconi-1,Padre con figli,5,0.15860105734038227
marconi-2,Padre con figli,5,0.8413989426596177
marconi-1,Padre con figli e altri membri conviventi,4,5.551037006913379
marconi-2,Padre con figli e altri membri conviventi,4,29.448962993086617
prati di caprara-ospedale maggiore,Padre con figli e altri membri conviventi,4,1.7607572213458087
scalo ravone,Padre con figli e altri membri conviventi,4,0.5326660501550345
velodromo,Padre con figli e altri membri conviventi,4,21.458303867703858
via vittorio veneto,Padre con figli e altri membri conviventi,4,19.941685252679108
zanardi,Padre con figli e altri membri conviventi,4,24.306587608116192
prati di caprara-ospedale maggiore,Padre con figli e altri membri conviventi,5,0.388402328238046
scalo ravone,Padre con figli e altri membri conviventi,5,0.11749986400478704
velodromo,Padre con figli e altri membri conviventi,5,4.733449382581733
via vittorio veneto,Padre con figli e altri membri conviventi,5,4.398901158679214
zanardi,Padre con figli e altri membri conviventi,5,5.361747266496219
caab,Altre tipologie familiari,4,0.23275296177049795
cadriano-calamosco,Altre tipologie familiari,4,0.45434653496295835
fiera,Altre tipologie familiari,4,0.011159388578037572
michelino,Altre tipologie familiari,4,2.4242443187146385
pilastro,Altre tipologie familiari,4,3.760182551342565
san donnino,Altre tipologie familiari,4,1.5527492107155136
scalo merci san donato,Altre tipologie familiari,4,0.021255978243881094
via del lavoro,Altre tipologie familiari,4,4.278297021037167
via mondo,Altre tipologie familiari,4,4.265012034634742
caab,Coniugi con figli,5,3.285924166171736
cadriano-calamosco,Coniugi con figli,5,6.41430402300647
fiera,Coniugi con figli,5,0.15754430933700103
michelino,Coniugi con figli,5,34.22462567597137
pilastro,Coniugi con figli,5,53.08493013660092
san donnino,Coniugi con figli,5,21.92116532774843
scalo merci san donato,Coniugi con figli,5,0.3000843987371448
via del lavoro,Coniugi con figli,5,60.39948735581882
via mondo,Coniugi con figli,5,60.21193460660812
cirenaica,Coniugi con figli,4,272.08343897011184
croce del biacco,Coniugi con figli,4,132.07445280148738
guelfa,Coniugi con figli,4,208.48874616186373
mengoli,Coniugi con figli,4,296.2127102171892
ospedale sant'orsola,Coniugi con figli,4,2.3389109552381755
roveri,Coniugi con figli,4,37.392968816022986
scandellara,Coniugi con figli,4,28.362996140736357
stradelli guelfi,Coniugi con figli,4,9.029972675286627
via larga,Coniugi con figli,4,65.01580326206371
cirenaica,Coniugi con figli e altri membri conviventi,Oltre 10,0.517761063691935
croce del biacco,Coniugi con figli e altri membri conviventi,Oltre 10,0.2513310234091101
guelfa,Coniugi con figli e altri membri conviventi,Oltre 10,0.39674357024141527
mengoli,Coniugi con figli e altri membri conviventi,Oltre 10,0.5636778500802839
ospedale sant'orsola,Coniugi con figli e altri membri conviventi,Oltre 10,0.004450829600833826
roveri,Coniugi con figli e altri membri conviventi,Oltre 10,0.0711569339981408
scandellara,Coniugi con figli e altri membri conviventi,Oltre 10,0.053973351362010195
stradelli guelfi,Coniugi con figli e altri membri conviventi,Oltre 10,0.017183582636130595
via larga,Coniugi con figli e altri membri conviventi,Oltre 10,0.12372179498014028
osservanza,Altre tipologie familiari,2,72.47515705311251
paderno,Altre tipologie familiari,2,27.393489434608796
san michele in bosco,Altre tipologie familiari,2,45.1313535122787
galvani-1,Altre tipologie familiari,4,0.8192937918301408
galvani-2,Altre tipologie familiari,4,5.180706208169859
galvani-1,Altre tipologie familiari,5,0.5461958612200939
galvani-2,Altre tipologie familiari,5,3.453804138779906
irnerio-1,Coniugi con altri membri conviventi,4,1.869539724420991
irnerio-2,Coniugi con altri membri conviventi,4,5.13046027557901
irnerio-1,Coniugi con altri membri conviventi,5,0.267077103488713
irnerio-2,Coniugi con altri membri conviventi,5,0.7329228965112871
irnerio-1,Coniugi con figli,4,68.10466138962181
irnerio-2,Coniugi con figli,4,186.8953386103782
irnerio-1,Padre con figli,3,9.347698622104955
irnerio-2,Padre con figli,3,25.652301377895046
chiesanuova,Coppia unita civilmente femminile con figli ed eventuali conviventi,3,0.7719515978901644
dagnini,Coppia unita civilmente femminile con figli ed eventuali conviventi,3,0.9881063191643398
giardini margherita,Coppia unita civilmente femminile con figli ed eventuali conviventi,3,0.0033095459716620127
mezzofanti,Coppia unita civilmente femminile con figli ed eventuali conviventi,3,0.7742269107456821
siepelunga,Coppia unita civilmente femminile con figli ed eventuali conviventi,3,0.46240562622815184
chiesanuova,Padre con figli e altri membri conviventi,3,42.45733788395904
dagnini,Padre con figli e altri membri conviventi,3,54.345847554038684
giardini margherita,Padre con figli e altri membri conviventi,3,0.1820250284414107
mezzofanti,Padre con figli e altri membri conviventi,3,42.58248009101251
siepelunga,Padre con figli e altri membri conviventi,3,25.43230944254835
bitone,Altre tipologie familiari,2,238.3453420669578
cavedone,Altre tipologie familiari,2,69.4164847161572
due madonne,Altre tipologie familiari,2,66.81859534206696
fossolo,Altre tipologie familiari,2,192.06768558951967
lungo savena,Altre tipologie familiari,2,3.940866084425036
ospedale bellaria,Altre tipologie familiari,2,2.641921397379913
pontevecchio,Altre tipologie familiari,2,116.8169577874818
via arno,Altre tipologie familiari,2,156.95214701601165
bitone,Altre tipologie familiari,4,5.065190268247037
cavedone,Altre tipologie familiari,4,1.4752027448534
due madonne,Altre tipologie familiari,4,1.4199937616968183
fossolo,Altre tipologie familiari,4,4.081721771678104
lungo savena,Altre tipologie familiari,4,0.08374922021210231
ospedale bellaria,Altre tipologie familiari,4,0.056144728633811605
pontevecchio,Altre tipologie familiari,4,2.482532751091703
via arno,Altre tipologie familiari,4,3.3354647535870243
bitone,Coniugi con figli e altri membri conviventi,6-10,22.230557288417554
cavedone,Coniugi con figli e altri membri conviventi,6-10,6.4745009357454775
due madonne,Coniugi con figli e altri membri conviventi,6-10,6.232194843002703
fossolo,Coniugi con figli e altri membri conviventi,6-10,17.9142233312539
lungo savena,Coniugi con figli e altri membri conviventi,6-10,0.36756602204200456
ospedale bellaria,Coniugi con figli e altri membri conviventi,6-10,0.2464129756706176
pontevecchio,Coniugi con figli e altri membri conviventi,6-10,10.89556040756914
via arno,Coniugi con figli e altri membri conviventi,6-10,14.638984196298606
bitone,Madre con figli e altri membri conviventi,6-10,2.8139945934705763
cavedone,Madre con figli e altri membri conviventi,6-10,0.819557080474111
due madonne,Madre con figli e altri membri conviventi,6-10,0.7888854231648991
fossolo,Madre con figli e altri membri conviventi,6-10,2.267623206487835
lungo savena,Madre con figli e altri membri conviventi,6-10,0.046527344562279055
ospedale bellaria,Madre con figli e altri membri conviventi,6-10,0.031191515907673113
pontevecchio,Madre con figli e altri membri conviventi,6-10,1.3791848617176128
via arno,Madre con figli e altri membri conviventi,6-10,1.8530359742150135
bitone,Padre con figli,3,21.949157829070494
cavedone,Padre con figli,3,6.392545227698066
due madonne,Padre con figli,3,6.1533063006862125
fossolo,Padre con figli,3,17.687461010605116
lungo savena,Padre con figli,3,0.3629132875857766
ospedale bellaria,Padre con figli,3,0.24329382407985028
pontevecchio,Padre con figli,3,10.75764192139738
via arno,Padre con figli,3,14.453680598877105
irnerio-1,Coniugi,2,195.76751685722664
irnerio-2,Coniugi,2,537.2324831427734
irnerio-1,Coniugi con figli e altri membri conviventi,5,3.739079448841982
irnerio-2,Coniugi con figli e altri membri conviventi,5,10.26092055115802
irnerio-1,Madre con figli,2,100.42099091175609
irnerio-2,Madre con figli,2,275.57900908824394
irnerio-1,Padre con figli,4,1.335385517443565
irnerio-2,Padre con figli,4,3.664614482556435
chiesanuova,Coniugi con figli e altri membri conviventi,4,12.865859964836075
dagnini,Coniugi con figli e altri membri conviventi,4,16.468438652738996
giardini margherita,Coniugi con figli e altri membri conviventi,4,0.05515909952770021
mezzofanti,Coniugi con figli e altri membri conviventi,4,12.903781845761367
siepelunga,Coniugi con figli e altri membri conviventi,4,7.706760437135864
chiesanuova,Coniugi con figli e altri membri conviventi,6-10,8.234150377495087
dagnini,Coniugi con figli e altri membri conviventi,6-10,10.539800737752957
giardini margherita,Coniugi con figli e altri membri conviventi,6-10,0.035301823697728135
mezzofanti,Coniugi con figli e altri membri conviventi,6-10,8.258420381287275
siepelunga,Coniugi con figli e altri membri conviventi,6-10,4.932326679766953
chiesanuova,Madre con figli,3,82.08418657565416
dagnini,Madre con figli,3,105.06863860447478
giardini margherita,Madre con figli,3,0.35191505498672737
mezzofanti,Madre con figli,3,82.32612817595752
siepelunga,Madre con figli,3,49.16913158892681
chiesanuova,Madre con figli,4,10.035370772572138
dagnini,Madre con figli,4,12.845382149136416
giardini margherita,Madre con figli,4,0.04302409763160617
mezzofanti,Madre con figli,4,10.064949839693867
siepelunga,Madre con figli,4,6.011273140965973
chiesanuova,Madre con figli e altri membri conviventi,4,25.98903712896887
dagnini,Madre con figli e altri membri conviventi,4,33.266246078532774
giardini margherita,Madre con figli e altri membri conviventi,4,0.11142138104595442
mezzofanti,Madre con figli e altri membri conviventi,4,26.06563932843796
siepelunga,Madre con figli e altri membri conviventi,4,15.567656083014445
chiesanuova,Padre con figli,2,48.89026786637708
dagnini,Padre con figli,2,62.58006688040818
giardini margherita,Padre con figli,2,0.2096045782052608
mezzofanti,Padre con figli,2,49.03437101389319
siepelunga,Padre con figli,2,29.285689661116283
bitone,Coniugi con figli e altri membri conviventi,4,24.481752963194012
cavedone,Coniugi con figli e altri membri conviventi,4,7.130146600124766
due madonne,Coniugi con figli e altri membri conviventi,4,6.863303181534622
fossolo,Coniugi con figli e altri membri conviventi,4,19.728321896444168
lungo savena,Coniugi con figli e altri membri conviventi,4,0.40478789769182777
ospedale bellaria,Coniugi con figli e altri membri conviventi,4,0.2713661883967561
pontevecchio,Coniugi con figli e altri membri conviventi,4,11.998908296943231
via arno,Coniugi con figli e altri membri conviventi,4,16.121412975670616
bitone,Madre con figli e altri membri conviventi,3,79.91744645456437
cavedone,Madre con figli e altri membri conviventi,3,23.275421085464753
due madonne,Madre con figli e altri membri conviventi,3,22.404346017883135
fossolo,Madre con figli e altri membri conviventi,3,64.40049906425453
lungo savena,Madre con figli e altri membri conviventi,3,1.3213765855687252
ospedale bellaria,Madre con figli e altri membri conviventi,3,0.8858390517779164
pontevecchio,Madre con figli e altri membri conviventi,3,39.1688500727802
via arno,Madre con figli e altri membri conviventi,3,52.62622166770638
corelli,Coniugi con figli e altri membri conviventi,5,17.835158093440302
monte donato,Coniugi con figli e altri membri conviventi,5,2.9079282680509677
ponte savena-la bastia,Coniugi con figli e altri membri conviventi,5,2.705002359603587
via toscana,Coniugi con figli e altri membri conviventi,5,19.551911278905145
corelli,Coniugi con figli e altri membri conviventi,6-10,19.909013685700803
monte donato,Coniugi con figli e altri membri conviventi,6-10,3.2460594620103826
ponte savena-la bastia,Coniugi con figli e altri membri conviventi,6-10,3.019537517697027
via toscana,Coniugi con figli e altri membri conviventi,6-10,21.82538933459179
corelli,Madre con figli,2,286.19207173194906
monte donato,Madre con figli,2,46.662104766399246
ponte savena-la bastia,Madre con figli,2,43.40585181689476
via toscana,Madre con figli,2,313.73997168475694
corelli,Madre con figli,4,13.687446908919302
monte donato,Madre con figli,4,2.231665880132138
ponte savena-la bastia,Madre con figli,4,2.075932043416706
via toscana,Madre con figli,4,15.004955167531854
corelli,Madre con figli,6-10,0.8295422369042001
monte donato,Madre con figli,6-10,0.13525247758376593
ponte savena-la bastia,Madre con figli,6-10,0.12581406323737612
via toscana,Madre con figli,6-10,0.9093912222746579
battindarno,Coniugi con figli,6-10,15.88814189672436
canale di reno,Coniugi con figli,6-10,11.344013731941066
villaggio della barca,Coniugi con figli,6-10,10.767844371334574
battindarno,Coppia unita civilmente femminile,2,2.0905449864111
canale di reno,Coppia unita civilmente femminile,2,1.4926333857817191
villaggio della barca,Coppia unita civilmente femminile,2,1.4168216278071808
battindarno,Madre con figli,2,279.71491918180516
canale di reno,Madre con figli,2,199.71434701759404
villaggio della barca,Madre con figli,2,189.57073380060078
battindarno,Padre con figli,3,12.543269918466601
canale di reno,Padre con figli,3,8.955800314690315
villaggio della barca,Padre con figli,3,8.500929766843084
aeroporto,Altre tipologie familiari,6-10,0.017381532122120246
bargellino,Altre tipologie familiari,6-10,0.0026971342948117626
borgo centro,Altre tipologie familiari,6-10,0.2964974714365986
casteldebole,Altre tipologie familiari,6-10,0.1893238434163701
ducati-villaggio ina,Altre tipologie familiari,6-10,0.11537741150028095
la birra,Altre tipologie familiari,6-10,0.07263532496722233
lavino di mezzo,Altre tipologie familiari,6-10,0.019704064431541487
lungo reno,Altre tipologie familiari,6-10,0.00048698258100767937
rigosa,Altre tipologie familiari,6-10,0.04967222326278329
triumvirato-pietra,Altre tipologie familiari,6-10,0.201423487544484
via del vivaio,Altre tipologie familiari,6-10,0.03480052444277955
aeroporto,Coniugi con figli,5,2.8679528001498404
bargellino,Coniugi con figli,5,0.4450271586439408
borgo centro,Coniugi con figli,5,48.92208278703877
casteldebole,Coniugi con figli,5,31.238434163701065
ducati-villaggio ina,Coniugi con figli,5,19.03727289754636
la birra,Coniugi con figli,5,11.984828619591685
lavino di mezzo,Coniugi con figli,5,3.2511706312043454
lungo reno,Coniugi con figli,5,0.0803521258662671
rigosa,Coniugi con figli,5,8.195916838359242
triumvirato-pietra,Coniugi con figli,5,33.23487544483986
via del vivaio,Coniugi con figli,5,5.742086533058625
aeroporto,Coniugi con figli e altri membri conviventi,4,1.1645626521820565
bargellino,Coniugi con figli e altri membri conviventi,4,0.1807079977523881
borgo centro,Coniugi con figli e altri membri conviventi,4,19.865330586252107
casteldebole,Coniugi con figli e altri membri conviventi,4,12.684697508896797
ducati-villaggio ina,Coniugi con figli e altri membri conviventi,4,7.730286570518824
la birra,Coniugi con figli e altri membri conviventi,4,4.866566772803896
lavino di mezzo,Coniugi con figli e altri membri conviventi,4,1.3201723169132795
lungo reno,Coniugi con figli e altri membri conviventi,4,0.03262783292751452
rigosa,Coniugi con figli e altri membri conviventi,4,3.3280389586064802
triumvirato-pietra,Coniugi con figli e altri membri conviventi,4,13.495373665480427
via del vivaio,Coniugi con figli e altri membri conviventi,4,2.33163513766623
aeroporto,Coniugi con figli e altri membri conviventi,5,1.3557595055253793
bargellino,Coniugi con figli e altri membri conviventi,5,0.21037647499531748
borgo centro,Coniugi con figli e altri membri conviventi,5,23.126802772054692
casteldebole,Coniugi con figli e altri membri conviventi,5,14.767259786476867
ducati-villaggio ina,Coniugi con figli e altri membri conviventi,5,8.999438097021914
la birra,Coniugi con figli e altri membri conviventi,5,5.665555347443342
lavino di mezzo,Coniugi con figli e altri membri conviventi,5,1.536917025660236
lungo reno,Coniugi con figli e altri membri conviventi,5,0.037984641318598994
rigosa,Coniugi con figli e altri membri conviventi,5,3.8744334144970964
triumvirato-pietra,Coniugi con figli e altri membri conviventi,5,15.711032028469752
via del vivaio,Coniugi con figli e altri membri conviventi,5,2.714440906536805
aeroporto,Madre con figli,4,0.643116688518449
bargellino,Madre con figli,4,0.09979396890803521
borgo centro,Madre con figli,4,10.970406443154149
casteldebole,Madre con figli,4,7.0049822064056935
ducati-villaggio ina,Madre con figli,4,4.268964225510396
la birra,Madre con figli,4,2.687507023787226
lavino di mezzo,Madre con figli,4,0.729050383967035
lungo reno,Madre con figli,4,0.018018355497284137
rigosa,Madre con figli,4,1.8378722607229818
triumvirato-pietra,Madre con figli,4,7.452669039145908
via del vivaio,Madre con figli,4,1.2876194043828433
aeroporto,Padre con figli,3,0.7300243491290503
bargellino,Padre con figli,3,0.11327964038209402
borgo centro,Padre con figli,3,12.452893800337142
casteldebole,Padre con figli,3,7.951601423487544
ducati-villaggio ina,Padre con figli,3,4.8458512830118
la birra,Padre con figli,3,3.050683648623338
lavino di mezzo,Padre con figli,3,0.8275707061247425
lungo reno,Padre con figli,3,0.020453268402322533
rigosa,Padre con figli,3,2.086233377036898
triumvirato-pietra,Padre con figli,3,8.459786476868327
via del vivaio,Padre con figli,3,1.461622026596741
aeroporto,Padre con figli e altri membri conviventi,5,0.34763064244240494
bargellino,Padre con figli e altri membri conviventi,5,0.05394268589623525
borgo centro,Padre con figli e altri membri conviventi,5,5.929949428731972
casteldebole,Padre con figli e altri membri conviventi,5,3.786476868327402
ducati-villaggio ina,Padre con figli e altri membri conviventi,5,2.307548230005619
la birra,Padre con figli e altri membri conviventi,5,1.4527064993444467
lavino di mezzo,Padre con figli e altri membri conviventi,5,0.39408128863082975
lungo reno,Padre con figli e altri membri conviventi,5,0.009739651620153587
rigosa,Padre con figli e altri membri conviventi,5,0.9934444652556658
triumvirato-pietra,Padre con figli e altri membri conviventi,5,4.02846975088968
via del vivaio,Padre con figli e altri membri conviventi,5,0.6960104888555909
agucchi,Madre con figli,4,6.574709215627797
emilia ponente,Madre con figli,4,13.425290784372203
agucchi,Padre con figli e altri membri conviventi,5,3.944825529376678
emilia ponente,Padre con figli e altri membri conviventi,5,8.055174470623323
arcoveggio,Madre con figli e altri membri conviventi,5,8.92767729202152
caserme rosse-manifattura,Madre con figli e altri membri conviventi,5,1.8557871684645957
cnr,Madre con figli e altri membri conviventi,5,0.04152810446913781
ex mercato ortofrutticolo,Madre con figli e altri membri conviventi,5,1.4828993970854625
piazza dell'unita',Madre con figli e altri membri conviventi,5,9.43899207829778
via ferrarese,Madre con figli e altri membri conviventi,5,10.253115959661503
arcoveggio,Sola,1,1553.973828642496
caserme rosse-manifattura,Sola,1,323.02295401086866
cnr,Sola,1,7.2284856841593
ex mercato ortofrutticolo,Sola,1,258.1171763051883
piazza dell'unita',Sola,1,1642.9745586287072
via ferrarese,Sola,1,1784.6829967285805
croce coperta,Altre tipologie familiari,5,0.6562841530054645
la dozza,Altre tipologie familiari,5,0.14852459016393443
mulino del gomito,Altre tipologie familiari,5,0.07890710382513662
san savino,Altre tipologie familiari,5,1.006775956284153
savena abbandonato,Altre tipologie familiari,5,0.10950819672131147
croce coperta,Altre tipologie familiari,6-10,0.6562841530054645
la dozza,Altre tipologie familiari,6-10,0.14852459016393443
mulino del gomito,Altre tipologie familiari,6-10,0.07890710382513662
san savino,Altre tipologie familiari,6-10,1.006775956284153
savena abbandonato,Altre tipologie familiari,6-10,0.10950819672131147
croce coperta,Coniugi con figli,6-10,10.1724043715847
la dozza,Coniugi con figli,6-10,2.3021311475409836
mulino del gomito,Coniugi con figli,6-10,1.2230601092896176
san savino,Coniugi con figli,6-10,15.605027322404371
savena abbandonato,Coniugi con figli,6-10,1.6973770491803277
croce coperta,Madre con figli,2,166.36803278688524
la dozza,Madre con figli,2,37.65098360655738
mulino del gomito,Madre con figli,2,20.002950819672133
san savino,Madre con figli,2,255.21770491803278
savena abbandonato,Madre con figli,2,27.760327868852457
croce coperta,Madre con figli,5,0.6562841530054645
la dozza,Madre con figli,5,0.14852459016393443
mulino del gomito,Madre con figli,5,0.07890710382513662
san savino,Madre con figli,5,1.006775956284153
savena abbandonato,Madre con figli,5,0.10950819672131147
croce coperta,Padre con figli,4,1.312568306010929
la dozza,Padre con figli,4,0.29704918032786887
mulino del gomito,Padre con figli,4,0.15781420765027324
san savino,Padre con figli,4,2.013551912568306
savena abbandonato,Padre con figli,4,0.21901639344262294
beverara,Coniugi con figli e altri membri conviventi,5,10.102028272894898
la noce,Coniugi con figli e altri membri conviventi,5,2.182749436590863
laghetti del rosario,Coniugi con figli e altri membri conviventi,5,0.6969883220651506
lazzaretto,Coniugi con figli e altri membri conviventi,5,1.309362835484532
pescarola,Coniugi con figli e altri membri conviventi,5,6.492317148125384
tiro a segno,Coniugi con figli e altri membri conviventi,5,0.2165539848391723
beverara,Coppia unita civilmente maschile,2,3.8483917230075804
la noce,Coppia unita civilmente maschile,2,0.8315235948917572
laghetti del rosario,Coppia unita civilmente maschile,2,0.26551936078672406
lazzaretto,Coppia unita civilmente maschile,2,0.4988048897083931
pescarola,Coppia unita civilmente maschile,2,2.473263675476337
tiro a segno,Coppia unita civilmente maschile,2,0.0824967561292085
beverara,Padre con figli,2,42.81335791845933
la noce,Padre con figli,2,9.250699993170798
laghetti del rosario,Padre con figli,2,2.9539028887523053
lazzaretto,Padre con figli,2,5.549204398005873
pescarola,Padre con figli,2,27.515058389674248
tiro a segno,Padre con figli,2,0.9177764119374445
ravone,Altre tipologie familiari,2,27.66724703405272
san giuseppe,Altre tipologie familiari,2,143.78790946268776
san luca,Altre tipologie familiari,2,15.128396161477102
stadio-meloncello,Altre tipologie familiari,2,82.38842774426043
via del genio,Altre tipologie familiari,2,0.38616026238004614
xxi aprile,Altre tipologie familiari,2,291.64185933514193
ravone,Coniugi con figli,5,6.953800056687047
san giuseppe,Coniugi con figli,5,36.13920719115682
san luca,Coniugi con figli,5,3.8023241689274
stadio-meloncello,Coniugi con figli,5,20.707251892942462
via del genio,Coniugi con figli,5,0.09705632263027898
xxi aprile,Coniugi con figli,5,73.300360367656
ravone,Coniugi con figli e altri membri conviventi,5,2.0220269668380775
san giuseppe,Coniugi con figli e altri membri conviventi,5,10.50856379317326
san luca,Coniugi con figli e altri membri conviventi,5,1.105640361177471
stadio-meloncello,Coniugi con figli e altri membri conviventi,5,6.021257642628659
via del genio,Coniugi con figli e altri membri conviventi,5,0.028222051261286796
xxi aprile,Coniugi con figli e altri membri conviventi,5,21.314289184921247
ravone,Madre con figli e altri membri conviventi,5,0.6904482325788558
san giuseppe,Madre con figli e altri membri conviventi,5,3.5882900757176985
san luca,Madre con figli e altri membri conviventi,5,0.3775357330849901
stadio-meloncello,Madre con figli e altri membri conviventi,5,2.0560391950439323
via del genio,Madre con figli e altri membri conviventi,5,0.009636797991658905
xxi aprile,Madre con figli e altri membri conviventi,5,7.2780499655828645
ravone,Padre con figli,2,7.299024172976475
san giuseppe,Padre con figli,2,37.93335222901567
san luca,Padre con figli,2,3.991092035469895
stadio-meloncello,Padre con figli,2,21.735271490464427
via del genio,Padre con figli,2,0.10187472162610843
xxi aprile,Padre con figli,2,76.93938535044742
ravone,Padre con figli,5,0.049317730898489696
san giuseppe,Padre con figli,5,0.2563064339798356
san luca,Padre con figli,5,0.02696683807749929
stadio-meloncello,Padre con figli,5,0.14685994250313802
via del genio,Padre con figli,5,0.0006883427136899218
xxi aprile,Padre con figli,5,0.5198607118273475
malpighi-1,Altre tipologie familiari,6-10,0.31727218070943913
malpighi-2,Altre tipologie familiari,6-10,1.6827278192905608
marconi-1,Madre con figli,3,21.728344855632372
marconi-2,Madre con figli,3,115.27165514436763
prati di caprara-ospedale maggiore,Coniugi,2,30.088233694173965
scalo ravone,Coniugi,2,9.102322798237502
velodromo,Coniugi,2,366.68454550399827
via vittorio veneto,Coniugi,2,340.7682097590165
zanardi,Coniugi,2,415.3566882445738
prati di caprara-ospedale maggiore,Coniugi con figli,5,2.8223902518631343
scalo ravone,Coniugi con figli,5,0.8538323451014525
velodromo,Coniugi con figli,5,34.3963988467606
via vittorio veneto,Coniugi con figli,5,31.965348419735626
zanardi,Coniugi con figli,5,38.96203013653919
prati di caprara-ospedale maggiore,Coniugi con figli e altri membri conviventi,5,0.8544851221237012
scalo ravone,Coniugi con figli e altri membri conviventi,5,0.2584997008105315
velodromo,Coniugi con figli e altri membri conviventi,5,10.413588641679812
via vittorio veneto,Coniugi con figli e altri membri conviventi,5,9.677582549094272
zanardi,Coniugi con figli e altri membri conviventi,5,11.795843986291683
prati di caprara-ospedale maggiore,Madre con figli e altri membri conviventi,4,1.7089702442474024
scalo ravone,Madre con figli e altri membri conviventi,4,0.516999401621063
velodromo,Madre con figli e altri membri conviventi,4,20.827177283359624
via vittorio veneto,Madre con figli e altri membri conviventi,4,19.355165098188543
zanardi,Madre con figli e altri membri conviventi,4,23.591687972583365
prati di caprara-ospedale maggiore,Padre con figli e altri membri conviventi,3,2.744709786215525
scalo ravone,Padre con figli e altri membri conviventi,3,0.8303323723004951
velodromo,Padre con figli e altri membri conviventi,3,33.449708970244245
via vittorio veneto,Padre con figli e altri membri conviventi,3,31.085568187999783
zanardi,Padre con figli e altri membri conviventi,3,37.889680683239945
caab,Altre tipologie familiari,2,10.912006501828639
cadriano-calamosco,Altre tipologie familiari,2,21.300834609733986
fiera,Altre tipologie familiari,2,0.5231783939232909
michelino,Altre tipologie familiari,2,113.65427776562159
pilastro,Altre tipologie familiari,2,176.28620549529555
san donnino,Altre tipologie familiari,2,72.7965365258979
scalo merci san donato,Altre tipologie familiari,2,0.9965302741396018
via del lavoro,Altre tipologie familiari,2,200.57663092744835
via mondo,Altre tipologie familiari,2,199.95379950611112
caab,Coniugi con altri membri conviventi,5,0.0821481041542934
cadriano-calamosco,Coniugi con altri membri conviventi,5,0.16035760057516177
fiera,Coniugi con altri membri conviventi,5,0.003938607733425026
michelino,Coniugi con altri membri conviventi,5,0.8556156418992842
pilastro,Coniugi con altri membri conviventi,5,1.327123253415023
san donnino,Coniugi con altri membri conviventi,5,0.5480291331937107
scalo merci san donato,Coniugi con altri membri conviventi,5,0.007502109968428621
via del lavoro,Coniugi con altri membri conviventi,5,1.5099871838954706
via mondo,Coniugi con altri membri conviventi,5,1.5052983651652028
caab,Coniugi con figli e altri membri conviventi,5,1.0816167046981964
cadriano-calamosco,Coniugi con figli e altri membri conviventi,5,2.11137507423963
fiera,Coniugi con figli e altri membri conviventi,5,0.05185833515676284
michelino,Coniugi con figli e altri membri conviventi,5,11.265605951673908
pilastro,Coniugi con figli e altri membri conviventi,5,17.4737895032978
san donnino,Coniugi con figli e altri membri conviventi,5,7.215716920383858
scalo merci san donato,Coniugi con figli e altri membri conviventi,5,0.09877778125097685
via del lavoro,Coniugi con figli e altri membri conviventi,5,19.881497921290364
via mondo,Coniugi con figli e altri membri conviventi,5,19.819761808008504
caab,Coppia unita civilmente maschile,2,0.15060485761620457
cadriano-calamosco,Coppia unita civilmente maschile,2,0.29398893438779655
fiera,Coppia unita civilmente maschile,2,0.007220780844612547
michelino,Coppia unita civilmente maschile,2,1.5686286768153543
pilastro,Coppia unita civilmente maschile,2,2.433059297927542
san donnino,Coppia unita civilmente maschile,2,1.004720077521803
scalo merci san donato,Coppia unita civilmente maschile,2,0.013753868275452472
via del lavoro,Coppia unita civilmente maschile,2,2.768309837141696
via mondo,Coppia unita civilmente maschile,2,2.7597136694695386
caab,Madre con figli,6-10,0.0410740520771467
cadriano-calamosco,Madre con figli,6-10,0.08017880028758088
fiera,Madre con figli,6-10,0.001969303866712513
michelino,Madre con figli,6-10,0.4278078209496421
pilastro,Madre con figli,6-10,0.6635616267075115
san donnino,Madre con figli,6-10,0.27401456659685536
scalo merci san donato,Madre con figli,6-10,0.0037510549842143105
via del lavoro,Madre con figli,6-10,0.7549935919477353
via mondo,Madre con figli,6-10,0.7526491825826014
caab,Madre con figli e altri membri conviventi,4,1.7524928886249258
cadriano-calamosco,Madre con figli e altri membri conviventi,4,3.420962145603451
fiera,Madre con figli e altri membri conviventi,4,0.08402363164640055
michelino,Madre con figli e altri membri conviventi,4,18.253133693851396
pilastro,Madre con figli e altri membri conviventi,4,28.31196273952049
san donnino,Madre con figli e altri membri conviventi,4,11.691288174799162
scalo merci san donato,Madre con figli e altri membri conviventi,4,0.16004501265981058
via del lavoro,Madre con figli e altri membri conviventi,4,32.21305992310337
via mondo,Madre con figli e altri membri conviventi,4,32.113031790190995
caab,Madre con figli e altri membri conviventi,5,0.588728079772436
cadriano-calamosco,Madre con figli e altri membri conviventi,5,1.1492294707886592
fiera,Madre con figli e altri membri conviventi,5,0.028226688756212683
michelino,Madre con figli e altri membri conviventi,5,6.131912100278203
pilastro,Madre con figli e altri membri conviventi,5,9.511049982807664
san donnino,Madre con figli e altri membri conviventi,5,3.9275421212215935
scalo merci san donato,Madre con figli e altri membri conviventi,5,0.053765121440405114
via del lavoro,Madre con figli e altri membri conviventi,5,10.82157481791754
via mondo,Madre con figli e altri membri conviventi,5,10.787971617017288
caab,Padre con figli,2,2.7382701384764467
cadriano-calamosco,Padre con figli,2,5.3452533525053925
fiera,Padre con figli,2,0.13128692444750084
michelino,Padre con figli,2,28.520521396642806
pilastro,Padre con figli,2,44.23744178050077
san donnino,Padre con figli,2,18.267637773123692
scalo merci san donato,Padre con figli,2,0.25007033228095404
via del lavoro,Padre con figli,2,50.33290612984902
via mondo,Padre con figli,2,50.17661217217343
caab,Padre con figli e altri membri conviventi,4,1.7114188365477792
cadriano-calamosco,Padre con figli e altri membri conviventi,4,3.34078334531587
fiera,Padre con figli e altri membri conviventi,4,0.08205432777968803
michelino,Padre con figli e altri membri conviventi,4,17.825325872901754
pilastro,Padre con figli e altri membri conviventi,4,27.648401112812977
san donnino,Padre con figli e altri membri conviventi,4,11.417273608202306
scalo merci san donato,Padre con figli e altri membri conviventi,4,0.15629395767559628
via del lavoro,Padre con figli e altri membri conviventi,4,31.45806633115564
via mondo,Padre con figli e altri membri conviventi,4,31.360382607608393
caab,Padre con figli e altri membri conviventi,5,0.4244318714638492
cadriano-calamosco,Padre con figli e altri membri conviventi,5,0.8285142696383357
fiera,Padre con figli e altri membri conviventi,5,0.02034947328936263
michelino,Padre con figli e altri membri conviventi,5,4.420680816479635
pilastro,Padre con figli e altri membri conviventi,5,6.856803475977618
san donnino,Padre con figli e altri membri conviventi,5,2.831483854834172
scalo merci san donato,Padre con figli e altri membri conviventi,5,0.03876090150354788
via del lavoro,Padre con figli e altri membri conviventi,5,7.801600450126598
via mondo,Padre con figli e altri membri conviventi,5,7.777374886686881
caab,Padre con figli e altri membri conviventi,6-10,0.1642962083085868
cadriano-calamosco,Padre con figli e altri membri conviventi,6-10,0.32071520115032354
fiera,Padre con figli e altri membri conviventi,6-10,0.007877215466850052
michelino,Padre con figli e altri membri conviventi,6-10,1.7112312837985684
pilastro,Padre con figli e altri membri conviventi,6-10,2.654246506830046
san donnino,Padre con figli e altri membri conviventi,6-10,1.0960582663874214
scalo merci san donato,Padre con figli e altri membri conviventi,6-10,0.015004219936857242
via del lavoro,Padre con figli e altri membri conviventi,6-10,3.019974367790941
via mondo,Padre con figli e altri membri conviventi,6-10,3.0105967303304055
caab,Sola,1,64.9517676846613
cadriano-calamosco,Sola,1,126.7894095214279
fiera,Sola,1,3.1141258478947202
michelino,Sola,1,676.5067675283674
pilastro,Sola,1,1049.3121190334782
san donnino,Sola,1,433.30836797849395
scalo merci san donato,Sola,1,5.93166828170423
via del lavoro,Sola,1,1193.8965334000188
via mondo,Sola,1,1190.1892407239538
cirenaica,Madre con figli,2,256.5506070593538
croce del biacco,Madre con figli,2,124.53452209921406
guelfa,Madre con figli,2,196.58643905462125
mengoli,Madre con figli,2,279.3023747147807
ospedale sant'orsola,Madre con figli,2,2.2053860672131607
roveri,Madre con figli,2,35.258260796078766
scandellara,Madre con figli,2,26.74379559987605
stradelli guelfi,Madre con figli,2,8.51446519620271
via larga,Madre con figli,2,61.30414941265951
osservanza,Altre tipologie familiari,5,0.4998286693318104
paderno,Altre tipologie familiari,5,0.18892061679040548
san michele in bosco,Altre tipologie familiari,5,0.31125071387778414
osservanza,Madre con figli,4,12.49571673329526
paderno,Madre con figli,4,4.723015419760137
san michele in bosco,Madre con figli,4,7.781267846944603
galvani-1,Coniugi con altri membri conviventi,3,3.4137241326255867
galvani-2,Coniugi con altri membri conviventi,3,21.586275867374415
galvani-1,Coniugi con altri membri conviventi,5,0.27309793061004695
galvani-2,Coniugi con altri membri conviventi,5,1.726902069389953
galvani-1,Coniugi con figli e altri membri conviventi,5,3.686822063235634
galvani-2,Coniugi con figli e altri membri conviventi,5,23.313177936764365
galvani-1,Madre con figli,2,59.80844680360028
galvani-2,Madre con figli,2,378.1915531963997
galvani-1,Madre con figli e altri membri conviventi,3,9.968074467266714
galvani-2,Madre con figli e altri membri conviventi,3,63.03192553273329
galvani-1,Padre con figli,5,0.13654896530502347
galvani-2,Padre con figli,5,0.8634510346949765
irnerio-1,Coniugi con figli,5,14.956317795367928
irnerio-2,Coniugi con figli,5,41.04368220463208
irnerio-1,Coppia unita civilmente femminile con figli ed eventuali conviventi,3,0.267077103488713
irnerio-2,Coppia unita civilmente femminile con figli ed eventuali conviventi,3,0.7329228965112871
irnerio-1,Padre con figli e altri membri conviventi,6-10,0.801231310466139
irnerio-2,Padre con figli e altri membri conviventi,6-10,2.1987686895338614
irnerio-1,Solo,1,775.5919085312225
irnerio-2,Solo,1,2128.4080914687775
chiesanuova,Altre tipologie familiari,6-10,0.2573171992967215
dagnini,Altre tipologie familiari,6-10,0.3293687730547799
giardini margherita,Altre tipologie familiari,6-10,0.0011031819905540042
mezzofanti,Altre tipologie familiari,6-10,0.25807563691522734
siepelunga,Altre tipologie familiari,6-10,0.15413520874271727
chiesanuova,Coniugi con altri membri conviventi,4,2.8304891922639364
dagnini,Coniugi con altri membri conviventi,4,3.623056503602579
giardini margherita,Coniugi con altri membri conviventi,4,0.012135001896094046
mezzofanti,Coniugi con altri membri conviventi,4,2.8388320060675007
siepelunga,Coniugi con altri membri conviventi,4,1.69548729616989
chiesanuova,Coppia unita civilmente femminile,2,0.2573171992967215
dagnini,Coppia unita civilmente femminile,2,0.3293687730547799
giardini margherita,Coppia unita civilmente femminile,2,0.0011031819905540042
mezzofanti,Coppia unita civilmente femminile,2,0.25807563691522734
siepelunga,Coppia unita civilmente femminile,2,0.15413520874271727
chiesanuova,Coppia unita civilmente maschile,2,2.058537594373772
dagnini,Coppia unita civilmente maschile,2,2.6349501844382393
giardini margherita,Coppia unita civilmente maschile,2,0.008825455924432034
mezzofanti,Coppia unita civilmente maschile,2,2.0646050953218187
siepelunga,Coppia unita civilmente maschile,2,1.2330816699417382
chiesanuova,Madre con figli e altri membri conviventi,3,49.662219464267245
dagnini,Madre con figli e altri membri conviventi,3,63.56817319957252
giardini margherita,Madre con figli e altri membri conviventi,3,0.21291412417692282
mezzofanti,Madre con figli e altri membri conviventi,3,49.808597924638875
siepelunga,Madre con figli e altri membri conviventi,3,29.748095287344434
chiesanuova,Madre con figli e altri membri conviventi,6-10,2.058537594373772
dagnini,Madre con figli e altri membri conviventi,6-10,2.6349501844382393
giardini margherita,Madre con figli e altri membri conviventi,6-10,0.008825455924432034
mezzofanti,Madre con figli e altri membri conviventi,6-10,2.0646050953218187
siepelunga,Madre con figli e altri membri conviventi,6-10,1.2330816699417382
chiesanuova,Padre con figli e altri membri conviventi,6-10,0.2573171992967215
dagnini,Padre con figli e altri membri conviventi,6-10,0.3293687730547799
giardini margherita,Padre con figli e altri membri conviventi,6-10,0.0011031819905540042
mezzofanti,Padre con figli e altri membri conviventi,6-10,0.25807563691522734
siepelunga,Padre con figli e altri membri conviventi,6-10,0.15413520874271727
chiesanuova,Solo,1,892.6333643603268
dagnini,Solo,1,1142.5802737270315
giardini margherita,Solo,1,3.8269383252318407
mezzofanti,Solo,1,895.2643844589236
siepelunga,Solo,1,534.6950391284862
bitone,Madre con figli,5,2.251195674776461
cavedone,Madre con figli,5,0.6556456643792888
due madonne,Madre con figli,5,0.6311083385319193
fossolo,Madre con figli,5,1.8140985651902684
lungo savena,Madre con figli,5,0.037221875649823245
ospedale bellaria,Madre con figli,5,0.024953212726138492
pontevecchio,Madre con figli,5,1.1033478893740902
via arno,Madre con figli,5,1.4824287793720108
bitone,Padre con figli e altri membri conviventi,5,6.190788105635268
cavedone,Padre con figli e altri membri conviventi,5,1.8030255770430443
due madonne,Padre con figli e altri membri conviventi,5,1.735547930962778
fossolo,Padre con figli e altri membri conviventi,5,4.988771054273238
lungo savena,Padre con figli e altri membri conviventi,5,0.10236015803701393
ospedale bellaria,Padre con figli e altri membri conviventi,5,0.06862133499688085
pontevecchio,Padre con figli e altri membri conviventi,5,3.034206695778748
via arno,Padre con figli e altri membri conviventi,5,4.076679143273029
corelli,Altre tipologie familiari,4,5.806795658329401
monte donato,Altre tipologie familiari,4,0.9467673430863616
ponte savena-la bastia,Altre tipologie familiari,4,0.8806984426616329
via toscana,Altre tipologie familiari,4,6.365738555922605
corelli,Padre con figli,5,2.0738555922605
monte donato,Padre con figli,5,0.3381311939594148
ponte savena-la bastia,Padre con figli,5,0.3145351580934403
via toscana,Padre con figli,5,2.2734780556866445
corelli,Padre con figli e altri membri conviventi,3,63.45998112317131
monte donato,Padre con figli e altri membri conviventi,3,10.346814535158094
ponte savena-la bastia,Padre con figli e altri membri conviventi,3,9.624775837659273
via toscana,Padre con figli e altri membri conviventi,3,69.56842850401132
corelli,Padre con figli e altri membri conviventi,6-10,2.4886267107126003
monte donato,Padre con figli e altri membri conviventi,6-10,0.40575743275129783
ponte savena-la bastia,Padre con figli e altri membri conviventi,6-10,0.3774421897121284
via toscana,Padre con figli e altri membri conviventi,6-10,2.7281736668239738
battindarno,Coniugi con altri membri conviventi,4,4.59919897010442
canale di reno,Coniugi con altri membri conviventi,4,3.2837934487197824
villaggio della barca,Coniugi con altri membri conviventi,4,3.117007581175798
battindarno,Coniugi con figli,3,350.37533972250037
canale di reno,Coniugi con figli,3,250.16535545701615
villaggio della barca,Coniugi con figli,3,237.45930482048348
aeroporto,Altre tipologie familiari,2,10.759168383592433
bargellino,Altre tipologie familiari,2,1.669526128488481
borgo centro,Altre tipologie familiari,2,183.53193481925453
casteldebole,Altre tipologie familiari,2,117.19145907473309
ducati-villaggio ina,Altre tipologie familiari,2,71.41861771867391
la birra,Altre tipologie familiari,2,44.96126615471062
lavino di mezzo,Altre tipologie familiari,2,12.19681588312418
lungo reno,Altre tipologie familiari,2,0.3014422176437535
rigosa,Altre tipologie familiari,2,30.747106199662856
triumvirato-pietra,Altre tipologie familiari,2,124.68113879003559
via del vivaio,Altre tipologie familiari,2,21.54152463008054
aeroporto,Padre con figli,6-10,0.017381532122120246
bargellino,Padre con figli,6-10,0.0026971342948117626
borgo centro,Padre con figli,6-10,0.2964974714365986
casteldebole,Padre con figli,6-10,0.1893238434163701
ducati-villaggio ina,Padre con figli,6-10,0.11537741150028095
la birra,Padre con figli,6-10,0.07263532496722233
lavino di mezzo,Padre con figli,6-10,0.019704064431541487
lungo reno,Padre con figli,6-10,0.00048698258100767937
rigosa,Padre con figli,6-10,0.04967222326278329
triumvirato-pietra,Padre con figli,6-10,0.201423487544484
via del vivaio,Padre con figli,6-10,0.03480052444277955
agucchi,Altre tipologie familiari,4,1.3149418431255593
emilia ponente,Altre tipologie familiari,4,2.6850581568744407
agucchi,Coniugi con figli,4,143.65739636146736
emilia ponente,Coniugi con figli,4,293.34260363853264
agucchi,Padre con figli,3,6.903444676409186
emilia ponente,Padre con figli,3,14.096555323590813
arcoveggio,Coniugi con altri membri conviventi,4,4.742828561386433
caserme rosse-manifattura,Coniugi con altri membri conviventi,4,0.9858869332468164
cnr,Coniugi con altri membri conviventi,4,0.02206180549922946
ex mercato ortofrutticolo,Coniugi con altri membri conviventi,4,0.7877903047016519
piazza dell'unita',Coniugi con altri membri conviventi,4,5.014464541595696
via ferrarese,Coniugi con altri membri conviventi,4,5.4469678535701735
beverara,Coniugi con altri membri conviventi,6-10,1.4431468961278426
la noce,Coniugi con altri membri conviventi,6-10,0.311821348084409
laghetti del rosario,Coniugi con altri membri conviventi,6-10,0.09956976029502151
lazzaretto,Coniugi con altri membri conviventi,6-10,0.18705183364064742
pescarola,Coniugi con altri membri conviventi,6-10,0.9274738783036263
tiro a segno,Coniugi con altri membri conviventi,6-10,0.030936283548453188
beverara,Coniugi con figli,4,206.3700061462815
la noce,Coniugi con figli,4,44.59045277607048
laghetti del rosario,Coniugi con figli,4,14.238475722188078
lazzaretto,Coniugi con figli,4,26.748412210612578
pescarola,Coniugi con figli,4,132.62876459741855
tiro a segno,Coniugi con figli,4,4.423888547428805
beverara,Padre con figli e altri membri conviventi,6-10,4.329440688383528
la noce,Padre con figli e altri membri conviventi,6-10,0.9354640442532268
laghetti del rosario,Padre con figli e altri membri conviventi,6-10,0.29870928088506454
lazzaretto,Padre con figli e altri membri conviventi,6-10,0.5611555009219422
pescarola,Padre con figli e altri membri conviventi,6-10,2.782421634910879
tiro a segno,Padre con figli e altri membri conviventi,6-10,0.09280885064535956
ravone,Coniugi con altri membri conviventi,4,0.29590638539093816
san giuseppe,Coniugi con altri membri conviventi,4,1.5378386038790137
san luca,Coniugi con altri membri conviventi,4,0.16180102846499575
stadio-meloncello,Coniugi con altri membri conviventi,4,0.8811596550188281
via del genio,Coniugi con altri membri conviventi,4,0.0041300562821395305
xxi aprile,Coniugi con altri membri conviventi,4,3.119164270964085
ravone,Coniugi con figli,4,40.193950682269104
san giuseppe,Coniugi con figli,4,208.889743693566
san luca,Coniugi con figli,4,21.977973033161923
stadio-meloncello,Coniugi con figli,4,119.69085314005748
via del genio,Coniugi con figli,4,0.5609993116572863
xxi aprile,Coniugi con figli,4,423.6864801392882
ravone,Padre con figli e altri membri conviventi,5,0.7890836943758351
san giuseppe,Padre con figli e altri membri conviventi,5,4.10090294367737
san luca,Padre con figli e altri membri conviventi,5,0.43146940923998867
stadio-meloncello,Padre con figli e altri membri conviventi,5,2.3497590800502084
via del genio,Padre con figli e altri membri conviventi,5,0.01101348341903875
xxi aprile,Padre con figli e altri membri conviventi,5,8.31777138923756
malpighi-1,Coniugi con figli,3,57.108992527699044
malpighi-2,Coniugi con figli,3,302.89100747230094
malpighi-1,Coniugi con figli,6-10,0.6345443614188783
malpighi-2,Coniugi con figli,6-10,3.3654556385811216
malpighi-1,Coppia unita civilmente femminile con figli ed eventuali conviventi,3,0.31727218070943913
malpighi-2,Coppia unita civilmente femminile con figli ed eventuali conviventi,3,1.6827278192905608
malpighi-1,Madre con figli,4,1.5863609035471957
malpighi-2,Madre con figli,4,8.413639096452805
malpighi-1,Madre con figli,5,0.47590827106415867
malpighi-2,Madre con figli,5,2.5240917289358413
malpighi-1,Madre con figli e altri membri conviventi,3,13.642703770505882
malpighi-2,Madre con figli e altri membri conviventi,3,72.35729622949411
malpighi-1,Padre con figli,3,3.64863007815855
malpighi-2,Padre con figli,3,19.35136992184145
malpighi-1,Padre con figli e altri membri conviventi,5,1.110452632483037
malpighi-2,Padre con figli e altri membri conviventi,5,5.889547367516963
marconi-1,Altre tipologie familiari,3,2.8548190321268807
marconi-2,Altre tipologie familiari,3,15.145180967873118
marconi-1,Coniugi con altri membri conviventi,3,4.123627490849939
marconi-2,Coniugi con altri membri conviventi,3,21.87637250915006
marconi-1,Coniugi con figli,3,74.06669377795852
marconi-2,Coniugi con figli,3,392.93330622204144
marconi-1,Coniugi con figli e altri membri conviventi,4,3.8064253761691744
marconi-2,Coniugi con figli e altri membri conviventi,4,20.193574623830823
marconi-1,Madre con figli,4,2.379015860105734
marconi-2,Madre con figli,4,12.620984139894265
marconi-1,Padre con figli e altri membri conviventi,3,12.529483529890198
marconi-2,Padre con figli e altri membri conviventi,3,66.4705164701098
prati di caprara-ospedale maggiore,Coniugi con altri membri conviventi,5,0.0776804656476092
scalo ravone,Coniugi con altri membri conviventi,5,0.023499972800957405
velodromo,Coniugi con altri membri conviventi,5,0.9466898765163466
via vittorio veneto,Coniugi con altri membri conviventi,5,0.879780231735843
zanardi,Coniugi con altri membri conviventi,5,1.072349453299244
prati di caprara-ospedale maggiore,Padre con figli,3,0.8026981450252951
scalo ravone,Padre con figli,3,0.24283305227655988
velodromo,Padre con figli,3,9.782462057335582
via vittorio veneto,Padre con figli,3,9.09106239460371
zanardi,Padre con figli,3,11.080944350758852
caab,Madre con figli,5,0.12322215623144009
cadriano-calamosco,Madre con figli,5,0.24053640086274264
fiera,Madre con figli,5,0.005907911600137539
michelino,Madre con figli,5,1.2834234628489263
pilastro,Madre con figli,5,1.9906848801225343
san donnino,Madre con figli,5,0.822043699790566
scalo merci san donato,Madre con figli,5,0.011253164952642931
via del lavoro,Madre con figli,5,2.264980775843206
via mondo,Madre con figli,5,2.257947547747804
caab,Padre con figli,4,0.06845675346191116
cadriano-calamosco,Padre con figli,4,0.1336313338126348
fiera,Padre con figli,4,0.003282173111187521
michelino,Padre con figli,4,0.7130130349160702
pilastro,Padre con figli,4,1.105936044512519
san donnino,Padre con figli,4,0.45669094432809226
scalo merci san donato,Padre con figli,4,0.00625175830702385
via del lavoro,Padre con figli,4,1.2583226532462255
via mondo,Padre con figli,4,1.2544153043043358
cirenaica,Altre tipologie familiari,3,11.390743401222569
croce del biacco,Altre tipologie familiari,3,5.529282515000423
guelfa,Altre tipologie familiari,3,8.728358545311135
mengoli,Altre tipologie familiari,3,12.400912701766247
ospedale sant'orsola,Altre tipologie familiari,3,0.09791825121834417
roveri,Altre tipologie familiari,3,1.5654525479590975
scandellara,Altre tipologie familiari,3,1.1874137299642242
stradelli guelfi,Altre tipologie familiari,3,0.3780388179948731
via larga,Altre tipologie familiari,3,2.7218794895630865
cirenaica,Altre tipologie familiari,6-10,0.2588805318459675
croce del biacco,Altre tipologie familiari,6-10,0.12566551170455506
guelfa,Altre tipologie familiari,6-10,0.19837178512070763
mengoli,Altre tipologie familiari,6-10,0.28183892504014196
ospedale sant'orsola,Altre tipologie familiari,6-10,0.002225414800416913
roveri,Altre tipologie familiari,6-10,0.0355784669990704
scandellara,Altre tipologie familiari,6-10,0.026986675681005098
stradelli guelfi,Altre tipologie familiari,6-10,0.008591791318065298
via larga,Altre tipologie familiari,6-10,0.06186089749007014
cirenaica,Coniugi con altri membri conviventi,6-10,0.7766415955379025
croce del biacco,Coniugi con altri membri conviventi,6-10,0.37699653511366515
guelfa,Coniugi con altri membri conviventi,6-10,0.5951153553621229
mengoli,Coniugi con altri membri conviventi,6-10,0.8455167751204259
ospedale sant'orsola,Coniugi con altri membri conviventi,6-10,0.006676244401250739
roveri,Coniugi con altri membri conviventi,6-10,0.1067354009972112
scandellara,Coniugi con altri membri conviventi,6-10,0.08096002704301529
stradelli guelfi,Coniugi con altri membri conviventi,6-10,0.025775373954195893
via larga,Coniugi con altri membri conviventi,6-10,0.18558269247021042
cirenaica,Coniugi con figli,3,314.5398461928505
croce del biacco,Coniugi con figli,3,152.6835967210344
guelfa,Coniugi con figli,3,241.02171892165978
mengoli,Coniugi con figli,3,342.4342939237725
ospedale sant'orsola,Coniugi con figli,3,2.7038789825065495
roveri,Coniugi con figli,3,43.22783740387054
scandellara,Coniugi con figli,3,32.788810952421194
stradelli guelfi,Coniugi con figli,3,10.439026451449337
via larga,Coniugi con figli,3,75.16099045043522
cirenaica,Coniugi con figli,5,62.9079692385701
croce del biacco,Coniugi con figli,5,30.53671934420688
guelfa,Coniugi con figli,5,48.204343784331954
mengoli,Coniugi con figli,5,68.4868587847545
ospedale sant'orsola,Coniugi con figli,5,0.5407757965013099
roveri,Coniugi con figli,5,8.645567480774107
scandellara,Coniugi con figli,5,6.5577621904842385
stradelli guelfi,Coniugi con figli,5,2.087805290289867
via larga,Coniugi con figli,5,15.032198090087045
cirenaica,Coppia unita civilmente maschile,2,4.4009690413814475
croce del biacco,Coppia unita civilmente maschile,2,2.136313698977436
guelfa,Coppia unita civilmente maschile,2,3.37232034705203
mengoli,Coppia unita civilmente maschile,2,4.791261725682413
ospedale sant'orsola,Coppia unita civilmente maschile,2,0.037832051607087525
roveri,Coppia unita civilmente maschile,2,0.6048339389841968
scandellara,Coppia unita civilmente maschile,2,0.45877348657708666
stradelli guelfi,Coppia unita civilmente maschile,2,0.14606045240711008
via larga,Coppia unita civilmente maschile,2,1.0516352573311925
cirenaica,Madre con figli,6-10,0.2588805318459675
croce del biacco,Madre con figli,6-10,0.12566551170455506
guelfa,Madre con figli,6-10,0.19837178512070763
mengoli,Madre con figli,6-10,0.28183892504014196
ospedale sant'orsola,Madre con figli,6-10,0.002225414800416913
roveri,Madre con figli,6-10,0.0355784669990704
scandellara,Madre con figli,6-10,0.026986675681005098
stradelli guelfi,Madre con figli,6-10,0.008591791318065298
via larga,Madre con figli,6-10,0.06186089749007014
cirenaica,Madre con figli e altri membri conviventi,4,27.959097439364488
croce del biacco,Madre con figli e altri membri conviventi,4,13.571875264091947
guelfa,Madre con figli e altri membri conviventi,4,21.424152793036424
mengoli,Madre con figli e altri membri conviventi,4,30.43860390433533
ospedale sant'orsola,Madre con figli e altri membri conviventi,4,0.24034479844502663
roveri,Madre con figli e altri membri conviventi,4,3.8424744358996032
scandellara,Madre con figli e altri membri conviventi,4,2.9145609735485505
stradelli guelfi,Madre con figli e altri membri conviventi,4,0.9279134623510521
via larga,Madre con figli e altri membri conviventi,4,6.680976928927575
cirenaica,Padre con figli,2,55.918194878728976
croce del biacco,Padre con figli,2,27.143750528183894
guelfa,Padre con figli,2,42.84830558607285
mengoli,Padre con figli,2,60.87720780867066
ospedale sant'orsola,Padre con figli,2,0.48068959689005325
roveri,Padre con figli,2,7.6849488717992065
scandellara,Padre con figli,2,5.829121947097101
stradelli guelfi,Padre con figli,2,1.8558269247021042
via larga,Padre con figli,2,13.36195385785515
osservanza,Coniugi con altri membri conviventi,3,7.997258709308967
paderno,Coniugi con altri membri conviventi,3,3.0227298686464876
san michele in bosco,Coniugi con altri membri conviventi,3,4.980011422044546
osservanza,Coniugi con figli,6-10,8.497087378640778
paderno,Coniugi con figli,6-10,3.211650485436893
san michele in bosco,Coniugi con figli,6-10,5.29126213592233
osservanza,Coniugi con figli e altri membri conviventi,4,6.497772701313536
paderno,Coniugi con figli e altri membri conviventi,4,2.455968018275271
san michele in bosco,Coniugi con figli e altri membri conviventi,4,4.046259280411194
osservanza,Madre con figli,6-10,0.4998286693318104
paderno,Madre con figli,6-10,0.18892061679040548
san michele in bosco,Madre con figli,6-10,0.31125071387778414
osservanza,Padre con figli e altri membri conviventi,3,23.9917761279269
paderno,Padre con figli e altri membri conviventi,3,9.068189605939462
san michele in bosco,Padre con figli e altri membri conviventi,3,14.940034266133638
osservanza,Padre con figli e altri membri conviventi,6-10,1.4994860079954313
paderno,Padre con figli e altri membri conviventi,6-10,0.5667618503712164
san michele in bosco,Padre con figli e altri membri conviventi,6-10,0.9337521416333524
osservanza,Sola,1,555.3096516276414
paderno,Sola,1,209.89080525414047
san michele in bosco,Sola,1,345.7995431182182
galvani-1,Coniugi,2,100.0903915685822
galvani-2,Coniugi,2,632.9096084314178
galvani-1,Coniugi con altri membri conviventi,4,0.4096468959150704
galvani-2,Coniugi con altri membri conviventi,4,2.5903531040849295
galvani-1,Coniugi con figli e altri membri conviventi,Oltre 10,0.13654896530502347
galvani-2,Coniugi con figli e altri membri conviventi,Oltre 10,0.8634510346949765
galvani-1,Coppia unita civilmente maschile,2,1.5020386183552583
galvani-2,Coppia unita civilmente maschile,2,9.497961381644743
galvani-1,Solo,1,268.59181475498116
galvani-2,Solo,1,1698.4081852450188
irnerio-1,Altre tipologie familiari,3,8.01231310466139
irnerio-2,Altre tipologie familiari,3,21.987686895338612
bitone,Coniugi con altri membri conviventi,5,1.1255978373882305
cavedone,Coniugi con altri membri conviventi,5,0.3278228321896444
due madonne,Coniugi con altri membri conviventi,5,0.31555416926595964
fossolo,Coniugi con altri membri conviventi,5,0.9070492825951342
lungo savena,Coniugi con altri membri conviventi,5,0.018610937824911623
ospedale bellaria,Coniugi con altri membri conviventi,5,0.012476606363069246
pontevecchio,Coniugi con altri membri conviventi,5,0.5516739446870451
via arno,Coniugi con altri membri conviventi,5,0.7412143896860054
bitone,Madre con figli,3,92.86182158452901
cavedone,Madre con figli,3,27.045383655645665
due madonne,Madre con figli,3,26.03321896444167
fossolo,Madre con figli,3,74.83156581409857
lungo savena,Madre con figli,3,1.535402370555209
ospedale bellaria,Madre con figli,3,1.0293200249532128
pontevecchio,Madre con figli,3,45.51310043668122
via arno,Madre con figli,3,61.150187149095444
corelli,Coniugi con figli e altri membri conviventi,4,17.835158093440302
monte donato,Coniugi con figli e altri membri conviventi,4,2.9079282680509677
ponte savena-la bastia,Coniugi con figli e altri membri conviventi,4,2.705002359603587
via toscana,Coniugi con figli e altri membri conviventi,4,19.551911278905145
battindarno,Altre tipologie familiari,2,187.31283078243456
canale di reno,Altre tipologie familiari,2,133.73995136604205
villaggio della barca,Altre tipologie familiari,2,126.94721785152339
battindarno,Coppia unita civilmente maschile,2,1.25432699184666
canale di reno,Coppia unita civilmente maschile,2,0.8955800314690315
villaggio della barca,Coppia unita civilmente maschile,2,0.8500929766843084
battindarno,Madre con figli e altri membri conviventi,4,38.88413674724646
canale di reno,Madre con figli e altri membri conviventi,4,27.76298097553998
villaggio della barca,Madre con figli e altri membri conviventi,4,26.352882277213563
aeroporto,Madre con figli,6-10,0.017381532122120246
bargellino,Madre con figli,6-10,0.0026971342948117626
borgo centro,Madre con figli,6-10,0.2964974714365986
casteldebole,Madre con figli,6-10,0.1893238434163701
ducati-villaggio ina,Madre con figli,6-10,0.11537741150028095
la birra,Madre con figli,6-10,0.07263532496722233
lavino di mezzo,Madre con figli,6-10,0.019704064431541487
lungo reno,Madre con figli,6-10,0.00048698258100767937
rigosa,Madre con figli,6-10,0.04967222326278329
triumvirato-pietra,Madre con figli,6-10,0.201423487544484
via del vivaio,Madre con figli,6-10,0.03480052444277955
agucchi,Altre tipologie familiari,2,122.61832687145841
emilia ponente,Altre tipologie familiari,2,250.3816731285416
agucchi,Coppia unita civilmente femminile con altri conviventi,3,0.3287354607813898
emilia ponente,Coppia unita civilmente femminile con altri conviventi,3,0.6712645392186102
arcoveggio,Coniugi con figli e altri membri conviventi,6-10,29.572931029821287
caserme rosse-manifattura,Coniugi con figli e altri membri conviventi,6-10,6.1472949955389735
cnr,Coniugi con figli e altri membri conviventi,6-10,0.137561846054019
ex mercato ortofrutticolo,Coniugi con figli e altri membri conviventi,6-10,4.9121042528455945
piazza dell'unita',Coniugi con figli e altri membri conviventi,6-10,31.266661259361396
via ferrarese,Coniugi con figli e altri membri conviventi,6-10,33.96344661637873
arcoveggio,Madre con figli,5,2.5109092383810525
caserme rosse-manifattura,Madre con figli,5,0.5219401411306676
cnr,Madre con figli,5,0.011679779381945008
ex mercato ortofrutticolo,Madre con figli,5,0.41706545543028634
piazza dell'unita',Madre con figli,5,2.6547165220212507
via ferrarese,Madre con figli,5,2.8836888636547977
arcoveggio,Madre con figli e altri membri conviventi,3,78.11717630518831
caserme rosse-manifattura,Madre con figli e altri membri conviventi,3,16.23813772406521
cnr,Madre con figli e altri membri conviventi,3,0.3633709141049558
ex mercato ortofrutticolo,Madre con figli e altri membri conviventi,3,12.975369724497797
piazza dell'unita',Madre con figli e altri membri conviventi,3,82.59118068510557
via ferrarese,Madre con figli e altri membri conviventi,3,89.71476464703815
arcoveggio,Padre con figli,2,56.07697299051018
caserme rosse-manifattura,Padre con figli,2,11.656663151918242
cnr,Padre con figli,2,0.26084840619677185
ex mercato ortofrutticolo,Padre con figli,2,9.31446183794306
piazza dell'unita',Padre con figli,2,59.28866899180793
via ferrarese,Padre con figli,2,64.40238462162382
arcoveggio,Padre con figli,4,1.6739394922540352
caserme rosse-manifattura,Padre con figli,4,0.3479600940871117
cnr,Padre con figli,4,0.007786519587963339
ex mercato ortofrutticolo,Padre con figli,4,0.2780436369535242
piazza dell'unita',Padre con figli,4,1.7698110146808337
via ferrarese,Padre con figli,4,1.9224592424365319
arcoveggio,Padre con figli e altri membri conviventi,4,41.56949739097521
caserme rosse-manifattura,Padre con figli e altri membri conviventi,4,8.641009003163274
cnr,Padre con figli e altri membri conviventi,4,0.1933652364344229
ex mercato ortofrutticolo,Padre con figli e altri membri conviventi,4,6.904750317679184
piazza dell'unita',Padre con figli e altri membri conviventi,4,43.95030686457404
via ferrarese,Padre con figli e altri membri conviventi,4,47.74107118717387
beverara,Coniugi con figli,5,48.104896537594755
la noce,Coniugi con figli,5,10.394044936146965
laghetti del rosario,Coniugi con figli,5,3.3189920098340506
lazzaretto,Coniugi con figli,5,6.235061121354914
pescarola,Coniugi con figli,5,30.91579594345421
tiro a segno,Coniugi con figli,5,1.0312094516151062
beverara,Coppia unita civilmente femminile,2,0.48104896537594755
la noce,Coppia unita civilmente femminile,2,0.10394044936146965
laghetti del rosario,Coppia unita civilmente femminile,2,0.03318992009834051
lazzaretto,Coppia unita civilmente femminile,2,0.06235061121354914
pescarola,Coppia unita civilmente femminile,2,0.3091579594345421
tiro a segno,Coppia unita civilmente femminile,2,0.010312094516151062
beverara,Madre con figli e altri membri conviventi,4,27.41979102642901
la noce,Madre con figli e altri membri conviventi,4,5.92460561360377
laghetti del rosario,Madre con figli e altri membri conviventi,4,1.8918254456054089
lazzaretto,Madre con figli e altri membri conviventi,4,3.553984839172301
pescarola,Madre con figli e altri membri conviventi,4,17.6220036877689
tiro a segno,Madre con figli e altri membri conviventi,4,0.5877893874206105
beverara,Padre con figli,4,2.4052448268797377
la noce,Padre con figli,4,0.5197022468073482
laghetti del rosario,Padre con figli,4,0.16594960049170254
lazzaretto,Padre con figli,4,0.31175305606774567
pescarola,Padre con figli,4,1.5457897971727106
tiro a segno,Padre con figli,4,0.05156047258075531
battindarno,Coniugi con figli e altri membri conviventi,5,18.39679588041768
canale di reno,Coniugi con figli e altri membri conviventi,5,13.13517379487913
villaggio della barca,Coniugi con figli e altri membri conviventi,5,12.468030324703191
battindarno,Madre con figli,5,2.50865398369332
canale di reno,Madre con figli,5,1.791160062938063
villaggio della barca,Madre con figli,5,1.7001859533686168
aeroporto,Madre con figli,3,4.345383030530061
bargellino,Madre con figli,3,0.6742835737029407
borgo centro,Madre con figli,3,74.12436785914966
casteldebole,Madre con figli,3,47.330960854092524
ducati-villaggio ina,Madre con figli,3,28.84435287507024
la birra,Madre con figli,3,18.158831241805583
lavino di mezzo,Madre con figli,3,4.9260161078853715
lungo reno,Madre con figli,3,0.12174564525191985
rigosa,Madre con figli,3,12.418055815695823
triumvirato-pietra,Madre con figli,3,50.355871886121
via del vivaio,Madre con figli,3,8.700131110694887
aeroporto,Madre con figli,5,0.08690766061060123
bargellino,Madre con figli,5,0.013485671474058812
borgo centro,Madre con figli,5,1.482487357182993
casteldebole,Madre con figli,5,0.9466192170818505
ducati-villaggio ina,Madre con figli,5,0.5768870575014048
la birra,Madre con figli,5,0.3631766248361117
lavino di mezzo,Madre con figli,5,0.09852032215770744
lungo reno,Madre con figli,5,0.0024349129050383967
rigosa,Madre con figli,5,0.24836111631391644
triumvirato-pietra,Madre con figli,5,1.00711743772242
via del vivaio,Madre con figli,5,0.17400262221389773
agucchi,Padre con figli e altri membri conviventi,6-10,1.3149418431255593
emilia ponente,Padre con figli e altri membri conviventi,6-10,2.6850581568744407
agucchi,Sola,1,643.9927676707426
emilia ponente,Sola,1,1315.0072323292572
arcoveggio,Coppia unita civilmente femminile con figli ed eventuali conviventi,3,1.3949495768783626
caserme rosse-manifattura,Coppia unita civilmente femminile con figli ed eventuali conviventi,3,0.28996674507259307
cnr,Coppia unita civilmente femminile con figli ed eventuali conviventi,3,0.006488766323302782
ex mercato ortofrutticolo,Coppia unita civilmente femminile con figli ed eventuali conviventi,3,0.23170303079460353
piazza dell'unita',Coppia unita civilmente femminile con figli ed eventuali conviventi,3,1.474842512234028
via ferrarese,Coppia unita civilmente femminile con figli ed eventuali conviventi,3,1.6020493686971098
arcoveggio,Coppia unita civilmente femminile con figli ed eventuali conviventi,4,0.557979830751345
caserme rosse-manifattura,Coppia unita civilmente femminile con figli ed eventuali conviventi,4,0.11598669802903723
cnr,Coppia unita civilmente femminile con figli ed eventuali conviventi,4,0.002595506529321113
ex mercato ortofrutticolo,Coppia unita civilmente femminile con figli ed eventuali conviventi,4,0.0926812123178414
piazza dell'unita',Coppia unita civilmente femminile con figli ed eventuali conviventi,4,0.5899370048936112
via ferrarese,Coppia unita civilmente femminile con figli ed eventuali conviventi,4,0.640819747478844
arcoveggio,Padre con figli e altri membri conviventi,3,75.04828723605591
caserme rosse-manifattura,Padre con figli e altri membri conviventi,3,15.600210884905508
cnr,Padre con figli e altri membri conviventi,3,0.3490956281936897
ex mercato ortofrutticolo,Padre con figli e altri membri conviventi,3,12.465623056749669
piazza dell'unita',Padre con figli e altri membri conviventi,3,79.34652715819071
via ferrarese,Padre con figli e altri membri conviventi,3,86.19025603590451
croce coperta,Coniugi con figli e altri membri conviventi,6-10,18.047814207650273
la dozza,Coniugi con figli e altri membri conviventi,6-10,4.084426229508197
mulino del gomito,Coniugi con figli e altri membri conviventi,6-10,2.169945355191257
san savino,Coniugi con figli e altri membri conviventi,6-10,27.686338797814205
savena abbandonato,Coniugi con figli e altri membri conviventi,6-10,3.0114754098360654
croce coperta,Padre con figli e altri membri conviventi,4,26.25136612021858
la dozza,Padre con figli e altri membri conviventi,4,5.940983606557378
mulino del gomito,Padre con figli e altri membri conviventi,4,3.1562841530054646
san savino,Padre con figli e altri membri conviventi,4,40.27103825136612
savena abbandonato,Padre con figli e altri membri conviventi,4,4.380327868852459
croce coperta,Solo,1,638.5644808743169
la dozza,Solo,1,144.51442622950822
mulino del gomito,Solo,1,76.77661202185793
san savino,Solo,1,979.5930054644808
savena abbandonato,Solo,1,106.55147540983606
beverara,Coniugi con altri membri conviventi,5,1.4431468961278426
la noce,Coniugi con altri membri conviventi,5,0.311821348084409
laghetti del rosario,Coniugi con altri membri conviventi,5,0.09956976029502151
lazzaretto,Coniugi con altri membri conviventi,5,0.18705183364064742
pescarola,Coniugi con altri membri conviventi,5,0.9274738783036263
tiro a segno,Coniugi con altri membri conviventi,5,0.030936283548453188
beverara,Madre con figli e altri membri conviventi,3,46.66174964146691
la noce,Madre con figli e altri membri conviventi,3,10.082223588062556
laghetti del rosario,Madre con figli e altri membri conviventi,3,3.2194222495390292
lazzaretto,Madre con figli e altri membri conviventi,3,6.048009287714266
pescarola,Madre con figli e altri membri conviventi,3,29.988322065150584
tiro a segno,Madre con figli e altri membri conviventi,3,1.000273168066653
ravone,Coniugi con altri membri conviventi,5,0.049317730898489696
san giuseppe,Coniugi con altri membri conviventi,5,0.2563064339798356
san luca,Coniugi con altri membri conviventi,5,0.02696683807749929
stadio-meloncello,Coniugi con altri membri conviventi,5,0.14685994250313802
via del genio,Coniugi con altri membri conviventi,5,0.0006883427136899218
xxi aprile,Coniugi con altri membri conviventi,5,0.5198607118273475
ravone,Coniugi con figli e altri membri conviventi,4,1.8247560432441188
san giuseppe,Coniugi con figli e altri membri conviventi,4,9.483338057253917
san luca,Coniugi con figli e altri membri conviventi,4,0.9977730088674738
stadio-meloncello,Coniugi con figli e altri membri conviventi,4,5.433817872616107
via del genio,Coniugi con figli e altri membri conviventi,4,0.025468680406527108
xxi aprile,Coniugi con figli e altri membri conviventi,4,19.234846337611856
ravone,Madre con figli,4,1.972709235939588
san giuseppe,Madre con figli,4,10.252257359193424
san luca,Madre con figli,4,1.0786735230999716
stadio-meloncello,Madre con figli,4,5.874397700125521
via del genio,Madre con figli,4,0.027533708547596875
xxi aprile,Madre con figli,4,20.7944284730939
malpighi-1,Altre tipologie familiari,4,0.6345443614188783
malpighi-2,Altre tipologie familiari,4,3.3654556385811216
malpighi-1,Coniugi con figli,4,39.34175040797045
malpighi-2,Coniugi con figli,4,208.65824959202953
malpighi-1,Coniugi con figli,5,8.724984969509576
malpighi-2,Coniugi con figli,5,46.27501503049042
malpighi-1,Sola,1,390.0861461822554
malpighi-2,Sola,1,2068.9138538177444
marconi-1,Coniugi con figli,5,11.736478243188287
marconi-2,Coniugi con figli,5,62.263521756811706
marconi-1,Coniugi con figli e altri membri conviventi,6-10,1.5860105734038226
marconi-2,Coniugi con figli e altri membri conviventi,6-10,8.413989426596176
marconi-1,Coppia unita civilmente maschile,2,2.220414802765352
marconi-2,Coppia unita civilmente maschile,2,11.779585197234647
marconi-1,Madre con figli e altri membri conviventi,4,7.295648637657584
marconi-2,Madre con figli e altri membri conviventi,4,38.704351362342415
marconi-1,Solo,1,410.3009353395689
marconi-2,Solo,1,2176.699064660431
prati di caprara-ospedale maggiore,Coniugi con altri membri conviventi,3,0.7250176793776859
scalo ravone,Coniugi con altri membri conviventi,3,0.21933307947560246
velodromo,Coniugi con altri membri conviventi,3,8.835772180819236
via vittorio veneto,Coniugi con altri membri conviventi,3,8.211282162867867
zanardi,Coniugi con altri membri conviventi,3,10.00859489745961
prati di caprara-ospedale maggiore,Coniugi con figli e altri membri conviventi,Oltre 10,0.025893488549203068
scalo ravone,Coniugi con figli e altri membri conviventi,Oltre 10,0.007833324266985802
velodromo,Coniugi con figli e altri membri conviventi,Oltre 10,0.31556329217211554
via vittorio veneto,Coniugi con figli e altri membri conviventi,Oltre 10,0.29326007724528097
zanardi,Coniugi con figli e altri membri conviventi,Oltre 10,0.3574498177664146
prati di caprara-ospedale maggiore,Madre con figli e altri membri conviventi,5,0.388402328238046
scalo ravone,Madre con figli e altri membri conviventi,5,0.11749986400478704
velodromo,Madre con figli e altri membri conviventi,5,4.733449382581733
via vittorio veneto,Madre con figli e altri membri conviventi,5,4.398901158679214
zanardi,Madre con figli e altri membri conviventi,5,5.361747266496219
caab,Coniugi con figli,6-10,1.1911475102372542
cadriano-calamosco,Coniugi con figli,6-10,2.3251852083398457
fiera,Coniugi con figli,6-10,0.057109812134662874
michelino,Coniugi con figli,6-10,12.40642680753962
pilastro,Coniugi con figli,6-10,19.24328717451783
san donnino,Coniugi con figli,6-10,7.946422431308806
scalo merci san donato,Coniugi con figli,6-10,0.108780594542215
via del lavoro,Coniugi con figli,6-10,21.894814166484323
via mondo,Coniugi con figli,6-10,21.82682629489544
caab,Coniugi con figli e altri membri conviventi,4,1.0542340033134319
cadriano-calamosco,Coniugi con figli e altri membri conviventi,4,2.057922540714576
fiera,Coniugi con figli e altri membri conviventi,4,0.050545465912287826
michelino,Coniugi con figli e altri membri conviventi,4,10.98040073770748
pilastro,Coniugi con figli e altri membri conviventi,4,17.031415085492792
san donnino,Coniugi con figli e altri membri conviventi,4,7.033040542652621
scalo merci san donato,Coniugi con figli e altri membri conviventi,4,0.09627707792816731
via del lavoro,Coniugi con figli e altri membri conviventi,4,19.378168859991874
via mondo,Coniugi con figli e altri membri conviventi,4,19.31799568628677
caab,Madre con figli,2,15.14263386577475
cadriano-calamosco,Madre con figli,2,29.55925103935482
fiera,Madre con figli,2,0.7260166921946797
michelino,Madre con figli,2,157.71848332343473
pilastro,Madre con figli,2,244.6330530461692
san donnino,Madre con figli,2,101.02003688537401
scalo merci san donato,Madre con figli,2,1.3828889375136757
via del lavoro,Madre con figli,2,278.34097089806505
via mondo,Madre con figli,2,277.47666531211905
caab,Madre con figli e altri membri conviventi,3,2.7245787877840644
cadriano-calamosco,Madre con figli e altri membri conviventi,3,5.318527085742865
fiera,Madre con figli e altri membri conviventi,3,0.13063048982526335
michelino,Madre con figli e altri membri conviventi,3,28.377918789659592
pilastro,Madre con figli e altri membri conviventi,3,44.01625457159826
san donnino,Madre con figli e altri membri conviventi,3,18.17629958425807
scalo merci san donato,Madre con figli e altri membri conviventi,3,0.24881998061954927
via del lavoro,Madre con figli e altri membri conviventi,3,50.08124159919978
via mondo,Madre con figli e altri membri conviventi,3,49.92572911131256
caab,Madre con figli e altri membri conviventi,6-10,0.24644431246288018
cadriano-calamosco,Madre con figli e altri membri conviventi,6-10,0.4810728017254853
fiera,Madre con figli e altri membri conviventi,6-10,0.011815823200275077
michelino,Madre con figli e altri membri conviventi,6-10,2.5668469256978526
pilastro,Madre con figli e altri membri conviventi,6-10,3.9813697602450686
san donnino,Madre con figli e altri membri conviventi,6-10,1.644087399581132
scalo merci san donato,Madre con figli e altri membri conviventi,6-10,0.022506329905285862
via del lavoro,Madre con figli e altri membri conviventi,6-10,4.529961551686412
via mondo,Madre con figli e altri membri conviventi,6-10,4.515895095495608
cirenaica,Coniugi con figli e altri membri conviventi,4,13.979548719682244
croce del biacco,Coniugi con figli e altri membri conviventi,4,6.7859376320459734
guelfa,Coniugi con figli e altri membri conviventi,4,10.712076396518212
mengoli,Coniugi con figli e altri membri conviventi,4,15.219301952167665
ospedale sant'orsola,Coniugi con figli e altri membri conviventi,4,0.12017239922251331
roveri,Coniugi con figli e altri membri conviventi,4,1.9212372179498016
scandellara,Coniugi con figli e altri membri conviventi,4,1.4572804867742752
stradelli guelfi,Coniugi con figli e altri membri conviventi,4,0.46395673117552605
via larga,Coniugi con figli e altri membri conviventi,4,3.3404884644637876
cirenaica,Coniugi con figli e altri membri conviventi,5,18.898278824755625
croce del biacco,Coniugi con figli e altri membri conviventi,5,9.173582354432519
guelfa,Coniugi con figli e altri membri conviventi,5,14.481140313811657
mengoli,Coniugi con figli e altri membri conviventi,5,20.574241527930365
ospedale sant'orsola,Coniugi con figli e altri membri conviventi,5,0.16245528043043467
roveri,Coniugi con figli e altri membri conviventi,5,2.597228090932139
scandellara,Coniugi con figli e altri membri conviventi,5,1.9700273247133722
stradelli guelfi,Coniugi con figli e altri membri conviventi,5,0.6272007662187667
via larga,Coniugi con figli e altri membri conviventi,5,4.51584551677512
cirenaica,Madre con figli e altri membri conviventi,3,53.58827009211527
croce del biacco,Madre con figli e altri membri conviventi,3,26.012760922842897
guelfa,Madre con figli e altri membri conviventi,3,41.06295951998648
mengoli,Madre con figli e altri membri conviventi,3,58.340657483309386
ospedale sant'orsola,Madre con figli e altri membri conviventi,3,0.460660863686301
roveri,Madre con figli e altri membri conviventi,3,7.364742668807573
scandellara,Madre con figli e altri membri conviventi,3,5.586241865968055
stradelli guelfi,Madre con figli e altri membri conviventi,3,1.7785008028395166
via larga,Madre con figli e altri membri conviventi,3,12.805205780444519
cirenaica,Padre con figli e altri membri conviventi,6-10,2.07104425476774
croce del biacco,Padre con figli e altri membri conviventi,6-10,1.0053240936364405
guelfa,Padre con figli e altri membri conviventi,6-10,1.586974280965661
mengoli,Padre con figli e altri membri conviventi,6-10,2.2547114003211357
ospedale sant'orsola,Padre con figli e altri membri conviventi,6-10,0.017803318403335305
roveri,Padre con figli e altri membri conviventi,6-10,0.2846277359925632
scandellara,Padre con figli e altri membri conviventi,6-10,0.21589340544804078
stradelli guelfi,Padre con figli e altri membri conviventi,6-10,0.06873433054452238
via larga,Padre con figli e altri membri conviventi,6-10,0.49488717992056114
osservanza,Coniugi con figli,3,165.44328954882926
paderno,Coniugi con figli,3,62.532724157624216
san michele in bosco,Coniugi con figli,3,103.02398629354654
osservanza,Padre con figli,2,34.48817818389492
paderno,Padre con figli,2,13.035522558537977
san michele in bosco,Padre con figli,2,21.476299257567106
galvani-1,Coniugi con figli,6-10,1.9116855142703286
galvani-2,Coniugi con figli,6-10,12.088314485729672
irnerio-1,Altre tipologie familiari,5,0.534154206977426
irnerio-2,Altre tipologie familiari,5,1.4658457930225741
irnerio-1,Coniugi con figli e altri membri conviventi,4,6.944004690706538
irnerio-2,Coniugi con figli e altri membri conviventi,4,19.055995309293465
irnerio-1,Coppia unita civilmente maschile,2,3.204925241864556
irnerio-2,Coppia unita civilmente maschile,2,8.795074758135446
chiesanuova,Coniugi,2,501.5112214293102
dagnini,Coniugi,2,641.939738683766
giardini margherita,Coniugi,2,2.1501016995897544
mezzofanti,Coniugi,2,502.9894163477781
siepelunga,Coniugi,2,300.40952183955596
chiesanuova,Coniugi con altri membri conviventi,3,13.123177164132795
dagnini,Coniugi con altri membri conviventi,3,16.797807425793774
giardini margherita,Coniugi con altri membri conviventi,3,0.056262281518254215
mezzofanti,Coniugi con altri membri conviventi,3,13.161857482676593
siepelunga,Coniugi con altri membri conviventi,3,7.860895645878581
chiesanuova,Padre con figli,6-10,0.514634398593443
dagnini,Padre con figli,6-10,0.6587375461095598
giardini margherita,Padre con figli,6-10,0.0022063639811080085
mezzofanti,Padre con figli,6-10,0.5161512738304547
siepelunga,Padre con figli,6-10,0.30827041748543454
bitone,Altre tipologie familiari,6-10,1.1255978373882305
cavedone,Altre tipologie familiari,6-10,0.3278228321896444
due madonne,Altre tipologie familiari,6-10,0.31555416926595964
fossolo,Altre tipologie familiari,6-10,0.9070492825951342
lungo savena,Altre tipologie familiari,6-10,0.018610937824911623
ospedale bellaria,Altre tipologie familiari,6-10,0.012476606363069246
pontevecchio,Altre tipologie familiari,6-10,0.5516739446870451
via arno,Altre tipologie familiari,6-10,0.7412143896860054
bitone,Coniugi con figli,5,65.84747348721149
cavedone,Coniugi con figli,5,19.1776356830942
due madonne,Coniugi con figli,5,18.45991890205864
fossolo,Coniugi con figli,5,53.06238303181535
lungo savena,Coniugi con figli,5,1.08873986275733
ospedale bellaria,Coniugi con figli,5,0.7298814722395509
pontevecchio,Coniugi con figli,5,32.27292576419214
via arno,Coniugi con figli,5,43.36104179663131
bitone,Coniugi con figli,6-10,14.632771886046996
cavedone,Coniugi con figli,6-10,4.261696818465378
due madonne,Coniugi con figli,6-10,4.102204200457475
fossolo,Coniugi con figli,6-10,11.791640673736744
lungo savena,Coniugi con figli,6-10,0.2419421917238511
ospedale bellaria,Coniugi con figli,6-10,0.1621958827199002
pontevecchio,Coniugi con figli,6-10,7.1717612809315865
via arno,Coniugi con figli,6-10,9.63578706591807
bitone,Coppia unita civilmente femminile con figli ed eventuali conviventi,3,0.2813994593470576
cavedone,Coppia unita civilmente femminile con figli ed eventuali conviventi,3,0.0819557080474111
due madonne,Coppia unita civilmente femminile con figli ed eventuali conviventi,3,0.07888854231648991
fossolo,Coppia unita civilmente femminile con figli ed eventuali conviventi,3,0.22676232064878354
lungo savena,Coppia unita civilmente femminile con figli ed eventuali conviventi,3,0.004652734456227906
ospedale bellaria,Coppia unita civilmente femminile con figli ed eventuali conviventi,3,0.0031191515907673115
pontevecchio,Coppia unita civilmente femminile con figli ed eventuali conviventi,3,0.13791848617176128
via arno,Coppia unita civilmente femminile con figli ed eventuali conviventi,3,0.18530359742150135
corelli,Altre tipologie familiari,6-10,1.2443133553563002
monte donato,Altre tipologie familiari,6-10,0.20287871637564892
ponte savena-la bastia,Altre tipologie familiari,6-10,0.1887210948560642
via toscana,Altre tipologie familiari,6-10,1.3640868334119869
corelli,Coniugi,2,669.4405851816895
monte donato,Coniugi,2,109.14874941009911
ponte savena-la bastia,Coniugi,2,101.53194903256254
via toscana,Coniugi,2,733.8787163756489
corelli,Coppia unita civilmente femminile,2,1.2443133553563002
monte donato,Coppia unita civilmente femminile,2,0.20287871637564892
ponte savena-la bastia,Coppia unita civilmente femminile,2,0.1887210948560642
via toscana,Coppia unita civilmente femminile,2,1.3640868334119869
corelli,Madre con figli,5,0.4147711184521001
monte donato,Madre con figli,5,0.06762623879188297
ponte savena-la bastia,Madre con figli,5,0.06290703161868806
via toscana,Madre con figli,5,0.4546956111373289
corelli,Padre con figli,2,57.65318546484191
monte donato,Padre con figli,2,9.400047192071732
ponte savena-la bastia,Padre con figli,2,8.74407739499764
via toscana,Padre con figli,2,63.20268994808872
corelli,Padre con figli e altri membri conviventi,5,8.710193487494102
monte donato,Padre con figli e altri membri conviventi,5,1.4201510146295424
ponte savena-la bastia,Padre con figli e altri membri conviventi,5,1.3210476639924493
via toscana,Padre con figli e altri membri conviventi,5,9.548607833883908
aeroporto,Coniugi con altri membri conviventi,5,0.10428919273272147
bargellino,Coniugi con altri membri conviventi,5,0.016182805768870576
borgo centro,Coniugi con altri membri conviventi,5,1.7789848286195915
casteldebole,Coniugi con altri membri conviventi,5,1.1359430604982206
ducati-villaggio ina,Coniugi con altri membri conviventi,5,0.6922644690016857
la birra,Coniugi con altri membri conviventi,5,0.435811949803334
lavino di mezzo,Coniugi con altri membri conviventi,5,0.11822438658924891
lungo reno,Coniugi con altri membri conviventi,5,0.002921895486046076
rigosa,Coniugi con altri membri conviventi,5,0.29803333957669975
triumvirato-pietra,Coniugi con altri membri conviventi,5,1.208540925266904
via del vivaio,Coniugi con altri membri conviventi,5,0.2088031466566773
aeroporto,Coniugi con figli,3,18.4591871136917
bargellino,Coniugi con figli,3,2.8643566210900917
borgo centro,Coniugi con figli,3,314.8803146656677
casteldebole,Coniugi con figli,3,201.06192170818505
ducati-villaggio ina,Coniugi con figli,3,122.53081101329838
la birra,Coniugi con figli,3,77.13871511519011
lavino di mezzo,Coniugi con figli,3,20.925716426297058
lungo reno,Coniugi con figli,3,0.5171755010301555
rigosa,Coniugi con figli,3,52.75190110507585
triumvirato-pietra,Coniugi con figli,3,213.911743772242
via del vivaio,Coniugi con figli,3,36.95815695823188
aeroporto,Coniugi con figli,4,14.461434725604045
bargellino,Coniugi con figli,4,2.2440157332833865
borgo centro,Coniugi con figli,4,246.68589623525003
casteldebole,Coniugi con figli,4,157.5174377224199
ducati-villaggio ina,Coniugi con figli,4,95.99400636823376
la birra,Coniugi con figli,4,60.43259037272898
lavino di mezzo,Coniugi con figli,4,16.393781607042516
lungo reno,Coniugi con figli,4,0.40516950739838925
rigosa,Coniugi con figli,4,41.3272897546357
triumvirato-pietra,Coniugi con figli,4,167.58434163701068
via del vivaio,Coniugi con figli,4,28.954036336392583
aeroporto,Coniugi con figli e altri membri conviventi,6-10,1.1124180558156957
bargellino,Coniugi con figli e altri membri conviventi,6-10,0.1726165948679528
borgo centro,Coniugi con figli e altri membri conviventi,6-10,18.97583817194231
casteldebole,Coniugi con figli e altri membri conviventi,6-10,12.116725978647686
ducati-villaggio ina,Coniugi con figli e altri membri conviventi,6-10,7.384154336017981
la birra,Coniugi con figli e altri membri conviventi,6-10,4.648660797902229
lavino di mezzo,Coniugi con figli e altri membri conviventi,6-10,1.2610601236186552
lungo reno,Coniugi con figli e altri membri conviventi,6-10,0.03116688518449148
rigosa,Coniugi con figli e altri membri conviventi,6-10,3.1790222888181305
triumvirato-pietra,Coniugi con figli e altri membri conviventi,6-10,12.891103202846976
via del vivaio,Coniugi con figli e altri membri conviventi,6-10,2.227233564337891
aeroporto,Coniugi con figli e altri membri conviventi,Oltre 10,0.017381532122120246
bargellino,Coniugi con figli e altri membri conviventi,Oltre 10,0.0026971342948117626
borgo centro,Coniugi con figli e altri membri conviventi,Oltre 10,0.2964974714365986
casteldebole,Coniugi con figli e altri membri conviventi,Oltre 10,0.1893238434163701
ducati-villaggio ina,Coniugi con figli e altri membri conviventi,Oltre 10,0.11537741150028095
la birra,Coniugi con figli e altri membri conviventi,Oltre 10,0.07263532496722233
lavino di mezzo,Coniugi con figli e altri membri conviventi,Oltre 10,0.019704064431541487
lungo reno,Coniugi con figli e altri membri conviventi,Oltre 10,0.00048698258100767937
rigosa,Coniugi con figli e altri membri conviventi,Oltre 10,0.04967222326278329
triumvirato-pietra,Coniugi con figli e altri membri conviventi,Oltre 10,0.201423487544484
via del vivaio,Coniugi con figli e altri membri conviventi,Oltre 10,0.03480052444277955
croce coperta,Coniugi con figli,5,35.11120218579235
la dozza,Coniugi con figli,5,7.946065573770492
mulino del gomito,Coniugi con figli,5,4.221530054644809
san savino,Coniugi con figli,5,53.862513661202186
savena abbandonato,Coniugi con figli,5,5.858688524590164
croce coperta,Coniugi con figli e altri membri conviventi,4,13.453825136612021
la dozza,Coniugi con figli e altri membri conviventi,4,3.044754098360656
mulino del gomito,Coniugi con figli e altri membri conviventi,4,1.6175956284153006
san savino,Coniugi con figli e altri membri conviventi,4,20.638907103825137
savena abbandonato,Coniugi con figli e altri membri conviventi,4,2.244918032786885
croce coperta,Coniugi con figli e altri membri conviventi,5,16.07896174863388
la dozza,Coniugi con figli e altri membri conviventi,5,3.6388524590163938
mulino del gomito,Coniugi con figli e altri membri conviventi,5,1.9332240437158472
san savino,Coniugi con figli e altri membri conviventi,5,24.666010928961747
savena abbandonato,Coniugi con figli e altri membri conviventi,5,2.682950819672131
croce coperta,Madre con figli,3,53.15901639344263
la dozza,Madre con figli,3,12.03049180327869
mulino del gomito,Madre con figli,3,6.391475409836066
san savino,Madre con figli,3,81.54885245901639
savena abbandonato,Madre con figli,3,8.870163934426229
croce coperta,Madre con figli e altri membri conviventi,5,3.2814207650273226
la dozza,Madre con figli e altri membri conviventi,5,0.7426229508196722
mulino del gomito,Madre con figli e altri membri conviventi,5,0.3945355191256831
san savino,Madre con figli e altri membri conviventi,5,5.033879781420765
savena abbandonato,Madre con figli e altri membri conviventi,5,0.5475409836065573
croce coperta,Padre con figli e altri membri conviventi,5,4.922131147540984
la dozza,Padre con figli e altri membri conviventi,5,1.1139344262295083
mulino del gomito,Padre con figli e altri membri conviventi,5,0.5918032786885247
san savino,Padre con figli e altri membri conviventi,5,7.550819672131147
savena abbandonato,Padre con figli e altri membri conviventi,5,0.8213114754098361
beverara,Altre tipologie familiari,2,174.139725466093
la noce,Altre tipologie familiari,2,37.626442668852015
laghetti del rosario,Altre tipologie familiari,2,12.014751075599264
lazzaretto,Altre tipologie familiari,2,22.570921259304786
pescarola,Altre tipologie familiari,2,111.91518131530424
tiro a segno,Altre tipologie familiari,2,3.7329782148466846
beverara,Madre con figli,4,12.026224134398689
la noce,Madre con figli,4,2.5985112340367413
laghetti del rosario,Madre con figli,4,0.8297480024585127
lazzaretto,Madre con figli,4,1.5587652803387284
pescarola,Madre con figli,4,7.7289489858635525
tiro a segno,Madre con figli,4,0.25780236290377656
ravone,Altre tipologie familiari,3,1.972709235939588
san giuseppe,Altre tipologie familiari,3,10.252257359193424
san luca,Altre tipologie familiari,3,1.0786735230999716
stadio-meloncello,Altre tipologie familiari,3,5.874397700125521
via del genio,Altre tipologie familiari,3,0.027533708547596875
xxi aprile,Altre tipologie familiari,3,20.7944284730939
ravone,Coniugi,2,79.59881767016238
san giuseppe,Coniugi,2,413.67858444345467
san luca,Coniugi,2,43.52447665708386
stadio-meloncello,Coniugi,2,237.03194720006476
via del genio,Coniugi,2,1.1109851398955337
xxi aprile,Coniugi,2,839.0551888893389
ravone,Coppia unita civilmente femminile con figli ed eventuali conviventi,4,0.09863546179697939
san giuseppe,Coppia unita civilmente femminile con figli ed eventuali conviventi,4,0.5126128679596712
san luca,Coppia unita civilmente femminile con figli ed eventuali conviventi,4,0.05393367615499858
stadio-meloncello,Coppia unita civilmente femminile con figli ed eventuali conviventi,4,0.29371988500627605
via del genio,Coppia unita civilmente femminile con figli ed eventuali conviventi,4,0.0013766854273798436
xxi aprile,Coppia unita civilmente femminile con figli ed eventuali conviventi,4,1.039721423654695
malpighi-1,Coniugi con figli e altri membri conviventi,4,3.4899939878038304
malpighi-2,Coniugi con figli e altri membri conviventi,4,18.51000601219617
malpighi-1,Coniugi con figli e altri membri conviventi,5,2.0622691746113544
malpighi-2,Coniugi con figli e altri membri conviventi,5,10.937730825388645
malpighi-1,Coniugi con figli e altri membri conviventi,6-10,1.9036330842566347
malpighi-2,Coniugi con figli e altri membri conviventi,6-10,10.096366915743365
malpighi-1,Padre con figli,4,0.47590827106415867
malpighi-2,Padre con figli,4,2.5240917289358413
malpighi-1,Padre con figli e altri membri conviventi,6-10,0.31727218070943913
malpighi-2,Padre con figli e altri membri conviventi,6-10,1.6827278192905608
marconi-1,Altre tipologie familiari,6-10,0.15860105734038227
marconi-2,Altre tipologie familiari,6-10,0.8413989426596177
marconi-1,Madre con figli,5,0.31720211468076454
marconi-2,Madre con figli,5,1.6827978853192354
marconi-1,Padre con figli e altri membri conviventi,5,1.744611630744205
marconi-2,Padre con figli e altri membri conviventi,5,9.255388369255794
marconi-1,Sola,1,505.3029686864579
marconi-2,Sola,1,2680.697031313542
prati di caprara-ospedale maggiore,Altre tipologie familiari,4,0.12946744274601535
scalo ravone,Altre tipologie familiari,4,0.039166621334929014
velodromo,Altre tipologie familiari,4,1.5778164608605776
via vittorio veneto,Altre tipologie familiari,4,1.4663003862264048
zanardi,Altre tipologie familiari,4,1.787249088832073
prati di caprara-ospedale maggiore,Coniugi con figli e altri membri conviventi,4,0.8544851221237012
scalo ravone,Coniugi con figli e altri membri conviventi,4,0.2584997008105315
velodromo,Coniugi con figli e altri membri conviventi,4,10.413588641679812
via vittorio veneto,Coniugi con figli e altri membri conviventi,4,9.677582549094272
zanardi,Coniugi con figli e altri membri conviventi,4,11.795843986291683
prati di caprara-ospedale maggiore,Madre con figli e altri membri conviventi,6-10,0.12946744274601535
scalo ravone,Madre con figli e altri membri conviventi,6-10,0.039166621334929014
velodromo,Madre con figli e altri membri conviventi,6-10,1.5778164608605776
via vittorio veneto,Madre con figli e altri membri conviventi,6-10,1.4663003862264048
zanardi,Madre con figli e altri membri conviventi,6-10,1.787249088832073
prati di caprara-ospedale maggiore,Padre con figli e altri membri conviventi,6-10,0.1553609312952184
scalo ravone,Padre con figli e altri membri conviventi,6-10,0.04699994560191481
velodromo,Padre con figli e altri membri conviventi,6-10,1.8933797530326932
via vittorio veneto,Padre con figli e altri membri conviventi,6-10,1.759560463471686
zanardi,Padre con figli e altri membri conviventi,6-10,2.144698906598488
prati di caprara-ospedale maggiore,Solo,1,74.52146004460643
scalo ravone,Solo,1,22.54430724038514
velodromo,Solo,1,908.1911548713485
via vittorio veneto,Solo,1,844.0025023119186
zanardi,Solo,1,1028.7405755317411
caab,Altre tipologie familiari,3,0.6845675346191117
cadriano-calamosco,Altre tipologie familiari,3,1.3363133381263481
fiera,Altre tipologie familiari,3,0.03282173111187521
michelino,Altre tipologie familiari,3,7.1301303491607015
pilastro,Altre tipologie familiari,3,11.059360445125192
san donnino,Altre tipologie familiari,3,4.566909443280923
scalo merci san donato,Altre tipologie familiari,3,0.06251758307023851
via del lavoro,Altre tipologie familiari,3,12.583226532462255
via mondo,Altre tipologie familiari,3,12.544153043043357
caab,Altre tipologie familiari,5,0.09583945484667564
cadriano-calamosco,Altre tipologie familiari,5,0.18708386733768873
fiera,Altre tipologie familiari,5,0.0045950423556625295
michelino,Altre tipologie familiari,5,0.9982182488824982
pilastro,Altre tipologie familiari,5,1.5483104623175268
san donnino,Altre tipologie familiari,5,0.6393673220593292
scalo merci san donato,Altre tipologie familiari,5,0.008752461629833392
via del lavoro,Altre tipologie familiari,5,1.7616517145447157
via mondo,Altre tipologie familiari,5,1.75618142602607
caab,Coniugi con altri membri conviventi,3,0.6571848332343472
cadriano-calamosco,Coniugi con altri membri conviventi,3,1.2828608046012941
fiera,Coniugi con altri membri conviventi,3,0.031508861867400206
michelino,Coniugi con altri membri conviventi,3,6.8449251351942735
pilastro,Coniugi con altri membri conviventi,3,10.616986027320184
san donnino,Coniugi con altri membri conviventi,3,4.384233065549686
scalo merci san donato,Coniugi con altri membri conviventi,3,0.06001687974742897
via del lavoro,Coniugi con altri membri conviventi,3,12.079897471163765
via mondo,Coniugi con altri membri conviventi,3,12.042386921321622
caab,Coniugi con altri membri conviventi,6-10,0.0410740520771467
cadriano-calamosco,Coniugi con altri membri conviventi,6-10,0.08017880028758088
fiera,Coniugi con altri membri conviventi,6-10,0.001969303866712513
michelino,Coniugi con altri membri conviventi,6-10,0.4278078209496421
pilastro,Coniugi con altri membri conviventi,6-10,0.6635616267075115
san donnino,Coniugi con altri membri conviventi,6-10,0.27401456659685536
scalo merci san donato,Coniugi con altri membri conviventi,6-10,0.0037510549842143105
via del lavoro,Coniugi con altri membri conviventi,6-10,0.7549935919477353
via mondo,Coniugi con altri membri conviventi,6-10,0.7526491825826014
caab,Coppia unita civilmente femminile con figli ed eventuali conviventi,4,0.013691350692382233
cadriano-calamosco,Coppia unita civilmente femminile con figli ed eventuali conviventi,4,0.02672626676252696
fiera,Coppia unita civilmente femminile con figli ed eventuali conviventi,4,0.0006564346222375043
michelino,Coppia unita civilmente femminile con figli ed eventuali conviventi,4,0.14260260698321403
pilastro,Coppia unita civilmente femminile con figli ed eventuali conviventi,4,0.22118720890250382
san donnino,Coppia unita civilmente femminile con figli ed eventuali conviventi,4,0.09133818886561845
scalo merci san donato,Coppia unita civilmente femminile con figli ed eventuali conviventi,4,0.0012503516614047702
via del lavoro,Coppia unita civilmente femminile con figli ed eventuali conviventi,4,0.2516645306492451
via mondo,Coppia unita civilmente femminile con figli ed eventuali conviventi,4,0.25088306086086715
caab,Madre con figli,3,4.134787909099434
cadriano-calamosco,Madre con figli,3,8.071332562283143
fiera,Madre con figli,3,0.19824325591572628
michelino,Madre con figli,3,43.06598730893064
pilastro,Madre con figli,3,66.79853708855616
san donnino,Madre con figli,3,27.584133037416773
scalo merci san donato,Madre con figli,3,0.3776062017442406
via del lavoro,Madre con figli,3,76.00268825607202
via mondo,Madre con figli,3,75.76668437998188
cirenaica,Coniugi,2,557.628665596214
croce del biacco,Coniugi,2,270.6835122116116
guelfa,Coniugi,2,427.29282515000426
mengoli,Coniugi,2,607.0810445364658
ospedale sant'orsola,Coniugi,2,4.793543480098031
roveri,Coniugi,2,76.63601791599764
scandellara,Coniugi,2,58.12929941688498
stradelli guelfi,Coniugi,2,18.50671849911265
via larga,Coniugi,2,133.2483731936111
cirenaica,Coniugi con altri membri conviventi,5,1.8121637229217724
croce del biacco,Coniugi con altri membri conviventi,5,0.8796585819318854
guelfa,Coniugi con altri membri conviventi,5,1.3886024958449534
mengoli,Coniugi con altri membri conviventi,5,1.9728724752809939
ospedale sant'orsola,Coniugi con altri membri conviventi,5,0.015577903602918391
roveri,Coniugi con altri membri conviventi,5,0.24904926899349278
scandellara,Coniugi con altri membri conviventi,5,0.18890672976703568
stradelli guelfi,Coniugi con altri membri conviventi,5,0.060142539226457084
via larga,Coniugi con altri membri conviventi,5,0.433026282430491
cirenaica,Coniugi con figli,6-10,13.720668187836276
croce del biacco,Coniugi con figli,6-10,6.660272120341419
guelfa,Coniugi con figli,6-10,10.513704611397504
mengoli,Coniugi con figli,6-10,14.937463027127524
ospedale sant'orsola,Coniugi con figli,6-10,0.11794698442209639
roveri,Coniugi con figli,6-10,1.8856587509507312
scandellara,Coniugi con figli,6-10,1.4302938110932701
stradelli guelfi,Coniugi con figli,6-10,0.4553649398574608
via larga,Coniugi con figli,6-10,3.2786275669737175
cirenaica,Padre con figli e altri membri conviventi,3,56.953717006112846
croce del biacco,Padre con figli e altri membri conviventi,3,27.646412575002113
guelfa,Padre con figli e altri membri conviventi,3,43.64179272655568
mengoli,Padre con figli e altri membri conviventi,3,62.00456350883123
ospedale sant'orsola,Padre con figli e altri membri conviventi,3,0.4895912560917209
roveri,Padre con figli e altri membri conviventi,3,7.827262739795488
scandellara,Padre con figli e altri membri conviventi,3,5.937068649821121
stradelli guelfi,Padre con figli e altri membri conviventi,3,1.8901940899743654
via larga,Padre con figli e altri membri conviventi,3,13.60939744781543
osservanza,Altre tipologie familiari,3,6.997601370645346
paderno,Altre tipologie familiari,3,2.644888635065677
san michele in bosco,Altre tipologie familiari,3,4.357509994288978
osservanza,Coniugi con figli e altri membri conviventi,5,6.497772701313536
paderno,Coniugi con figli e altri membri conviventi,5,2.455968018275271
san michele in bosco,Coniugi con figli e altri membri conviventi,5,4.046259280411194
galvani-1,Madre con figli e altri membri conviventi,5,1.5020386183552583
galvani-2,Madre con figli e altri membri conviventi,5,9.497961381644743
galvani-1,Madre con figli e altri membri conviventi,6-10,0.27309793061004695
galvani-2,Madre con figli e altri membri conviventi,6-10,1.726902069389953
galvani-1,Padre con figli,6-10,0.13654896530502347
galvani-2,Padre con figli,6-10,0.8634510346949765
galvani-1,Padre con figli e altri membri conviventi,Oltre 10,0.13654896530502347
galvani-2,Padre con figli e altri membri conviventi,Oltre 10,0.8634510346949765
irnerio-1,Coppia unita civilmente maschile con altri conviventi,4,0.267077103488713
irnerio-2,Coppia unita civilmente maschile con altri conviventi,4,0.7329228965112871
irnerio-1,Madre con figli,5,0.534154206977426
irnerio-2,Madre con figli,5,1.4658457930225741
irnerio-1,Madre con figli e altri membri conviventi,5,2.403693931398417
irnerio-2,Madre con figli e altri membri conviventi,5,6.596306068601583
chiesanuova,Altre tipologie familiari,5,1.8012203950770505
dagnini,Altre tipologie familiari,5,2.3055814113834594
giardini margherita,Altre tipologie familiari,5,0.00772227393387803
mezzofanti,Altre tipologie familiari,5,1.8065294584065914
siepelunga,Altre tipologie familiari,5,1.078946461199021
chiesanuova,Coniugi con altri membri conviventi,5,0.514634398593443
dagnini,Coniugi con altri membri conviventi,5,0.6587375461095598
giardini margherita,Coniugi con altri membri conviventi,5,0.0022063639811080085
mezzofanti,Coniugi con altri membri conviventi,5,0.5161512738304547
siepelunga,Coniugi con altri membri conviventi,5,0.30827041748543454
chiesanuova,Coniugi con altri membri conviventi,6-10,0.7719515978901644
dagnini,Coniugi con altri membri conviventi,6-10,0.9881063191643398
giardini margherita,Coniugi con altri membri conviventi,6-10,0.0033095459716620127
mezzofanti,Coniugi con altri membri conviventi,6-10,0.7742269107456821
siepelunga,Coniugi con altri membri conviventi,6-10,0.46240562622815184
chiesanuova,Coniugi con figli e altri membri conviventi,5,10.55000517116558
dagnini,Coniugi con figli e altri membri conviventi,5,13.504119695245976
giardini margherita,Coniugi con figli e altri membri conviventi,5,0.04523046161271417
mezzofanti,Coniugi con figli e altri membri conviventi,5,10.581101113524321
siepelunga,Coniugi con figli e altri membri conviventi,5,6.319543558451408
chiesanuova,Sola,1,1267.2872065363533
dagnini,Sola,1,1622.141207294791
giardini margherita,Sola,1,5.4331713034784705
mezzofanti,Sola,1,1271.0225118074945
siepelunga,Sola,1,759.1159030578825
bitone,Coniugi con altri membri conviventi,4,4.502391349552922
cavedone,Coniugi con altri membri conviventi,4,1.3112913287585777
due madonne,Coniugi con altri membri conviventi,4,1.2622166770638386
fossolo,Coniugi con altri membri conviventi,4,3.6281971303805367
lungo savena,Coniugi con altri membri conviventi,4,0.07444375129964649
ospedale bellaria,Coniugi con altri membri conviventi,4,0.049906425452276984
pontevecchio,Coniugi con altri membri conviventi,4,2.2066957787481805
via arno,Coniugi con altri membri conviventi,4,2.9648575587440216
bitone,Coniugi con altri membri conviventi,6-10,0.2813994593470576
cavedone,Coniugi con altri membri conviventi,6-10,0.0819557080474111
due madonne,Coniugi con altri membri conviventi,6-10,0.07888854231648991
fossolo,Coniugi con altri membri conviventi,6-10,0.22676232064878354
lungo savena,Coniugi con altri membri conviventi,6-10,0.004652734456227906
ospedale bellaria,Coniugi con altri membri conviventi,6-10,0.0031191515907673115
pontevecchio,Coniugi con altri membri conviventi,6-10,0.13791848617176128
via arno,Coniugi con altri membri conviventi,6-10,0.18530359742150135
bitone,Coniugi con figli,4,345.83993553753385
cavedone,Coniugi con figli,4,100.72356519026825
due madonne,Coniugi con figli,4,96.9540185069661
fossolo,Coniugi con figli,4,278.690892077355
lungo savena,Coniugi con figli,4,5.718210646704096
ospedale bellaria,Coniugi con figli,4,3.833437305053026
pontevecchio,Coniugi con figli,4,169.5018195050946
via arno,Coniugi con figli,4,227.73812123102516
bitone,Padre con figli,2,66.97307132459972
cavedone,Padre con figli,2,19.50545851528384
due madonne,Padre con figli,2,18.775473071324598
fossolo,Padre con figli,2,53.96943231441048
lungo savena,Padre con figli,2,1.1073508005822414
ospedale bellaria,Padre con figli,2,0.7423580786026202
pontevecchio,Padre con figli,2,32.824599708879184
via arno,Padre con figli,2,44.10225618631732
corelli,Altre tipologie familiari,2,180.01066540821142
monte donato,Altre tipologie familiari,2,29.349787635677206
ponte savena-la bastia,Altre tipologie familiari,2,27.30165172251062
via toscana,Altre tipologie familiari,2,197.33789523360076
corelli,Madre con figli e altri membri conviventi,4,38.98848513449741
monte donato,Madre con figli e altri membri conviventi,4,6.356866446436999
ponte savena-la bastia,Madre con figli e altri membri conviventi,4,5.913260972156678
via toscana,Madre con figli e altri membri conviventi,4,42.74138744690892
corelli,Padre con figli,3,13.272675790467202
monte donato,Padre con figli,3,2.164039641340255
ponte savena-la bastia,Padre con figli,3,2.013025011798018
via toscana,Padre con figli,3,14.550259556394526
battindarno,Coniugi con figli,5,54.354169646688604
canale di reno,Coniugi con figli,5,38.8084680303247
villaggio della barca,Coniugi con figli,5,36.8373623229867
battindarno,Padre con figli e altri membri conviventi,5,4.59919897010442
canale di reno,Padre con figli e altri membri conviventi,5,3.2837934487197824
villaggio della barca,Padre con figli e altri membri conviventi,5,3.117007581175798
aeroporto,Coppia unita civilmente femminile con figli ed eventuali conviventi,3,0.03476306424424049
bargellino,Coppia unita civilmente femminile con figli ed eventuali conviventi,3,0.005394268589623525
borgo centro,Coppia unita civilmente femminile con figli ed eventuali conviventi,3,0.5929949428731972
casteldebole,Coppia unita civilmente femminile con figli ed eventuali conviventi,3,0.3786476868327402
ducati-villaggio ina,Coppia unita civilmente femminile con figli ed eventuali conviventi,3,0.2307548230005619
la birra,Coppia unita civilmente femminile con figli ed eventuali conviventi,3,0.14527064993444466
lavino di mezzo,Coppia unita civilmente femminile con figli ed eventuali conviventi,3,0.039408128863082974
lungo reno,Coppia unita civilmente femminile con figli ed eventuali conviventi,3,0.0009739651620153587
rigosa,Coppia unita civilmente femminile con figli ed eventuali conviventi,3,0.09934444652556658
triumvirato-pietra,Coppia unita civilmente femminile con figli ed eventuali conviventi,3,0.402846975088968
via del vivaio,Coppia unita civilmente femminile con figli ed eventuali conviventi,3,0.0696010488855591
agucchi,Coniugi con figli e altri membri conviventi,4,10.848270205785864
emilia ponente,Coniugi con figli e altri membri conviventi,4,22.151729794214138
agucchi,Coppia unita civilmente femminile,2,0.9862063823441695
emilia ponente,Coppia unita civilmente femminile,2,2.0137936176558306
arcoveggio,Coniugi con figli e altri membri conviventi,4,25.109092383810527
caserme rosse-manifattura,Coniugi con figli e altri membri conviventi,4,5.219401411306675
cnr,Coniugi con figli e altri membri conviventi,4,0.11679779381945009
ex mercato ortofrutticolo,Coniugi con figli e altri membri conviventi,4,4.170654554302863
piazza dell'unita',Coniugi con figli e altri membri conviventi,4,26.547165220212506
via ferrarese,Coniugi con figli e altri membri conviventi,4,28.83688863654798
arcoveggio,Coniugi con figli e altri membri conviventi,5,27.34101170681591
caserme rosse-manifattura,Coniugi con figli e altri membri conviventi,5,5.683348203422824
cnr,Coniugi con figli e altri membri conviventi,5,0.12717981993673455
ex mercato ortofrutticolo,Coniugi con figli e altri membri conviventi,5,4.541379403574229
piazza dell'unita',Coniugi con figli e altri membri conviventi,5,28.90691323978695
via ferrarese,Coniugi con figli e altri membri conviventi,5,31.400167626463354
arcoveggio,Madre con figli,3,90.3927325817179
caserme rosse-manifattura,Madre con figli,3,18.78984508070403
cnr,Madre con figli,3,0.42047205775002033
ex mercato ortofrutticolo,Madre con figli,3,15.014356395490308
piazza dell'unita',Madre con figli,3,95.56979479276502
via ferrarese,Madre con figli,3,103.81279909157273
croce coperta,Padre con figli e altri membri conviventi,3,36.75191256830601
la dozza,Padre con figli e altri membri conviventi,3,8.317377049180328
mulino del gomito,Padre con figli e altri membri conviventi,3,4.41879781420765
san savino,Padre con figli e altri membri conviventi,3,56.37945355191256
savena abbandonato,Padre con figli e altri membri conviventi,3,6.132459016393442
beverara,Altre tipologie familiari,5,2.4052448268797377
la noce,Altre tipologie familiari,5,0.5197022468073482
laghetti del rosario,Altre tipologie familiari,5,0.16594960049170254
lazzaretto,Altre tipologie familiari,5,0.31175305606774567
pescarola,Altre tipologie familiari,5,1.5457897971727106
tiro a segno,Altre tipologie familiari,5,0.05156047258075531
beverara,Coniugi con altri membri conviventi,3,15.393566892030321
la noce,Coniugi con altri membri conviventi,3,3.326094379567029
laghetti del rosario,Coniugi con altri membri conviventi,3,1.0620774431468962
lazzaretto,Coniugi con altri membri conviventi,3,1.9952195588335724
pescarola,Coniugi con altri membri conviventi,3,9.893054701905347
tiro a segno,Coniugi con altri membri conviventi,3,0.329987024516834
beverara,Madre con figli e altri membri conviventi,6-10,2.8862937922556853
la noce,Madre con figli e altri membri conviventi,6-10,0.623642696168818
laghetti del rosario,Madre con figli e altri membri conviventi,6-10,0.19913952059004303
lazzaretto,Madre con figli e altri membri conviventi,6-10,0.37410366728129485
pescarola,Madre con figli e altri membri conviventi,6-10,1.8549477566072525
tiro a segno,Madre con figli e altri membri conviventi,6-10,0.061872567096906375
ravone,Coppia unita civilmente maschile,2,0.641130501680366
san giuseppe,Coppia unita civilmente maschile,2,3.331983641737863
san luca,Coppia unita civilmente maschile,2,0.3505688950074908
stadio-meloncello,Coppia unita civilmente maschile,2,1.9091792525407942
via del genio,Coppia unita civilmente maschile,2,0.008948455277968984
xxi aprile,Coppia unita civilmente maschile,2,6.758189253755518
battindarno,Coniugi con figli,4,283.4779001573452
canale di reno,Coniugi con figli,4,202.40108711200114
villaggio della barca,Coniugi con figli,4,192.12101273065372
battindarno,Coniugi con figli e altri membri conviventi,6-10,22.57788585323988
canale di reno,Coniugi con figli e altri membri conviventi,6-10,16.120440566442568
villaggio della barca,Coniugi con figli e altri membri conviventi,6-10,15.301673580317551
battindarno,Madre con figli,4,14.21570590759548
canale di reno,Madre con figli,4,10.149907023315691
villaggio della barca,Madre con figli,4,9.63438706908883
battindarno,Madre con figli e altri membri conviventi,3,63.55256758689744
canale di reno,Madre con figli e altri membri conviventi,3,45.376054927764265
villaggio della barca,Madre con figli e altri membri conviventi,3,43.071377485338296
battindarno,Madre con figli e altri membri conviventi,5,11.28894292661994
canale di reno,Madre con figli e altri membri conviventi,5,8.060220283221284
villaggio della barca,Madre con figli e altri membri conviventi,5,7.650836790158776
battindarno,Madre con figli e altri membri conviventi,6-10,2.92676298097554
canale di reno,Madre con figli e altri membri conviventi,6-10,2.089686740094407
villaggio della barca,Madre con figli e altri membri conviventi,6-10,1.983550278930053
aeroporto,Altre tipologie familiari,4,0.17381532122120247
bargellino,Altre tipologie familiari,4,0.026971342948117625
borgo centro,Altre tipologie familiari,4,2.964974714365986
casteldebole,Altre tipologie familiari,4,1.893238434163701
ducati-villaggio ina,Altre tipologie familiari,4,1.1537741150028096
la birra,Altre tipologie familiari,4,0.7263532496722234
lavino di mezzo,Altre tipologie familiari,4,0.19704064431541488
lungo reno,Altre tipologie familiari,4,0.004869825810076793
rigosa,Altre tipologie familiari,4,0.4967222326278329
triumvirato-pietra,Altre tipologie familiari,4,2.01423487544484
via del vivaio,Altre tipologie familiari,4,0.34800524442779546
aeroporto,Altre tipologie familiari,5,0.17381532122120247
bargellino,Altre tipologie familiari,5,0.026971342948117625
borgo centro,Altre tipologie familiari,5,2.964974714365986
casteldebole,Altre tipologie familiari,5,1.893238434163701
ducati-villaggio ina,Altre tipologie familiari,5,1.1537741150028096
la birra,Altre tipologie familiari,5,0.7263532496722234
lavino di mezzo,Altre tipologie familiari,5,0.19704064431541488
lungo reno,Altre tipologie familiari,5,0.004869825810076793
rigosa,Altre tipologie familiari,5,0.4967222326278329
triumvirato-pietra,Altre tipologie familiari,5,2.01423487544484
via del vivaio,Altre tipologie familiari,5,0.34800524442779546
aeroporto,Coppia unita civilmente maschile,2,0.2259599175875632
bargellino,Coppia unita civilmente maschile,2,0.035062745832552915
borgo centro,Coppia unita civilmente maschile,2,3.8544671286757817
casteldebole,Coppia unita civilmente maschile,2,2.461209964412811
ducati-villaggio ina,Coppia unita civilmente maschile,2,1.4999063495036524
la birra,Coppia unita civilmente maschile,2,0.9442592245738903
lavino di mezzo,Coppia unita civilmente maschile,2,0.2561528376100393
lungo reno,Coppia unita civilmente maschile,2,0.006330773553099832
rigosa,Coppia unita civilmente maschile,2,0.6457389024161828
triumvirato-pietra,Coppia unita civilmente maschile,2,2.618505338078292
via del vivaio,Coppia unita civilmente maschile,2,0.4524068177561341
aeroporto,Padre con figli e altri membri conviventi,3,3.806555534744334
bargellino,Padre con figli e altri membri conviventi,3,0.590672410563776
borgo centro,Padre con figli e altri membri conviventi,3,64.9329462446151
casteldebole,Padre con figli e altri membri conviventi,3,41.46192170818505
ducati-villaggio ina,Padre con figli e altri membri conviventi,3,25.26765311856153
la birra,Padre con figli e altri membri conviventi,3,15.90713616782169
lavino di mezzo,Padre con figli e altri membri conviventi,3,4.315190110507586
lungo reno,Padre con figli e altri membri conviventi,3,0.10664918524068179
rigosa,Padre con figli e altri membri conviventi,3,10.87821689454954
triumvirato-pietra,Padre con figli e altri membri conviventi,3,44.111743772241994
via del vivaio,Padre con figli e altri membri conviventi,3,7.621314852968721
aeroporto,Padre con figli e altri membri conviventi,4,1.8772054691889866
bargellino,Padre con figli e altri membri conviventi,4,0.29129050383967037
borgo centro,Padre con figli e altri membri conviventi,4,32.02172691515265
casteldebole,Padre con figli e altri membri conviventi,4,20.44697508896797
ducati-villaggio ina,Padre con figli e altri membri conviventi,4,12.460760442030343
la birra,Padre con figli e altri membri conviventi,4,7.844615096460012
lavino di mezzo,Padre con figli e altri membri conviventi,4,2.1280389586064805
lungo reno,Padre con figli e altri membri conviventi,4,0.05259411874882937
rigosa,Padre con figli e altri membri conviventi,4,5.364600112380595
triumvirato-pietra,Padre con figli e altri membri conviventi,4,21.75373665480427
via del vivaio,Padre con figli e altri membri conviventi,4,3.7584566398201913
aeroporto,Sola,1,59.02768308672036
bargellino,Sola,1,9.159468065180747
borgo centro,Sola,1,1006.9054129986888
casteldebole,Sola,1,642.9437722419929
ducati-villaggio ina,Sola,1,391.82168945495414
la birra,Sola,1,246.66956358868703
lavino di mezzo,Sola,1,66.91500280951489
lungo reno,Sola,1,1.6537928451020791
rigosa,Sola,1,168.68687020041205
triumvirato-pietra,Sola,1,684.0341637010677
via del vivaio,Sola,1,118.18258100767935
agucchi,Coppia unita civilmente maschile,2,1.6436773039069492
emilia ponente,Coppia unita civilmente maschile,2,3.356322696093051
agucchi,Madre con figli e altri membri conviventi,3,37.80457798985983
emilia ponente,Madre con figli e altri membri conviventi,3,77.19542201014018
agucchi,Madre con figli e altri membri conviventi,4,16.1080375782881
emilia ponente,Madre con figli e altri membri conviventi,4,32.8919624217119
agucchi,Madre con figli e altri membri conviventi,6-10,1.3149418431255593
emilia ponente,Madre con figli e altri membri conviventi,6-10,2.6850581568744407
agucchi,Padre con figli e altri membri conviventi,3,26.956307784073964
emilia ponente,Padre con figli e altri membri conviventi,3,55.043692215926036
agucchi,Solo,1,559.179018789144
emilia ponente,Solo,1,1141.820981210856
arcoveggio,Altre tipologie familiari,6-10,2.5109092383810525
caserme rosse-manifattura,Altre tipologie familiari,6-10,0.5219401411306676
cnr,Altre tipologie familiari,6-10,0.011679779381945008
ex mercato ortofrutticolo,Altre tipologie familiari,6-10,0.41706545543028634
piazza dell'unita',Altre tipologie familiari,6-10,2.6547165220212507
via ferrarese,Altre tipologie familiari,6-10,2.8836888636547977
arcoveggio,Coppia unita civilmente maschile con altri conviventi,4,0.2789899153756725
caserme rosse-manifattura,Coppia unita civilmente maschile con altri conviventi,4,0.057993349014518615
cnr,Coppia unita civilmente maschile con altri conviventi,4,0.0012977532646605565
ex mercato ortofrutticolo,Coppia unita civilmente maschile con altri conviventi,4,0.0463406061589207
piazza dell'unita',Coppia unita civilmente maschile con altri conviventi,4,0.2949685024468056
via ferrarese,Coppia unita civilmente maschile con altri conviventi,4,0.320409873739422
arcoveggio,Solo,1,1616.4675696866466
caserme rosse-manifattura,Solo,1,336.0134641901208
cnr,Solo,1,7.5191824154432645
ex mercato ortofrutticolo,Solo,1,268.4974720847865
piazza dell'unita',Solo,1,1709.0475031767917
via ferrarese,Solo,1,1856.454808446211
croce coperta,Sola,1,729.4598360655738
la dozza,Sola,1,165.0850819672131
mulino del gomito,Sola,1,87.70524590163934
san savino,Sola,1,1119.031475409836
savena abbandonato,Sola,1,121.7183606557377
beverara,Coniugi,2,525.7865191559107
la noce,Coniugi,2,113.60691115208633
laghetti del rosario,Coniugi,2,36.276582667486174
lazzaretto,Coniugi,2,68.14921805640921
pescarola,Coniugi,2,337.9096496619545
tiro a segno,Coniugi,2,11.27111930615311
beverara,Madre con figli,2,221.28252407293587
la noce,Madre con figli,2,47.812606706276036
laghetti del rosario,Madre con figli,2,15.267363245236634
lazzaretto,Madre con figli,2,28.681281158232604
pescarola,Madre con figli,2,142.21266133988937
tiro a segno,Madre con figli,2,4.743563477429489
beverara,Madre con figli,5,2.4052448268797377
la noce,Madre con figli,5,0.5197022468073482
laghetti del rosario,Madre con figli,5,0.16594960049170254
lazzaretto,Madre con figli,5,0.31175305606774567
pescarola,Madre con figli,5,1.5457897971727106
tiro a segno,Madre con figli,5,0.05156047258075531
beverara,Sola,1,855.3050604384348
la noce,Sola,1,184.80611896469304
laghetti del rosario,Sola,1,59.01167793484942
lazzaretto,Sola,1,110.85938673769037
pescarola,Sola,1,549.6828518746158
tiro a segno,Sola,1,18.334904049716588
ravone,Altre tipologie familiari,6-10,0.049317730898489696
san giuseppe,Altre tipologie familiari,6-10,0.2563064339798356
san luca,Altre tipologie familiari,6-10,0.02696683807749929
stadio-meloncello,Altre tipologie familiari,6-10,0.14685994250313802
via del genio,Altre tipologie familiari,6-10,0.0006883427136899218
xxi aprile,Altre tipologie familiari,6-10,0.5198607118273475
ravone,Coniugi con altri membri conviventi,6-10,0.09863546179697939
san giuseppe,Coniugi con altri membri conviventi,6-10,0.5126128679596712
san luca,Coniugi con altri membri conviventi,6-10,0.05393367615499858
stadio-meloncello,Coniugi con altri membri conviventi,6-10,0.29371988500627605
via del genio,Coniugi con altri membri conviventi,6-10,0.0013766854273798436
xxi aprile,Coniugi con altri membri conviventi,6-10,1.039721423654695
ravone,Coppia unita civilmente femminile,2,0.2465886544924485
san giuseppe,Coppia unita civilmente femminile,2,1.281532169899178
san luca,Coppia unita civilmente femminile,2,0.13483419038749644
stadio-meloncello,Coppia unita civilmente femminile,2,0.7342997125156902
via del genio,Coppia unita civilmente femminile,2,0.0034417135684496093
xxi aprile,Coppia unita civilmente femminile,2,2.5993035591367377
ravone,Madre con figli e altri membri conviventi,6-10,0.19727092359395879
san giuseppe,Madre con figli e altri membri conviventi,6-10,1.0252257359193424
san luca,Madre con figli e altri membri conviventi,6-10,0.10786735230999717
stadio-meloncello,Madre con figli e altri membri conviventi,6-10,0.5874397700125521
via del genio,Madre con figli e altri membri conviventi,6-10,0.0027533708547596873
xxi aprile,Madre con figli e altri membri conviventi,6-10,2.07944284730939
malpighi-1,Altre tipologie familiari,3,2.3795413553207934
malpighi-2,Altre tipologie familiari,3,12.620458644679205
marconi-1,Madre con figli e altri membri conviventi,3,16.81171207808052
marconi-2,Madre con figli e altri membri conviventi,3,89.18828792191947
marconi-1,Padre con figli e altri membri conviventi,Oltre 10,0.15860105734038227
marconi-2,Padre con figli e altri membri conviventi,Oltre 10,0.8413989426596177
prati di caprara-ospedale maggiore,Coniugi con figli,4,11.72975031278899
scalo ravone,Coniugi con figli,4,3.5484958929445685
velodromo,Coniugi con figli,4,142.95017135396833
via vittorio veneto,Coniugi con figli,4,132.8468149921123
zanardi,Coniugi con figli,4,161.9247674481858
prati di caprara-ospedale maggiore,Padre con figli,2,3.2107925801011805
scalo ravone,Padre con figli,2,0.9713322091062395
velodromo,Padre con figli,2,39.12984822934233
via vittorio veneto,Padre con figli,2,36.36424957841484
zanardi,Padre con figli,2,44.32377740303541
prati di caprara-ospedale maggiore,Sola,1,86.1735298917478
scalo ravone,Sola,1,26.06930316052875
velodromo,Sola,1,1050.1946363488005
via vittorio veneto,Sola,1,975.9695370722951
zanardi,Sola,1,1189.5929935266279
caab,Coniugi con altri membri conviventi,4,0.31490106592479133
cadriano-calamosco,Coniugi con altri membri conviventi,4,0.6147041355381201
fiera,Coniugi con altri membri conviventi,4,0.015097996311462598
michelino,Coniugi con altri membri conviventi,4,3.2798599606139227
pilastro,Coniugi con altri membri conviventi,4,5.087305804757587
san donnino,Coniugi con altri membri conviventi,4,2.1007783439092242
scalo merci san donato,Coniugi con altri membri conviventi,4,0.028758088212309713
via del lavoro,Coniugi con altri membri conviventi,4,5.788284204932637
via mondo,Coniugi con altri membri conviventi,4,5.7703103997999445
caab,Padre con figli e altri membri conviventi,3,2.3412209683973617
cadriano-calamosco,Padre con figli e altri membri conviventi,3,4.57019161639211
fiera,Padre con figli e altri membri conviventi,3,0.11225032040261324
michelino,Padre con figli e altri membri conviventi,3,24.3850457941296
pilastro,Padre con figli e altri membri conviventi,3,37.82301272232815
san donnino,Padre con figli e altri membri conviventi,3,15.618830296020755
scalo merci san donato,Padre con figli e altri membri conviventi,3,0.2138101341002157
via del lavoro,Padre con figli e altri membri conviventi,3,43.03463474102091
via mondo,Padre con figli e altri membri conviventi,3,42.90100340720828
cirenaica,Coppia unita civilmente femminile,2,1.8121637229217724
croce del biacco,Coppia unita civilmente femminile,2,0.8796585819318854
guelfa,Coppia unita civilmente femminile,2,1.3886024958449534
mengoli,Coppia unita civilmente femminile,2,1.9728724752809939
ospedale sant'orsola,Coppia unita civilmente femminile,2,0.015577903602918391
roveri,Coppia unita civilmente femminile,2,0.24904926899349278
scandellara,Coppia unita civilmente femminile,2,0.18890672976703568
stradelli guelfi,Coppia unita civilmente femminile,2,0.060142539226457084
via larga,Coppia unita civilmente femminile,2,0.433026282430491
cirenaica,Padre con figli,3,15.015070847066115
croce del biacco,Padre con figli,3,7.288599678864194
guelfa,Padre con figli,3,11.505563537001043
mengoli,Padre con figli,3,16.346657652328233
ospedale sant'orsola,Padre con figli,3,0.12907405842418096
roveri,Padre con figli,3,2.063551085946083
scandellara,Padre con figli,3,1.5652271894982956
stradelli guelfi,Padre con figli,3,0.4983238964477873
via larga,Padre con figli,3,3.5879320544240683
cirenaica,Padre con figli e altri membri conviventi,4,30.289022225978197
croce del biacco,Padre con figli e altri membri conviventi,4,14.702864869432942
guelfa,Padre con figli e altri membri conviventi,4,23.209498859122792
mengoli,Padre con figli e altri membri conviventi,4,32.97515422969661
ospedale sant'orsola,Padre con figli e altri membri conviventi,4,0.26037353164877886
roveri,Padre con figli e altri membri conviventi,4,4.162680638891237
scandellara,Padre con figli e altri membri conviventi,4,3.1574410546775966
stradelli guelfi,Padre con figli e altri membri conviventi,4,1.00523958421364
via larga,Padre con figli e altri membri conviventi,4,7.237725006338207
galvani-1,Coniugi con figli e altri membri conviventi,4,2.1847834448803756
galvani-2,Coniugi con figli e altri membri conviventi,4,13.815216555119624
galvani-1,Coppia unita civilmente femminile con figli ed eventuali conviventi,4,0.13654896530502347
galvani-2,Coppia unita civilmente femminile con figli ed eventuali conviventi,4,0.8634510346949765
galvani-1,Madre con figli,4,3.9599199938456806
galvani-2,Madre con figli,4,25.04008000615432
galvani-1,Padre con figli e altri membri conviventi,4,5.052311716285868
galvani-2,Padre con figli e altri membri conviventi,4,31.947688283714132
irnerio-1,Coniugi con figli,3,97.21606566989153
irnerio-2,Coniugi con figli,3,266.7839343301085
chiesanuova,Madre con figli,5,0.7719515978901644
dagnini,Madre con figli,5,0.9881063191643398
giardini margherita,Madre con figli,5,0.0033095459716620127
mezzofanti,Madre con figli,5,0.7742269107456821
siepelunga,Madre con figli,5,0.46240562622815184
bitone,Padre con figli e altri membri conviventi,3,72.03826159284675
cavedone,Padre con figli e altri membri conviventi,3,20.980661260137243
due madonne,Padre con figli e altri membri conviventi,3,20.195466833021417
fossolo,Padre con figli e altri membri conviventi,3,58.05115408608859
lungo savena,Padre con figli e altri membri conviventi,3,1.1911000207943439
ospedale bellaria,Padre con figli e altri membri conviventi,3,0.7985028072364317
pontevecchio,Padre con figli e altri membri conviventi,3,35.30713245997089
via arno,Padre con figli e altri membri conviventi,3,47.437720939904345
bitone,Padre con figli e altri membri conviventi,4,40.802921605323355
cavedone,Padre con figli e altri membri conviventi,4,11.88357766687461
due madonne,Padre con figli e altri membri conviventi,4,11.438838635891036
fossolo,Padre con figli e altri membri conviventi,4,32.88053649407362
lungo savena,Padre con figli e altri membri conviventi,4,0.6746464961530463
ospedale bellaria,Padre con figli e altri membri conviventi,4,0.45227698066126015
pontevecchio,Padre con figli e altri membri conviventi,4,19.998180494905384
via arno,Padre con figli e altri membri conviventi,4,26.869021626117696
corelli,Altre tipologie familiari,3,16.590844738084
monte donato,Altre tipologie familiari,3,2.7050495516753186
ponte savena-la bastia,Altre tipologie familiari,3,2.5162812647475223
via toscana,Altre tipologie familiari,3,18.187824445493156
