year,area_name,quartiere_name,zona_name,census_section,n_local_units,n_workers_private,n_workers_public,n_students
2018,ROVERI,San Donato - San Vitale,S. Vitale,1699,10,544,0,0
2018,ROVERI,San Donato - San Vitale,S. Vitale,1705,18,183,0,0
2018,VIA LARGA,San Donato - San Vitale,S. Vitale,1732,12,1241,0,0
2018,CROCE DEL BIACCO,San Donato - San Vitale,S. Vitale,1748,15,30,0,0
2018,CROCE DEL BIACCO,San Donato - San Vitale,S. Vitale,1749,20,36,0,0
2018,CROCE DEL BIACCO,San Donato - San Vitale,S. Vitale,1754,67,433,0,0
2018,CROCE DEL BIACCO,San Donato - San Vitale,S. Vitale,1759,8,10,0,0
2018,CROCE DEL BIACCO,San Donato - San Vitale,S. Vitale,1760,54,692,0,0
2018,GUELFA,San Donato - San Vitale,S. Vitale,1778,1,1,0,0
2018,STADIO-MELONCELLO,Porto - Saragozza,Costa Saragozza,1821,53,105,0,0
2018,STADIO-MELONCELLO,Porto - Saragozza,Costa Saragozza,1879,4,4,0,0
2018,MALPIGHI-2,Porto - Saragozza,Malpighi,1930,2,2,0,0
2018,MALPIGHI-2,Porto - Saragozza,Malpighi,1942,36,71,0,0
2018,MALPIGHI-1,Porto - Saragozza,Malpighi,1959,36,42,0,0
2018,MALPIGHI-1,Porto - Saragozza,Malpighi,1970,22,34,0,0
2018,MALPIGHI-1,Porto - Saragozza,Malpighi,1971,45,90,0,0
2018,FOSSOLO,Savena,Mazzini,2033,40,142,0,0
2018,DUE MADONNE,Savena,Mazzini,2050,12,15,0,0
2018,PONTEVECCHIO,Savena,Mazzini,2059,48,94,0,0
2018,BITONE,Savena,Mazzini,2099,30,50,0,0
2018,BITONE,Savena,Mazzini,2106,7,17,0,0
2018,VIA ARNO,Savena,Mazzini,2121,13,15,0,0
2018,VIA ARNO,Savena,Mazzini,2126,34,58,0,0
2018,VIA ARNO,Savena,Mazzini,2131,13,14,0,0
2018,CAVEDONE,Savena,Mazzini,2140,4,8,0,0
2018,CAVEDONE,Savena,Mazzini,2143,11,13,0,0
2018,CAVEDONE,Savena,Mazzini,2148,14,13,0,0
2018,VIA TOSCANA,Savena,S. Ruffillo,2202,4,6,0,0
2018,VIA TOSCANA,Savena,S. Ruffillo,2211,14,18,0,0
2018,VIA TOSCANA,Savena,S. Ruffillo,2214,9,15,0,0
2018,CORELLI,Savena,S. Ruffillo,2221,7,8,0,0
2018,VIA TOSCANA,Savena,S. Ruffillo,2239,8,11,0,0
2018,VIA TOSCANA,Savena,S. Ruffillo,2247,8,20,0,0
2019,VIA DEL VIVAIO,Borgo Panigale - Reno,Borgo Panigale,1,4,5,0,0
2019,VIA DEL VIVAIO,Borgo Panigale - Reno,Borgo Panigale,15,2,2,0,0
2019,AEROPORTO,Borgo Panigale - Reno,Borgo Panigale,31,3,23,0,0
2019,BARGELLINO,Borgo Panigale - Reno,Borgo Panigale,41,15,148,0,0
2019,LA BIRRA,Borgo Panigale - Reno,Borgo Panigale,58,11,18,0,75
2019,LA BIRRA,Borgo Panigale - Reno,Borgo Panigale,62,20,24,0,0
2019,LA BIRRA,Borgo Panigale - Reno,Borgo Panigale,64,7,9,0,0
2019,LA BIRRA,Borgo Panigale - Reno,Borgo Panigale,65,8,31,0,0
2019,DUCATI-VILLAGGIO INA,Borgo Panigale - Reno,Borgo Panigale,78,24,300,0,28
2019,BORGO CENTRO,Borgo Panigale - Reno,Borgo Panigale,98,20,26,0,217
2019,BORGO CENTRO,Borgo Panigale - Reno,Borgo Panigale,102,8,29,0,0
2019,BORGO CENTRO,Borgo Panigale - Reno,Borgo Panigale,105,9,12,0,0
2019,BORGO CENTRO,Borgo Panigale - Reno,Borgo Panigale,115,17,49,0,0
2019,BORGO CENTRO,Borgo Panigale - Reno,Borgo Panigale,116,9,36,0,0
2019,TRIUMVIRATO-PIETRA,Borgo Panigale - Reno,Borgo Panigale,126,3,23,0,0
2019,RIGOSA,Borgo Panigale - Reno,Borgo Panigale,128,1,1,0,0
2019,RIGOSA,Borgo Panigale - Reno,Borgo Panigale,138,14,245,0,0
2019,TRIUMVIRATO-PIETRA,Borgo Panigale - Reno,Borgo Panigale,154,39,87,0,0
2019,TRIUMVIRATO-PIETRA,Borgo Panigale - Reno,Borgo Panigale,155,23,29,0,0
2019,RIGOSA,Borgo Panigale - Reno,Borgo Panigale,164,2,13,0,0
2019,RIGOSA,Borgo Panigale - Reno,Borgo Panigale,165,3,4,0,0
2019,CASTELDEBOLE,Borgo Panigale - Reno,Borgo Panigale,168,3,5,0,242
2019,RIGOSA,Borgo Panigale - Reno,Borgo Panigale,172,6,20,0,0
2019,CASTELDEBOLE,Borgo Panigale - Reno,Borgo Panigale,173,10,10,0,0
2019,RIGOSA,Borgo Panigale - Reno,Borgo Panigale,185,4,3,0,0
2019,RIGOSA,Borgo Panigale - Reno,Borgo Panigale,186,5,8,0,0
2019,RIGOSA,Borgo Panigale - Reno,Borgo Panigale,199,6,37,0,0
2019,CASTELDEBOLE,Borgo Panigale - Reno,Borgo Panigale,203,9,11,0,0
2019,CASERME ROSSE-MANIFATTURA,Navile,Bolognina,207,1,19,0,0
2019,ARCOVEGGIO,Navile,Bolognina,230,26,36,0,240
2019,ARCOVEGGIO,Navile,Bolognina,239,13,18,0,0
2019,ARCOVEGGIO,Navile,Bolognina,245,5,109,0,0
2019,ARCOVEGGIO,Navile,Bolognina,247,23,31,0,0
2019,ARCOVEGGIO,Navile,Bolognina,248,16,20,0,47
2019,ARCOVEGGIO,Navile,Bolognina,259,8,13,0,0
2019,ARCOVEGGIO,Navile,Bolognina,268,17,25,0,0
2019,VIA FERRARESE,Navile,Bolognina,303,15,33,0,0
2019,VIA FERRARESE,Navile,Bolognina,304,9,51,0,0
2019,VIA FERRARESE,Navile,Bolognina,335,47,2159,0,60
2019,PIAZZA DELL'UNITA',Navile,Bolognina,345,20,190,0,0
2019,SAN SAVINO,Navile,Corticella,411,14,23,0,0
2019,SAVENA ABBANDONATO,Navile,Corticella,423,3,8,0,0
2019,SAVENA ABBANDONATO,Navile,Corticella,425,6,14,0,0
2019,LAGHETTI DEL ROSARIO,Navile,Lame,522,1,2,0,0
2019,TIRO A SEGNO,Navile,Lame,529,2,10,0,0
2019,PESCAROLA,Navile,Lame,539,16,35,0,0
2019,TIRO A SEGNO,Navile,Lame,541,1,1,0,0
2019,PESCAROLA,Navile,Lame,550,20,53,0,0
2019,PESCAROLA,Navile,Lame,553,5,8,0,0
2019,PESCAROLA,Navile,Lame,554,17,22,0,0
2019,BEVERARA,Navile,Lame,558,21,284,0,0
2019,BEVERARA,Navile,Lame,563,22,136,0,0
2019,LAZZARETTO,Navile,Lame,581,2,2,0,0
2019,BEVERARA,Navile,Lame,598,31,472,0,0
2019,MARCONI-2,Porto - Saragozza,Marconi,625,6,14,0,0
2019,MARCONI-2,Porto - Saragozza,Marconi,632,91,136,0,0
2019,VELODROMO,Porto - Saragozza,Saffi,750,22,33,0,0
2019,VIA VITTORIO VENETO,Porto - Saragozza,Saffi,760,22,53,0,24
2019,VIA VITTORIO VENETO,Porto - Saragozza,Saffi,777,16,20,0,0
2019,BATTINDARNO,Borgo Panigale - Reno,Barca,812,11,16,0,0
2019,CANALE DI RENO,Borgo Panigale - Reno,Barca,861,6,20,0,0
2019,EMILIA PONENTE,Borgo Panigale - Reno,S. Viola,921,32,61,0,0
2019,EMILIA PONENTE,Borgo Panigale - Reno,S. Viola,931,32,46,0,0
2019,CADRIANO-CALAMOSCO,San Donato - San Vitale,San Donato,933,2,2,0,0
2019,CADRIANO-CALAMOSCO,San Donato - San Vitale,San Donato,946,2,7,0,0
2019,MICHELINO,San Donato - San Vitale,San Donato,1052,19,21,0,74
2019,VIA MONDO,San Donato - San Vitale,San Donato,1070,22,46,0,0
2019,PADERNO,Santo Stefano,Colli,1175,4,3,0,0
2019,PADERNO,Santo Stefano,Colli,1182,2,2,0,0
2019,PADERNO,Santo Stefano,Colli,1190,7,7,0,0
2019,GALVANI-2,Santo Stefano,Galvani,1263,65,221,0,54
2019,GALVANI-2,Santo Stefano,Galvani,1267,18,22,0,0
2019,MEZZOFANTI,Santo Stefano,Murri,1300,89,219,0,0
2019,MEZZOFANTI,Santo Stefano,Murri,1336,46,91,0,0
2019,MEZZOFANTI,Santo Stefano,Murri,1344,37,56,0,0
2019,DAGNINI,Santo Stefano,Murri,1354,12,16,0,0
2019,IRNERIO-1,Santo Stefano,Irnerio,1525,49,143,0,0
2019,IRNERIO-1,Santo Stefano,Irnerio,1526,58,154,0,0
2019,IRNERIO-1,Santo Stefano,Irnerio,1542,81,128,0,0
2019,IRNERIO-1,Santo Stefano,Irnerio,1543,16,19,0,0
2019,CIRENAICA,San Donato - San Vitale,S. Vitale,1563,30,90,0,71
2019,MENGOLI,San Donato - San Vitale,S. Vitale,1569,22,81,0,0
2019,MENGOLI,San Donato - San Vitale,S. Vitale,1624,7,8,0,0
2019,MENGOLI,San Donato - San Vitale,S. Vitale,1629,4,5,0,0
2019,MENGOLI,San Donato - San Vitale,S. Vitale,1646,8,18,0,49
2019,MENGOLI,San Donato - San Vitale,S. Vitale,1650,11,10,0,0
2019,MENGOLI,San Donato - San Vitale,S. Vitale,1655,15,19,0,0
2019,VIA LARGA,San Donato - San Vitale,S. Vitale,1667,1,107,0,0
2019,VIA LARGA,San Donato - San Vitale,S. Vitale,1682,1,1,0,0
2019,VIA LARGA,San Donato - San Vitale,S. Vitale,1688,8,16,0,0
2019,ROVERI,San Donato - San Vitale,S. Vitale,1693,17,193,0,0
2019,ROVERI,San Donato - San Vitale,S. Vitale,1697,5,68,0,0
2019,ROVERI,San Donato - San Vitale,S. Vitale,1698,19,150,0,0
2019,VIA LARGA,San Donato - San Vitale,S. Vitale,1732,13,1301,0,0
2019,CROCE DEL BIACCO,San Donato - San Vitale,S. Vitale,1738,8,27,0,0
2019,XXI APRILE,Porto - Saragozza,Costa Saragozza,1795,37,43,0,0
2019,SAN GIUSEPPE,Porto - Saragozza,Costa Saragozza,1806,41,78,0,0
2019,XXI APRILE,Porto - Saragozza,Costa Saragozza,1829,6,6,0,0
2019,XXI APRILE,Porto - Saragozza,Costa Saragozza,1830,4,4,0,0
2019,XXI APRILE,Porto - Saragozza,Costa Saragozza,1839,2,2,0,0
2019,XXI APRILE,Porto - Saragozza,Costa Saragozza,1846,28,43,0,0
2019,FOSSOLO,Savena,Mazzini,2035,16,14,0,0
2019,PONTEVECCHIO,Savena,Mazzini,2067,18,23,0,0
2019,BITONE,Savena,Mazzini,2095,11,26,0,0
2019,BITONE,Savena,Mazzini,2111,1,1,0,0
2019,VIA TOSCANA,Savena,S. Ruffillo,2174,1,1,0,0
2019,VIA TOSCANA,Savena,S. Ruffillo,2193,2,2,0,0
2019,VIA TOSCANA,Savena,S. Ruffillo,2200,5,5,0,0
2019,VIA TOSCANA,Savena,S. Ruffillo,2208,15,31,0,0
2019,VIA TOSCANA,Savena,S. Ruffillo,2214,8,16,0,0
2019,CORELLI,Savena,S. Ruffillo,2216,22,37,0,0
2019,VIA TOSCANA,Savena,S. Ruffillo,2247,8,17,0,0
2019,CORELLI,Savena,S. Ruffillo,2260,1,1,0,0
2019,CORELLI,Savena,S. Ruffillo,2268,8,8,0,0
2019,PONTE SAVENA-LA BASTIA,Savena,S. Ruffillo,2313,11,16,0,0
2019,PONTE SAVENA-LA BASTIA,Savena,S. Ruffillo,2320,16,99,0,0
2019,Non Georeferenziato *,Non Georeferenziato *,Non Georeferenziato *,Non disponibile,3716,17965,0,0
2018,BARGELLINO,Borgo Panigale - Reno,Borgo Panigale,22,24,315,0,0
2018,LA BIRRA,Borgo Panigale - Reno,Borgo Panigale,58,11,20,0,0
2018,LA BIRRA,Borgo Panigale - Reno,Borgo Panigale,64,5,7,0,0
2018,DUCATI-VILLAGGIO INA,Borgo Panigale - Reno,Borgo Panigale,69,32,52,0,0
2018,DUCATI-VILLAGGIO INA,Borgo Panigale - Reno,Borgo Panigale,70,5,5,0,0
2018,BORGO CENTRO,Borgo Panigale - Reno,Borgo Panigale,92,1,6,0,0
2018,BORGO CENTRO,Borgo Panigale - Reno,Borgo Panigale,98,18,25,0,0
2018,BORGO CENTRO,Borgo Panigale - Reno,Borgo Panigale,109,18,27,0,0
2018,BORGO CENTRO,Borgo Panigale - Reno,Borgo Panigale,118,3,3,0,0
2018,BORGO CENTRO,Borgo Panigale - Reno,Borgo Panigale,141,2,5,0,0
2018,TRIUMVIRATO-PIETRA,Borgo Panigale - Reno,Borgo Panigale,147,22,26,0,0
2018,TRIUMVIRATO-PIETRA,Borgo Panigale - Reno,Borgo Panigale,149,20,37,0,0
2018,TRIUMVIRATO-PIETRA,Borgo Panigale - Reno,Borgo Panigale,153,40,145,0,0
2018,RIGOSA,Borgo Panigale - Reno,Borgo Panigale,163,1,17,0,0
2018,CASTELDEBOLE,Borgo Panigale - Reno,Borgo Panigale,178,3,9,0,0
2018,CASTELDEBOLE,Borgo Panigale - Reno,Borgo Panigale,182,23,30,0,0
2018,RIGOSA,Borgo Panigale - Reno,Borgo Panigale,185,4,3,0,0
2018,RIGOSA,Borgo Panigale - Reno,Borgo Panigale,194,5,18,0,0
2018,CASTELDEBOLE,Borgo Panigale - Reno,Borgo Panigale,197,7,11,0,0
2018,CASERME ROSSE-MANIFATTURA,Navile,Bolognina,215,1,1,0,0
2018,CASERME ROSSE-MANIFATTURA,Navile,Bolognina,221,9,101,0,0
2018,ARCOVEGGIO,Navile,Bolognina,230,29,40,0,0
2018,ARCOVEGGIO,Navile,Bolognina,244,4,9,0,0
2018,ARCOVEGGIO,Navile,Bolognina,245,2,10,0,0
2018,ARCOVEGGIO,Navile,Bolognina,259,6,9,0,0
2018,ARCOVEGGIO,Navile,Bolognina,260,10,12,0,0
2018,ARCOVEGGIO,Navile,Bolognina,264,5,4,0,0
2018,ARCOVEGGIO,Navile,Bolognina,268,23,35,0,0
2018,PIAZZA DELL'UNITA',Navile,Bolognina,282,8,7,0,0
2018,PIAZZA DELL'UNITA',Navile,Bolognina,285,24,61,0,0
2018,PIAZZA DELL'UNITA',Navile,Bolognina,291,12,22,0,0
2018,PIAZZA DELL'UNITA',Navile,Bolognina,292,1,1,0,0
2018,VIA FERRARESE,Navile,Bolognina,314,6,8,0,0
2018,VIA FERRARESE,Navile,Bolognina,316,25,56,0,0
2018,VIA FERRARESE,Navile,Bolognina,317,27,37,0,0
2018,VIA FERRARESE,Navile,Bolognina,318,21,34,0,0
2018,VIA FERRARESE,Navile,Bolognina,327,16,27,0,0
2018,VIA FERRARESE,Navile,Bolognina,334,30,180,0,0
2018,PIAZZA DELL'UNITA',Navile,Bolognina,341,14,29,0,0
2018,PIAZZA DELL'UNITA',Navile,Bolognina,353,14,23,0,0
2018,PIAZZA DELL'UNITA',Navile,Bolognina,354,8,120,0,0
2018,PIAZZA DELL'UNITA',Navile,Bolognina,366,5,15,0,0
2018,SAN SAVINO,Navile,Corticella,382,15,14,0,0
2018,SAN SAVINO,Navile,Corticella,411,15,24,0,0
2018,SAVENA ABBANDONATO,Navile,Corticella,420,1,7,0,0
2018,CROCE COPERTA,Navile,Corticella,437,9,58,0,0
2018,CROCE COPERTA,Navile,Corticella,438,34,357,0,0
2018,CROCE COPERTA,Navile,Corticella,450,10,101,0,0
2018,CROCE COPERTA,Navile,Corticella,453,5,26,0,0
2018,CROCE COPERTA,Navile,Corticella,457,5,17,0,0
2018,CROCE COPERTA,Navile,Corticella,463,72,177,0,0
2018,CROCE COPERTA,Navile,Corticella,471,7,138,0,0
2018,TIRO A SEGNO,Navile,Lame,525,4,5,0,0
2018,TIRO A SEGNO,Navile,Lame,527,2,7,0,0
2018,PESCAROLA,Navile,Lame,534,1,5,0,0
2018,PESCAROLA,Navile,Lame,555,1,1,0,0
2018,BEVERARA,Navile,Lame,557,6,133,0,0
2018,BEVERARA,Navile,Lame,570,16,400,0,0
2018,LAZZARETTO,Navile,Lame,581,3,7,0,0
2018,LAZZARETTO,Navile,Lame,583,1,15,0,0
2018,BEVERARA,Navile,Lame,598,36,482,0,0
2018,BEVERARA,Navile,Lame,599,3,1416,0,0
2018,MARCONI-2,Porto - Saragozza,Marconi,604,73,337,0,0
2018,MARCONI-2,Porto - Saragozza,Marconi,619,56,89,0,0
2018,MARCONI-2,Porto - Saragozza,Marconi,627,91,211,0,0
2018,MARCONI-2,Porto - Saragozza,Marconi,642,15,29,0,0
2018,MARCONI-2,Porto - Saragozza,Marconi,652,71,120,0,0
2018,MARCONI-1,Porto - Saragozza,Marconi,681,95,215,0,0
2018,PRATI DI CAPRARA-OSPEDALE MAGGIORE,Porto - Saragozza,Saffi,701,5,5,0,0
2018,ZANARDI,Porto - Saragozza,Saffi,710,1,1,0,0
2018,ZANARDI,Porto - Saragozza,Saffi,729,21,27,0,0
2018,VELODROMO,Porto - Saragozza,Saffi,736,74,314,0,0
2018,VELODROMO,Porto - Saragozza,Saffi,759,12,14,0,0
2018,VIA VITTORIO VENETO,Porto - Saragozza,Saffi,765,24,23,0,0
2018,VIA VITTORIO VENETO,Porto - Saragozza,Saffi,767,8,9,0,0
2018,VIA VITTORIO VENETO,Porto - Saragozza,Saffi,782,3,4,0,0
2018,BATTINDARNO,Borgo Panigale - Reno,Barca,786,13,14,0,0
2018,BATTINDARNO,Borgo Panigale - Reno,Barca,810,11,30,0,0
2018,VILLAGGIO DELLA BARCA,Borgo Panigale - Reno,Barca,826,7,9,0,0
2018,VILLAGGIO DELLA BARCA,Borgo Panigale - Reno,Barca,834,2,2,0,0
2018,VILLAGGIO DELLA BARCA,Borgo Panigale - Reno,Barca,844,10,15,0,0
2018,CANALE DI RENO,Borgo Panigale - Reno,Barca,869,16,23,0,0
2018,EMILIA PONENTE,Borgo Panigale - Reno,S. Viola,908,71,125,0,0
2018,EMILIA PONENTE,Borgo Panigale - Reno,S. Viola,921,31,58,0,0
2018,EMILIA PONENTE,Borgo Panigale - Reno,S. Viola,922,24,27,0,0
2018,EMILIA PONENTE,Borgo Panigale - Reno,S. Viola,923,45,1452,0,0
2018,EMILIA PONENTE,Borgo Panigale - Reno,S. Viola,924,11,15,0,0
2018,EMILIA PONENTE,Borgo Panigale - Reno,S. Viola,925,3,22,0,0
2018,CADRIANO-CALAMOSCO,San Donato - San Vitale,San Donato,933,1,1,0,0
2018,CADRIANO-CALAMOSCO,San Donato - San Vitale,San Donato,934,2,1,0,0
2018,CADRIANO-CALAMOSCO,San Donato - San Vitale,San Donato,942,1,1,0,0
2018,CADRIANO-CALAMOSCO,San Donato - San Vitale,San Donato,949,2,2,0,0
2018,CADRIANO-CALAMOSCO,San Donato - San Vitale,San Donato,954,1,1,0,0
2018,VIA DEL LAVORO,San Donato - San Vitale,San Donato,984,11,16,0,0
2018,VIA DEL LAVORO,San Donato - San Vitale,San Donato,988,60,95,0,0
2018,VIA DEL LAVORO,San Donato - San Vitale,San Donato,992,2,13,0,0
2018,VIA DEL LAVORO,San Donato - San Vitale,San Donato,998,5,151,0,0
2018,MICHELINO,San Donato - San Vitale,San Donato,1020,10,674,0,0
2018,MICHELINO,San Donato - San Vitale,San Donato,1024,60,177,0,0
2018,VIA DEL LAVORO,San Donato - San Vitale,San Donato,1025,1,2,0,0
2018,VIA MONDO,San Donato - San Vitale,San Donato,1028,33,56,0,0
2018,VIA MONDO,San Donato - San Vitale,San Donato,1038,8,12,0,0
2018,MICHELINO,San Donato - San Vitale,San Donato,1052,14,14,0,0
2018,VIA MONDO,San Donato - San Vitale,San Donato,1067,8,10,0,0
2018,PILASTRO,San Donato - San Vitale,San Donato,1086,34,257,0,0
2018,PILASTRO,San Donato - San Vitale,San Donato,1099,11,13,0,0
2018,PILASTRO,San Donato - San Vitale,San Donato,1105,3,12,0,0
2018,OSSERVANZA,Santo Stefano,Colli,1132,71,81,0,0
2018,OSSERVANZA,Santo Stefano,Colli,1152,17,18,0,0
2018,SAN MICHELE IN BOSCO,Santo Stefano,Colli,1165,60,74,0,0
2018,PADERNO,Santo Stefano,Colli,1183,18,41,0,0
2018,PADERNO,Santo Stefano,Colli,1188,6,7,0,0
2018,GALVANI-1,Santo Stefano,Galvani,1209,34,104,0,0
2018,GALVANI-1,Santo Stefano,Galvani,1210,45,136,0,0
2018,GALVANI-1,Santo Stefano,Galvani,1213,87,433,0,0
2018,GALVANI-1,Santo Stefano,Galvani,1224,51,104,0,0
2018,GALVANI-2,Santo Stefano,Galvani,1249,37,70,0,0
2018,GALVANI-2,Santo Stefano,Galvani,1255,39,49,0,0
2018,GALVANI-2,Santo Stefano,Galvani,1273,46,114,0,0
2018,GALVANI-2,Santo Stefano,Galvani,1295,31,59,0,0
2018,MEZZOFANTI,Santo Stefano,Murri,1310,38,125,0,0
2018,DAGNINI,Santo Stefano,Murri,1331,27,41,0,0
2018,DAGNINI,Santo Stefano,Murri,1332,26,40,0,0
2018,MEZZOFANTI,Santo Stefano,Murri,1340,25,33,0,0
2018,DAGNINI,Santo Stefano,Murri,1348,18,29,0,0
2018,DAGNINI,Santo Stefano,Murri,1349,15,16,0,0
2018,DAGNINI,Santo Stefano,Murri,1356,1,1,0,0
2018,MEZZOFANTI,Santo Stefano,Murri,1358,15,25,0,0
2018,MEZZOFANTI,Santo Stefano,Murri,1359,1,1,0,0
2018,GIARDINI MARGHERITA,Santo Stefano,Murri,1381,2,2,0,0
2018,SIEPELUNGA,Santo Stefano,Murri,1385,7,10,0,0
2018,SIEPELUNGA,Santo Stefano,Murri,1395,2,2,0,0
2018,SIEPELUNGA,Santo Stefano,Murri,1405,6,6,0,0
2018,CHIESANUOVA,Santo Stefano,Murri,1407,21,28,0,0
2018,CHIESANUOVA,Santo Stefano,Murri,1413,44,56,0,0
2018,CHIESANUOVA,Santo Stefano,Murri,1420,19,24,0,0
2018,CHIESANUOVA,Santo Stefano,Murri,1423,31,56,0,0
2018,CHIESANUOVA,Santo Stefano,Murri,1441,45,62,0,0
2018,CHIESANUOVA,Santo Stefano,Murri,1443,9,9,0,0
2018,IRNERIO-2,Santo Stefano,Irnerio,1471,18,478,0,0
2018,IRNERIO-2,Santo Stefano,Irnerio,1477,36,64,0,0
2018,IRNERIO-2,Santo Stefano,Irnerio,1479,31,45,0,0
2018,IRNERIO-2,Santo Stefano,Irnerio,1484,11,21,0,0
2018,IRNERIO-2,Santo Stefano,Irnerio,1502,2,0,0,0
2018,IRNERIO-1,Santo Stefano,Irnerio,1519,48,103,0,0
2018,IRNERIO-2,Santo Stefano,Irnerio,1531,21,37,0,0
2018,IRNERIO-2,Santo Stefano,Irnerio,1532,36,56,0,0
2018,IRNERIO-1,Santo Stefano,Irnerio,1542,78,115,0,0
2018,IRNERIO-1,Santo Stefano,Irnerio,1543,13,36,0,0
2018,IRNERIO-2,Santo Stefano,Irnerio,1551,38,56,0,0
2018,CIRENAICA,San Donato - San Vitale,S. Vitale,1557,38,92,0,0
2018,CIRENAICA,San Donato - San Vitale,S. Vitale,1558,45,258,0,0
2018,MENGOLI,San Donato - San Vitale,S. Vitale,1567,29,47,0,0
2018,CIRENAICA,San Donato - San Vitale,S. Vitale,1582,6,10,0,0
2018,CIRENAICA,San Donato - San Vitale,S. Vitale,1589,13,18,0,0
2018,CIRENAICA,San Donato - San Vitale,S. Vitale,1591,4,7,0,0
2018,MENGOLI,San Donato - San Vitale,S. Vitale,1628,1,1,0,0
2018,MENGOLI,San Donato - San Vitale,S. Vitale,1629,5,6,0,0
2018,MENGOLI,San Donato - San Vitale,S. Vitale,1636,19,35,0,0
2018,MENGOLI,San Donato - San Vitale,S. Vitale,1642,15,16,0,0
2018,MENGOLI,San Donato - San Vitale,S. Vitale,1644,24,30,0,0
2018,MENGOLI,San Donato - San Vitale,S. Vitale,1661,11,33,0,0
2018,SCANDELLARA,San Donato - San Vitale,S. Vitale,1679,6,8,0,0
2018,VIA LARGA,San Donato - San Vitale,S. Vitale,1686,6,41,0,0
2018,ROVERI,San Donato - San Vitale,S. Vitale,1698,19,103,0,0
2018,ROVERI,San Donato - San Vitale,S. Vitale,1710,6,159,0,0
2018,ROVERI,San Donato - San Vitale,S. Vitale,1734,29,188,0,0
2018,CROCE DEL BIACCO,San Donato - San Vitale,S. Vitale,1751,2,12,0,0
2018,STRADELLI GUELFI,San Donato - San Vitale,S. Vitale,1761,2,16,0,0
2018,XXI APRILE,Porto - Saragozza,Costa Saragozza,1788,29,39,0,0
2018,XXI APRILE,Porto - Saragozza,Costa Saragozza,1789,12,38,0,0
2018,XXI APRILE,Porto - Saragozza,Costa Saragozza,1792,24,34,0,0
2018,XXI APRILE,Porto - Saragozza,Costa Saragozza,1797,29,57,0,0
2018,STADIO-MELONCELLO,Porto - Saragozza,Costa Saragozza,1816,18,24,0,0
2018,XXI APRILE,Porto - Saragozza,Costa Saragozza,1822,19,341,0,0
2018,XXI APRILE,Porto - Saragozza,Costa Saragozza,1833,10,11,0,0
2018,XXI APRILE,Porto - Saragozza,Costa Saragozza,1848,11,11,0,0
2018,SAN GIUSEPPE,Porto - Saragozza,Costa Saragozza,1867,29,32,0,0
2018,SAN LUCA,Porto - Saragozza,Costa Saragozza,1882,9,9,0,0
2018,SAN GIUSEPPE,Porto - Saragozza,Costa Saragozza,1904,9,10,0,0
2018,MALPIGHI-2,Porto - Saragozza,Malpighi,1933,60,91,0,0
2018,MALPIGHI-2,Porto - Saragozza,Malpighi,1936,42,66,0,0
2018,MALPIGHI-2,Porto - Saragozza,Malpighi,1939,25,38,0,0
2018,MALPIGHI-2,Porto - Saragozza,Malpighi,1940,84,141,0,0
2018,MALPIGHI-1,Porto - Saragozza,Malpighi,1957,4,10,0,0
2018,MALPIGHI-2,Porto - Saragozza,Malpighi,1987,3,8,0,0
2018,MALPIGHI-2,Porto - Saragozza,Malpighi,1988,101,202,0,0
2018,FOSSOLO,Savena,Mazzini,2004,34,82,0,0
2018,LUNGO SAVENA,Savena,Mazzini,2005,3,74,0,0
2018,DUE MADONNE,Savena,Mazzini,2043,2,2,0,0
2018,PONTEVECCHIO,Savena,Mazzini,2057,17,48,0,0
2018,PONTEVECCHIO,Savena,Mazzini,2060,3,3,0,0
2018,PONTEVECCHIO,Savena,Mazzini,2062,4,4,0,0
2018,BITONE,Savena,Mazzini,2084,7,7,0,0
2018,BITONE,Savena,Mazzini,2087,39,63,0,0
2018,BITONE,Savena,Mazzini,2091,11,12,0,0
2018,BITONE,Savena,Mazzini,2092,46,97,0,0
2018,BITONE,Savena,Mazzini,2102,13,72,0,0
2018,BITONE,Savena,Mazzini,2107,11,29,0,0
2018,BITONE,Savena,Mazzini,2112,8,10,0,0
2018,BITONE,Savena,Mazzini,2116,25,41,0,0
2018,VIA ARNO,Savena,Mazzini,2138,12,24,0,0
2018,CAVEDONE,Savena,Mazzini,2147,20,25,0,0
2018,OSPEDALE BELLARIA,Savena,Mazzini,2157,5,26,0,0
2018,MONTE DONATO,Savena,S. Ruffillo,2159,7,23,0,0
2018,VIA TOSCANA,Savena,S. Ruffillo,2163,4,5,0,0
2018,VIA TOSCANA,Savena,S. Ruffillo,2176,8,13,0,0
2018,MONTE DONATO,Savena,S. Ruffillo,2180,5,4,0,0
2018,VIA TOSCANA,Savena,S. Ruffillo,2194,6,6,0,0
2018,VIA TOSCANA,Savena,S. Ruffillo,2198,1,1,0,0
2018,VIA TOSCANA,Savena,S. Ruffillo,2203,21,41,0,0
2018,VIA TOSCANA,Savena,S. Ruffillo,2208,16,33,0,0
2018,VIA TOSCANA,Savena,S. Ruffillo,2224,15,33,0,0
2018,VIA TOSCANA,Savena,S. Ruffillo,2228,13,16,0,0
2018,VIA TOSCANA,Savena,S. Ruffillo,2234,7,7,0,0
2018,VIA TOSCANA,Savena,S. Ruffillo,2236,2,2,0,0
2018,CORELLI,Savena,S. Ruffillo,2249,2,2,0,0
2018,CORELLI,Savena,S. Ruffillo,2250,2,2,0,0
2018,CORELLI,Savena,S. Ruffillo,2257,12,18,0,0
2018,CORELLI,Savena,S. Ruffillo,2267,11,23,0,0
2018,CORELLI,Savena,S. Ruffillo,2276,14,18,0,0
2018,VIA TOSCANA,Savena,S. Ruffillo,2302,2,3,0,0
2018,MONTE DONATO,Savena,S. Ruffillo,2308,1,1,0,0
2018,SAVENA ABBANDONATO,Navile,Corticella,2325,1,4,0,0
2018,LA NOCE,Navile,Lame,2326,19,19,0,0
2018,VIA LARGA,San Donato - San Vitale,S. Vitale,2331,14,15,0,0
2019,LAVINO DI MEZZO,Borgo Panigale - Reno,Borgo Panigale,13,38,93,0,0
2019,VIA DEL VIVAIO,Borgo Panigale - Reno,Borgo Panigale,51,1,1,0,0
2019,BORGO CENTRO,Borgo Panigale - Reno,Borgo Panigale,144,12,28,0,0
2019,CASTELDEBOLE,Borgo Panigale - Reno,Borgo Panigale,168,3,5,0,0
2019,RIGOSA,Borgo Panigale - Reno,Borgo Panigale,175,1,2,0,0
2019,CASERME ROSSE-MANIFATTURA,Navile,Bolognina,206,21,22,0,0
2019,CASERME ROSSE-MANIFATTURA,Navile,Bolognina,208,1,0,0,0
2019,ARCOVEGGIO,Navile,Bolognina,232,2,2,0,0
2019,ARCOVEGGIO,Navile,Bolognina,241,20,36,0,0
2019,ARCOVEGGIO,Navile,Bolognina,244,5,22,0,2385
2019,ARCOVEGGIO,Navile,Bolognina,252,16,38,0,0
2019,ARCOVEGGIO,Navile,Bolognina,254,22,23,0,0
2019,ARCOVEGGIO,Navile,Bolognina,262,21,62,0,0
2019,ARCOVEGGIO,Navile,Bolognina,266,6,6,0,0
2019,ARCOVEGGIO,Navile,Bolognina,270,25,38,0,0
2019,PIAZZA DELL'UNITA',Navile,Bolognina,274,18,20,0,0
2019,PIAZZA DELL'UNITA',Navile,Bolognina,283,13,14,0,0
2019,PIAZZA DELL'UNITA',Navile,Bolognina,284,9,14,0,0
2019,VIA FERRARESE,Navile,Bolognina,302,11,106,0,0
2019,VIA FERRARESE,Navile,Bolognina,315,12,15,0,0
2019,VIA FERRARESE,Navile,Bolognina,324,19,24,0,0
2019,VIA FERRARESE,Navile,Bolognina,327,18,32,0,0
2019,VIA FERRARESE,Navile,Bolognina,329,3,17,0,0
2019,PIAZZA DELL'UNITA',Navile,Bolognina,367,6,24,0,78
2019,SAN SAVINO,Navile,Corticella,392,6,8,0,54
2019,SAN SAVINO,Navile,Corticella,402,20,50,0,0
2019,SAN SAVINO,Navile,Corticella,414,12,23,0,48
2019,SAVENA ABBANDONATO,Navile,Corticella,418,1,22,0,499
2019,SAVENA ABBANDONATO,Navile,Corticella,431,17,43,0,0
2019,CROCE COPERTA,Navile,Corticella,443,5,314,0,0
2019,CROCE COPERTA,Navile,Corticella,454,16,140,0,0
2019,CROCE COPERTA,Navile,Corticella,459,5,14,0,0
2019,CROCE COPERTA,Navile,Corticella,469,35,65,0,0
2019,MULINO DEL GOMITO,Navile,Corticella,475,13,154,0,0
2019,MULINO DEL GOMITO,Navile,Corticella,478,23,266,0,0
2019,SAVENA ABBANDONATO,Navile,Corticella,491,5,10,0,0
2019,LAGHETTI DEL ROSARIO,Navile,Lame,494,5,12,0,0
2019,LAGHETTI DEL ROSARIO,Navile,Lame,497,5,6,0,0
2019,PESCAROLA,Navile,Lame,552,16,31,0,21
2019,BEVERARA,Navile,Lame,559,4,5,0,0
2019,LAGHETTI DEL ROSARIO,Navile,Lame,561,7,25,0,0
2019,BEVERARA,Navile,Lame,569,7,11,0,86
2019,BEVERARA,Navile,Lame,569,7,11,0,365
2019,BEVERARA,Navile,Lame,572,10,11,0,0
2019,BEVERARA,Navile,Lame,594,37,497,0,9
2019,BEVERARA,Navile,Lame,599,3,1332,0,11
2019,LAZZARETTO,Navile,Lame,600,6,735,0,0
2019,MARCONI-2,Porto - Saragozza,Marconi,602,21,945,0,0
2019,MARCONI-2,Porto - Saragozza,Marconi,616,32,268,0,0
2019,MARCONI-2,Porto - Saragozza,Marconi,638,47,108,0,0
2019,MARCONI-2,Porto - Saragozza,Marconi,654,7,23,0,0
2019,MARCONI-2,Porto - Saragozza,Marconi,661,67,132,0,0
2019,MARCONI-2,Porto - Saragozza,Marconi,665,44,118,0,101
2019,MARCONI-2,Porto - Saragozza,Marconi,667,106,364,0,0
2019,MARCONI-2,Porto - Saragozza,Marconi,668,55,101,0,0
2019,MARCONI-2,Porto - Saragozza,Marconi,671,16,47,0,0
2019,MARCONI-2,Porto - Saragozza,Marconi,672,27,38,0,0
2019,MARCONI-2,Porto - Saragozza,Marconi,675,39,145,0,0
2019,MARCONI-1,Porto - Saragozza,Marconi,682,38,147,0,0
2019,MARCONI-1,Porto - Saragozza,Marconi,688,6,24,0,0
2019,MARCONI-1,Porto - Saragozza,Marconi,693,41,77,0,1238
2019,MARCONI-1,Porto - Saragozza,Marconi,699,19,1052,0,0
2019,ZANARDI,Porto - Saragozza,Saffi,704,8,16,0,0
2019,ZANARDI,Porto - Saragozza,Saffi,716,1,1,0,0
2019,VELODROMO,Porto - Saragozza,Saffi,744,15,316,0,0
2019,VELODROMO,Porto - Saragozza,Saffi,751,6,5,0,0
2019,VELODROMO,Porto - Saragozza,Saffi,758,54,97,0,0
2019,VIA VITTORIO VENETO,Porto - Saragozza,Saffi,760,22,53,0,20
2019,VIA VITTORIO VENETO,Porto - Saragozza,Saffi,767,9,13,0,0
2019,VIA VITTORIO VENETO,Porto - Saragozza,Saffi,770,21,53,0,0
2019,VIA VITTORIO VENETO,Porto - Saragozza,Saffi,783,85,154,0,0
2019,BATTINDARNO,Borgo Panigale - Reno,Barca,794,3,3,0,0
2019,BATTINDARNO,Borgo Panigale - Reno,Barca,796,9,10,0,0
2019,BATTINDARNO,Borgo Panigale - Reno,Barca,802,3,3,0,100
2019,BATTINDARNO,Borgo Panigale - Reno,Barca,802,3,3,0,468
2019,BATTINDARNO,Borgo Panigale - Reno,Barca,806,32,48,0,0
2019,BATTINDARNO,Borgo Panigale - Reno,Barca,810,10,27,0,0
2019,VILLAGGIO DELLA BARCA,Borgo Panigale - Reno,Barca,828,3,4,0,0
2019,VILLAGGIO DELLA BARCA,Borgo Panigale - Reno,Barca,835,2,2,0,0
2019,VILLAGGIO DELLA BARCA,Borgo Panigale - Reno,Barca,838,4,8,0,0
2019,VILLAGGIO DELLA BARCA,Borgo Panigale - Reno,Barca,844,9,10,0,0
2019,BATTINDARNO,Borgo Panigale - Reno,Barca,851,10,11,0,0
2019,CANALE DI RENO,Borgo Panigale - Reno,Barca,860,5,7,0,0
2019,CANALE DI RENO,Borgo Panigale - Reno,Barca,871,3,3,0,236
2019,CANALE DI RENO,Borgo Panigale - Reno,Barca,875,12,14,0,0
2019,CANALE DI RENO,Borgo Panigale - Reno,Barca,879,13,15,0,0
2019,AGUCCHI,Borgo Panigale - Reno,S. Viola,894,27,64,0,149
2019,EMILIA PONENTE,Borgo Panigale - Reno,S. Viola,912,28,33,0,138
2019,EMILIA PONENTE,Borgo Panigale - Reno,S. Viola,916,14,35,0,0
2019,EMILIA PONENTE,Borgo Panigale - Reno,S. Viola,919,31,63,0,0
2019,CADRIANO-CALAMOSCO,San Donato - San Vitale,San Donato,939,10,964,0,0
2019,VIA DEL LAVORO,San Donato - San Vitale,San Donato,982,21,90,0,0
2019,VIA DEL LAVORO,San Donato - San Vitale,San Donato,988,60,103,0,0
2019,VIA DEL LAVORO,San Donato - San Vitale,San Donato,1007,10,12,0,0
2019,MICHELINO,San Donato - San Vitale,San Donato,1014,13,18,0,0
2019,VIA MONDO,San Donato - San Vitale,San Donato,1049,1,1,0,0
2019,PILASTRO,San Donato - San Vitale,San Donato,1091,4,3,0,0
2019,PILASTRO,San Donato - San Vitale,San Donato,1108,5,7,0,0
2019,PILASTRO,San Donato - San Vitale,San Donato,1109,5,5,0,0
2019,SCALO MERCI SAN DONATO,San Donato - San Vitale,San Donato,1111,5,3,0,0
2019,CAAB,San Donato - San Vitale,San Donato,1120,4,16,0,0
2019,OSSERVANZA,Santo Stefano,Colli,1136,65,107,0,26
2019,OSSERVANZA,Santo Stefano,Colli,1139,88,178,0,12
2019,OSSERVANZA,Santo Stefano,Colli,1145,34,46,0,0
2019,OSSERVANZA,Santo Stefano,Colli,1148,52,95,0,0
2019,PADERNO,Santo Stefano,Colli,1176,2,5,0,0
2019,GALVANI-1,Santo Stefano,Galvani,1214,63,301,0,0
2019,GALVANI-1,Santo Stefano,Galvani,1219,49,270,0,0
2019,GALVANI-1,Santo Stefano,Galvani,1221,2,98,0,0
2019,GALVANI-1,Santo Stefano,Galvani,1223,34,78,0,0
2019,GALVANI-1,Santo Stefano,Galvani,1224,53,102,0,0
2019,GALVANI-2,Santo Stefano,Galvani,1233,49,95,0,0
2019,GALVANI-2,Santo Stefano,Galvani,1240,29,42,0,0
2019,GALVANI-2,Santo Stefano,Galvani,1241,14,16,0,0
2019,GALVANI-2,Santo Stefano,Galvani,1248,31,50,0,0
2019,GALVANI-2,Santo Stefano,Galvani,1253,1,50,0,0
2019,GALVANI-2,Santo Stefano,Galvani,1271,24,29,0,1704
2019,GALVANI-2,Santo Stefano,Galvani,1272,57,121,0,0
2019,GALVANI-2,Santo Stefano,Galvani,1276,32,34,0,17
2019,GALVANI-2,Santo Stefano,Galvani,1288,14,21,0,0
2019,GALVANI-2,Santo Stefano,Galvani,1296,47,96,0,25
2019,MEZZOFANTI,Santo Stefano,Murri,1301,17,39,0,87
2019,MEZZOFANTI,Santo Stefano,Murri,1304,33,48,0,0
2019,MEZZOFANTI,Santo Stefano,Murri,1306,1,4,0,0
2019,MEZZOFANTI,Santo Stefano,Murri,1309,17,21,0,0
2019,DAGNINI,Santo Stefano,Murri,1313,27,58,0,0
2019,MEZZOFANTI,Santo Stefano,Murri,1323,25,56,0,0
2019,DAGNINI,Santo Stefano,Murri,1334,19,63,0,0
2019,DAGNINI,Santo Stefano,Murri,1346,11,18,0,0
2019,DAGNINI,Santo Stefano,Murri,1356,1,1,0,0
2019,DAGNINI,Santo Stefano,Murri,1371,23,40,0,0
2019,SIEPELUNGA,Santo Stefano,Murri,1397,15,12,0,0
2019,CHIESANUOVA,Santo Stefano,Murri,1408,26,32,0,0
2019,CHIESANUOVA,Santo Stefano,Murri,1415,3,4,0,0
2019,CHIESANUOVA,Santo Stefano,Murri,1425,20,44,0,0
2019,CHIESANUOVA,Santo Stefano,Murri,1426,54,73,0,0
2019,CHIESANUOVA,Santo Stefano,Murri,1429,15,45,0,156
2019,CHIESANUOVA,Santo Stefano,Murri,1429,15,45,0,50
2019,IRNERIO-2,Santo Stefano,Irnerio,1448,47,335,0,0
2019,IRNERIO-2,Santo Stefano,Irnerio,1449,52,248,0,0
2019,IRNERIO-2,Santo Stefano,Irnerio,1458,1,1,0,0
2019,IRNERIO-2,Santo Stefano,Irnerio,1461,11,13,0,0
2019,IRNERIO-2,Santo Stefano,Irnerio,1474,26,38,0,0
2019,IRNERIO-2,Santo Stefano,Irnerio,1478,27,50,0,0
2019,IRNERIO-1,Santo Stefano,Irnerio,1492,16,21,0,0
2019,IRNERIO-1,Santo Stefano,Irnerio,1513,2,4,0,0
2019,IRNERIO-1,Santo Stefano,Irnerio,1516,25,122,0,0
2019,IRNERIO-1,Santo Stefano,Irnerio,1522,122,356,0,0
2019,IRNERIO-2,Santo Stefano,Irnerio,1533,7,8,0,0
2019,IRNERIO-2,Santo Stefano,Irnerio,1534,26,44,0,0
2019,IRNERIO-1,Santo Stefano,Irnerio,1545,34,60,0,0
2019,IRNERIO-2,Santo Stefano,Irnerio,1547,47,123,0,0
2019,CIRENAICA,San Donato - San Vitale,S. Vitale,1555,27,33,0,0
2019,MENGOLI,San Donato - San Vitale,S. Vitale,1570,17,38,0,0
2019,OSPEDALE SANT'ORSOLA,San Donato - San Vitale,S. Vitale,1571,8,14,0,0
2019,MENGOLI,San Donato - San Vitale,S. Vitale,1620,8,12,0,0
2019,MENGOLI,San Donato - San Vitale,S. Vitale,1626,13,52,0,0
2019,MENGOLI,San Donato - San Vitale,S. Vitale,1638,19,28,0,0
2019,MENGOLI,San Donato - San Vitale,S. Vitale,1643,8,10,0,0
2019,MENGOLI,San Donato - San Vitale,S. Vitale,1646,8,18,0,0
2019,SCANDELLARA,San Donato - San Vitale,S. Vitale,1679,5,5,0,57
2019,ROVERI,San Donato - San Vitale,S. Vitale,1705,15,166,0,0
2019,ROVERI,San Donato - San Vitale,S. Vitale,1708,19,232,0,0
2019,GUELFA,San Donato - San Vitale,S. Vitale,1725,20,144,0,0
2019,CROCE DEL BIACCO,San Donato - San Vitale,S. Vitale,1749,20,39,0,0
2019,CROCE DEL BIACCO,San Donato - San Vitale,S. Vitale,1752,5,14,0,107
2019,CROCE DEL BIACCO,San Donato - San Vitale,S. Vitale,1754,72,488,0,0
2019,STRADELLI GUELFI,San Donato - San Vitale,S. Vitale,1764,2,3,0,0
2019,STADIO-MELONCELLO,Porto - Saragozza,Costa Saragozza,1821,55,136,0,0
2019,XXI APRILE,Porto - Saragozza,Costa Saragozza,1826,1,0,0,0
2019,XXI APRILE,Porto - Saragozza,Costa Saragozza,1838,15,33,0,0
2019,XXI APRILE,Porto - Saragozza,Costa Saragozza,1844,6,5,0,0
2019,XXI APRILE,Porto - Saragozza,Costa Saragozza,1849,43,57,0,0
2019,XXI APRILE,Porto - Saragozza,Costa Saragozza,1855,11,23,0,0
2019,XXI APRILE,Porto - Saragozza,Costa Saragozza,1856,18,17,0,0
2019,SAN GIUSEPPE,Porto - Saragozza,Costa Saragozza,1867,29,32,0,72
2019,SAN GIUSEPPE,Porto - Saragozza,Costa Saragozza,1874,32,48,0,0
2019,SAN GIUSEPPE,Porto - Saragozza,Costa Saragozza,1876,97,191,0,0
2019,STADIO-MELONCELLO,Porto - Saragozza,Costa Saragozza,1877,47,105,0,0
2019,RAVONE,Porto - Saragozza,Costa Saragozza,1886,17,19,0,0
2019,SAN GIUSEPPE,Porto - Saragozza,Costa Saragozza,1905,36,81,0,0
2019,MALPIGHI-2,Porto - Saragozza,Malpighi,1936,37,63,0,0
2019,MALPIGHI-2,Porto - Saragozza,Malpighi,1938,41,84,0,0
2019,MALPIGHI-1,Porto - Saragozza,Malpighi,1971,47,88,0,0
2019,MALPIGHI-2,Porto - Saragozza,Malpighi,1980,57,88,0,78
2019,MALPIGHI-2,Porto - Saragozza,Malpighi,1993,6,15,0,0
2019,FOSSOLO,Savena,Mazzini,2018,32,302,0,0
2019,PONTEVECCHIO,Savena,Mazzini,2026,3,3,0,318
2019,FOSSOLO,Savena,Mazzini,2032,25,114,0,0
2019,FOSSOLO,Savena,Mazzini,2037,25,39,0,77
2019,DUE MADONNE,Savena,Mazzini,2039,11,11,0,0
2019,BITONE,Savena,Mazzini,2078,45,210,0,0
2019,BITONE,Savena,Mazzini,2081,23,47,0,0
2019,BITONE,Savena,Mazzini,2094,6,8,0,0
2019,BITONE,Savena,Mazzini,2098,12,12,0,0
2019,BITONE,Savena,Mazzini,2103,10,20,0,0
2019,BITONE,Savena,Mazzini,2106,8,10,0,0
2019,VIA ARNO,Savena,Mazzini,2124,8,18,0,0
2019,VIA TOSCANA,Savena,S. Ruffillo,2176,7,11,0,0
2019,VIA TOSCANA,Savena,S. Ruffillo,2178,3,5,0,0
2019,VIA TOSCANA,Savena,S. Ruffillo,2186,1,1,0,0
2019,VIA TOSCANA,Savena,S. Ruffillo,2192,8,10,0,0
2019,VIA TOSCANA,Savena,S. Ruffillo,2195,14,16,0,0
2019,VIA TOSCANA,Savena,S. Ruffillo,2202,4,6,0,0
2019,VIA TOSCANA,Savena,S. Ruffillo,2204,2,3,0,69
2019,VIA TOSCANA,Savena,S. Ruffillo,2212,24,66,0,0
2019,CORELLI,Savena,S. Ruffillo,2221,5,19,0,0
2019,VIA TOSCANA,Savena,S. Ruffillo,2229,6,8,0,0
2019,CORELLI,Savena,S. Ruffillo,2242,6,6,0,0
2019,CORELLI,Savena,S. Ruffillo,2244,1,1,0,0
2019,VIA TOSCANA,Savena,S. Ruffillo,2248,3,5,0,0
2019,CORELLI,Savena,S. Ruffillo,2262,27,30,0,0
2019,CORELLI,Savena,S. Ruffillo,2263,26,118,0,32
2019,CORELLI,Savena,S. Ruffillo,2282,3,2,0,0
2019,CORELLI,Savena,S. Ruffillo,2286,19,24,0,0
2019,PONTE SAVENA-LA BASTIA,Savena,S. Ruffillo,2315,4,4,0,0
2019,CROCE COPERTA,Navile,Corticella,2323,13,17,0,0
2018,VIA DEL VIVAIO,Borgo Panigale - Reno,Borgo Panigale,10,4,18,0,0
2018,LAVINO DI MEZZO,Borgo Panigale - Reno,Borgo Panigale,12,18,28,0,0
2018,BARGELLINO,Borgo Panigale - Reno,Borgo Panigale,23,81,877,0,0
2018,AEROPORTO,Borgo Panigale - Reno,Borgo Panigale,29,36,1468,0,0
2018,RIGOSA,Borgo Panigale - Reno,Borgo Panigale,50,11,85,0,0
2018,DUCATI-VILLAGGIO INA,Borgo Panigale - Reno,Borgo Panigale,76,4,10,0,0
2018,BORGO CENTRO,Borgo Panigale - Reno,Borgo Panigale,107,31,66,0,0
2018,BORGO CENTRO,Borgo Panigale - Reno,Borgo Panigale,110,10,29,0,0
2018,TRIUMVIRATO-PIETRA,Borgo Panigale - Reno,Borgo Panigale,126,2,21,0,0
2018,RIGOSA,Borgo Panigale - Reno,Borgo Panigale,128,1,1,0,0
2018,RIGOSA,Borgo Panigale - Reno,Borgo Panigale,139,9,31,0,0
2018,TRIUMVIRATO-PIETRA,Borgo Panigale - Reno,Borgo Panigale,148,17,20,0,0
2018,TRIUMVIRATO-PIETRA,Borgo Panigale - Reno,Borgo Panigale,155,24,33,0,0
2018,RIGOSA,Borgo Panigale - Reno,Borgo Panigale,165,2,2,0,0
2018,CASTELDEBOLE,Borgo Panigale - Reno,Borgo Panigale,173,12,11,0,0
2018,RIGOSA,Borgo Panigale - Reno,Borgo Panigale,189,2,2,0,0
2018,ARCOVEGGIO,Navile,Bolognina,235,7,8,0,0
2018,ARCOVEGGIO,Navile,Bolognina,239,10,14,0,0
2018,EX MERCATO ORTOFRUTTICOLO,Navile,Bolognina,249,11,20,0,0
2018,ARCOVEGGIO,Navile,Bolognina,256,23,40,0,0
2018,PIAZZA DELL'UNITA',Navile,Bolognina,287,15,14,0,0
2018,VIA FERRARESE,Navile,Bolognina,306,32,45,0,0
2018,VIA FERRARESE,Navile,Bolognina,309,23,37,0,0
2018,VIA FERRARESE,Navile,Bolognina,312,1,1,0,0
2018,VIA FERRARESE,Navile,Bolognina,319,10,11,0,0
2018,VIA FERRARESE,Navile,Bolognina,329,3,17,0,0
2018,VIA FERRARESE,Navile,Bolognina,336,13,18,0,0
2018,VIA FERRARESE,Navile,Bolognina,337,11,40,0,0
2018,PIAZZA DELL'UNITA',Navile,Bolognina,351,18,22,0,0
2018,PIAZZA DELL'UNITA',Navile,Bolognina,359,23,66,0,0
2018,PIAZZA DELL'UNITA',Navile,Bolognina,365,5,37,0,0
2018,SAN SAVINO,Navile,Corticella,376,22,89,0,0
2018,SAN SAVINO,Navile,Corticella,390,3,3,0,0
2018,SAN SAVINO,Navile,Corticella,397,22,51,0,0
2018,SAN SAVINO,Navile,Corticella,398,23,29,0,0
2018,SAN SAVINO,Navile,Corticella,416,7,10,0,0
2018,SAVENA ABBANDONATO,Navile,Corticella,421,6,8,0,0
2018,SAVENA ABBANDONATO,Navile,Corticella,432,3,5,0,0
2018,CROCE COPERTA,Navile,Corticella,458,6,25,0,0
2018,CROCE COPERTA,Navile,Corticella,470,11,32,0,0
2018,CROCE COPERTA,Navile,Corticella,473,4,24,0,0
2018,MULINO DEL GOMITO,Navile,Corticella,474,27,80,0,0
2018,LA DOZZA,Navile,Corticella,483,4,4,0,0
2018,LA NOCE,Navile,Lame,502,4,8,0,0
2018,LAGHETTI DEL ROSARIO,Navile,Lame,512,15,46,0,0
2018,LAGHETTI DEL ROSARIO,Navile,Lame,513,1,9,0,0
2018,LAGHETTI DEL ROSARIO,Navile,Lame,521,3,81,0,0
2018,TIRO A SEGNO,Navile,Lame,529,2,10,0,0
2018,PESCAROLA,Navile,Lame,546,5,11,0,0
2018,BEVERARA,Navile,Lame,558,19,302,0,0
2018,LAGHETTI DEL ROSARIO,Navile,Lame,561,4,21,0,0
2018,BEVERARA,Navile,Lame,569,9,21,0,0
2018,BEVERARA,Navile,Lame,575,18,21,0,0
2018,BEVERARA,Navile,Lame,588,30,212,0,0
2018,MARCONI-2,Porto - Saragozza,Marconi,602,16,956,0,0
2018,MARCONI-2,Porto - Saragozza,Marconi,608,54,242,0,0
2018,MARCONI-2,Porto - Saragozza,Marconi,609,86,692,0,0
2018,MARCONI-2,Porto - Saragozza,Marconi,612,1,2,0,0
2018,MARCONI-2,Porto - Saragozza,Marconi,616,30,305,0,0
2018,MARCONI-2,Porto - Saragozza,Marconi,636,65,145,0,0
2018,MARCONI-2,Porto - Saragozza,Marconi,655,1,1,0,0
2018,MARCONI-2,Porto - Saragozza,Marconi,661,59,118,0,0
2018,MARCONI-2,Porto - Saragozza,Marconi,666,96,286,0,0
2018,MARCONI-2,Porto - Saragozza,Marconi,671,15,46,0,0
2018,MARCONI-1,Porto - Saragozza,Marconi,686,32,103,0,0
2018,MARCONI-1,Porto - Saragozza,Marconi,699,22,274,0,0
2018,ZANARDI,Porto - Saragozza,Saffi,715,13,15,0,0
2018,ZANARDI,Porto - Saragozza,Saffi,720,20,90,0,0
2018,ZANARDI,Porto - Saragozza,Saffi,732,32,352,0,0
2018,VELODROMO,Porto - Saragozza,Saffi,738,24,48,0,0
2018,VELODROMO,Porto - Saragozza,Saffi,745,26,38,0,0
2018,VELODROMO,Porto - Saragozza,Saffi,749,9,9,0,0
2018,VELODROMO,Porto - Saragozza,Saffi,758,47,86,0,0
2018,VIA VITTORIO VENETO,Porto - Saragozza,Saffi,772,22,42,0,0
2018,VIA VITTORIO VENETO,Porto - Saragozza,Saffi,780,38,83,0,0
2018,VIA VITTORIO VENETO,Porto - Saragozza,Saffi,783,86,143,0,0
2018,BATTINDARNO,Borgo Panigale - Reno,Barca,791,2,15,0,0
2018,BATTINDARNO,Borgo Panigale - Reno,Barca,794,4,4,0,0
2018,VILLAGGIO DELLA BARCA,Borgo Panigale - Reno,Barca,824,2,3,0,0
2018,VILLAGGIO DELLA BARCA,Borgo Panigale - Reno,Barca,829,7,12,0,0
2018,VILLAGGIO DELLA BARCA,Borgo Panigale - Reno,Barca,839,19,41,0,0
2018,CANALE DI RENO,Borgo Panigale - Reno,Barca,856,9,17,0,0
2018,CANALE DI RENO,Borgo Panigale - Reno,Barca,859,12,13,0,0
2018,CANALE DI RENO,Borgo Panigale - Reno,Barca,861,7,20,0,0
2018,CANALE DI RENO,Borgo Panigale - Reno,Barca,867,1,1,0,0
2018,CANALE DI RENO,Borgo Panigale - Reno,Barca,871,3,3,0,0
2018,AGUCCHI,Borgo Panigale - Reno,S. Viola,894,29,87,0,0
2018,AGUCCHI,Borgo Panigale - Reno,S. Viola,897,5,28,0,0
2018,AGUCCHI,Borgo Panigale - Reno,S. Viola,899,56,322,0,0
2018,AGUCCHI,Borgo Panigale - Reno,S. Viola,907,15,27,0,0
2018,EMILIA PONENTE,Borgo Panigale - Reno,S. Viola,929,7,7,0,0
2018,CADRIANO-CALAMOSCO,San Donato - San Vitale,San Donato,941,2,2,0,0
2018,CADRIANO-CALAMOSCO,San Donato - San Vitale,San Donato,948,15,265,0,0
2018,CADRIANO-CALAMOSCO,San Donato - San Vitale,San Donato,958,7,9,0,0
2018,SAN DONNINO,San Donato - San Vitale,San Donato,971,10,15,0,0
2018,FIERA,San Donato - San Vitale,San Donato,976,96,3276,0,0
2018,VIA DEL LAVORO,San Donato - San Vitale,San Donato,990,19,23,0,0
2018,MICHELINO,San Donato - San Vitale,San Donato,1016,17,23,0,0
2018,MICHELINO,San Donato - San Vitale,San Donato,1037,16,29,0,0
2018,MICHELINO,San Donato - San Vitale,San Donato,1054,4,4,0,0
2018,VIA MONDO,San Donato - San Vitale,San Donato,1058,2,2,0,0
2018,VIA MONDO,San Donato - San Vitale,San Donato,1061,18,26,0,0
2018,VIA MONDO,San Donato - San Vitale,San Donato,1068,13,25,0,0
2018,MICHELINO,San Donato - San Vitale,San Donato,1069,5,8,0,0
2018,SAN DONNINO,San Donato - San Vitale,San Donato,1077,8,8,0,0
2018,SAN DONNINO,San Donato - San Vitale,San Donato,1082,7,7,0,0
2018,CAAB,San Donato - San Vitale,San Donato,1121,9,109,0,0
2018,PADERNO,Santo Stefano,Colli,1134,4,4,0,0
2018,OSSERVANZA,Santo Stefano,Colli,1138,27,31,0,0
2018,OSSERVANZA,Santo Stefano,Colli,1154,15,16,0,0
2018,PADERNO,Santo Stefano,Colli,1176,3,4,0,0
2018,PADERNO,Santo Stefano,Colli,1182,2,1,0,0
2018,PADERNO,Santo Stefano,Colli,1190,7,11,0,0
2018,PADERNO,Santo Stefano,Colli,1197,1,1,0,0
2018,GALVANI-1,Santo Stefano,Galvani,1212,39,237,0,0
2018,GALVANI-1,Santo Stefano,Galvani,1229,81,120,0,0
2018,GALVANI-1,Santo Stefano,Galvani,1230,56,82,0,0
2018,GALVANI-2,Santo Stefano,Galvani,1258,19,28,0,0
2018,GALVANI-2,Santo Stefano,Galvani,1274,101,146,0,0
2018,GALVANI-2,Santo Stefano,Galvani,1280,36,44,0,0
2018,GALVANI-2,Santo Stefano,Galvani,1283,27,56,0,0
2018,GALVANI-2,Santo Stefano,Galvani,1286,36,151,0,0
2018,GALVANI-2,Santo Stefano,Galvani,1288,15,21,0,0
2018,GALVANI-2,Santo Stefano,Galvani,1293,6,8,0,0
2018,MEZZOFANTI,Santo Stefano,Murri,1306,1,4,0,0
2018,DAGNINI,Santo Stefano,Murri,1315,28,54,0,0
2018,MEZZOFANTI,Santo Stefano,Murri,1321,6,5,0,0
2018,MEZZOFANTI,Santo Stefano,Murri,1336,50,84,0,0
2018,MEZZOFANTI,Santo Stefano,Murri,1344,36,51,0,0
2018,DAGNINI,Santo Stefano,Murri,1351,7,8,0,0
2018,DAGNINI,Santo Stefano,Murri,1354,9,12,0,0
2018,DAGNINI,Santo Stefano,Murri,1365,12,12,0,0
2018,DAGNINI,Santo Stefano,Murri,1368,10,12,0,0
2018,DAGNINI,Santo Stefano,Murri,1373,26,36,0,0
2018,DAGNINI,Santo Stefano,Murri,1374,14,15,0,0
2018,SIEPELUNGA,Santo Stefano,Murri,1391,68,126,0,0
2018,SIEPELUNGA,Santo Stefano,Murri,1392,18,18,0,0
2018,SIEPELUNGA,Santo Stefano,Murri,1394,13,20,0,0
2018,SIEPELUNGA,Santo Stefano,Murri,1399,1,1,0,0
2018,CHIESANUOVA,Santo Stefano,Murri,1408,25,32,0,0
2018,CHIESANUOVA,Santo Stefano,Murri,1416,9,10,0,0
2018,CHIESANUOVA,Santo Stefano,Murri,1417,2,32,0,0
2018,CHIESANUOVA,Santo Stefano,Murri,1421,19,25,0,0
2018,CHIESANUOVA,Santo Stefano,Murri,1432,7,7,0,0
2018,IRNERIO-2,Santo Stefano,Irnerio,1457,1,2,0,0
2018,IRNERIO-2,Santo Stefano,Irnerio,1500,1,1,0,0
2018,IRNERIO-2,Santo Stefano,Irnerio,1503,21,78,0,0
2018,IRNERIO-1,Santo Stefano,Irnerio,1507,14,43,0,0
2018,IRNERIO-1,Santo Stefano,Irnerio,1510,12,44,0,0
2018,IRNERIO-1,Santo Stefano,Irnerio,1515,11,44,0,0
2018,IRNERIO-2,Santo Stefano,Irnerio,1530,8,8,0,0
2018,IRNERIO-2,Santo Stefano,Irnerio,1549,36,63,0,0
2018,IRNERIO-2,Santo Stefano,Irnerio,1552,28,55,0,0
2018,CIRENAICA,San Donato - San Vitale,S. Vitale,1556,45,96,0,0
2018,CIRENAICA,San Donato - San Vitale,S. Vitale,1574,26,167,0,0
2018,CIRENAICA,San Donato - San Vitale,S. Vitale,1583,32,41,0,0
2018,CIRENAICA,San Donato - San Vitale,S. Vitale,1585,8,13,0,0
2018,CIRENAICA,San Donato - San Vitale,S. Vitale,1586,9,10,0,0
2018,MENGOLI,San Donato - San Vitale,S. Vitale,1614,14,47,0,0
2018,MENGOLI,San Donato - San Vitale,S. Vitale,1617,7,9,0,0
2018,MENGOLI,San Donato - San Vitale,S. Vitale,1620,8,14,0,0
2018,MENGOLI,San Donato - San Vitale,S. Vitale,1621,13,30,0,0
2018,MENGOLI,San Donato - San Vitale,S. Vitale,1626,11,48,0,0
2018,MENGOLI,San Donato - San Vitale,S. Vitale,1638,17,21,0,0
2018,MENGOLI,San Donato - San Vitale,S. Vitale,1648,16,31,0,0
2018,ROVERI,San Donato - San Vitale,S. Vitale,1670,2,113,0,0
2018,VIA LARGA,San Donato - San Vitale,S. Vitale,1689,38,261,0,0
2018,ROVERI,San Donato - San Vitale,S. Vitale,1693,16,190,0,0
2018,ROVERI,San Donato - San Vitale,S. Vitale,1711,24,150,0,0
2018,ROVERI,San Donato - San Vitale,S. Vitale,1717,15,126,0,0
2018,GUELFA,San Donato - San Vitale,S. Vitale,1723,7,7,0,0
2018,GUELFA,San Donato - San Vitale,S. Vitale,1724,14,27,0,0
2018,ROVERI,San Donato - San Vitale,S. Vitale,1733,56,916,0,0
2018,ROVERI,San Donato - San Vitale,S. Vitale,1735,3,5,0,0
2018,CROCE DEL BIACCO,San Donato - San Vitale,S. Vitale,1739,9,18,0,0
2018,ROVERI,San Donato - San Vitale,S. Vitale,1740,30,213,0,0
2018,GUELFA,San Donato - San Vitale,S. Vitale,1744,28,38,0,0
2018,CROCE DEL BIACCO,San Donato - San Vitale,S. Vitale,1747,32,50,0,0
2018,GUELFA,San Donato - San Vitale,S. Vitale,1777,24,40,0,0
2018,STADIO-MELONCELLO,Porto - Saragozza,Costa Saragozza,1782,4,19,0,0
2018,XXI APRILE,Porto - Saragozza,Costa Saragozza,1799,16,21,0,0
2018,XXI APRILE,Porto - Saragozza,Costa Saragozza,1801,4,12,0,0
2018,XXI APRILE,Porto - Saragozza,Costa Saragozza,1804,36,63,0,0
2018,SAN GIUSEPPE,Porto - Saragozza,Costa Saragozza,1808,1,1,0,0
2018,STADIO-MELONCELLO,Porto - Saragozza,Costa Saragozza,1817,5,7,0,0
2018,XXI APRILE,Porto - Saragozza,Costa Saragozza,1844,6,6,0,0
2018,STADIO-MELONCELLO,Porto - Saragozza,Costa Saragozza,1880,66,90,0,0
2018,RAVONE,Porto - Saragozza,Costa Saragozza,1888,1,2,0,0
2018,RAVONE,Porto - Saragozza,Costa Saragozza,1889,4,4,0,0
2018,RAVONE,Porto - Saragozza,Costa Saragozza,1890,11,10,0,0
2018,SAN GIUSEPPE,Porto - Saragozza,Costa Saragozza,1901,6,8,0,0
2018,VIA DEL GENIO,Porto - Saragozza,Costa Saragozza,1910,1,1,0,0
2018,SAN LUCA,Porto - Saragozza,Costa Saragozza,1917,6,6,0,0
2018,SAN LUCA,Porto - Saragozza,Costa Saragozza,1926,5,5,0,0
2018,MALPIGHI-1,Porto - Saragozza,Malpighi,1949,109,429,0,0
2018,MALPIGHI-1,Porto - Saragozza,Malpighi,1951,90,213,0,0
2018,MALPIGHI-1,Porto - Saragozza,Malpighi,1962,141,508,0,0
2018,MALPIGHI-2,Porto - Saragozza,Malpighi,1979,18,39,0,0
2018,MALPIGHI-2,Porto - Saragozza,Malpighi,1985,35,47,0,0
2018,MALPIGHI-2,Porto - Saragozza,Malpighi,1996,2,10,0,0
2018,MALPIGHI-2,Porto - Saragozza,Malpighi,2000,49,98,0,0
2018,FOSSOLO,Savena,Mazzini,2003,6,21,0,0
2018,FOSSOLO,Savena,Mazzini,2008,56,60,0,0
2018,FOSSOLO,Savena,Mazzini,2012,24,33,0,0
2018,FOSSOLO,Savena,Mazzini,2016,7,7,0,0
2018,PONTEVECCHIO,Savena,Mazzini,2027,15,24,0,0
2018,LUNGO SAVENA,Savena,Mazzini,2051,4,4,0,0
2018,PONTEVECCHIO,Savena,Mazzini,2058,10,17,0,0
2018,PONTEVECCHIO,Savena,Mazzini,2064,17,33,0,0
2018,BITONE,Savena,Mazzini,2074,3,3,0,0
2018,BITONE,Savena,Mazzini,2080,23,35,0,0
2018,BITONE,Savena,Mazzini,2094,7,8,0,0
2018,BITONE,Savena,Mazzini,2095,11,20,0,0
2018,BITONE,Savena,Mazzini,2118,21,53,0,0
2018,VIA ARNO,Savena,Mazzini,2127,13,12,0,0
2018,VIA ARNO,Savena,Mazzini,2134,45,89,0,0
2018,CAVEDONE,Savena,Mazzini,2141,2,49,0,0
2018,VIA TOSCANA,Savena,S. Ruffillo,2171,23,33,0,0
2018,MONTE DONATO,Savena,S. Ruffillo,2197,26,41,0,0
2018,VIA TOSCANA,Savena,S. Ruffillo,2199,11,12,0,0
2018,VIA TOSCANA,Savena,S. Ruffillo,2210,16,18,0,0
2018,VIA TOSCANA,Savena,S. Ruffillo,2215,6,10,0,0
2018,VIA TOSCANA,Savena,S. Ruffillo,2222,24,28,0,0
2018,CORELLI,Savena,S. Ruffillo,2242,5,5,0,0
2018,CORELLI,Savena,S. Ruffillo,2252,17,16,0,0
2018,CORELLI,Savena,S. Ruffillo,2261,7,10,0,0
2018,CORELLI,Savena,S. Ruffillo,2283,1,1,0,0
2018,MONTE DONATO,Savena,S. Ruffillo,2293,6,5,0,0
2018,VIA TOSCANA,Savena,S. Ruffillo,2296,8,13,0,0
2018,VIA TOSCANA,Savena,S. Ruffillo,2298,10,17,0,0
2018,CORELLI,Savena,S. Ruffillo,2304,1,1,0,0
2018,VIA TOSCANA,Savena,S. Ruffillo,2306,5,6,0,0
2018,PONTE SAVENA-LA BASTIA,Savena,S. Ruffillo,2312,11,17,0,0
2018,FOSSOLO,Savena,Mazzini,2333,26,53,0,0
2018,SCALO MERCI SAN DONATO,San Donato - San Vitale,San Donato,1111,5,3,0,0
2018,CAAB,San Donato - San Vitale,San Donato,1127,1,1,0,0
2018,CAAB,San Donato - San Vitale,San Donato,1128,5,93,0,0
2018,OSSERVANZA,Santo Stefano,Colli,1156,29,82,0,0
2018,PADERNO,Santo Stefano,Colli,1179,3,3,0,0
2018,PADERNO,Santo Stefano,Colli,1186,1,13,0,0
2018,PADERNO,Santo Stefano,Colli,1192,5,9,0,0
2018,PADERNO,Santo Stefano,Colli,1198,1,1,0,0
2018,PADERNO,Santo Stefano,Colli,1203,7,15,0,0
2018,GALVANI-1,Santo Stefano,Galvani,1215,25,175,0,0
2018,GALVANI-1,Santo Stefano,Galvani,1218,71,290,0,0
2018,GALVANI-2,Santo Stefano,Galvani,1234,60,104,0,0
2018,GALVANI-2,Santo Stefano,Galvani,1235,66,132,0,0
2018,GALVANI-2,Santo Stefano,Galvani,1253,2,65,0,0
2018,GALVANI-2,Santo Stefano,Galvani,1299,2,1,0,0
2018,MEZZOFANTI,Santo Stefano,Murri,1360,12,13,0,0
2018,CHIESANUOVA,Santo Stefano,Murri,1411,3,3,0,0
2018,CHIESANUOVA,Santo Stefano,Murri,1431,6,6,0,0
2018,CIRENAICA,San Donato - San Vitale,S. Vitale,1581,4,7,0,0
2018,CIRENAICA,San Donato - San Vitale,S. Vitale,1587,16,27,0,0
2018,MENGOLI,San Donato - San Vitale,S. Vitale,1630,11,23,0,0
2018,GUELFA,San Donato - San Vitale,S. Vitale,1730,19,29,0,0
2018,CROCE DEL BIACCO,San Donato - San Vitale,S. Vitale,1752,5,12,0,0
2018,XXI APRILE,Porto - Saragozza,Costa Saragozza,1787,20,28,0,0
2018,XXI APRILE,Porto - Saragozza,Costa Saragozza,1795,34,39,0,0
2018,XXI APRILE,Porto - Saragozza,Costa Saragozza,1829,3,3,0,0
2018,XXI APRILE,Porto - Saragozza,Costa Saragozza,1838,13,19,0,0
2018,XXI APRILE,Porto - Saragozza,Costa Saragozza,1842,11,15,0,0
2018,XXI APRILE,Porto - Saragozza,Costa Saragozza,1845,32,39,0,0
2018,SAN GIUSEPPE,Porto - Saragozza,Costa Saragozza,1866,5,5,0,0
2018,SAN GIUSEPPE,Porto - Saragozza,Costa Saragozza,1874,33,49,0,0
2018,RAVONE,Porto - Saragozza,Costa Saragozza,1897,3,3,0,0
2018,MALPIGHI-1,Porto - Saragozza,Malpighi,1972,52,107,0,0
2018,MALPIGHI-2,Porto - Saragozza,Malpighi,1975,85,141,0,0
2018,MALPIGHI-2,Porto - Saragozza,Malpighi,1993,10,21,0,0
2018,FOSSOLO,Savena,Mazzini,2010,19,22,0,0
2018,PONTEVECCHIO,Savena,Mazzini,2056,14,28,0,0
2018,PONTEVECCHIO,Savena,Mazzini,2065,4,7,0,0
2018,BITONE,Savena,Mazzini,2078,47,214,0,0
2018,VIA TOSCANA,Savena,S. Ruffillo,2212,22,62,0,0
2018,CORELLI,Savena,S. Ruffillo,2253,26,37,0,0
2018,MONTE DONATO,Savena,S. Ruffillo,2289,7,7,0,0
2019,VIA DEL VIVAIO,Borgo Panigale - Reno,Borgo Panigale,7,1,1,0,0
2019,BARGELLINO,Borgo Panigale - Reno,Borgo Panigale,23,81,857,0,0
2019,AEROPORTO,Borgo Panigale - Reno,Borgo Panigale,29,39,1739,0,0
2019,AEROPORTO,Borgo Panigale - Reno,Borgo Panigale,43,3,3,0,0
2019,MARCONI-2,Porto - Saragozza,Marconi,609,81,672,0,0
2019,MARCONI-2,Porto - Saragozza,Marconi,612,1,2,0,236
2019,MARCONI-2,Porto - Saragozza,Marconi,629,11,22,0,0
2019,MARCONI-2,Porto - Saragozza,Marconi,635,2,2,0,0
2019,MARCONI-2,Porto - Saragozza,Marconi,665,44,118,0,55
2019,MARCONI-2,Porto - Saragozza,Marconi,666,92,198,0,0
2019,PRATI DI CAPRARA-OSPEDALE MAGGIORE,Porto - Saragozza,Saffi,701,4,4,0,0
2019,ZANARDI,Porto - Saragozza,Saffi,722,2,2,0,41
2019,ZANARDI,Porto - Saragozza,Saffi,731,23,30,0,0
2019,VELODROMO,Porto - Saragozza,Saffi,746,38,91,0,0
2019,VELODROMO,Porto - Saragozza,Saffi,757,2,2,0,0
2019,VIA VITTORIO VENETO,Porto - Saragozza,Saffi,761,23,33,0,26
2019,VIA VITTORIO VENETO,Porto - Saragozza,Saffi,766,17,17,0,0
2019,VIA VITTORIO VENETO,Porto - Saragozza,Saffi,774,18,38,0,0
2019,VIA VITTORIO VENETO,Porto - Saragozza,Saffi,778,15,18,0,0
2019,VILLAGGIO DELLA BARCA,Borgo Panigale - Reno,Barca,823,8,11,0,0
2019,VILLAGGIO DELLA BARCA,Borgo Panigale - Reno,Barca,843,5,12,0,0
2019,AGUCCHI,Borgo Panigale - Reno,S. Viola,907,16,28,0,0
2019,EMILIA PONENTE,Borgo Panigale - Reno,S. Viola,910,40,88,0,0
2019,EMILIA PONENTE,Borgo Panigale - Reno,S. Viola,912,28,33,0,47
2019,EMILIA PONENTE,Borgo Panigale - Reno,S. Viola,927,14,14,0,0
2019,CADRIANO-CALAMOSCO,San Donato - San Vitale,San Donato,937,8,13,0,0
2019,VIA DEL LAVORO,San Donato - San Vitale,San Donato,1002,8,8,0,0
2019,MICHELINO,San Donato - San Vitale,San Donato,1012,1,5,0,0
2019,VIA MONDO,San Donato - San Vitale,San Donato,1040,1,1,0,0
2019,VIA MONDO,San Donato - San Vitale,San Donato,1075,3,4,0,0
2019,PILASTRO,San Donato - San Vitale,San Donato,1099,8,11,0,0
2019,CAAB,San Donato - San Vitale,San Donato,1118,22,81,0,0
2019,CAAB,San Donato - San Vitale,San Donato,1123,13,457,0,0
2019,OSSERVANZA,Santo Stefano,Colli,1132,67,80,0,0
2019,PADERNO,Santo Stefano,Colli,1183,14,59,0,0
2019,PADERNO,Santo Stefano,Colli,1185,1,4,0,0
2019,PADERNO,Santo Stefano,Colli,1188,8,11,0,0
2019,GALVANI-1,Santo Stefano,Galvani,1225,19,30,0,0
2019,GALVANI-2,Santo Stefano,Galvani,1250,25,73,0,0
2019,GALVANI-2,Santo Stefano,Galvani,1263,65,221,0,71
2019,GALVANI-2,Santo Stefano,Galvani,1268,125,282,0,0
2019,GALVANI-2,Santo Stefano,Galvani,1270,84,114,0,0
2019,MEZZOFANTI,Santo Stefano,Murri,1301,17,39,0,58
2019,MEZZOFANTI,Santo Stefano,Murri,1307,59,137,0,0
2019,MEZZOFANTI,Santo Stefano,Murri,1345,16,17,0,0
2019,DAGNINI,Santo Stefano,Murri,1355,9,14,0,0
2019,DAGNINI,Santo Stefano,Murri,1365,12,13,0,0
2019,DAGNINI,Santo Stefano,Murri,1374,15,16,0,0
2019,IRNERIO-1,Santo Stefano,Irnerio,1518,55,255,0,0
2019,IRNERIO-1,Santo Stefano,Irnerio,1523,16,33,0,0
2019,CIRENAICA,San Donato - San Vitale,S. Vitale,1573,2,2,0,0
2019,CIRENAICA,San Donato - San Vitale,S. Vitale,1581,5,8,0,0
2019,CIRENAICA,San Donato - San Vitale,S. Vitale,1583,34,44,0,0
2019,CIRENAICA,San Donato - San Vitale,S. Vitale,1607,19,18,0,46
2019,MENGOLI,San Donato - San Vitale,S. Vitale,1642,14,15,0,0
2019,MENGOLI,San Donato - San Vitale,S. Vitale,1644,24,31,0,0
2019,MENGOLI,San Donato - San Vitale,S. Vitale,1659,3,3,0,0
2019,VIA LARGA,San Donato - San Vitale,S. Vitale,1686,7,31,0,0
2019,ROVERI,San Donato - San Vitale,S. Vitale,1691,23,450,0,0
2019,ROVERI,San Donato - San Vitale,S. Vitale,1707,2,51,0,0
2019,GUELFA,San Donato - San Vitale,S. Vitale,1727,8,10,0,0
2019,GUELFA,San Donato - San Vitale,S. Vitale,1731,10,11,0,0
2019,ROVERI,San Donato - San Vitale,S. Vitale,1735,4,7,0,0
2019,GUELFA,San Donato - San Vitale,S. Vitale,1770,11,22,0,0
2019,XXI APRILE,Porto - Saragozza,Costa Saragozza,1786,10,28,0,0
2019,XXI APRILE,Porto - Saragozza,Costa Saragozza,1787,16,23,0,0
2019,STADIO-MELONCELLO,Porto - Saragozza,Costa Saragozza,1820,18,22,0,0
2019,XXI APRILE,Porto - Saragozza,Costa Saragozza,1825,6,16,0,0
2019,XXI APRILE,Porto - Saragozza,Costa Saragozza,1827,4,5,0,0
2019,XXI APRILE,Porto - Saragozza,Costa Saragozza,1832,11,12,0,0
2019,XXI APRILE,Porto - Saragozza,Costa Saragozza,1842,15,19,0,0
2019,SAN LUCA,Porto - Saragozza,Costa Saragozza,1924,7,10,0,0
2019,SAN LUCA,Porto - Saragozza,Costa Saragozza,1925,3,3,0,0
2019,MALPIGHI-2,Porto - Saragozza,Malpighi,1933,61,108,0,0
2019,MALPIGHI-2,Porto - Saragozza,Malpighi,1975,88,164,0,48
2018,VILLAGGIO DELLA BARCA,Borgo Panigale - Reno,Barca,828,3,4,0,0
2018,EMILIA PONENTE,Borgo Panigale - Reno,S. Viola,932,9,9,0,0
2018,FIERA,San Donato - San Vitale,San Donato,959,6,40,0,0
2018,SAN DONNINO,San Donato - San Vitale,San Donato,966,7,13,0,0
2018,VIA DEL LAVORO,San Donato - San Vitale,San Donato,978,8,9,0,0
2018,VIA DEL LAVORO,San Donato - San Vitale,San Donato,995,47,155,0,0
2018,MICHELINO,San Donato - San Vitale,San Donato,1034,11,17,0,0
2018,VIA MONDO,San Donato - San Vitale,San Donato,1044,9,23,0,0
2018,VIA MONDO,San Donato - San Vitale,San Donato,1066,9,9,0,0
2018,SCALO MERCI SAN DONATO,San Donato - San Vitale,San Donato,1088,2,34,0,0
2018,PILASTRO,San Donato - San Vitale,San Donato,1096,1,45,0,0
2018,PILASTRO,San Donato - San Vitale,San Donato,1101,16,91,0,0
2018,OSSERVANZA,Santo Stefano,Colli,1140,6,8,0,0
2018,SAN MICHELE IN BOSCO,Santo Stefano,Colli,1169,5,6,0,0
2018,GALVANI-1,Santo Stefano,Galvani,1223,31,74,0,0
2018,GALVANI-2,Santo Stefano,Galvani,1238,39,69,0,0
2018,GALVANI-2,Santo Stefano,Galvani,1240,25,38,0,0
2018,GALVANI-2,Santo Stefano,Galvani,1245,65,125,0,0
2018,GALVANI-2,Santo Stefano,Galvani,1281,22,36,0,0
2018,MEZZOFANTI,Santo Stefano,Murri,1301,16,33,0,0
2018,MEZZOFANTI,Santo Stefano,Murri,1318,31,60,0,0
2018,MEZZOFANTI,Santo Stefano,Murri,1341,23,24,0,0
2018,MEZZOFANTI,Santo Stefano,Murri,1342,10,10,0,0
2018,DAGNINI,Santo Stefano,Murri,1370,28,40,0,0
2018,SIEPELUNGA,Santo Stefano,Murri,1389,14,56,0,0
2018,SIEPELUNGA,Santo Stefano,Murri,1401,28,37,0,0
2018,SIEPELUNGA,Santo Stefano,Murri,1404,2,10,0,0
2018,CHIESANUOVA,Santo Stefano,Murri,1440,22,39,0,0
2018,IRNERIO-2,Santo Stefano,Irnerio,1458,1,1,0,0
2018,IRNERIO-2,Santo Stefano,Irnerio,1463,47,60,0,0
2018,IRNERIO-2,Santo Stefano,Irnerio,1468,65,527,0,0
2018,IRNERIO-2,Santo Stefano,Irnerio,1483,41,65,0,0
2018,IRNERIO-1,Santo Stefano,Irnerio,1489,4,5,0,0
2018,IRNERIO-1,Santo Stefano,Irnerio,1490,24,40,0,0
2018,IRNERIO-1,Santo Stefano,Irnerio,1497,49,300,0,0
2018,IRNERIO-1,Santo Stefano,Irnerio,1526,63,139,0,0
2018,IRNERIO-2,Santo Stefano,Irnerio,1528,25,83,0,0
2018,IRNERIO-2,Santo Stefano,Irnerio,1535,20,43,0,0
2018,IRNERIO-1,Santo Stefano,Irnerio,1541,7,11,0,0
2018,OSPEDALE SANT'ORSOLA,San Donato - San Vitale,S. Vitale,1568,5,8,0,0
2018,MENGOLI,San Donato - San Vitale,S. Vitale,1569,25,83,0,0
2018,MENGOLI,San Donato - San Vitale,S. Vitale,1570,18,36,0,0
2018,CIRENAICA,San Donato - San Vitale,S. Vitale,1598,3,6,0,0
2018,CIRENAICA,San Donato - San Vitale,S. Vitale,1599,3,5,0,0
2018,CIRENAICA,San Donato - San Vitale,S. Vitale,1602,4,18,0,0
2018,CIRENAICA,San Donato - San Vitale,S. Vitale,1605,17,188,0,0
2018,MENGOLI,San Donato - San Vitale,S. Vitale,1635,15,15,0,0
2018,MENGOLI,San Donato - San Vitale,S. Vitale,1641,7,8,0,0
2018,MENGOLI,San Donato - San Vitale,S. Vitale,1649,13,12,0,0
2018,MENGOLI,San Donato - San Vitale,S. Vitale,1655,16,19,0,0
2018,SCANDELLARA,San Donato - San Vitale,S. Vitale,1664,5,5,0,0
2018,VIA LARGA,San Donato - San Vitale,S. Vitale,1667,1,115,0,0
2018,ROVERI,San Donato - San Vitale,S. Vitale,1669,5,20,0,0
2018,ROVERI,San Donato - San Vitale,S. Vitale,1707,2,52,0,0
2018,GUELFA,San Donato - San Vitale,S. Vitale,1722,35,44,0,0
2018,GUELFA,San Donato - San Vitale,S. Vitale,1728,24,45,0,0
2018,GUELFA,San Donato - San Vitale,S. Vitale,1729,12,12,0,0
2018,ROVERI,San Donato - San Vitale,S. Vitale,1741,63,693,0,0
2018,GUELFA,San Donato - San Vitale,S. Vitale,1743,8,10,0,0
2018,CROCE DEL BIACCO,San Donato - San Vitale,S. Vitale,1753,4,6,0,0
2018,CROCE DEL BIACCO,San Donato - San Vitale,S. Vitale,1757,8,10,0,0
2018,GUELFA,San Donato - San Vitale,S. Vitale,1776,23,54,0,0
2018,XXI APRILE,Porto - Saragozza,Costa Saragozza,1791,19,41,0,0
2018,XXI APRILE,Porto - Saragozza,Costa Saragozza,1800,22,30,0,0
2018,XXI APRILE,Porto - Saragozza,Costa Saragozza,1805,25,37,0,0
2018,XXI APRILE,Porto - Saragozza,Costa Saragozza,1846,29,44,0,0
2018,XXI APRILE,Porto - Saragozza,Costa Saragozza,1849,48,75,0,0
2018,XXI APRILE,Porto - Saragozza,Costa Saragozza,1852,48,62,0,0
2018,SAN GIUSEPPE,Porto - Saragozza,Costa Saragozza,1868,45,89,0,0
2018,STADIO-MELONCELLO,Porto - Saragozza,Costa Saragozza,1877,47,90,0,0
2018,STADIO-MELONCELLO,Porto - Saragozza,Costa Saragozza,1878,8,23,0,0
2018,RAVONE,Porto - Saragozza,Costa Saragozza,1887,14,17,0,0
2018,MALPIGHI-2,Porto - Saragozza,Malpighi,1944,34,77,0,0
2018,MALPIGHI-2,Porto - Saragozza,Malpighi,1989,22,25,0,0
2018,MALPIGHI-2,Porto - Saragozza,Malpighi,1990,15,22,0,0
2018,PONTEVECCHIO,Savena,Mazzini,2020,47,85,0,0
2018,DUE MADONNE,Savena,Mazzini,2044,2,3,0,0
2018,BITONE,Savena,Mazzini,2077,1,2,0,0
2018,BITONE,Savena,Mazzini,2097,14,27,0,0
2018,BITONE,Savena,Mazzini,2100,20,31,0,0
2018,VIA ARNO,Savena,Mazzini,2130,6,20,0,0
2018,VIA TOSCANA,Savena,S. Ruffillo,2178,3,5,0,0
2018,VIA TOSCANA,Savena,S. Ruffillo,2191,1,2,0,0
2018,VIA TOSCANA,Savena,S. Ruffillo,2195,12,13,0,0
2018,VIA TOSCANA,Savena,S. Ruffillo,2219,7,12,0,0
2018,VIA TOSCANA,Savena,S. Ruffillo,2243,8,44,0,0
2018,CORELLI,Savena,S. Ruffillo,2245,5,6,0,0
2018,CORELLI,Savena,S. Ruffillo,2270,8,20,0,0
2018,MONTE DONATO,Savena,S. Ruffillo,2291,4,4,0,0
2018,MONTE DONATO,Savena,S. Ruffillo,2309,1,2,0,0
2018,PONTE SAVENA-LA BASTIA,Savena,S. Ruffillo,2315,5,5,0,0
2019,VIA DEL VIVAIO,Borgo Panigale - Reno,Borgo Panigale,10,3,10,0,0
2019,AEROPORTO,Borgo Panigale - Reno,Borgo Panigale,42,3,4,0,0
2018,LAVINO DI MEZZO,Borgo Panigale - Reno,Borgo Panigale,13,39,90,0,0
2018,AEROPORTO,Borgo Panigale - Reno,Borgo Panigale,30,3,2,0,0
2018,BARGELLINO,Borgo Panigale - Reno,Borgo Panigale,41,12,104,0,0
2018,AEROPORTO,Borgo Panigale - Reno,Borgo Panigale,43,3,2,0,0
2018,VIA DEL VIVAIO,Borgo Panigale - Reno,Borgo Panigale,54,1,2,0,0
2018,LA BIRRA,Borgo Panigale - Reno,Borgo Panigale,66,1,2,0,0
2018,DUCATI-VILLAGGIO INA,Borgo Panigale - Reno,Borgo Panigale,72,2,33,0,0
2018,BORGO CENTRO,Borgo Panigale - Reno,Borgo Panigale,95,5,7,0,0
2018,BORGO CENTRO,Borgo Panigale - Reno,Borgo Panigale,97,12,13,0,0
2018,BORGO CENTRO,Borgo Panigale - Reno,Borgo Panigale,104,10,13,0,0
2018,RIGOSA,Borgo Panigale - Reno,Borgo Panigale,130,2,38,0,0
2018,DUCATI-VILLAGGIO INA,Borgo Panigale - Reno,Borgo Panigale,137,59,1834,0,0
2018,RIGOSA,Borgo Panigale - Reno,Borgo Panigale,138,14,218,0,0
2018,BORGO CENTRO,Borgo Panigale - Reno,Borgo Panigale,140,56,92,0,0
2018,CASTELDEBOLE,Borgo Panigale - Reno,Borgo Panigale,168,2,4,0,0
2018,CASTELDEBOLE,Borgo Panigale - Reno,Borgo Panigale,180,5,4,0,0
2018,RIGOSA,Borgo Panigale - Reno,Borgo Panigale,186,6,9,0,0
2018,RIGOSA,Borgo Panigale - Reno,Borgo Panigale,190,1,12,0,0
2018,CASTELDEBOLE,Borgo Panigale - Reno,Borgo Panigale,196,8,14,0,0
2018,CASERME ROSSE-MANIFATTURA,Navile,Bolognina,209,2,5,0,0
2018,CASERME ROSSE-MANIFATTURA,Navile,Bolognina,210,9,36,0,0
2018,CASERME ROSSE-MANIFATTURA,Navile,Bolognina,211,9,26,0,0
2018,CASERME ROSSE-MANIFATTURA,Navile,Bolognina,216,3,17,0,0
2018,CASERME ROSSE-MANIFATTURA,Navile,Bolognina,217,1,0,0,0
2018,CNR,Navile,Bolognina,224,7,38,0,0
2018,ARCOVEGGIO,Navile,Bolognina,229,18,261,0,0
2018,ARCOVEGGIO,Navile,Bolognina,233,7,7,0,0
2018,ARCOVEGGIO,Navile,Bolognina,236,5,6,0,0
2018,ARCOVEGGIO,Navile,Bolognina,237,5,5,0,0
2018,ARCOVEGGIO,Navile,Bolognina,258,16,28,0,0
2018,ARCOVEGGIO,Navile,Bolognina,262,23,63,0,0
2018,ARCOVEGGIO,Navile,Bolognina,263,29,112,0,0
2018,ARCOVEGGIO,Navile,Bolognina,270,22,27,0,0
2018,PIAZZA DELL'UNITA',Navile,Bolognina,276,18,29,0,0
2018,PIAZZA DELL'UNITA',Navile,Bolognina,289,21,71,0,0
2018,EX MERCATO ORTOFRUTTICOLO,Navile,Bolognina,298,30,52,0,0
2018,VIA FERRARESE,Navile,Bolognina,302,10,100,0,0
2018,VIA FERRARESE,Navile,Bolognina,304,11,48,0,0
2018,VIA FERRARESE,Navile,Bolognina,307,17,42,0,0
2018,VIA FERRARESE,Navile,Bolognina,335,45,1781,0,0
2018,PIAZZA DELL'UNITA',Navile,Bolognina,355,19,40,0,0
2018,PIAZZA DELL'UNITA',Navile,Bolognina,361,3,9,0,0
2018,PIAZZA DELL'UNITA',Navile,Bolognina,362,8,12,0,0
2018,PIAZZA DELL'UNITA',Navile,Bolognina,368,2,9,0,0
2018,SAN SAVINO,Navile,Corticella,379,12,20,0,0
2018,SAN SAVINO,Navile,Corticella,385,1,1,0,0
2018,SAN SAVINO,Navile,Corticella,402,21,48,0,0
2018,SAN SAVINO,Navile,Corticella,406,4,13,0,0
2018,SAN SAVINO,Navile,Corticella,413,33,50,0,0
2018,SAVENA ABBANDONATO,Navile,Corticella,419,4,2,0,0
2018,CROCE COPERTA,Navile,Corticella,455,23,210,0,0
2018,CROCE COPERTA,Navile,Corticella,468,20,36,0,0
2018,LA DOZZA,Navile,Corticella,482,1,2,0,0
2018,SAVENA ABBANDONATO,Navile,Corticella,490,1,1,0,0
2018,PESCAROLA,Navile,Lame,536,6,9,0,0
2018,BEVERARA,Navile,Lame,572,10,11,0,0
2018,LAZZARETTO,Navile,Lame,586,6,16,0,0
2018,LAZZARETTO,Navile,Lame,587,14,77,0,0
2018,MARCONI-2,Porto - Saragozza,Marconi,625,6,13,0,0
2018,MARCONI-2,Porto - Saragozza,Marconi,662,98,198,0,0
2018,MARCONI-2,Porto - Saragozza,Marconi,670,19,387,0,0
2018,MARCONI-1,Porto - Saragozza,Marconi,678,1,8,0,0
2018,MARCONI-1,Porto - Saragozza,Marconi,683,63,114,0,0
2018,MARCONI-1,Porto - Saragozza,Marconi,684,115,327,0,0
2018,MARCONI-1,Porto - Saragozza,Marconi,690,38,103,0,0
2018,MARCONI-1,Porto - Saragozza,Marconi,691,79,139,0,0
2018,MARCONI-1,Porto - Saragozza,Marconi,694,137,486,0,0
2018,MARCONI-1,Porto - Saragozza,Marconi,695,33,63,0,0
2018,ZANARDI,Porto - Saragozza,Saffi,705,12,12,0,0
2018,ZANARDI,Porto - Saragozza,Saffi,730,10,20,0,0
2018,ZANARDI,Porto - Saragozza,Saffi,731,20,26,0,0
2018,VIA VITTORIO VENETO,Porto - Saragozza,Saffi,768,9,14,0,0
2018,VIA VITTORIO VENETO,Porto - Saragozza,Saffi,774,21,36,0,0
2018,BATTINDARNO,Borgo Panigale - Reno,Barca,804,18,24,0,0
2018,BATTINDARNO,Borgo Panigale - Reno,Barca,812,12,17,0,0
2018,BATTINDARNO,Borgo Panigale - Reno,Barca,814,18,30,0,0
2018,VILLAGGIO DELLA BARCA,Borgo Panigale - Reno,Barca,820,11,12,0,0
2018,VILLAGGIO DELLA BARCA,Borgo Panigale - Reno,Barca,825,3,3,0,0
2018,VILLAGGIO DELLA BARCA,Borgo Panigale - Reno,Barca,838,3,7,0,0
2018,VILLAGGIO DELLA BARCA,Borgo Panigale - Reno,Barca,854,9,10,0,0
2018,CANALE DI RENO,Borgo Panigale - Reno,Barca,858,34,137,0,0
2018,CANALE DI RENO,Borgo Panigale - Reno,Barca,863,15,21,0,0
2018,CANALE DI RENO,Borgo Panigale - Reno,Barca,881,12,23,0,0
2018,CANALE DI RENO,Borgo Panigale - Reno,Barca,882,1,17,0,0
2018,AGUCCHI,Borgo Panigale - Reno,S. Viola,893,1,1,0,0
2018,AGUCCHI,Borgo Panigale - Reno,S. Viola,896,5,5,0,0
2018,AGUCCHI,Borgo Panigale - Reno,S. Viola,898,5,5,0,0
2018,AGUCCHI,Borgo Panigale - Reno,S. Viola,905,33,54,0,0
2018,EMILIA PONENTE,Borgo Panigale - Reno,S. Viola,910,41,97,0,0
2018,EMILIA PONENTE,Borgo Panigale - Reno,S. Viola,911,32,47,0,0
2018,EMILIA PONENTE,Borgo Panigale - Reno,S. Viola,913,22,50,0,0
2018,EMILIA PONENTE,Borgo Panigale - Reno,S. Viola,919,32,59,0,0
2018,EMILIA PONENTE,Borgo Panigale - Reno,S. Viola,926,1,1,0,0
2018,EMILIA PONENTE,Borgo Panigale - Reno,S. Viola,930,25,49,0,0
2018,EMILIA PONENTE,Borgo Panigale - Reno,S. Viola,931,34,47,0,0
2018,CADRIANO-CALAMOSCO,San Donato - San Vitale,San Donato,936,1,2,0,0
2018,CADRIANO-CALAMOSCO,San Donato - San Vitale,San Donato,938,4,4,0,0
2018,CADRIANO-CALAMOSCO,San Donato - San Vitale,San Donato,939,9,971,0,0
2018,CADRIANO-CALAMOSCO,San Donato - San Vitale,San Donato,945,5,4,0,0
2018,CADRIANO-CALAMOSCO,San Donato - San Vitale,San Donato,956,5,13,0,0
2018,FIERA,San Donato - San Vitale,San Donato,960,21,59,0,0
2018,FIERA,San Donato - San Vitale,San Donato,962,22,214,0,0
2018,SAN DONNINO,San Donato - San Vitale,San Donato,970,6,13,0,0
2018,VIA DEL LAVORO,San Donato - San Vitale,San Donato,997,31,67,0,0
2018,VIA DEL LAVORO,San Donato - San Vitale,San Donato,1004,26,46,0,0
2018,VIA MONDO,San Donato - San Vitale,San Donato,1056,21,39,0,0
2018,VIA MONDO,San Donato - San Vitale,San Donato,1057,5,11,0,0
2018,VIA MONDO,San Donato - San Vitale,San Donato,1059,1,1,0,0
2018,SAN DONNINO,San Donato - San Vitale,San Donato,1084,2,7,0,0
2018,PILASTRO,San Donato - San Vitale,San Donato,1093,7,9,0,0
2018,PILASTRO,San Donato - San Vitale,San Donato,1095,1,3,0,0
2018,PILASTRO,San Donato - San Vitale,San Donato,1106,5,8,0,0
2018,CAAB,San Donato - San Vitale,San Donato,1112,1,178,0,0
2018,CAAB,San Donato - San Vitale,San Donato,1115,10,77,0,0
2018,OSSERVANZA,Santo Stefano,Colli,1147,12,16,0,0
2018,SAN MICHELE IN BOSCO,Santo Stefano,Colli,1164,9,76,0,0
2018,PADERNO,Santo Stefano,Colli,1191,1,1,0,0
2018,GALVANI-1,Santo Stefano,Galvani,1211,51,207,0,0
2018,GALVANI-1,Santo Stefano,Galvani,1222,144,325,0,0
2018,GALVANI-1,Santo Stefano,Galvani,1228,45,125,0,0
2018,GALVANI-1,Santo Stefano,Galvani,1231,64,96,0,0
2018,GALVANI-2,Santo Stefano,Galvani,1241,15,19,0,0
2018,GALVANI-2,Santo Stefano,Galvani,1248,32,59,0,0
2018,GALVANI-2,Santo Stefano,Galvani,1251,32,74,0,0
2018,GALVANI-2,Santo Stefano,Galvani,1284,38,53,0,0
2018,GALVANI-2,Santo Stefano,Galvani,1290,24,144,0,0
2018,GALVANI-2,Santo Stefano,Galvani,1296,44,98,0,0
2018,MEZZOFANTI,Santo Stefano,Murri,1303,63,87,0,0
2018,MEZZOFANTI,Santo Stefano,Murri,1319,48,84,0,0
2018,MEZZOFANTI,Santo Stefano,Murri,1324,14,15,0,0
2018,DAGNINI,Santo Stefano,Murri,1326,9,9,0,0
2018,MEZZOFANTI,Santo Stefano,Murri,1338,75,155,0,0
2018,MEZZOFANTI,Santo Stefano,Murri,1345,14,16,0,0
2018,DAGNINI,Santo Stefano,Murri,1350,61,146,0,0
2018,DAGNINI,Santo Stefano,Murri,1352,1,2,0,0
2018,DAGNINI,Santo Stefano,Murri,1364,18,27,0,0
2018,DAGNINI,Santo Stefano,Murri,1375,44,63,0,0
2018,DAGNINI,Santo Stefano,Murri,1376,3,5,0,0
2018,SIEPELUNGA,Santo Stefano,Murri,1382,10,20,0,0
2018,SIEPELUNGA,Santo Stefano,Murri,1383,15,16,0,0
2018,SIEPELUNGA,Santo Stefano,Murri,1390,47,54,0,0
2018,SIEPELUNGA,Santo Stefano,Murri,1393,11,10,0,0
2018,SIEPELUNGA,Santo Stefano,Murri,1396,1,1,0,0
2018,SIEPELUNGA,Santo Stefano,Murri,1403,44,79,0,0
2018,SIEPELUNGA,Santo Stefano,Murri,1406,12,12,0,0
2018,CHIESANUOVA,Santo Stefano,Murri,1410,7,7,0,0
2018,CHIESANUOVA,Santo Stefano,Murri,1429,15,41,0,0
2018,CHIESANUOVA,Santo Stefano,Murri,1442,9,15,0,0
2018,CHIESANUOVA,Santo Stefano,Murri,1446,24,92,0,0
2018,IRNERIO-2,Santo Stefano,Irnerio,1452,9,27,0,0
2018,IRNERIO-2,Santo Stefano,Irnerio,1453,14,132,0,0
2018,IRNERIO-2,Santo Stefano,Irnerio,1470,39,106,0,0
2018,IRNERIO-2,Santo Stefano,Irnerio,1475,16,46,0,0
2018,IRNERIO-2,Santo Stefano,Irnerio,1481,40,61,0,0
2018,IRNERIO-1,Santo Stefano,Irnerio,1487,19,56,0,0
2018,IRNERIO-1,Santo Stefano,Irnerio,1521,9,19,0,0
2018,IRNERIO-2,Santo Stefano,Irnerio,1537,12,26,0,0
2018,IRNERIO-1,Santo Stefano,Irnerio,1539,2,3,0,0
2018,IRNERIO-1,Santo Stefano,Irnerio,1546,30,53,0,0
2018,IRNERIO-2,Santo Stefano,Irnerio,1548,39,84,0,0
2018,CIRENAICA,San Donato - San Vitale,S. Vitale,1560,35,132,0,0
2018,CIRENAICA,San Donato - San Vitale,S. Vitale,1561,66,212,0,0
2018,CIRENAICA,San Donato - San Vitale,S. Vitale,1563,25,97,0,0
2018,CIRENAICA,San Donato - San Vitale,S. Vitale,1577,2,7,0,0
2018,CIRENAICA,San Donato - San Vitale,S. Vitale,1603,39,161,0,0
2018,MENGOLI,San Donato - San Vitale,S. Vitale,1611,52,128,0,0
2018,MENGOLI,San Donato - San Vitale,S. Vitale,1613,18,24,0,0
2018,MENGOLI,San Donato - San Vitale,S. Vitale,1618,20,26,0,0
2018,MENGOLI,San Donato - San Vitale,S. Vitale,1623,1,4,0,0
2018,MENGOLI,San Donato - San Vitale,S. Vitale,1631,17,25,0,0
2018,MENGOLI,San Donato - San Vitale,S. Vitale,1637,38,68,0,0
2018,MENGOLI,San Donato - San Vitale,S. Vitale,1639,12,12,0,0
2018,MENGOLI,San Donato - San Vitale,S. Vitale,1640,10,22,0,0
2018,MENGOLI,San Donato - San Vitale,S. Vitale,1654,17,22,0,0
2018,MENGOLI,San Donato - San Vitale,S. Vitale,1659,2,2,0,0
2018,MENGOLI,San Donato - San Vitale,S. Vitale,1662,15,144,0,0
2018,GUELFA,San Donato - San Vitale,S. Vitale,1727,6,8,0,0
2018,GUELFA,San Donato - San Vitale,S. Vitale,1745,90,173,0,0
2018,STRADELLI GUELFI,San Donato - San Vitale,S. Vitale,1763,9,37,0,0
2018,GUELFA,San Donato - San Vitale,S. Vitale,1769,40,202,0,0
2018,XXI APRILE,Porto - Saragozza,Costa Saragozza,1790,5,6,0,0
2018,SAN GIUSEPPE,Porto - Saragozza,Costa Saragozza,1871,24,44,0,0
2018,SAN GIUSEPPE,Porto - Saragozza,Costa Saragozza,1875,34,57,0,0
2018,RAVONE,Porto - Saragozza,Costa Saragozza,1891,7,8,0,0
2018,SAN GIUSEPPE,Porto - Saragozza,Costa Saragozza,1899,38,40,0,0
2018,SAN GIUSEPPE,Porto - Saragozza,Costa Saragozza,1906,21,26,0,0
2018,SAN GIUSEPPE,Porto - Saragozza,Costa Saragozza,1907,20,20,0,0
2018,SAN LUCA,Porto - Saragozza,Costa Saragozza,1925,4,4,0,0
2018,MALPIGHI-1,Porto - Saragozza,Malpighi,1966,30,56,0,0
2018,MALPIGHI-2,Porto - Saragozza,Malpighi,1984,68,113,0,0
2018,FOSSOLO,Savena,Mazzini,2006,20,22,0,0
2018,FOSSOLO,Savena,Mazzini,2009,16,18,0,0
2018,FOSSOLO,Savena,Mazzini,2037,26,40,0,0
2018,DUE MADONNE,Savena,Mazzini,2049,2,2,0,0
2018,PONTEVECCHIO,Savena,Mazzini,2066,5,6,0,0
2018,BITONE,Savena,Mazzini,2081,18,30,0,0
2018,BITONE,Savena,Mazzini,2082,8,15,0,0
2018,BITONE,Savena,Mazzini,2083,9,10,0,0
2018,BITONE,Savena,Mazzini,2088,2,2,0,0
2018,VIA ARNO,Savena,Mazzini,2119,16,21,0,0
2018,VIA ARNO,Savena,Mazzini,2129,18,20,0,0
2018,MONTE DONATO,Savena,S. Ruffillo,2166,5,4,0,0
2018,VIA TOSCANA,Savena,S. Ruffillo,2232,29,63,0,0
2018,CORELLI,Savena,S. Ruffillo,2244,1,1,0,0
2018,CORELLI,Savena,S. Ruffillo,2263,25,50,0,0
2018,CORELLI,Savena,S. Ruffillo,2269,12,16,0,0
2018,CORELLI,Savena,S. Ruffillo,2272,17,40,0,0
2018,CORELLI,Savena,S. Ruffillo,2285,2,7,0,0
2018,VIA TOSCANA,Savena,S. Ruffillo,2295,14,51,0,0
2018,VIA TOSCANA,Savena,S. Ruffillo,2301,1,2,0,0
2018,VIA TOSCANA,Savena,S. Ruffillo,2305,8,19,0,0
2018,PONTE SAVENA-LA BASTIA,Savena,S. Ruffillo,2311,9,11,0,0
2018,PONTE SAVENA-LA BASTIA,Savena,S. Ruffillo,2319,3,4,0,0
2019,PIAZZA DELL'UNITA',Navile,Bolognina,275,23,37,0,0
2019,PIAZZA DELL'UNITA',Navile,Bolognina,347,37,79,0,0
2019,PIAZZA DELL'UNITA',Navile,Bolognina,353,12,21,0,0
2019,PIAZZA DELL'UNITA',Navile,Bolognina,361,2,7,0,0
2019,PIAZZA DELL'UNITA',Navile,Bolognina,367,6,24,0,275
2019,PIAZZA DELL'UNITA',Navile,Bolognina,367,6,24,0,152
2019,SAN SAVINO,Navile,Corticella,387,5,5,0,0
2019,SAN SAVINO,Navile,Corticella,388,1,1,0,0
2019,SAN SAVINO,Navile,Corticella,398,24,30,0,0
2019,SAVENA ABBANDONATO,Navile,Corticella,426,1,6,0,0
2019,SAVENA ABBANDONATO,Navile,Corticella,428,3,7,0,0
2019,CROCE COPERTA,Navile,Corticella,439,12,22,0,0
2019,CROCE COPERTA,Navile,Corticella,441,3,54,0,0
2019,CROCE COPERTA,Navile,Corticella,447,26,313,0,17
2019,CROCE COPERTA,Navile,Corticella,449,88,609,0,0
2019,CROCE COPERTA,Navile,Corticella,451,20,324,0,0
2019,CROCE COPERTA,Navile,Corticella,453,5,38,0,0
2019,CROCE COPERTA,Navile,Corticella,458,5,17,0,0
2019,CROCE COPERTA,Navile,Corticella,461,29,786,0,0
2019,CROCE COPERTA,Navile,Corticella,467,17,23,0,0
2019,LAGHETTI DEL ROSARIO,Navile,Lame,492,1,6,0,0
2019,LA NOCE,Navile,Lame,501,35,109,0,0
2019,LAGHETTI DEL ROSARIO,Navile,Lame,514,3,1,0,0
2019,BEVERARA,Navile,Lame,569,7,11,0,265
2019,BEVERARA,Navile,Lame,574,3,4,0,0
2019,LAZZARETTO,Navile,Lame,586,5,18,0,0
2019,BEVERARA,Navile,Lame,589,21,54,0,165
2019,MARCONI-2,Porto - Saragozza,Marconi,637,104,252,0,0
2019,MARCONI-2,Porto - Saragozza,Marconi,665,44,118,0,0
2019,PRATI DI CAPRARA-OSPEDALE MAGGIORE,Porto - Saragozza,Saffi,728,13,22,0,0
2019,VELODROMO,Porto - Saragozza,Saffi,734,3,36,0,0
2019,VELODROMO,Porto - Saragozza,Saffi,737,7,17,0,89
2019,BATTINDARNO,Borgo Panigale - Reno,Barca,793,8,106,0,0
2019,BATTINDARNO,Borgo Panigale - Reno,Barca,805,8,16,0,0
2019,BATTINDARNO,Borgo Panigale - Reno,Barca,807,19,28,0,0
2019,VILLAGGIO DELLA BARCA,Borgo Panigale - Reno,Barca,819,8,13,0,0
2019,VILLAGGIO DELLA BARCA,Borgo Panigale - Reno,Barca,820,7,8,0,0
2019,VILLAGGIO DELLA BARCA,Borgo Panigale - Reno,Barca,834,2,2,0,0
2019,VILLAGGIO DELLA BARCA,Borgo Panigale - Reno,Barca,839,19,42,0,0
2019,VILLAGGIO DELLA BARCA,Borgo Panigale - Reno,Barca,842,4,4,0,0
2019,CANALE DI RENO,Borgo Panigale - Reno,Barca,855,8,10,0,0
2019,CANALE DI RENO,Borgo Panigale - Reno,Barca,857,1,1,0,0
2019,CANALE DI RENO,Borgo Panigale - Reno,Barca,866,24,36,0,0
2019,CANALE DI RENO,Borgo Panigale - Reno,Barca,876,5,8,0,0
2019,EMILIA PONENTE,Borgo Panigale - Reno,S. Viola,918,35,69,0,0
2019,CADRIANO-CALAMOSCO,San Donato - San Vitale,San Donato,949,1,1,0,0
2019,CADRIANO-CALAMOSCO,San Donato - San Vitale,San Donato,952,11,38,0,0
2019,CADRIANO-CALAMOSCO,San Donato - San Vitale,San Donato,958,5,8,0,0
2019,VIA DEL LAVORO,San Donato - San Vitale,San Donato,979,17,32,0,224
2019,VIA DEL LAVORO,San Donato - San Vitale,San Donato,1010,11,20,0,0
2019,MICHELINO,San Donato - San Vitale,San Donato,1018,21,59,0,0
2019,VIA MONDO,San Donato - San Vitale,San Donato,1028,38,64,0,0
2019,MICHELINO,San Donato - San Vitale,San Donato,1035,14,28,0,0
2019,VIA MONDO,San Donato - San Vitale,San Donato,1043,11,17,0,0
2019,MICHELINO,San Donato - San Vitale,San Donato,1053,20,33,0,0
2019,VIA MONDO,San Donato - San Vitale,San Donato,1062,2,3,0,0
2019,VIA MONDO,San Donato - San Vitale,San Donato,1067,7,10,0,0
2019,SAN DONNINO,San Donato - San Vitale,San Donato,1077,8,8,0,0
2019,PILASTRO,San Donato - San Vitale,San Donato,1097,9,13,0,0
2019,PILASTRO,San Donato - San Vitale,San Donato,1102,1,2,0,0
2019,CAAB,San Donato - San Vitale,San Donato,1121,8,105,0,0
2019,OSSERVANZA,Santo Stefano,Colli,1138,31,39,0,0
2019,OSSERVANZA,Santo Stefano,Colli,1152,11,10,0,0
2019,SAN MICHELE IN BOSCO,Santo Stefano,Colli,1165,57,71,0,0
2019,SAN MICHELE IN BOSCO,Santo Stefano,Colli,1169,3,4,0,0
2019,SAN MICHELE IN BOSCO,Santo Stefano,Colli,1173,4,3,0,0
2019,PADERNO,Santo Stefano,Colli,1198,2,2,0,0
2019,PADERNO,Santo Stefano,Colli,1201,1,1,0,0
2019,PADERNO,Santo Stefano,Colli,1202,2,2,0,0
2019,GALVANI-1,Santo Stefano,Galvani,1210,50,170,0,0
2019,GALVANI-1,Santo Stefano,Galvani,1218,158,506,0,0
2019,GALVANI-2,Santo Stefano,Galvani,1249,37,98,0,0
2019,GALVANI-2,Santo Stefano,Galvani,1258,18,26,0,0
2019,GALVANI-2,Santo Stefano,Galvani,1260,25,24,0,0
2019,GALVANI-2,Santo Stefano,Galvani,1261,57,126,0,0
2019,MEZZOFANTI,Santo Stefano,Murri,1321,5,5,0,0
2019,MEZZOFANTI,Santo Stefano,Murri,1325,23,46,0,0
2019,DAGNINI,Santo Stefano,Murri,1333,16,22,0,0
2019,MEZZOFANTI,Santo Stefano,Murri,1360,9,11,0,0
2019,DAGNINI,Santo Stefano,Murri,1369,9,23,0,0
2019,GIARDINI MARGHERITA,Santo Stefano,Murri,1377,2,26,0,73
2019,GIARDINI MARGHERITA,Santo Stefano,Murri,1380,3,12,0,0
2019,SIEPELUNGA,Santo Stefano,Murri,1384,17,24,0,0
2019,SIEPELUNGA,Santo Stefano,Murri,1396,1,1,0,0
2019,SIEPELUNGA,Santo Stefano,Murri,1403,44,75,0,0
2019,CHIESANUOVA,Santo Stefano,Murri,1407,21,29,0,0
2019,CHIESANUOVA,Santo Stefano,Murri,1417,1,0,0,126
2019,CHIESANUOVA,Santo Stefano,Murri,1444,13,35,0,0
2019,IRNERIO-2,Santo Stefano,Irnerio,1455,10,230,0,0
2019,IRNERIO-2,Santo Stefano,Irnerio,1485,17,34,0,0
2019,IRNERIO-1,Santo Stefano,Irnerio,1491,9,10,0,0
2019,IRNERIO-1,Santo Stefano,Irnerio,1506,55,151,0,0
2019,IRNERIO-1,Santo Stefano,Irnerio,1509,4,22,0,0
2019,CIRENAICA,San Donato - San Vitale,S. Vitale,1590,8,8,0,0
2019,MENGOLI,San Donato - San Vitale,S. Vitale,1623,2,5,0,0
2019,MENGOLI,San Donato - San Vitale,S. Vitale,1631,17,24,0,0
2019,MENGOLI,San Donato - San Vitale,S. Vitale,1637,35,64,0,0
2019,MENGOLI,San Donato - San Vitale,S. Vitale,1639,11,11,0,0
2019,MENGOLI,San Donato - San Vitale,S. Vitale,1646,8,18,0,50
2019,CROCE DEL BIACCO,San Donato - San Vitale,S. Vitale,1747,32,56,0,0
2019,CROCE DEL BIACCO,San Donato - San Vitale,S. Vitale,1759,7,9,0,0
2019,GUELFA,San Donato - San Vitale,S. Vitale,1771,8,12,0,0
2019,XXI APRILE,Porto - Saragozza,Costa Saragozza,1789,16,45,0,126
2019,XXI APRILE,Porto - Saragozza,Costa Saragozza,1851,17,27,0,0
2019,STADIO-MELONCELLO,Porto - Saragozza,Costa Saragozza,1878,8,22,0,0
2019,RAVONE,Porto - Saragozza,Costa Saragozza,1893,16,17,0,0
2019,SAN GIUSEPPE,Porto - Saragozza,Costa Saragozza,1904,7,9,0,0
2019,MALPIGHI-2,Porto - Saragozza,Malpighi,1942,35,93,0,464
2019,MALPIGHI-2,Porto - Saragozza,Malpighi,1948,13,186,0,0
2019,MALPIGHI-2,Porto - Saragozza,Malpighi,1974,43,58,0,0
2019,MALPIGHI-2,Porto - Saragozza,Malpighi,1978,29,51,0,0
2019,VIA DEL VIVAIO,Borgo Panigale - Reno,Borgo Panigale,19,2,2,0,0
2019,VIA DEL VIVAIO,Borgo Panigale - Reno,Borgo Panigale,20,1,1,0,0
2019,BARGELLINO,Borgo Panigale - Reno,Borgo Panigale,24,4,546,0,0
2019,AEROPORTO,Borgo Panigale - Reno,Borgo Panigale,28,8,75,0,0
2019,VIA DEL VIVAIO,Borgo Panigale - Reno,Borgo Panigale,52,2,2,0,0
2019,DUCATI-VILLAGGIO INA,Borgo Panigale - Reno,Borgo Panigale,78,24,300,0,78
2019,DUCATI-VILLAGGIO INA,Borgo Panigale - Reno,Borgo Panigale,80,1,4,0,0
2019,BORGO CENTRO,Borgo Panigale - Reno,Borgo Panigale,88,20,164,0,0
2019,BORGO CENTRO,Borgo Panigale - Reno,Borgo Panigale,91,1,2,0,0
2019,BORGO CENTRO,Borgo Panigale - Reno,Borgo Panigale,98,20,26,0,50
2019,BORGO CENTRO,Borgo Panigale - Reno,Borgo Panigale,100,10,11,0,122
2019,BORGO CENTRO,Borgo Panigale - Reno,Borgo Panigale,112,36,60,0,0
2019,BORGO CENTRO,Borgo Panigale - Reno,Borgo Panigale,120,11,212,0,0
2019,TRIUMVIRATO-PIETRA,Borgo Panigale - Reno,Borgo Panigale,127,49,412,0,117
2019,DUCATI-VILLAGGIO INA,Borgo Panigale - Reno,Borgo Panigale,137,62,1964,0,0
2019,RIGOSA,Borgo Panigale - Reno,Borgo Panigale,139,14,53,0,0
2019,TRIUMVIRATO-PIETRA,Borgo Panigale - Reno,Borgo Panigale,146,28,68,0,0
2019,RIGOSA,Borgo Panigale - Reno,Borgo Panigale,163,1,15,0,0
2019,CASTELDEBOLE,Borgo Panigale - Reno,Borgo Panigale,169,23,26,0,0
2019,CASTELDEBOLE,Borgo Panigale - Reno,Borgo Panigale,180,5,4,0,0
2019,CASTELDEBOLE,Borgo Panigale - Reno,Borgo Panigale,182,22,32,0,0
2019,RIGOSA,Borgo Panigale - Reno,Borgo Panigale,189,3,3,0,0
2019,RIGOSA,Borgo Panigale - Reno,Borgo Panigale,190,1,13,0,0
2019,RIGOSA,Borgo Panigale - Reno,Borgo Panigale,200,5,250,0,0
2019,CASERME ROSSE-MANIFATTURA,Navile,Bolognina,212,6,8,0,0
2019,ARCOVEGGIO,Navile,Bolognina,233,6,5,0,0
2019,ARCOVEGGIO,Navile,Bolognina,264,6,6,0,0
2019,PIAZZA DELL'UNITA',Navile,Bolognina,280,4,4,0,0
2019,PIAZZA DELL'UNITA',Navile,Bolognina,292,1,1,0,0
2019,PIAZZA DELL'UNITA',Navile,Bolognina,295,1,33,0,0
2019,VIA FERRARESE,Navile,Bolognina,305,24,793,0,0
2019,VIA FERRARESE,Navile,Bolognina,306,32,46,0,0
2019,VIA FERRARESE,Navile,Bolognina,308,23,44,0,0
2019,VIA FERRARESE,Navile,Bolognina,334,35,176,0,0
2019,PIAZZA DELL'UNITA',Navile,Bolognina,354,6,122,0,0
2019,PIAZZA DELL'UNITA',Navile,Bolognina,359,22,64,0,0
2019,PIAZZA DELL'UNITA',Navile,Bolognina,363,7,51,0,43
2019,SAN SAVINO,Navile,Corticella,379,12,20,0,0
2019,SAN SAVINO,Navile,Corticella,397,22,54,0,0
2019,SAN SAVINO,Navile,Corticella,399,23,45,0,0
2019,SAN SAVINO,Navile,Corticella,404,28,77,0,287
2019,SAVENA ABBANDONATO,Navile,Corticella,429,1,1,0,0
2019,MULINO DEL GOMITO,Navile,Corticella,430,5,16,0,0
2019,CROCE COPERTA,Navile,Corticella,463,74,208,0,56
2019,CROCE COPERTA,Navile,Corticella,473,3,25,0,0
2019,LA DOZZA,Navile,Corticella,483,3,4,0,0
2019,LA DOZZA,Navile,Corticella,484,4,4,0,0
2019,LA DOZZA,Navile,Corticella,487,2,14,0,0
2019,LA NOCE,Navile,Lame,503,38,145,0,0
2019,LAGHETTI DEL ROSARIO,Navile,Lame,517,6,6,0,0
2019,TIRO A SEGNO,Navile,Lame,542,3,3,0,112
2019,PESCAROLA,Navile,Lame,545,10,13,0,0
2019,BEVERARA,Navile,Lame,556,1,1,0,0
2019,BEVERARA,Navile,Lame,578,1,1,0,0
2019,LAZZARETTO,Navile,Lame,580,4,4,0,0
2019,LAZZARETTO,Navile,Lame,587,15,67,0,0
2019,BEVERARA,Navile,Lame,591,12,19,0,0
2019,BEVERARA,Navile,Lame,592,32,227,0,0
2019,BEVERARA,Navile,Lame,601,5,70,0,0
2019,MARCONI-2,Porto - Saragozza,Marconi,615,34,69,0,0
2019,MARCONI-2,Porto - Saragozza,Marconi,620,56,131,0,0
2019,MARCONI-2,Porto - Saragozza,Marconi,657,79,305,0,0
2019,MARCONI-2,Porto - Saragozza,Marconi,664,214,444,0,0
2019,MARCONI-1,Porto - Saragozza,Marconi,684,119,381,0,0
2019,MARCONI-1,Porto - Saragozza,Marconi,686,35,92,0,0
2019,ZANARDI,Porto - Saragozza,Saffi,719,53,312,0,0
2019,ZANARDI,Porto - Saragozza,Saffi,722,2,2,0,26
2019,VELODROMO,Porto - Saragozza,Saffi,735,11,20,0,0
2019,VELODROMO,Porto - Saragozza,Saffi,737,7,17,0,36
2019,VIA VITTORIO VENETO,Porto - Saragozza,Saffi,773,16,22,0,0
2019,VIA VITTORIO VENETO,Porto - Saragozza,Saffi,780,45,82,0,0
2019,VIA VITTORIO VENETO,Porto - Saragozza,Saffi,782,3,4,0,37
2019,BATTINDARNO,Borgo Panigale - Reno,Barca,787,15,251,0,0
2019,BATTINDARNO,Borgo Panigale - Reno,Barca,811,2,2,0,0
2019,BATTINDARNO,Borgo Panigale - Reno,Barca,816,13,16,0,0
2019,BATTINDARNO,Borgo Panigale - Reno,Barca,852,15,19,0,75
2019,BATTINDARNO,Borgo Panigale - Reno,Barca,853,25,58,0,0
2019,CANALE DI RENO,Borgo Panigale - Reno,Barca,863,17,34,0,0
2019,CANALE DI RENO,Borgo Panigale - Reno,Barca,878,21,31,0,0
2019,CANALE DI RENO,Borgo Panigale - Reno,Barca,885,3,5,0,0
2019,EMILIA PONENTE,Borgo Panigale - Reno,S. Viola,925,4,23,0,347
2019,EMILIA PONENTE,Borgo Panigale - Reno,S. Viola,926,1,1,0,0
2019,CADRIANO-CALAMOSCO,San Donato - San Vitale,San Donato,936,1,3,0,0
2019,CADRIANO-CALAMOSCO,San Donato - San Vitale,San Donato,956,5,13,0,0
2019,FIERA,San Donato - San Vitale,San Donato,962,20,197,0,0
2019,VIA DEL LAVORO,San Donato - San Vitale,San Donato,995,47,120,0,14
2019,VIA DEL LAVORO,San Donato - San Vitale,San Donato,1006,23,47,0,0
2019,MICHELINO,San Donato - San Vitale,San Donato,1011,18,231,0,0
2019,MICHELINO,San Donato - San Vitale,San Donato,1015,15,17,0,0
2019,VIA MONDO,San Donato - San Vitale,San Donato,1032,33,61,0,0
2019,MICHELINO,San Donato - San Vitale,San Donato,1036,12,20,0,0
2019,VIA MONDO,San Donato - San Vitale,San Donato,1050,2,467,0,0
2019,MICHELINO,San Donato - San Vitale,San Donato,1054,5,5,0,0
2019,SAN DONNINO,San Donato - San Vitale,San Donato,1081,37,55,0,211
2019,SAN DONNINO,San Donato - San Vitale,San Donato,1082,7,7,0,0
2019,PILASTRO,San Donato - San Vitale,San Donato,1100,1,1,0,57
2019,CAAB,San Donato - San Vitale,San Donato,1115,11,97,0,0
2019,PADERNO,Santo Stefano,Colli,1134,3,3,0,0
2019,OSSERVANZA,Santo Stefano,Colli,1140,6,7,0,0
2019,OSSERVANZA,Santo Stefano,Colli,1144,21,44,0,0
2019,OSSERVANZA,Santo Stefano,Colli,1147,11,14,0,0
2019,SAN MICHELE IN BOSCO,Santo Stefano,Colli,1170,42,158,0,61
2019,PADERNO,Santo Stefano,Colli,1181,11,10,0,0
2019,PADERNO,Santo Stefano,Colli,1186,1,15,0,0
2019,PADERNO,Santo Stefano,Colli,1191,2,2,0,0
2019,PADERNO,Santo Stefano,Colli,1197,1,1,0,0
2019,GALVANI-1,Santo Stefano,Galvani,1208,6,65,0,0
2019,GALVANI-1,Santo Stefano,Galvani,1212,47,272,0,0
2019,GALVANI-1,Santo Stefano,Galvani,1213,92,392,0,0
2019,GALVANI-1,Santo Stefano,Galvani,1230,49,131,0,0
2019,GALVANI-2,Santo Stefano,Galvani,1232,67,125,0,24
2019,GALVANI-2,Santo Stefano,Galvani,1236,27,38,0,0
2019,GALVANI-2,Santo Stefano,Galvani,1243,15,30,0,0
2019,GALVANI-2,Santo Stefano,Galvani,1246,44,55,0,0
2019,GALVANI-2,Santo Stefano,Galvani,1274,102,143,0,0
2019,GALVANI-2,Santo Stefano,Galvani,1280,35,45,0,0
2019,GALVANI-2,Santo Stefano,Galvani,1295,30,62,0,73
2019,DAGNINI,Santo Stefano,Murri,1335,6,8,0,0
2019,MEZZOFANTI,Santo Stefano,Murri,1341,19,23,0,0
2019,DAGNINI,Santo Stefano,Murri,1351,5,5,0,0
2019,MEZZOFANTI,Santo Stefano,Murri,1359,1,1,0,60
2019,MEZZOFANTI,Santo Stefano,Murri,1359,1,1,0,135
2019,DAGNINI,Santo Stefano,Murri,1364,19,26,0,0
2019,DAGNINI,Santo Stefano,Murri,1366,18,32,0,0
2019,DAGNINI,Santo Stefano,Murri,1376,3,5,0,0
2019,SIEPELUNGA,Santo Stefano,Murri,1379,18,26,0,0
2019,SIEPELUNGA,Santo Stefano,Murri,1391,66,136,0,0
2019,SIEPELUNGA,Santo Stefano,Murri,1393,11,11,0,0
2019,SIEPELUNGA,Santo Stefano,Murri,1394,11,18,0,0
2019,SIEPELUNGA,Santo Stefano,Murri,1395,4,4,0,0
2019,SIEPELUNGA,Santo Stefano,Murri,1398,31,40,0,0
2019,SIEPELUNGA,Santo Stefano,Murri,1405,7,6,0,0
2019,SIEPELUNGA,Santo Stefano,Murri,1406,10,10,0,0
2019,CHIESANUOVA,Santo Stefano,Murri,1411,5,5,0,0
2019,CHIESANUOVA,Santo Stefano,Murri,1413,45,61,0,0
2019,CHIESANUOVA,Santo Stefano,Murri,1417,1,0,0,90
2019,CHIESANUOVA,Santo Stefano,Murri,1422,17,28,0,0
2019,CHIESANUOVA,Santo Stefano,Murri,1424,24,38,0,0
2019,CHIESANUOVA,Santo Stefano,Murri,1443,11,12,0,0
2019,CHIESANUOVA,Santo Stefano,Murri,1446,27,104,0,0
2019,IRNERIO-2,Santo Stefano,Irnerio,1451,10,44,0,0
2019,IRNERIO-2,Santo Stefano,Irnerio,1452,9,23,0,50
2019,IRNERIO-2,Santo Stefano,Irnerio,1460,35,391,0,172
2019,IRNERIO-2,Santo Stefano,Irnerio,1466,41,192,0,0
2019,IRNERIO-2,Santo Stefano,Irnerio,1481,44,78,0,0
2019,IRNERIO-2,Santo Stefano,Irnerio,1498,16,38,0,0
2019,IRNERIO-2,Santo Stefano,Irnerio,1500,1,1,0,0
2019,IRNERIO-2,Santo Stefano,Irnerio,1501,24,50,0,0
2019,IRNERIO-1,Santo Stefano,Irnerio,1507,15,46,0,0
2019,IRNERIO-1,Santo Stefano,Irnerio,1514,8,19,0,0
2019,IRNERIO-1,Santo Stefano,Irnerio,1519,51,113,0,0
2019,CIRENAICA,San Donato - San Vitale,S. Vitale,1566,15,201,0,0
2019,CIRENAICA,San Donato - San Vitale,S. Vitale,1574,30,232,0,0
2019,CIRENAICA,San Donato - San Vitale,S. Vitale,1575,1,1,0,0
2019,CIRENAICA,San Donato - San Vitale,S. Vitale,1576,18,31,0,0
2019,CIRENAICA,San Donato - San Vitale,S. Vitale,1589,15,20,0,0
2019,CIRENAICA,San Donato - San Vitale,S. Vitale,1603,35,219,0,65
2019,CIRENAICA,San Donato - San Vitale,S. Vitale,1607,19,18,0,379
2019,CIRENAICA,San Donato - San Vitale,S. Vitale,1608,9,13,0,0
2019,MENGOLI,San Donato - San Vitale,S. Vitale,1630,10,21,0,63
2019,MENGOLI,San Donato - San Vitale,S. Vitale,1632,38,60,0,0
2019,MENGOLI,San Donato - San Vitale,S. Vitale,1633,21,35,0,0
2019,MENGOLI,San Donato - San Vitale,S. Vitale,1649,13,12,0,0
2019,MENGOLI,San Donato - San Vitale,S. Vitale,1651,21,30,0,0
2019,MENGOLI,San Donato - San Vitale,S. Vitale,1656,42,77,0,0
2019,MENGOLI,San Donato - San Vitale,S. Vitale,1658,39,100,0,0
2019,SCANDELLARA,San Donato - San Vitale,S. Vitale,1679,5,5,0,23
2019,SCANDELLARA,San Donato - San Vitale,S. Vitale,1680,2,9,0,0
2019,VIA LARGA,San Donato - San Vitale,S. Vitale,1687,57,90,0,0
2019,ROVERI,San Donato - San Vitale,S. Vitale,1712,6,43,0,0
2019,ROVERI,San Donato - San Vitale,S. Vitale,1719,41,468,0,0
2019,GUELFA,San Donato - San Vitale,S. Vitale,1726,14,25,0,0
2019,ROVERI,San Donato - San Vitale,S. Vitale,1734,26,185,0,0
2019,CROCE DEL BIACCO,San Donato - San Vitale,S. Vitale,1748,15,46,0,0
2019,CROCE DEL BIACCO,San Donato - San Vitale,S. Vitale,1750,22,45,0,0
2019,CROCE DEL BIACCO,San Donato - San Vitale,S. Vitale,1753,4,11,0,0
2019,STRADELLI GUELFI,San Donato - San Vitale,S. Vitale,1755,4,7,0,0
2019,CROCE DEL BIACCO,San Donato - San Vitale,S. Vitale,1757,8,9,0,0
2019,XXI APRILE,Porto - Saragozza,Costa Saragozza,1791,17,43,0,0
2019,XXI APRILE,Porto - Saragozza,Costa Saragozza,1800,21,33,0,0
2019,XXI APRILE,Porto - Saragozza,Costa Saragozza,1805,25,39,0,0
2019,SAN GIUSEPPE,Porto - Saragozza,Costa Saragozza,1807,1,1,0,0
2019,STADIO-MELONCELLO,Porto - Saragozza,Costa Saragozza,1819,2,13,0,0
2019,XXI APRILE,Porto - Saragozza,Costa Saragozza,1822,18,283,0,97
2019,XXI APRILE,Porto - Saragozza,Costa Saragozza,1837,27,38,0,62
2019,XXI APRILE,Porto - Saragozza,Costa Saragozza,1845,27,36,0,0
2019,XXI APRILE,Porto - Saragozza,Costa Saragozza,1847,13,17,0,0
2019,XXI APRILE,Porto - Saragozza,Costa Saragozza,1848,9,9,0,0
2019,XXI APRILE,Porto - Saragozza,Costa Saragozza,1853,26,31,0,0
2019,XXI APRILE,Porto - Saragozza,Costa Saragozza,1859,30,47,0,0
2019,SAN GIUSEPPE,Porto - Saragozza,Costa Saragozza,1864,4,3,0,0
2019,STADIO-MELONCELLO,Porto - Saragozza,Costa Saragozza,1879,4,4,0,0
2019,SAN LUCA,Porto - Saragozza,Costa Saragozza,1882,8,7,0,0
2019,SAN LUCA,Porto - Saragozza,Costa Saragozza,1883,4,7,0,0
2019,RAVONE,Porto - Saragozza,Costa Saragozza,1896,6,25,0,0
2019,SAN GIUSEPPE,Porto - Saragozza,Costa Saragozza,1900,1,1,0,0
2019,SAN LUCA,Porto - Saragozza,Costa Saragozza,1918,1,2,0,0
2019,SAN LUCA,Porto - Saragozza,Costa Saragozza,1921,2,2,0,0
2019,MALPIGHI-2,Porto - Saragozza,Malpighi,1931,6,18,0,0
2019,MALPIGHI-2,Porto - Saragozza,Malpighi,1932,59,92,0,0
2019,MALPIGHI-2,Porto - Saragozza,Malpighi,1940,90,151,0,0
2019,MALPIGHI-2,Porto - Saragozza,Malpighi,1946,25,65,0,0
2019,MALPIGHI-1,Porto - Saragozza,Malpighi,1949,130,473,0,0
2019,MALPIGHI-1,Porto - Saragozza,Malpighi,1951,95,243,0,0
2019,MALPIGHI-1,Porto - Saragozza,Malpighi,1956,55,98,0,0
2019,MALPIGHI-1,Porto - Saragozza,Malpighi,1957,4,10,0,0
2019,MALPIGHI-1,Porto - Saragozza,Malpighi,1961,2,3,0,0
2019,MALPIGHI-1,Porto - Saragozza,Malpighi,1968,52,73,0,0
2019,MALPIGHI-1,Porto - Saragozza,Malpighi,1970,21,42,0,0
2019,MALPIGHI-2,Porto - Saragozza,Malpighi,1980,57,88,0,42
2019,MALPIGHI-2,Porto - Saragozza,Malpighi,1990,15,23,0,0
2019,MALPIGHI-2,Porto - Saragozza,Malpighi,1994,15,15,0,11
2019,MALPIGHI-2,Porto - Saragozza,Malpighi,1995,12,13,0,40
2019,MALPIGHI-2,Porto - Saragozza,Malpighi,1995,12,13,0,59
2019,MALPIGHI-2,Porto - Saragozza,Malpighi,1996,1,7,0,0
2019,MALPIGHI-2,Porto - Saragozza,Malpighi,2000,46,127,0,89
2019,FOSSOLO,Savena,Mazzini,2002,11,12,0,0
2019,FOSSOLO,Savena,Mazzini,2010,17,18,0,0
2019,MALPIGHI-2,Porto - Saragozza,Malpighi,1986,38,62,0,0
2019,MALPIGHI-2,Porto - Saragozza,Malpighi,1988,97,226,0,0
2019,MALPIGHI-2,Porto - Saragozza,Malpighi,1991,129,202,0,0
2019,MALPIGHI-2,Porto - Saragozza,Malpighi,1997,21,32,0,0
2019,MALPIGHI-2,Porto - Saragozza,Malpighi,2000,46,127,0,40
2019,FOSSOLO,Savena,Mazzini,2001,2,6,0,855
2019,FOSSOLO,Savena,Mazzini,2006,17,17,0,0
2019,FOSSOLO,Savena,Mazzini,2015,22,24,0,0
2019,DUE MADONNE,Savena,Mazzini,2019,1,1,0,0
2019,DUE MADONNE,Savena,Mazzini,2041,19,68,0,0
2019,DUE MADONNE,Savena,Mazzini,2047,12,12,0,40
2019,DUE MADONNE,Savena,Mazzini,2050,10,15,0,0
2019,LUNGO SAVENA,Savena,Mazzini,2051,4,4,0,0
2019,PONTEVECCHIO,Savena,Mazzini,2055,5,5,0,0
2019,PONTEVECCHIO,Savena,Mazzini,2058,11,20,0,0
2019,BITONE,Savena,Mazzini,2070,36,59,0,0
2019,BITONE,Savena,Mazzini,2085,15,25,0,0
2019,BITONE,Savena,Mazzini,2091,13,17,0,0
2019,BITONE,Savena,Mazzini,2100,23,36,0,0
2019,BITONE,Savena,Mazzini,2109,1,1,0,0
2019,BITONE,Savena,Mazzini,2112,8,12,0,0
2019,BITONE,Savena,Mazzini,2117,5,4,0,0
2019,VIA ARNO,Savena,Mazzini,2125,1,5,0,0
2019,VIA ARNO,Savena,Mazzini,2128,42,88,0,0
2019,VIA ARNO,Savena,Mazzini,2138,11,21,0,0
2019,VIA ARNO,Savena,Mazzini,2155,13,146,0,42
2019,VIA TOSCANA,Savena,S. Ruffillo,2163,5,5,0,0
2019,VIA TOSCANA,Savena,S. Ruffillo,2167,2,2,0,0
2019,VIA TOSCANA,Savena,S. Ruffillo,2211,12,16,0,0
2019,VIA TOSCANA,Savena,S. Ruffillo,2228,15,20,0,0
2019,VIA TOSCANA,Savena,S. Ruffillo,2236,2,2,0,0
2019,CORELLI,Savena,S. Ruffillo,2263,26,118,0,166
2019,CORELLI,Savena,S. Ruffillo,2274,2,2,0,0
2019,CORELLI,Savena,S. Ruffillo,2277,9,16,0,0
2019,MONTE DONATO,Savena,S. Ruffillo,2289,7,7,0,0
2019,MONTE DONATO,Savena,S. Ruffillo,2291,2,3,0,0
2019,VIA TOSCANA,Savena,S. Ruffillo,2297,4,12,0,0
2019,LA NOCE,Navile,Lame,2326,20,22,0,0
2019,BITONE,Savena,Mazzini,2074,3,3,0,0
2019,BITONE,Savena,Mazzini,2082,8,14,0,0
2019,BITONE,Savena,Mazzini,2096,21,46,0,0
2019,BITONE,Savena,Mazzini,2107,8,23,0,0
2019,VIA ARNO,Savena,Mazzini,2129,22,25,0,0
2019,VIA ARNO,Savena,Mazzini,2131,13,14,0,0
2019,CAVEDONE,Savena,Mazzini,2141,2,48,0,0
2019,CAVEDONE,Savena,Mazzini,2142,7,7,0,0
2019,CAVEDONE,Savena,Mazzini,2148,16,16,0,0
2019,VIA ARNO,Savena,Mazzini,2155,13,146,0,74
2019,VIA TOSCANA,Savena,S. Ruffillo,2188,1,1,0,0
2019,VIA TOSCANA,Savena,S. Ruffillo,2205,62,180,0,0
2019,VIA TOSCANA,Savena,S. Ruffillo,2215,6,11,0,0
2019,VIA TOSCANA,Savena,S. Ruffillo,2219,8,14,0,0
2019,VIA TOSCANA,Savena,S. Ruffillo,2224,17,38,0,0
2019,CORELLI,Savena,S. Ruffillo,2251,2,2,0,0
2019,CORELLI,Savena,S. Ruffillo,2275,7,8,0,0
2019,PONTE SAVENA-LA BASTIA,Savena,S. Ruffillo,2318,9,16,0,0
2018,VIA DEL VIVAIO,Borgo Panigale - Reno,Borgo Panigale,6,2,10,0,0
2018,VIA DEL VIVAIO,Borgo Panigale - Reno,Borgo Panigale,7,1,1,0,0
2018,VIA DEL VIVAIO,Borgo Panigale - Reno,Borgo Panigale,8,3,2,0,0
2018,VIA DEL VIVAIO,Borgo Panigale - Reno,Borgo Panigale,14,2,2,0,0
2018,VIA DEL VIVAIO,Borgo Panigale - Reno,Borgo Panigale,21,5,5,0,0
2018,AEROPORTO,Borgo Panigale - Reno,Borgo Panigale,28,5,34,0,0
2018,AEROPORTO,Borgo Panigale - Reno,Borgo Panigale,39,10,19,0,0
2018,VIA DEL VIVAIO,Borgo Panigale - Reno,Borgo Panigale,53,2,2,0,0
2018,LA BIRRA,Borgo Panigale - Reno,Borgo Panigale,65,7,27,0,0
2018,DUCATI-VILLAGGIO INA,Borgo Panigale - Reno,Borgo Panigale,79,31,49,0,0
2018,DUCATI-VILLAGGIO INA,Borgo Panigale - Reno,Borgo Panigale,81,11,15,0,0
2018,BORGO CENTRO,Borgo Panigale - Reno,Borgo Panigale,91,1,2,0,0
2018,BORGO CENTRO,Borgo Panigale - Reno,Borgo Panigale,99,6,9,0,0
2018,BORGO CENTRO,Borgo Panigale - Reno,Borgo Panigale,122,4,3,0,0
2018,RIGOSA,Borgo Panigale - Reno,Borgo Panigale,135,1,1,0,0
2018,DUCATI-VILLAGGIO INA,Borgo Panigale - Reno,Borgo Panigale,136,18,326,0,0
2018,BORGO CENTRO,Borgo Panigale - Reno,Borgo Panigale,143,54,359,0,0
2018,TRIUMVIRATO-PIETRA,Borgo Panigale - Reno,Borgo Panigale,146,32,74,0,0
2018,TRIUMVIRATO-PIETRA,Borgo Panigale - Reno,Borgo Panigale,152,5,7,0,0
2018,CASTELDEBOLE,Borgo Panigale - Reno,Borgo Panigale,203,8,11,0,0
2018,ARCOVEGGIO,Navile,Bolognina,238,10,12,0,0
2018,ARCOVEGGIO,Navile,Bolognina,240,6,27,0,0
2018,ARCOVEGGIO,Navile,Bolognina,247,24,36,0,0
2018,ARCOVEGGIO,Navile,Bolognina,261,17,32,0,0
2018,PIAZZA DELL'UNITA',Navile,Bolognina,273,6,6,0,0
2018,PIAZZA DELL'UNITA',Navile,Bolognina,278,11,18,0,0
2018,PIAZZA DELL'UNITA',Navile,Bolognina,290,36,73,0,0
2018,PIAZZA DELL'UNITA',Navile,Bolognina,293,11,30,0,0
2018,PIAZZA DELL'UNITA',Navile,Bolognina,294,6,23,0,0
2018,PIAZZA DELL'UNITA',Navile,Bolognina,295,1,32,0,0
2018,PIAZZA DELL'UNITA',Navile,Bolognina,296,37,184,0,0
2018,VIA FERRARESE,Navile,Bolognina,300,8,16,0,0
2018,VIA FERRARESE,Navile,Bolognina,305,20,192,0,0
2018,VIA FERRARESE,Navile,Bolognina,315,12,12,0,0
2018,VIA FERRARESE,Navile,Bolognina,333,44,62,0,0
2018,PIAZZA DELL'UNITA',Navile,Bolognina,358,35,57,0,0
2018,SAVENA ABBANDONATO,Navile,Corticella,373,2,53,0,0
2018,SAN SAVINO,Navile,Corticella,375,3,6,0,0
2018,SAN SAVINO,Navile,Corticella,394,10,19,0,0
2018,CROCE COPERTA,Navile,Corticella,444,18,23,0,0
2018,CROCE COPERTA,Navile,Corticella,452,36,143,0,0
2018,CROCE COPERTA,Navile,Corticella,454,13,54,0,0
2018,CROCE COPERTA,Navile,Corticella,466,14,57,0,0
2018,LA DOZZA,Navile,Corticella,484,4,4,0,0
2018,SAVENA ABBANDONATO,Navile,Corticella,491,2,4,0,0
2018,LAGHETTI DEL ROSARIO,Navile,Lame,493,3,3,0,0
2018,LAGHETTI DEL ROSARIO,Navile,Lame,495,4,4,0,0
2018,LA NOCE,Navile,Lame,500,6,13,0,0
2018,LA NOCE,Navile,Lame,503,39,145,0,0
2018,LAGHETTI DEL ROSARIO,Navile,Lame,522,1,3,0,0
2018,PESCAROLA,Navile,Lame,543,44,99,0,0
2018,BEVERARA,Navile,Lame,559,6,9,0,0
2018,BEVERARA,Navile,Lame,564,8,53,0,0
2018,BEVERARA,Navile,Lame,571,21,58,0,0
2018,BEVERARA,Navile,Lame,573,22,36,0,0
2018,BEVERARA,Navile,Lame,577,7,7,0,0
2018,LAZZARETTO,Navile,Lame,600,6,763,0,0
2018,MARCONI-2,Porto - Saragozza,Marconi,637,101,186,0,0
2018,MARCONI-2,Porto - Saragozza,Marconi,645,61,295,0,0
2018,MARCONI-2,Porto - Saragozza,Marconi,647,43,80,0,0
2018,MARCONI-2,Porto - Saragozza,Marconi,656,31,69,0,0
2018,MARCONI-2,Porto - Saragozza,Marconi,659,2,6,0,0
2018,MARCONI-2,Porto - Saragozza,Marconi,665,38,116,0,0
2018,MARCONI-2,Porto - Saragozza,Marconi,667,110,381,0,0
2018,MARCONI-1,Porto - Saragozza,Marconi,677,68,245,0,0
2018,MARCONI-1,Porto - Saragozza,Marconi,679,36,78,0,0
2018,MARCONI-1,Porto - Saragozza,Marconi,692,99,172,0,0
2018,MARCONI-1,Porto - Saragozza,Marconi,697,77,463,0,0
2018,MARCONI-1,Porto - Saragozza,Marconi,698,46,65,0,0
2018,PRATI DI CAPRARA-OSPEDALE MAGGIORE,Porto - Saragozza,Saffi,700,3,140,0,0
2018,ZANARDI,Porto - Saragozza,Saffi,707,29,65,0,0
2018,ZANARDI,Porto - Saragozza,Saffi,712,7,9,0,0
2018,ZANARDI,Porto - Saragozza,Saffi,714,59,148,0,0
2018,VELODROMO,Porto - Saragozza,Saffi,739,15,43,0,0
2018,VELODROMO,Porto - Saragozza,Saffi,740,8,37,0,0
2018,VELODROMO,Porto - Saragozza,Saffi,748,13,35,0,0
2018,VELODROMO,Porto - Saragozza,Saffi,754,14,23,0,0
2018,VIA VITTORIO VENETO,Porto - Saragozza,Saffi,760,25,62,0,0
2018,VIA VITTORIO VENETO,Porto - Saragozza,Saffi,764,43,118,0,0
2018,VIA VITTORIO VENETO,Porto - Saragozza,Saffi,771,17,20,0,0
2018,VIA VITTORIO VENETO,Porto - Saragozza,Saffi,778,16,18,0,0
2018,VIA VITTORIO VENETO,Porto - Saragozza,Saffi,779,27,33,0,0
2018,VIA VITTORIO VENETO,Porto - Saragozza,Saffi,781,11,24,0,0
2018,BATTINDARNO,Borgo Panigale - Reno,Barca,801,10,10,0,0
2018,BATTINDARNO,Borgo Panigale - Reno,Barca,815,18,21,0,0
2018,VILLAGGIO DELLA BARCA,Borgo Panigale - Reno,Barca,819,8,15,0,0
2018,VILLAGGIO DELLA BARCA,Borgo Panigale - Reno,Barca,837,3,3,0,0
2018,BATTINDARNO,Borgo Panigale - Reno,Barca,852,12,14,0,0
2018,CANALE DI RENO,Borgo Panigale - Reno,Barca,874,11,43,0,0
2018,CANALE DI RENO,Borgo Panigale - Reno,Barca,875,10,9,0,0
2018,CANALE DI RENO,Borgo Panigale - Reno,Barca,876,4,6,0,0
2018,CANALE DI RENO,Borgo Panigale - Reno,Barca,880,10,21,0,0
2018,CANALE DI RENO,Borgo Panigale - Reno,Barca,887,7,14,0,0
2018,EMILIA PONENTE,Borgo Panigale - Reno,S. Viola,927,15,14,0,0
2018,FIERA,San Donato - San Vitale,San Donato,964,3,41,0,0
2018,FIERA,San Donato - San Vitale,San Donato,973,16,30,0,0
2018,FIERA,San Donato - San Vitale,San Donato,977,8,55,0,0
2018,VIA DEL LAVORO,San Donato - San Vitale,San Donato,987,5,9,0,0
2018,VIA DEL LAVORO,San Donato - San Vitale,San Donato,1000,12,12,0,0
2018,VIA DEL LAVORO,San Donato - San Vitale,San Donato,1005,32,48,0,0
2018,MICHELINO,San Donato - San Vitale,San Donato,1011,19,216,0,0
2018,MICHELINO,San Donato - San Vitale,San Donato,1022,5,6,0,0
2018,VIA MONDO,San Donato - San Vitale,San Donato,1032,28,53,0,0
2018,VIA MONDO,San Donato - San Vitale,San Donato,1041,46,101,0,0
2018,VIA MONDO,San Donato - San Vitale,San Donato,1043,10,14,0,0
2018,VIA MONDO,San Donato - San Vitale,San Donato,1050,2,35,0,0
2018,VIA MONDO,San Donato - San Vitale,San Donato,1062,2,3,0,0
2018,PILASTRO,San Donato - San Vitale,San Donato,1087,1,1,0,0
2018,PILASTRO,San Donato - San Vitale,San Donato,1091,4,4,0,0
2018,PILASTRO,San Donato - San Vitale,San Donato,1104,10,17,0,0
2018,OSSERVANZA,Santo Stefano,Colli,1143,22,22,0,0
2018,PADERNO,Santo Stefano,Colli,1158,6,9,0,0
2018,SAN MICHELE IN BOSCO,Santo Stefano,Colli,1170,42,156,0,0
2018,PADERNO,Santo Stefano,Colli,1178,2,2,0,0
2018,PADERNO,Santo Stefano,Colli,1205,4,4,0,0
2018,PADERNO,Santo Stefano,Colli,1207,7,9,0,0
2018,GALVANI-1,Santo Stefano,Galvani,1216,90,278,0,0
2018,GALVANI-1,Santo Stefano,Galvani,1219,50,225,0,0
2018,GALVANI-2,Santo Stefano,Galvani,1277,32,73,0,0
2018,MEZZOFANTI,Santo Stefano,Murri,1307,64,137,0,0
2018,MEZZOFANTI,Santo Stefano,Murri,1309,14,19,0,0
2018,MEZZOFANTI,Santo Stefano,Murri,1323,28,62,0,0
2018,DAGNINI,Santo Stefano,Murri,1333,19,24,0,0
2018,DAGNINI,Santo Stefano,Murri,1334,19,53,0,0
2018,DAGNINI,Santo Stefano,Murri,1347,22,28,0,0
2018,DAGNINI,Santo Stefano,Murri,1362,3,3,0,0
2018,GIARDINI MARGHERITA,Santo Stefano,Murri,1377,2,24,0,0
2018,SIEPELUNGA,Santo Stefano,Murri,1378,42,60,0,0
2018,SIEPELUNGA,Santo Stefano,Murri,1387,9,21,0,0
2018,SIEPELUNGA,Santo Stefano,Murri,1400,7,9,0,0
2018,CHIESANUOVA,Santo Stefano,Murri,1419,23,34,0,0
2018,CHIESANUOVA,Santo Stefano,Murri,1430,26,44,0,0
2018,IRNERIO-2,Santo Stefano,Irnerio,1455,11,270,0,0
2018,IRNERIO-2,Santo Stefano,Irnerio,1465,59,128,0,0
2018,IRNERIO-2,Santo Stefano,Irnerio,1467,31,215,0,0
2018,IRNERIO-2,Santo Stefano,Irnerio,1482,29,61,0,0
2018,IRNERIO-1,Santo Stefano,Irnerio,1488,8,13,0,0
2018,IRNERIO-1,Santo Stefano,Irnerio,1495,2,10,0,0
2018,IRNERIO-1,Santo Stefano,Irnerio,1509,2,17,0,0
2018,IRNERIO-1,Santo Stefano,Irnerio,1523,15,32,0,0
2018,IRNERIO-1,Santo Stefano,Irnerio,1524,19,95,0,0
2018,IRNERIO-1,Santo Stefano,Irnerio,1540,15,32,0,0
2018,IRNERIO-1,Santo Stefano,Irnerio,1544,42,67,0,0
2018,CIRENAICA,San Donato - San Vitale,S. Vitale,1566,18,197,0,0
2018,OSPEDALE SANT'ORSOLA,San Donato - San Vitale,S. Vitale,1571,5,13,0,0
2018,CIRENAICA,San Donato - San Vitale,S. Vitale,1579,23,32,0,0
2018,CIRENAICA,San Donato - San Vitale,S. Vitale,1580,7,12,0,0
2018,CIRENAICA,San Donato - San Vitale,S. Vitale,1590,9,9,0,0
2018,CIRENAICA,San Donato - San Vitale,S. Vitale,1594,11,13,0,0
2018,SCANDELLARA,San Donato - San Vitale,S. Vitale,1610,3,3,0,0
2018,MENGOLI,San Donato - San Vitale,S. Vitale,1660,19,30,0,0
2018,SCANDELLARA,San Donato - San Vitale,S. Vitale,1666,2,2,0,0
2018,SCANDELLARA,San Donato - San Vitale,S. Vitale,1681,8,11,0,0
2018,VIA LARGA,San Donato - San Vitale,S. Vitale,1682,2,2,0,0
2018,ROVERI,San Donato - San Vitale,S. Vitale,1697,5,80,0,0
2018,ROVERI,San Donato - San Vitale,S. Vitale,1704,13,132,0,0
2018,ROVERI,San Donato - San Vitale,S. Vitale,1708,21,250,0,0
2018,ROVERI,San Donato - San Vitale,S. Vitale,1712,7,48,0,0
2018,ROVERI,San Donato - San Vitale,S. Vitale,1714,23,164,0,0
2018,ROVERI,San Donato - San Vitale,S. Vitale,1716,12,120,0,0
2018,ROVERI,San Donato - San Vitale,S. Vitale,1718,7,53,0,0
2018,CROCE DEL BIACCO,San Donato - San Vitale,S. Vitale,1738,7,24,0,0
2018,STRADELLI GUELFI,San Donato - San Vitale,S. Vitale,1755,4,7,0,0
2018,STRADELLI GUELFI,San Donato - San Vitale,S. Vitale,1764,2,3,0,0
2018,GUELFA,San Donato - San Vitale,S. Vitale,1772,21,31,0,0
2018,STADIO-MELONCELLO,Porto - Saragozza,Costa Saragozza,1780,6,9,0,0
2018,XXI APRILE,Porto - Saragozza,Costa Saragozza,1785,6,15,0,0
2018,XXI APRILE,Porto - Saragozza,Costa Saragozza,1802,2,5,0,0
2018,XXI APRILE,Porto - Saragozza,Costa Saragozza,1826,1,0,0,0
2018,XXI APRILE,Porto - Saragozza,Costa Saragozza,1836,23,29,0,0
2018,XXI APRILE,Porto - Saragozza,Costa Saragozza,1843,9,8,0,0
2018,XXI APRILE,Porto - Saragozza,Costa Saragozza,1847,14,17,0,0
2018,XXI APRILE,Porto - Saragozza,Costa Saragozza,1855,14,21,0,0
2018,XXI APRILE,Porto - Saragozza,Costa Saragozza,1857,7,7,0,0
2018,SAN GIUSEPPE,Porto - Saragozza,Costa Saragozza,1872,44,103,0,0
2018,RAVONE,Porto - Saragozza,Costa Saragozza,1893,13,16,0,0
2018,RAVONE,Porto - Saragozza,Costa Saragozza,1896,7,20,0,0
2018,MALPIGHI-2,Porto - Saragozza,Malpighi,1938,41,66,0,0
2018,MALPIGHI-2,Porto - Saragozza,Malpighi,1941,77,137,0,0
2018,MALPIGHI-1,Porto - Saragozza,Malpighi,1950,78,115,0,0
2018,MALPIGHI-1,Porto - Saragozza,Malpighi,1960,1,4,0,0
2018,MALPIGHI-1,Porto - Saragozza,Malpighi,1964,44,101,0,0
2018,MALPIGHI-2,Porto - Saragozza,Malpighi,1982,44,63,0,0
2018,MALPIGHI-2,Porto - Saragozza,Malpighi,1991,132,193,0,0
2018,FOSSOLO,Savena,Mazzini,2001,2,6,0,0
2018,PONTEVECCHIO,Savena,Mazzini,2022,15,43,0,0
2018,PONTEVECCHIO,Savena,Mazzini,2026,2,2,0,0
2018,BITONE,Savena,Mazzini,2028,28,37,0,0
2018,FOSSOLO,Savena,Mazzini,2035,15,13,0,0
2018,FOSSOLO,Savena,Mazzini,2036,14,23,0,0
2018,PONTEVECCHIO,Savena,Mazzini,2053,1,29,0,0
2018,PONTEVECCHIO,Savena,Mazzini,2063,42,157,0,0
2018,PONTEVECCHIO,Savena,Mazzini,2069,27,59,0,0
2018,BITONE,Savena,Mazzini,2096,21,40,0,0
2018,BITONE,Savena,Mazzini,2101,21,38,0,0
2018,BITONE,Savena,Mazzini,2109,3,4,0,0
2018,VIA ARNO,Savena,Mazzini,2123,10,10,0,0
2018,CAVEDONE,Savena,Mazzini,2144,5,5,0,0
2018,VIA ARNO,Savena,Mazzini,2151,14,19,0,0
2018,VIA TOSCANA,Savena,S. Ruffillo,2167,2,2,0,0
2018,VIA TOSCANA,Savena,S. Ruffillo,2182,4,4,0,0
2018,VIA TOSCANA,Savena,S. Ruffillo,2183,4,4,0,0
2018,VIA TOSCANA,Savena,S. Ruffillo,2187,3,4,0,0
2018,VIA TOSCANA,Savena,S. Ruffillo,2201,12,19,0,0
2018,VIA TOSCANA,Savena,S. Ruffillo,2209,17,27,0,0
2018,VIA TOSCANA,Savena,S. Ruffillo,2213,12,11,0,0
2018,VIA TOSCANA,Savena,S. Ruffillo,2220,10,13,0,0
2018,VIA TOSCANA,Savena,S. Ruffillo,2235,12,19,0,0
2018,CORELLI,Savena,S. Ruffillo,2274,2,2,0,0
2018,CORELLI,Savena,S. Ruffillo,2286,19,22,0,0
2018,MONTE DONATO,Savena,S. Ruffillo,2292,40,59,0,0
2018,CORELLI,Savena,S. Ruffillo,2303,4,8,0,0
2018,VIA TOSCANA,Savena,S. Ruffillo,2307,33,61,0,0
2018,PONTE SAVENA-LA BASTIA,Savena,S. Ruffillo,2320,16,100,0,0
2018,MONTE DONATO,Savena,S. Ruffillo,2322,2,2,0,0
2018,CROCE COPERTA,Navile,Corticella,2323,11,14,0,0
2018,CROCE COPERTA,Navile,Corticella,2324,29,112,0,0
2018,EMILIA PONENTE,Borgo Panigale - Reno,S. Viola,2329,30,1215,0,0
2019,VIA DEL VIVAIO,Borgo Panigale - Reno,Borgo Panigale,6,3,15,0,0
2019,LA BIRRA,Borgo Panigale - Reno,Borgo Panigale,60,17,27,0,0
2019,DUCATI-VILLAGGIO INA,Borgo Panigale - Reno,Borgo Panigale,69,32,51,0,0
2019,DUCATI-VILLAGGIO INA,Borgo Panigale - Reno,Borgo Panigale,76,5,11,0,0
2019,BORGO CENTRO,Borgo Panigale - Reno,Borgo Panigale,89,2,4,0,0
2019,BORGO CENTRO,Borgo Panigale - Reno,Borgo Panigale,97,17,21,0,0
2019,BORGO CENTRO,Borgo Panigale - Reno,Borgo Panigale,110,12,39,0,0
2019,BORGO CENTRO,Borgo Panigale - Reno,Borgo Panigale,111,10,26,0,0
2019,RIGOSA,Borgo Panigale - Reno,Borgo Panigale,131,1,0,0,0
2019,BORGO CENTRO,Borgo Panigale - Reno,Borgo Panigale,140,58,92,0,0
2019,TRIUMVIRATO-PIETRA,Borgo Panigale - Reno,Borgo Panigale,145,103,805,0,0
2019,TRIUMVIRATO-PIETRA,Borgo Panigale - Reno,Borgo Panigale,149,17,30,0,0
2019,TRIUMVIRATO-PIETRA,Borgo Panigale - Reno,Borgo Panigale,157,1,22,0,0
2019,RIGOSA,Borgo Panigale - Reno,Borgo Panigale,194,5,23,0,0
2019,CASERME ROSSE-MANIFATTURA,Navile,Bolognina,210,8,36,0,0
2019,CASERME ROSSE-MANIFATTURA,Navile,Bolognina,215,2,2,0,0
2019,CASERME ROSSE-MANIFATTURA,Navile,Bolognina,218,1,493,0,71
2019,CASERME ROSSE-MANIFATTURA,Navile,Bolognina,219,4,4,0,0
2019,ARCOVEGGIO,Navile,Bolognina,230,26,36,0,75
2019,ARCOVEGGIO,Navile,Bolognina,235,5,7,0,0
2019,ARCOVEGGIO,Navile,Bolognina,237,4,5,0,0
2019,EX MERCATO ORTOFRUTTICOLO,Navile,Bolognina,249,10,19,0,0
2019,EX MERCATO ORTOFRUTTICOLO,Navile,Bolognina,250,35,265,0,59
2019,ARCOVEGGIO,Navile,Bolognina,258,19,35,0,0
2019,ARCOVEGGIO,Navile,Bolognina,265,24,38,0,0
2019,ARCOVEGGIO,Navile,Bolognina,269,38,79,0,173
2019,PIAZZA DELL'UNITA',Navile,Bolognina,273,6,7,0,11
2019,PIAZZA DELL'UNITA',Navile,Bolognina,279,10,13,0,0
2019,PIAZZA DELL'UNITA',Navile,Bolognina,286,2,3,0,0
2019,PIAZZA DELL'UNITA',Navile,Bolognina,291,13,46,0,0
2019,PIAZZA DELL'UNITA',Navile,Bolognina,294,5,18,0,71
2019,VIA FERRARESE,Navile,Bolognina,307,17,44,0,0
2019,VIA FERRARESE,Navile,Bolognina,309,20,34,0,0
2019,VIA FERRARESE,Navile,Bolognina,316,24,57,0,0
2019,VIA FERRARESE,Navile,Bolognina,319,9,10,0,0
2019,VIA FERRARESE,Navile,Bolognina,328,8,13,0,0
2019,VIA FERRARESE,Navile,Bolognina,336,14,22,0,0
2019,VIA FERRARESE,Navile,Bolognina,339,12,848,0,0
2019,PIAZZA DELL'UNITA',Navile,Bolognina,340,40,60,0,0
2019,PIAZZA DELL'UNITA',Navile,Bolognina,365,4,38,0,0
2019,SAN SAVINO,Navile,Corticella,377,7,14,0,45
2019,SAN SAVINO,Navile,Corticella,385,1,1,0,0
2019,SAN SAVINO,Navile,Corticella,400,30,58,0,0
2019,SAN SAVINO,Navile,Corticella,412,26,41,0,0
2019,SAN SAVINO,Navile,Corticella,416,8,10,0,0
2019,SAN SAVINO,Navile,Corticella,417,21,33,0,0
2019,SAVENA ABBANDONATO,Navile,Corticella,420,1,6,0,0
2019,SAVENA ABBANDONATO,Navile,Corticella,421,5,7,0,0
2019,CROCE COPERTA,Navile,Corticella,442,23,33,0,43
2019,CROCE COPERTA,Navile,Corticella,446,10,72,0,0
2019,LA DOZZA,Navile,Corticella,480,15,27,0,0
2019,LAGHETTI DEL ROSARIO,Navile,Lame,496,6,79,0,0
2019,LAGHETTI DEL ROSARIO,Navile,Lame,509,3,3,0,0
2019,LAGHETTI DEL ROSARIO,Navile,Lame,521,3,92,0,0
2019,PESCAROLA,Navile,Lame,548,4,10,0,0
2019,LAZZARETTO,Navile,Lame,584,3,3,0,896
2019,BEVERARA,Navile,Lame,594,37,497,0,60
2019,BEVERARA,Navile,Lame,595,22,41,0,0
2019,BEVERARA,Navile,Lame,597,1,1,0,0
2019,MARCONI-2,Porto - Saragozza,Marconi,608,54,216,0,0
2019,MARCONI-2,Porto - Saragozza,Marconi,649,40,95,0,0
2019,MARCONI-2,Porto - Saragozza,Marconi,662,102,164,0,0
2019,MARCONI-1,Porto - Saragozza,Marconi,679,40,90,0,0
2019,MARCONI-1,Porto - Saragozza,Marconi,687,3,7,0,0
2019,MARCONI-1,Porto - Saragozza,Marconi,695,33,75,0,0
2019,VIA VITTORIO VENETO,Porto - Saragozza,Saffi,763,3,893,0,0
2019,VIA VITTORIO VENETO,Porto - Saragozza,Saffi,764,46,120,0,0
2019,VILLAGGIO DELLA BARCA,Borgo Panigale - Reno,Barca,845,5,7,0,0
2019,VILLAGGIO DELLA BARCA,Borgo Panigale - Reno,Barca,847,1,1,0,0
2019,FIERA,San Donato - San Vitale,San Donato,960,22,59,0,0
2019,FIERA,San Donato - San Vitale,San Donato,973,17,38,0,0
2019,VIA DEL LAVORO,San Donato - San Vitale,San Donato,980,5,3,0,0
2019,VIA DEL LAVORO,San Donato - San Vitale,San Donato,985,52,152,0,0
2019,VIA DEL LAVORO,San Donato - San Vitale,San Donato,999,18,20,0,0
2019,VIA MONDO,San Donato - San Vitale,San Donato,1061,18,26,0,0
2019,VIA MONDO,San Donato - San Vitale,San Donato,1071,21,41,0,0
2019,VIA MONDO,San Donato - San Vitale,San Donato,1074,19,44,0,0
2019,SAN MICHELE IN BOSCO,Santo Stefano,Colli,1170,42,158,0,0
2019,PADERNO,Santo Stefano,Colli,1179,4,4,0,0
2019,PADERNO,Santo Stefano,Colli,1205,4,4,0,0
2019,GALVANI-1,Santo Stefano,Galvani,1222,141,359,0,0
2019,GALVANI-2,Santo Stefano,Galvani,1256,74,226,0,0
2019,GALVANI-2,Santo Stefano,Galvani,1273,37,82,0,0
2019,GALVANI-2,Santo Stefano,Galvani,1279,54,94,0,232
2019,GALVANI-2,Santo Stefano,Galvani,1296,47,96,0,54
2019,DAGNINI,Santo Stefano,Murri,1348,16,20,0,0
2019,DAGNINI,Santo Stefano,Murri,1350,56,138,0,0
2019,SIEPELUNGA,Santo Stefano,Murri,1386,23,31,0,0
2019,SIEPELUNGA,Santo Stefano,Murri,1401,28,41,0,0
2019,CHIESANUOVA,Santo Stefano,Murri,1437,11,11,0,0
2019,IRNERIO-2,Santo Stefano,Irnerio,1462,24,32,0,0
2019,IRNERIO-2,Santo Stefano,Irnerio,1483,45,74,0,0
2019,IRNERIO-1,Santo Stefano,Irnerio,1490,23,42,0,0
2019,IRNERIO-2,Santo Stefano,Irnerio,1503,19,51,0,0
2019,IRNERIO-2,Santo Stefano,Irnerio,1535,17,38,0,0
2019,CIRENAICA,San Donato - San Vitale,S. Vitale,1557,36,90,0,0
2019,OSPEDALE SANT'ORSOLA,San Donato - San Vitale,S. Vitale,1568,7,9,0,0
2019,CIRENAICA,San Donato - San Vitale,S. Vitale,1585,8,13,0,0
2019,CIRENAICA,San Donato - San Vitale,S. Vitale,1603,35,219,0,283
2019,SCANDELLARA,San Donato - San Vitale,S. Vitale,1610,5,6,0,0
2019,MENGOLI,San Donato - San Vitale,S. Vitale,1612,9,14,0,0
2019,MENGOLI,San Donato - San Vitale,S. Vitale,1627,28,50,0,0
2019,SCANDELLARA,San Donato - San Vitale,S. Vitale,1676,6,5,0,93
2019,SCANDELLARA,San Donato - San Vitale,S. Vitale,1676,6,5,0,384
2019,VIA LARGA,San Donato - San Vitale,S. Vitale,1684,1,1,0,0
2019,GUELFA,San Donato - San Vitale,S. Vitale,1769,36,172,0,0
2019,XXI APRILE,Porto - Saragozza,Costa Saragozza,1788,29,41,0,0
2019,XXI APRILE,Porto - Saragozza,Costa Saragozza,1794,23,125,0,0
2019,STADIO-MELONCELLO,Porto - Saragozza,Costa Saragozza,1816,16,24,0,0
2019,SAN GIUSEPPE,Porto - Saragozza,Costa Saragozza,1870,22,33,0,0
2019,SAN GIUSEPPE,Porto - Saragozza,Costa Saragozza,1873,25,33,0,0
2019,SAN GIUSEPPE,Porto - Saragozza,Costa Saragozza,1901,5,7,0,0
2019,MALPIGHI-2,Porto - Saragozza,Malpighi,1941,82,168,0,0
2019,MALPIGHI-1,Porto - Saragozza,Malpighi,1958,8,10,0,0
2019,MALPIGHI-1,Porto - Saragozza,Malpighi,1972,58,154,0,0
2019,VIA DEL VIVAIO,Borgo Panigale - Reno,Borgo Panigale,8,3,2,0,0
2019,BARGELLINO,Borgo Panigale - Reno,Borgo Panigale,26,6,99,0,0
2019,AEROPORTO,Borgo Panigale - Reno,Borgo Panigale,38,1,1,0,0
2019,AEROPORTO,Borgo Panigale - Reno,Borgo Panigale,39,12,17,0,0
2019,VIA DEL VIVAIO,Borgo Panigale - Reno,Borgo Panigale,53,3,3,0,0
2019,LA BIRRA,Borgo Panigale - Reno,Borgo Panigale,63,3,6,0,0
2019,DUCATI-VILLAGGIO INA,Borgo Panigale - Reno,Borgo Panigale,72,1,36,0,0
2019,DUCATI-VILLAGGIO INA,Borgo Panigale - Reno,Borgo Panigale,82,11,25,0,0
2019,BORGO CENTRO,Borgo Panigale - Reno,Borgo Panigale,99,4,5,0,0
2019,RIGOSA,Borgo Panigale - Reno,Borgo Panigale,130,1,1,0,0
2019,DUCATI-VILLAGGIO INA,Borgo Panigale - Reno,Borgo Panigale,136,18,361,0,0
2019,BORGO CENTRO,Borgo Panigale - Reno,Borgo Panigale,141,3,26,0,0
2019,CASTELDEBOLE,Borgo Panigale - Reno,Borgo Panigale,176,12,11,0,0
2019,CASTELDEBOLE,Borgo Panigale - Reno,Borgo Panigale,178,3,10,0,32
2019,CASTELDEBOLE,Borgo Panigale - Reno,Borgo Panigale,198,7,1908,0,0
2019,CASERME ROSSE-MANIFATTURA,Navile,Bolognina,213,4,11,0,0
2019,CASERME ROSSE-MANIFATTURA,Navile,Bolognina,217,1,0,0,0
2019,CNR,Navile,Bolognina,224,8,144,0,0
2019,ARCOVEGGIO,Navile,Bolognina,230,26,36,0,46
2019,ARCOVEGGIO,Navile,Bolognina,234,10,17,0,0
2019,ARCOVEGGIO,Navile,Bolognina,242,17,22,0,0
2019,ARCOVEGGIO,Navile,Bolognina,248,16,20,0,220
2019,ARCOVEGGIO,Navile,Bolognina,251,24,55,0,104
2019,ARCOVEGGIO,Navile,Bolognina,260,13,30,0,0
2019,ARCOVEGGIO,Navile,Bolognina,261,15,23,0,0
2019,PIAZZA DELL'UNITA',Navile,Bolognina,282,9,8,0,0
2019,PIAZZA DELL'UNITA',Navile,Bolognina,285,23,62,0,0
2019,VIA FERRARESE,Navile,Bolognina,326,21,32,0,0
2019,VIA FERRARESE,Navile,Bolognina,330,10,14,0,0
2019,VIA FERRARESE,Navile,Bolognina,331,8,17,0,0
2019,VIA FERRARESE,Navile,Bolognina,332,32,82,0,0
2019,VIA FERRARESE,Navile,Bolognina,337,12,34,0,0
2019,PIAZZA DELL'UNITA',Navile,Bolognina,349,10,10,0,0
2019,PIAZZA DELL'UNITA',Navile,Bolognina,350,6,9,0,0
2019,PIAZZA DELL'UNITA',Navile,Bolognina,355,17,33,0,0
2019,PIAZZA DELL'UNITA',Navile,Bolognina,362,6,10,0,0
2019,PIAZZA DELL'UNITA',Navile,Bolognina,367,6,24,0,1295
2019,PIAZZA DELL'UNITA',Navile,Bolognina,368,3,8,0,0
2019,SAN SAVINO,Navile,Corticella,378,6,18,0,0
2019,SAN SAVINO,Navile,Corticella,383,7,10,0,0
2019,SAN SAVINO,Navile,Corticella,405,20,41,0,0
2019,SAN SAVINO,Navile,Corticella,409,4,4,0,0
2019,SAVENA ABBANDONATO,Navile,Corticella,434,1,1,0,0
2019,CROCE COPERTA,Navile,Corticella,464,5,5,0,0
2019,MULINO DEL GOMITO,Navile,Corticella,476,2,16,0,0
2019,LA DOZZA,Navile,Corticella,485,24,69,0,51
2019,TIRO A SEGNO,Navile,Lame,527,2,6,0,0
2019,PESCAROLA,Navile,Lame,546,6,12,0,0
2019,BEVERARA,Navile,Lame,573,23,38,0,0
2019,BEVERARA,Navile,Lame,576,10,14,0,0
2019,BEVERARA,Navile,Lame,594,37,497,0,26
2019,MARCONI-2,Porto - Saragozza,Marconi,618,32,118,0,0
2019,MARCONI-2,Porto - Saragozza,Marconi,619,59,101,0,0
2019,MARCONI-2,Porto - Saragozza,Marconi,626,72,194,0,0
2019,MARCONI-2,Porto - Saragozza,Marconi,659,2,8,0,0
2019,MARCONI-2,Porto - Saragozza,Marconi,670,19,28,0,0
2019,MARCONI-1,Porto - Saragozza,Marconi,681,96,228,0,0
2019,MARCONI-1,Porto - Saragozza,Marconi,690,36,114,0,0
2019,MARCONI-1,Porto - Saragozza,Marconi,691,78,131,0,0
2019,MARCONI-1,Porto - Saragozza,Marconi,692,96,164,0,0
2019,MARCONI-1,Porto - Saragozza,Marconi,698,43,59,0,0
2019,ZANARDI,Porto - Saragozza,Saffi,713,25,75,0,0
2019,ZANARDI,Porto - Saragozza,Saffi,718,16,47,0,0
2019,ZANARDI,Porto - Saragozza,Saffi,723,1,1,0,70
2019,ZANARDI,Porto - Saragozza,Saffi,726,38,80,0,0
2019,ZANARDI,Porto - Saragozza,Saffi,727,16,62,0,0
2019,VELODROMO,Porto - Saragozza,Saffi,741,12,29,0,0
2019,VELODROMO,Porto - Saragozza,Saffi,749,12,11,0,0
2019,VELODROMO,Porto - Saragozza,Saffi,755,4,4,0,45
2019,VIA VITTORIO VENETO,Porto - Saragozza,Saffi,761,23,33,0,359
2019,VIA VITTORIO VENETO,Porto - Saragozza,Saffi,775,15,31,0,27
2019,VIA VITTORIO VENETO,Porto - Saragozza,Saffi,782,3,4,0,10
2019,VILLAGGIO DELLA BARCA,Borgo Panigale - Reno,Barca,785,9,30,0,0
2019,BATTINDARNO,Borgo Panigale - Reno,Barca,789,21,32,0,0
2019,BATTINDARNO,Borgo Panigale - Reno,Barca,795,1,1,0,0
2019,BATTINDARNO,Borgo Panigale - Reno,Barca,797,4,15,0,0
2019,BATTINDARNO,Borgo Panigale - Reno,Barca,800,5,3,0,0
2019,BATTINDARNO,Borgo Panigale - Reno,Barca,804,20,28,0,0
2019,VILLAGGIO DELLA BARCA,Borgo Panigale - Reno,Barca,818,24,94,0,0
2019,VILLAGGIO DELLA BARCA,Borgo Panigale - Reno,Barca,821,20,56,0,0
2019,VILLAGGIO DELLA BARCA,Borgo Panigale - Reno,Barca,825,1,1,0,204
2019,VILLAGGIO DELLA BARCA,Borgo Panigale - Reno,Barca,829,8,12,0,0
2019,VILLAGGIO DELLA BARCA,Borgo Panigale - Reno,Barca,849,5,6,0,0
2019,BATTINDARNO,Borgo Panigale - Reno,Barca,852,15,19,0,226
2019,VILLAGGIO DELLA BARCA,Borgo Panigale - Reno,Barca,854,7,6,0,1578
2019,CANALE DI RENO,Borgo Panigale - Reno,Barca,859,11,14,0,0
2019,CANALE DI RENO,Borgo Panigale - Reno,Barca,874,11,41,0,0
2019,AGUCCHI,Borgo Panigale - Reno,S. Viola,888,54,288,0,0
2019,AGUCCHI,Borgo Panigale - Reno,S. Viola,889,1,4,0,0
2019,AGUCCHI,Borgo Panigale - Reno,S. Viola,893,1,1,0,0
2019,AGUCCHI,Borgo Panigale - Reno,S. Viola,899,65,459,0,39
2019,AGUCCHI,Borgo Panigale - Reno,S. Viola,900,2,4,0,0
2019,AGUCCHI,Borgo Panigale - Reno,S. Viola,902,34,39,0,0
2019,AGUCCHI,Borgo Panigale - Reno,S. Viola,903,31,57,0,0
2019,AGUCCHI,Borgo Panigale - Reno,S. Viola,906,47,113,0,0
2019,EMILIA PONENTE,Borgo Panigale - Reno,S. Viola,909,25,129,0,0
2019,EMILIA PONENTE,Borgo Panigale - Reno,S. Viola,911,34,54,0,0
2019,EMILIA PONENTE,Borgo Panigale - Reno,S. Viola,913,22,47,0,0
2019,EMILIA PONENTE,Borgo Panigale - Reno,S. Viola,915,7,35,0,0
2019,EMILIA PONENTE,Borgo Panigale - Reno,S. Viola,917,31,34,0,0
2019,EMILIA PONENTE,Borgo Panigale - Reno,S. Viola,920,24,36,0,0
2019,EMILIA PONENTE,Borgo Panigale - Reno,S. Viola,923,41,1498,0,43
2019,CADRIANO-CALAMOSCO,San Donato - San Vitale,San Donato,957,3,6,0,0
2019,FIERA,San Donato - San Vitale,San Donato,964,4,45,0,0
2019,SAN DONNINO,San Donato - San Vitale,San Donato,971,11,15,0,0
2019,VIA DEL LAVORO,San Donato - San Vitale,San Donato,978,8,7,0,0
2019,VIA DEL LAVORO,San Donato - San Vitale,San Donato,983,7,55,0,0
2019,VIA DEL LAVORO,San Donato - San Vitale,San Donato,984,14,18,0,0
2019,VIA DEL LAVORO,San Donato - San Vitale,San Donato,997,30,58,0,0
2019,MICHELINO,San Donato - San Vitale,San Donato,1013,11,26,0,0
2019,MICHELINO,San Donato - San Vitale,San Donato,1016,18,25,0,0
2019,VIA DEL LAVORO,San Donato - San Vitale,San Donato,1025,1,2,0,0
2019,VIA MONDO,San Donato - San Vitale,San Donato,1030,2,2,0,0
2019,VIA MONDO,San Donato - San Vitale,San Donato,1041,47,101,0,0
2019,VIA MONDO,San Donato - San Vitale,San Donato,1044,9,43,0,0
2019,VIA MONDO,San Donato - San Vitale,San Donato,1063,5,7,0,0
2019,VIA MONDO,San Donato - San Vitale,San Donato,1064,15,29,0,38
2019,VIA MONDO,San Donato - San Vitale,San Donato,1068,14,30,0,0
2019,VIA MONDO,San Donato - San Vitale,San Donato,1073,4,4,0,0
2019,SAN DONNINO,San Donato - San Vitale,San Donato,1083,2,2,0,0
2019,PILASTRO,San Donato - San Vitale,San Donato,1086,34,256,0,203
2019,PILASTRO,San Donato - San Vitale,San Donato,1096,2,48,0,0
2019,PILASTRO,San Donato - San Vitale,San Donato,1105,4,16,0,0
2019,CAAB,San Donato - San Vitale,San Donato,1130,1,7,0,0
2019,PADERNO,Santo Stefano,Colli,1135,4,18,0,100
2019,PADERNO,Santo Stefano,Colli,1141,2,7,0,0
2019,OSSERVANZA,Santo Stefano,Colli,1143,20,23,0,0
2019,OSSERVANZA,Santo Stefano,Colli,1151,18,18,0,0
2019,OSSERVANZA,Santo Stefano,Colli,1155,36,42,0,0
2019,PADERNO,Santo Stefano,Colli,1157,4,36,0,0
2019,PADERNO,Santo Stefano,Colli,1159,1,1,0,0
2019,SAN MICHELE IN BOSCO,Santo Stefano,Colli,1162,71,94,0,0
2019,SAN MICHELE IN BOSCO,Santo Stefano,Colli,1164,7,43,0,0
2019,SAN MICHELE IN BOSCO,Santo Stefano,Colli,1170,42,158,0,326
2019,SAN MICHELE IN BOSCO,Santo Stefano,Colli,1171,1,1,0,0
2019,PADERNO,Santo Stefano,Colli,1192,4,12,0,0
2019,PADERNO,Santo Stefano,Colli,1207,11,15,0,0
2019,GALVANI-1,Santo Stefano,Galvani,1226,17,50,0,0
2019,GALVANI-1,Santo Stefano,Galvani,1228,46,148,0,0
2019,GALVANI-2,Santo Stefano,Galvani,1282,12,17,0,0
2019,GALVANI-2,Santo Stefano,Galvani,1293,6,8,0,0
2019,GALVANI-2,Santo Stefano,Galvani,1295,30,62,0,425
2019,GALVANI-2,Santo Stefano,Galvani,1298,15,19,0,0
2019,GALVANI-2,Santo Stefano,Galvani,1299,1,0,0,0
2019,DAGNINI,Santo Stefano,Murri,1315,36,87,0,0
2019,MEZZOFANTI,Santo Stefano,Murri,1322,8,7,0,0
2019,DAGNINI,Santo Stefano,Murri,1330,9,14,0,0
2019,DAGNINI,Santo Stefano,Murri,1331,31,41,0,0
2019,MEZZOFANTI,Santo Stefano,Murri,1339,89,146,0,0
2019,DAGNINI,Santo Stefano,Murri,1347,21,23,0,0
2019,DAGNINI,Santo Stefano,Murri,1352,1,2,0,0
2019,MEZZOFANTI,Santo Stefano,Murri,1357,10,18,0,28
2019,DAGNINI,Santo Stefano,Murri,1367,9,34,0,0
2019,DAGNINI,Santo Stefano,Murri,1375,45,62,0,0
2019,SIEPELUNGA,Santo Stefano,Murri,1385,8,12,0,0
2019,SIEPELUNGA,Santo Stefano,Murri,1387,7,15,0,0
2019,SIEPELUNGA,Santo Stefano,Murri,1404,2,9,0,0
2019,CHIESANUOVA,Santo Stefano,Murri,1410,6,6,0,0
2019,CHIESANUOVA,Santo Stefano,Murri,1421,15,22,0,0
2019,CHIESANUOVA,Santo Stefano,Murri,1432,7,7,0,0
2019,CHIESANUOVA,Santo Stefano,Murri,1433,6,6,0,54
2019,CHIESANUOVA,Santo Stefano,Murri,1436,1,1,0,0
2019,CHIESANUOVA,Santo Stefano,Murri,1439,10,13,0,0
2019,IRNERIO-2,Santo Stefano,Irnerio,1452,9,23,0,42
2019,IRNERIO-2,Santo Stefano,Irnerio,1453,17,151,0,0
2019,IRNERIO-2,Santo Stefano,Irnerio,1472,2,527,0,0
2019,IRNERIO-2,Santo Stefano,Irnerio,1476,45,495,0,0
2019,IRNERIO-2,Santo Stefano,Irnerio,1482,31,64,0,0
2019,IRNERIO-1,Santo Stefano,Irnerio,1494,16,36,0,0
2019,IRNERIO-1,Santo Stefano,Irnerio,1510,15,71,0,0
2019,IRNERIO-1,Santo Stefano,Irnerio,1511,72,130,0,0
2019,IRNERIO-1,Santo Stefano,Irnerio,1520,65,382,0,0
2019,IRNERIO-1,Santo Stefano,Irnerio,1521,6,18,0,0
2019,IRNERIO-1,Santo Stefano,Irnerio,1539,1,2,0,0
2019,IRNERIO-1,Santo Stefano,Irnerio,1544,49,82,0,0
2019,IRNERIO-2,Santo Stefano,Irnerio,1551,38,65,0,0
2019,CIRENAICA,San Donato - San Vitale,S. Vitale,1564,7,25,0,0
2019,CIRENAICA,San Donato - San Vitale,S. Vitale,1579,20,34,0,0
2019,CIRENAICA,San Donato - San Vitale,S. Vitale,1591,4,7,0,0
2019,CIRENAICA,San Donato - San Vitale,S. Vitale,1597,8,8,0,0
2019,CIRENAICA,San Donato - San Vitale,S. Vitale,1601,12,30,0,0
2019,MENGOLI,San Donato - San Vitale,S. Vitale,1615,11,15,0,0
2019,MENGOLI,San Donato - San Vitale,S. Vitale,1617,10,13,0,0
2019,MENGOLI,San Donato - San Vitale,S. Vitale,1618,26,29,0,0
2019,MENGOLI,San Donato - San Vitale,S. Vitale,1622,9,12,0,0
2019,MENGOLI,San Donato - San Vitale,S. Vitale,1628,1,0,0,0
2019,MENGOLI,San Donato - San Vitale,S. Vitale,1646,8,18,0,42
2019,MENGOLI,San Donato - San Vitale,S. Vitale,1647,1,1,0,0
2019,MENGOLI,San Donato - San Vitale,S. Vitale,1653,37,88,0,0
2019,MENGOLI,San Donato - San Vitale,S. Vitale,1654,16,21,0,0
2019,MENGOLI,San Donato - San Vitale,S. Vitale,1657,21,35,0,0
2019,MENGOLI,San Donato - San Vitale,S. Vitale,1661,9,34,0,81
2019,SCANDELLARA,San Donato - San Vitale,S. Vitale,1664,7,8,0,0
2019,SCANDELLARA,San Donato - San Vitale,S. Vitale,1665,1,4,0,0
2019,SCANDELLARA,San Donato - San Vitale,S. Vitale,1666,3,2,0,0
2019,ROVERI,San Donato - San Vitale,S. Vitale,1669,5,22,0,0
2019,VIA LARGA,San Donato - San Vitale,S. Vitale,1685,8,35,0,0
2019,ROVERI,San Donato - San Vitale,S. Vitale,1692,83,468,0,0
2019,ROVERI,San Donato - San Vitale,S. Vitale,1703,20,104,0,0
2019,ROVERI,San Donato - San Vitale,S. Vitale,1716,11,127,0,0
2019,GUELFA,San Donato - San Vitale,S. Vitale,1720,6,11,0,0
2019,GUELFA,San Donato - San Vitale,S. Vitale,1723,9,8,0,0
2019,GUELFA,San Donato - San Vitale,S. Vitale,1724,15,41,0,49
2019,GUELFA,San Donato - San Vitale,S. Vitale,1742,35,70,0,0
2019,GUELFA,San Donato - San Vitale,S. Vitale,1777,22,43,0,0
2019,XXI APRILE,Porto - Saragozza,Costa Saragozza,1790,5,5,0,0
2019,XXI APRILE,Porto - Saragozza,Costa Saragozza,1798,11,34,0,0
2019,XXI APRILE,Porto - Saragozza,Costa Saragozza,1803,6,5,0,0
2019,STADIO-MELONCELLO,Porto - Saragozza,Costa Saragozza,1815,40,72,0,0
2019,XXI APRILE,Porto - Saragozza,Costa Saragozza,1833,11,18,0,258
2019,XXI APRILE,Porto - Saragozza,Costa Saragozza,1852,46,63,0,23
2019,RAVONE,Porto - Saragozza,Costa Saragozza,1888,2,3,0,60
2019,RAVONE,Porto - Saragozza,Costa Saragozza,1891,7,6,0,0
2019,VIA DEL GENIO,Porto - Saragozza,Costa Saragozza,1912,1,1,0,0
2019,SAN LUCA,Porto - Saragozza,Costa Saragozza,1913,3,20,0,0
2019,SAN LUCA,Porto - Saragozza,Costa Saragozza,1916,2,4,0,0
2019,MALPIGHI-2,Porto - Saragozza,Malpighi,1947,24,64,0,0
2019,MALPIGHI-1,Porto - Saragozza,Malpighi,1964,50,121,0,0
2019,MALPIGHI-1,Porto - Saragozza,Malpighi,1966,34,68,0,0
2019,MALPIGHI-2,Porto - Saragozza,Malpighi,1976,34,262,0,1660
2019,MALPIGHI-2,Porto - Saragozza,Malpighi,1984,69,123,0,0
2019,MALPIGHI-2,Porto - Saragozza,Malpighi,1985,38,55,0,0
2019,MALPIGHI-2,Porto - Saragozza,Malpighi,2000,46,127,0,43
2019,FOSSOLO,Savena,Mazzini,2003,6,21,0,71
2019,FOSSOLO,Savena,Mazzini,2007,36,57,0,0
2019,FOSSOLO,Savena,Mazzini,2016,7,5,0,0
2019,PONTEVECCHIO,Savena,Mazzini,2020,49,89,0,0
2019,FOSSOLO,Savena,Mazzini,2033,40,116,0,0
2019,MALPIGHI-2,Porto - Saragozza,Malpighi,1983,10,23,0,0
2019,MALPIGHI-2,Porto - Saragozza,Malpighi,1987,4,10,0,0
2019,MALPIGHI-2,Porto - Saragozza,Malpighi,2000,46,127,0,111
2019,FOSSOLO,Savena,Mazzini,2008,56,61,0,75
2019,FOSSOLO,Savena,Mazzini,2013,24,31,0,0
2019,PONTEVECCHIO,Savena,Mazzini,2026,3,3,0,72
2019,PONTEVECCHIO,Savena,Mazzini,2027,18,29,0,0
2019,BITONE,Savena,Mazzini,2028,28,37,0,0
2019,DUE MADONNE,Savena,Mazzini,2049,2,2,0,0
2019,BITONE,Savena,Mazzini,2088,2,2,0,0
2019,BITONE,Savena,Mazzini,2101,28,44,0,0
2019,BITONE,Savena,Mazzini,2104,7,10,0,0
2019,BITONE,Savena,Mazzini,2113,15,25,0,0
2019,BITONE,Savena,Mazzini,2115,5,12,0,0
2019,VIA ARNO,Savena,Mazzini,2121,13,13,0,0
2019,VIA ARNO,Savena,Mazzini,2127,14,15,0,0
2019,VIA ARNO,Savena,Mazzini,2134,44,88,0,0
2019,CAVEDONE,Savena,Mazzini,2143,13,15,0,78
2019,VIA ARNO,Savena,Mazzini,2151,11,19,0,0
2019,VIA ARNO,Savena,Mazzini,2153,2,2,0,0
2019,MONTE DONATO,Savena,S. Ruffillo,2166,7,7,0,0
2019,VIA TOSCANA,Savena,S. Ruffillo,2189,5,5,0,0
2019,VIA TOSCANA,Savena,S. Ruffillo,2191,1,2,0,0
2019,VIA TOSCANA,Savena,S. Ruffillo,2198,2,1,0,0
2019,VIA TOSCANA,Savena,S. Ruffillo,2203,20,47,0,0
2019,VIA TOSCANA,Savena,S. Ruffillo,2204,2,3,0,381
2019,VIA TOSCANA,Savena,S. Ruffillo,2210,14,16,0,0
2019,VIA TOSCANA,Savena,S. Ruffillo,2233,7,12,0,0
2019,CORELLI,Savena,S. Ruffillo,2250,1,1,0,0
2019,CORELLI,Savena,S. Ruffillo,2258,4,6,0,0
2019,CORELLI,Savena,S. Ruffillo,2263,26,118,0,216
2019,CORELLI,Savena,S. Ruffillo,2278,1,0,0,0
2019,MONTE DONATO,Savena,S. Ruffillo,2290,2,3,0,0
2019,MONTE DONATO,Savena,S. Ruffillo,2293,4,4,0,0
2019,PONTE SAVENA-LA BASTIA,Savena,S. Ruffillo,2319,4,5,0,0
2019,FOSSOLO,Savena,Mazzini,2036,15,24,0,0
2019,DUE MADONNE,Savena,Mazzini,2044,3,4,0,0
2019,PONTEVECCHIO,Savena,Mazzini,2056,16,34,0,0
2019,PONTEVECCHIO,Savena,Mazzini,2062,4,4,0,0
2019,BITONE,Savena,Mazzini,2075,11,20,0,0
2019,BITONE,Savena,Mazzini,2097,11,23,0,0
2019,BITONE,Savena,Mazzini,2105,8,9,0,0
2019,BITONE,Savena,Mazzini,2116,27,43,0,0
2019,BITONE,Savena,Mazzini,2118,21,54,0,75
2019,CAVEDONE,Savena,Mazzini,2145,28,40,0,52
2019,CAVEDONE,Savena,Mazzini,2147,21,25,0,78
2019,VIA ARNO,Savena,Mazzini,2149,60,118,0,21
2019,VIA TOSCANA,Savena,S. Ruffillo,2165,8,8,0,0
2019,VIA TOSCANA,Savena,S. Ruffillo,2179,8,10,0,0
2019,VIA TOSCANA,Savena,S. Ruffillo,2181,5,5,0,0
2019,VIA TOSCANA,Savena,S. Ruffillo,2187,1,2,0,0
2019,VIA TOSCANA,Savena,S. Ruffillo,2204,2,3,0,390
2019,CORELLI,Savena,S. Ruffillo,2226,9,165,0,0
2019,VIA TOSCANA,Savena,S. Ruffillo,2234,7,8,0,0
2019,VIA TOSCANA,Savena,S. Ruffillo,2235,12,22,0,0
2019,CORELLI,Savena,S. Ruffillo,2245,3,4,0,0
2019,CORELLI,Savena,S. Ruffillo,2252,17,16,0,0
2019,CORELLI,Savena,S. Ruffillo,2253,25,42,0,23
2019,CORELLI,Savena,S. Ruffillo,2261,6,9,0,0
2019,CORELLI,Savena,S. Ruffillo,2264,22,25,0,0
2019,CORELLI,Savena,S. Ruffillo,2266,32,46,0,0
2019,CORELLI,Savena,S. Ruffillo,2276,12,16,0,0
2019,CORELLI,Savena,S. Ruffillo,2280,3,3,0,0
2019,CORELLI,Savena,S. Ruffillo,2287,3,3,0,0
2019,MONTE DONATO,Savena,S. Ruffillo,2292,42,64,0,0
2019,VIA TOSCANA,Savena,S. Ruffillo,2298,10,15,0,0
2019,CORELLI,Savena,S. Ruffillo,2303,5,8,0,0
2019,SAVENA ABBANDONATO,Navile,Corticella,2325,1,4,0,0
2019,PESCAROLA,Navile,Lame,2327,9,16,0,0
2019,BATTINDARNO,Borgo Panigale - Reno,Barca,2328,8,8,0,0
2018,VIA DEL VIVAIO,Borgo Panigale - Reno,Borgo Panigale,11,1,1,0,0
2018,VIA DEL VIVAIO,Borgo Panigale - Reno,Borgo Panigale,15,3,4,0,0
2018,BARGELLINO,Borgo Panigale - Reno,Borgo Panigale,24,4,527,0,0
2018,AEROPORTO,Borgo Panigale - Reno,Borgo Panigale,31,5,25,0,0
2018,LA BIRRA,Borgo Panigale - Reno,Borgo Panigale,60,13,22,0,0
2018,LA BIRRA,Borgo Panigale - Reno,Borgo Panigale,63,3,8,0,0
2018,DUCATI-VILLAGGIO INA,Borgo Panigale - Reno,Borgo Panigale,74,2,5,0,0
2018,BORGO CENTRO,Borgo Panigale - Reno,Borgo Panigale,89,1,1,0,0
2018,BORGO CENTRO,Borgo Panigale - Reno,Borgo Panigale,105,7,10,0,0
2018,BORGO CENTRO,Borgo Panigale - Reno,Borgo Panigale,108,14,25,0,0
2018,BORGO CENTRO,Borgo Panigale - Reno,Borgo Panigale,113,14,23,0,0
2018,RIGOSA,Borgo Panigale - Reno,Borgo Panigale,132,1,1,0,0
2018,BORGO CENTRO,Borgo Panigale - Reno,Borgo Panigale,144,10,19,0,0
2018,TRIUMVIRATO-PIETRA,Borgo Panigale - Reno,Borgo Panigale,154,45,98,0,0
2018,CASTELDEBOLE,Borgo Panigale - Reno,Borgo Panigale,169,22,24,0,0
2018,CASTELDEBOLE,Borgo Panigale - Reno,Borgo Panigale,174,29,73,0,0
2018,RIGOSA,Borgo Panigale - Reno,Borgo Panigale,201,1,172,0,0
2018,ARCOVEGGIO,Navile,Bolognina,248,13,14,0,0
2018,ARCOVEGGIO,Navile,Bolognina,266,5,5,0,0
2018,PIAZZA DELL'UNITA',Navile,Bolognina,277,12,39,0,0
2018,PIAZZA DELL'UNITA',Navile,Bolognina,279,10,14,0,0
2018,PIAZZA DELL'UNITA',Navile,Bolognina,286,3,3,0,0
2018,VIA FERRARESE,Navile,Bolognina,325,50,68,0,0
2018,VIA FERRARESE,Navile,Bolognina,326,29,41,0,0
2018,VIA FERRARESE,Navile,Bolognina,328,9,14,0,0
2018,PIAZZA DELL'UNITA',Navile,Bolognina,345,14,177,0,0
2018,PIAZZA DELL'UNITA',Navile,Bolognina,360,31,66,0,0
2018,SAN SAVINO,Navile,Corticella,396,9,12,0,0
2018,SAN SAVINO,Navile,Corticella,415,28,50,0,0
2018,SAVENA ABBANDONATO,Navile,Corticella,418,1,24,0,0
2018,SAVENA ABBANDONATO,Navile,Corticella,426,1,5,0,0
2018,SAVENA ABBANDONATO,Navile,Corticella,429,2,3,0,0
2018,SAVENA ABBANDONATO,Navile,Corticella,431,17,42,0,0
2018,CROCE COPERTA,Navile,Corticella,446,10,81,0,0
2018,CROCE COPERTA,Navile,Corticella,461,23,629,0,0
2018,CROCE COPERTA,Navile,Corticella,464,5,5,0,0
2018,CROCE COPERTA,Navile,Corticella,467,17,29,0,0
2018,MULINO DEL GOMITO,Navile,Corticella,478,26,263,0,0
2018,LA DOZZA,Navile,Corticella,487,2,11,0,0
2018,SAVENA ABBANDONATO,Navile,Corticella,488,1,30,0,0
2018,LA NOCE,Navile,Lame,501,34,60,0,0
2018,TIRO A SEGNO,Navile,Lame,530,3,4,0,0
2018,TIRO A SEGNO,Navile,Lame,541,1,1,0,0
2018,PESCAROLA,Navile,Lame,545,12,13,0,0
2018,BEVERARA,Navile,Lame,574,3,4,0,0
2018,LAZZARETTO,Navile,Lame,579,23,42,0,0
2018,BEVERARA,Navile,Lame,589,22,39,0,0
2018,MARCONI-2,Porto - Saragozza,Marconi,613,15,216,0,0
2018,MARCONI-2,Porto - Saragozza,Marconi,617,17,187,0,0
2018,MARCONI-2,Porto - Saragozza,Marconi,618,28,55,0,0
2018,MARCONI-2,Porto - Saragozza,Marconi,629,10,15,0,0
2018,MARCONI-2,Porto - Saragozza,Marconi,663,28,49,0,0
2018,MARCONI-2,Porto - Saragozza,Marconi,664,138,338,0,0
2018,MARCONI-2,Porto - Saragozza,Marconi,672,26,39,0,0
2018,MARCONI-2,Porto - Saragozza,Marconi,674,63,121,0,0
2018,MARCONI-1,Porto - Saragozza,Marconi,693,42,79,0,0
2018,MARCONI-1,Porto - Saragozza,Marconi,696,81,203,0,0
2018,SCALO RAVONE,Porto - Saragozza,Saffi,702,6,39,0,0
2018,ZANARDI,Porto - Saragozza,Saffi,703,16,860,0,0
2018,VELODROMO,Porto - Saragozza,Saffi,755,4,4,0,0
2018,VIA VITTORIO VENETO,Porto - Saragozza,Saffi,776,18,22,0,0
2018,CANALE DI RENO,Borgo Panigale - Reno,Barca,879,17,19,0,0
2018,CANALE DI RENO,Borgo Panigale - Reno,Barca,885,2,4,0,0
2018,AGUCCHI,Borgo Panigale - Reno,S. Viola,888,57,308,0,0
2018,AGUCCHI,Borgo Panigale - Reno,S. Viola,900,1,2,0,0
2018,AGUCCHI,Borgo Panigale - Reno,S. Viola,903,33,57,0,0
2018,EMILIA PONENTE,Borgo Panigale - Reno,S. Viola,917,29,32,0,0
2018,EMILIA PONENTE,Borgo Panigale - Reno,S. Viola,918,32,66,0,0
2018,CADRIANO-CALAMOSCO,San Donato - San Vitale,San Donato,957,3,4,0,0
2018,VIA DEL LAVORO,San Donato - San Vitale,San Donato,1006,22,50,0,0
2018,VIA DEL LAVORO,San Donato - San Vitale,San Donato,1007,7,10,0,0
2018,MICHELINO,San Donato - San Vitale,San Donato,1012,1,5,0,0
2018,MICHELINO,San Donato - San Vitale,San Donato,1017,8,33,0,0
2018,VIA MONDO,San Donato - San Vitale,San Donato,1030,2,2,0,0
2018,VIA MONDO,San Donato - San Vitale,San Donato,1070,26,49,0,0
2018,OSSERVANZA,Santo Stefano,Colli,1144,24,47,0,0
2018,OSSERVANZA,Santo Stefano,Colli,1146,4,4,0,0
2018,OSSERVANZA,Santo Stefano,Colli,1155,37,44,0,0
2018,SAN MICHELE IN BOSCO,Santo Stefano,Colli,1173,3,3,0,0
2018,SAN MICHELE IN BOSCO,Santo Stefano,Colli,1177,3,5,0,0
2018,PADERNO,Santo Stefano,Colli,1193,6,8,0,0
2018,PADERNO,Santo Stefano,Colli,1206,5,5,0,0
2018,GALVANI-2,Santo Stefano,Galvani,1256,72,193,0,0
2018,GALVANI-2,Santo Stefano,Galvani,1259,12,14,0,0
2018,GALVANI-2,Santo Stefano,Galvani,1271,22,29,0,0
2018,GALVANI-2,Santo Stefano,Galvani,1272,61,111,0,0
2018,DAGNINI,Santo Stefano,Murri,1328,1,2,0,0
2018,SIEPELUNGA,Santo Stefano,Murri,1397,13,11,0,0
2018,IRNERIO-2,Santo Stefano,Irnerio,1462,22,30,0,0
2018,IRNERIO-1,Santo Stefano,Irnerio,1486,66,283,0,0
2018,IRNERIO-2,Santo Stefano,Irnerio,1498,13,37,0,0
2018,IRNERIO-2,Santo Stefano,Irnerio,1501,18,32,0,0
2018,IRNERIO-1,Santo Stefano,Irnerio,1506,49,138,0,0
2018,IRNERIO-1,Santo Stefano,Irnerio,1514,7,22,0,0
2018,IRNERIO-1,Santo Stefano,Irnerio,1525,55,176,0,0
2018,IRNERIO-2,Santo Stefano,Irnerio,1547,43,109,0,0
2018,CIRENAICA,San Donato - San Vitale,S. Vitale,1595,6,23,0,0
2018,MENGOLI,San Donato - San Vitale,S. Vitale,1616,21,43,0,0
2018,MENGOLI,San Donato - San Vitale,S. Vitale,1653,41,136,0,0
2018,SCANDELLARA,San Donato - San Vitale,S. Vitale,1680,3,8,0,0
2018,XXI APRILE,Porto - Saragozza,Costa Saragozza,1859,27,35,0,0
2018,SAN GIUSEPPE,Porto - Saragozza,Costa Saragozza,1862,1,1,0,0
2018,SAN GIUSEPPE,Porto - Saragozza,Costa Saragozza,1863,6,6,0,0
2018,RAVONE,Porto - Saragozza,Costa Saragozza,1892,1,1,0,0
2018,SAN GIUSEPPE,Porto - Saragozza,Costa Saragozza,1902,52,70,0,0
2018,SAN GIUSEPPE,Porto - Saragozza,Costa Saragozza,1905,38,110,0,0
2018,MALPIGHI-2,Porto - Saragozza,Malpighi,1934,37,59,0,0
2018,MALPIGHI-2,Porto - Saragozza,Malpighi,1994,13,13,0,0
2018,MALPIGHI-2,Porto - Saragozza,Malpighi,1995,10,10,0,0
2018,FOSSOLO,Savena,Mazzini,2015,24,28,0,0
2018,DUE MADONNE,Savena,Mazzini,2019,1,9,0,0
2018,PONTEVECCHIO,Savena,Mazzini,2024,1,3,0,0
2018,BITONE,Savena,Mazzini,2030,30,37,0,0
2018,FOSSOLO,Savena,Mazzini,2032,26,74,0,0
2018,FOSSOLO,Savena,Mazzini,2034,5,7,0,0
2018,BITONE,Savena,Mazzini,2103,12,22,0,0
2018,BITONE,Savena,Mazzini,2104,7,7,0,0
2018,BITONE,Savena,Mazzini,2111,1,1,0,0
2018,VIA ARNO,Savena,Mazzini,2152,4,4,0,0
2018,OSPEDALE BELLARIA,Savena,Mazzini,2158,1,1,0,0
2018,VIA TOSCANA,Savena,S. Ruffillo,2162,3,3,0,0
2018,VIA TOSCANA,Savena,S. Ruffillo,2184,6,7,0,0
2018,VIA TOSCANA,Savena,S. Ruffillo,2188,2,2,0,0
2018,VIA TOSCANA,Savena,S. Ruffillo,2189,4,4,0,0
2018,VIA TOSCANA,Savena,S. Ruffillo,2237,5,7,0,0
2018,CORELLI,Savena,S. Ruffillo,2271,8,10,0,0
2018,CORELLI,Savena,S. Ruffillo,2280,3,2,0,0
2018,CORELLI,Savena,S. Ruffillo,2284,1,1,0,0
2018,MONTE DONATO,Savena,S. Ruffillo,2290,3,5,0,0
2018,PONTE SAVENA-LA BASTIA,Savena,S. Ruffillo,2318,8,9,0,0
2019,AEROPORTO,Borgo Panigale - Reno,Borgo Panigale,45,3,48,0,0
2019,RIGOSA,Borgo Panigale - Reno,Borgo Panigale,50,11,95,0,0
2019,DUCATI-VILLAGGIO INA,Borgo Panigale - Reno,Borgo Panigale,79,27,39,0,0
2019,BORGO CENTRO,Borgo Panigale - Reno,Borgo Panigale,93,1,2,0,0
2019,BORGO CENTRO,Borgo Panigale - Reno,Borgo Panigale,96,2,2,0,0
2019,BORGO CENTRO,Borgo Panigale - Reno,Borgo Panigale,100,10,11,0,60
2019,BORGO CENTRO,Borgo Panigale - Reno,Borgo Panigale,103,17,57,0,0
2018,VIA TOSCANA,Savena,S. Ruffillo,2177,7,7,0,0
2018,VIA TOSCANA,Savena,S. Ruffillo,2181,4,4,0,0
2018,CORELLI,Savena,S. Ruffillo,2216,24,36,0,0
2018,CORELLI,Savena,S. Ruffillo,2251,2,2,0,0
2018,CORELLI,Savena,S. Ruffillo,2256,14,13,0,0
2018,CORELLI,Savena,S. Ruffillo,2260,1,1,0,0
2018,VIA TOSCANA,Savena,S. Ruffillo,2300,11,11,0,0
2018,PONTE SAVENA-LA BASTIA,Savena,S. Ruffillo,2313,9,19,0,0
2018,VIA DEL VIVAIO,Borgo Panigale - Reno,Borgo Panigale,19,2,2,0,0
2018,RIGOSA,Borgo Panigale - Reno,Borgo Panigale,49,1,8,0,0
2018,VIA DEL VIVAIO,Borgo Panigale - Reno,Borgo Panigale,52,2,2,0,0
2018,LA BIRRA,Borgo Panigale - Reno,Borgo Panigale,67,4,16,0,0
2018,DUCATI-VILLAGGIO INA,Borgo Panigale - Reno,Borgo Panigale,80,1,3,0,0
2018,BORGO CENTRO,Borgo Panigale - Reno,Borgo Panigale,103,18,36,0,0
2018,BORGO CENTRO,Borgo Panigale - Reno,Borgo Panigale,116,9,33,0,0
2018,BORGO CENTRO,Borgo Panigale - Reno,Borgo Panigale,142,53,148,0,0
2018,RIGOSA,Borgo Panigale - Reno,Borgo Panigale,161,5,4,0,0
2018,RIGOSA,Borgo Panigale - Reno,Borgo Panigale,192,1,1,0,0
2018,ARCOVEGGIO,Navile,Bolognina,243,10,14,0,0
2018,ARCOVEGGIO,Navile,Bolognina,246,8,17,0,0
2018,ARCOVEGGIO,Navile,Bolognina,269,39,73,0,0
2018,ARCOVEGGIO,Navile,Bolognina,271,8,7,0,0
2018,PIAZZA DELL'UNITA',Navile,Bolognina,288,13,14,0,0
2018,VIA FERRARESE,Navile,Bolognina,308,23,44,0,0
2018,VIA FERRARESE,Navile,Bolognina,324,18,22,0,0
2018,VIA FERRARESE,Navile,Bolognina,338,8,15,0,0
2018,VIA FERRARESE,Navile,Bolognina,339,13,343,0,0
2018,SAN SAVINO,Navile,Corticella,384,3,7,0,0
2018,SAN SAVINO,Navile,Corticella,401,1,2,0,0
2018,SAN SAVINO,Navile,Corticella,412,21,34,0,0
2018,SAVENA ABBANDONATO,Navile,Corticella,428,4,6,0,0
2018,CROCE COPERTA,Navile,Corticella,462,52,387,0,0
2018,LAGHETTI DEL ROSARIO,Navile,Lame,499,6,25,0,0
2018,PESCAROLA,Navile,Lame,550,22,55,0,0
2018,PESCAROLA,Navile,Lame,554,15,20,0,0
2018,BEVERARA,Navile,Lame,563,21,47,0,0
2018,BEVERARA,Navile,Lame,595,13,30,0,0
2018,BEVERARA,Navile,Lame,596,30,311,0,0
2018,MARCONI-2,Porto - Saragozza,Marconi,639,5,27,0,0
2018,MARCONI-2,Porto - Saragozza,Marconi,641,48,136,0,0
2018,MARCONI-2,Porto - Saragozza,Marconi,654,8,22,0,0
2018,MARCONI-1,Porto - Saragozza,Marconi,689,1,19,0,0
2018,ZANARDI,Porto - Saragozza,Saffi,724,27,69,0,0
2018,VELODROMO,Porto - Saragozza,Saffi,747,14,23,0,0
2018,VELODROMO,Porto - Saragozza,Saffi,751,7,8,0,0
2018,VIA VITTORIO VENETO,Porto - Saragozza,Saffi,766,17,18,0,0
2018,BATTINDARNO,Borgo Panigale - Reno,Barca,816,17,22,0,0
2018,VILLAGGIO DELLA BARCA,Borgo Panigale - Reno,Barca,827,2,2,0,0
2018,VILLAGGIO DELLA BARCA,Borgo Panigale - Reno,Barca,833,16,57,0,0
2018,VILLAGGIO DELLA BARCA,Borgo Panigale - Reno,Barca,849,7,9,0,0
2018,BATTINDARNO,Borgo Panigale - Reno,Barca,851,10,11,0,0
2018,CANALE DI RENO,Borgo Panigale - Reno,Barca,877,22,215,0,0
2018,AGUCCHI,Borgo Panigale - Reno,S. Viola,902,28,32,0,0
2018,CADRIANO-CALAMOSCO,San Donato - San Vitale,San Donato,935,3,3,0,0
2018,CADRIANO-CALAMOSCO,San Donato - San Vitale,San Donato,946,3,8,0,0
2018,VIA DEL LAVORO,San Donato - San Vitale,San Donato,1008,7,14,0,0
2018,VIA MONDO,San Donato - San Vitale,San Donato,1029,21,30,0,0
2018,VIA MONDO,San Donato - San Vitale,San Donato,1075,3,3,0,0
2018,PILASTRO,San Donato - San Vitale,San Donato,1098,4,8,0,0
2018,CAAB,San Donato - San Vitale,San Donato,1120,4,22,0,0
2018,PADERNO,Santo Stefano,Colli,1149,2,2,0,0
2018,SAN MICHELE IN BOSCO,Santo Stefano,Colli,1167,12,11,0,0
2018,GALVANI-1,Santo Stefano,Galvani,1221,3,238,0,0
2018,GALVANI-2,Santo Stefano,Galvani,1232,69,113,0,0
2018,GALVANI-2,Santo Stefano,Galvani,1246,41,59,0,0
2018,GALVANI-2,Santo Stefano,Galvani,1260,25,33,0,0
2018,GALVANI-2,Santo Stefano,Galvani,1262,28,45,0,0
2018,GALVANI-2,Santo Stefano,Galvani,1265,82,112,0,0
2018,DAGNINI,Santo Stefano,Murri,1366,16,29,0,0
2018,SIEPELUNGA,Santo Stefano,Murri,1398,31,36,0,0
2018,CHIESANUOVA,Santo Stefano,Murri,1427,14,20,0,0
2018,IRNERIO-2,Santo Stefano,Irnerio,1472,2,564,0,0
2018,IRNERIO-1,Santo Stefano,Irnerio,1492,16,25,0,0
2018,IRNERIO-1,Santo Stefano,Irnerio,1493,46,124,0,0
2018,IRNERIO-1,Santo Stefano,Irnerio,1508,15,54,0,0
2018,IRNERIO-1,Santo Stefano,Irnerio,1511,73,132,0,0
2018,IRNERIO-1,Santo Stefano,Irnerio,1517,1,1,0,0
2018,IRNERIO-1,Santo Stefano,Irnerio,1520,62,369,0,0
2018,CIRENAICA,San Donato - San Vitale,S. Vitale,1559,3,3,0,0
2018,CIRENAICA,San Donato - San Vitale,S. Vitale,1562,52,86,0,0
2018,CIRENAICA,San Donato - San Vitale,S. Vitale,1564,7,17,0,0
2018,CIRENAICA,San Donato - San Vitale,S. Vitale,1575,2,2,0,0
2018,CIRENAICA,San Donato - San Vitale,S. Vitale,1596,5,4,0,0
2018,MENGOLI,San Donato - San Vitale,S. Vitale,1633,20,33,0,0
2018,MENGOLI,San Donato - San Vitale,S. Vitale,1656,39,76,0,0
2018,ROVERI,San Donato - San Vitale,S. Vitale,1674,8,24,0,0
2018,ROVERI,San Donato - San Vitale,S. Vitale,1692,84,446,0,0
2018,ROVERI,San Donato - San Vitale,S. Vitale,1702,4,47,0,0
2018,ROVERI,San Donato - San Vitale,S. Vitale,1709,4,67,0,0
2018,GUELFA,San Donato - San Vitale,S. Vitale,1726,8,8,0,0
2018,GUELFA,San Donato - San Vitale,S. Vitale,1779,48,105,0,0
2018,XXI APRILE,Porto - Saragozza,Costa Saragozza,1794,23,150,0,0
2018,STADIO-MELONCELLO,Porto - Saragozza,Costa Saragozza,1813,8,12,0,0
2018,SAN GIUSEPPE,Porto - Saragozza,Costa Saragozza,1873,24,26,0,0
2018,SAN GIUSEPPE,Porto - Saragozza,Costa Saragozza,1876,96,221,0,0
2018,SAN GIUSEPPE,Porto - Saragozza,Costa Saragozza,1908,4,3,0,0
2018,VIA DEL GENIO,Porto - Saragozza,Costa Saragozza,1912,1,1,0,0
2018,SAN LUCA,Porto - Saragozza,Costa Saragozza,1913,3,19,0,0
2018,SAN LUCA,Porto - Saragozza,Costa Saragozza,1924,7,12,0,0
2018,MALPIGHI-2,Porto - Saragozza,Malpighi,1935,40,81,0,0
2018,MALPIGHI-1,Porto - Saragozza,Malpighi,1958,7,9,0,0
2018,MALPIGHI-2,Porto - Saragozza,Malpighi,1976,33,226,0,0
2018,MALPIGHI-2,Porto - Saragozza,Malpighi,1978,31,67,0,0
2018,MALPIGHI-2,Porto - Saragozza,Malpighi,1992,67,149,0,0
2018,MALPIGHI-2,Porto - Saragozza,Malpighi,1997,22,36,0,0
2018,MALPIGHI-2,Porto - Saragozza,Malpighi,1998,31,74,0,0
2018,FOSSOLO,Savena,Mazzini,2011,7,19,0,0
2018,PONTEVECCHIO,Savena,Mazzini,2025,44,59,0,0
2018,PONTEVECCHIO,Savena,Mazzini,2068,19,23,0,0
2018,BITONE,Savena,Mazzini,2073,11,12,0,0
2018,BITONE,Savena,Mazzini,2098,10,11,0,0
2018,BITONE,Savena,Mazzini,2117,4,4,0,0
2018,VIA ARNO,Savena,Mazzini,2120,25,46,0,0
2018,VIA ARNO,Savena,Mazzini,2135,3,4,0,0
2018,CAVEDONE,Savena,Mazzini,2142,8,9,0,0
2018,VIA ARNO,Savena,Mazzini,2153,3,3,0,0
2018,VIA ARNO,Savena,Mazzini,2154,14,27,0,0
2018,VIA TOSCANA,Savena,S. Ruffillo,2168,2,2,0,0
2018,VIA TOSCANA,Savena,S. Ruffillo,2192,7,9,0,0
2018,VIA TOSCANA,Savena,S. Ruffillo,2193,2,2,0,0
2018,VIA TOSCANA,Savena,S. Ruffillo,2233,6,8,0,0
2018,CORELLI,Savena,S. Ruffillo,2264,21,21,0,0
2018,CORELLI,Savena,S. Ruffillo,2282,1,1,0,0
2018,VIA TOSCANA,Savena,S. Ruffillo,2299,22,22,0,0
2019,VIA DEL VIVAIO,Borgo Panigale - Reno,Borgo Panigale,21,6,5,0,0
2019,AEROPORTO,Borgo Panigale - Reno,Borgo Panigale,34,5,82,0,0
2019,BORGO CENTRO,Borgo Panigale - Reno,Borgo Panigale,101,31,74,0,0
2019,TRIUMVIRATO-PIETRA,Borgo Panigale - Reno,Borgo Panigale,150,16,25,0,0
2019,TRIUMVIRATO-PIETRA,Borgo Panigale - Reno,Borgo Panigale,151,12,27,0,0
2019,RIGOSA,Borgo Panigale - Reno,Borgo Panigale,161,5,5,0,0
2019,CASTELDEBOLE,Borgo Panigale - Reno,Borgo Panigale,171,26,28,0,0
2019,RIGOSA,Borgo Panigale - Reno,Borgo Panigale,188,2,1,0,0
2019,CASTELDEBOLE,Borgo Panigale - Reno,Borgo Panigale,196,9,14,0,0
2019,CASERME ROSSE-MANIFATTURA,Navile,Bolognina,216,3,15,0,0
2019,ARCOVEGGIO,Navile,Bolognina,231,20,71,0,0
2019,ARCOVEGGIO,Navile,Bolognina,236,7,18,0,0
2019,ARCOVEGGIO,Navile,Bolognina,238,13,16,0,0
2019,ARCOVEGGIO,Navile,Bolognina,240,7,31,0,0
2019,PIAZZA DELL'UNITA',Navile,Bolognina,278,10,17,0,0
2019,PIAZZA DELL'UNITA',Navile,Bolognina,289,20,70,0,0
2019,PIAZZA DELL'UNITA',Navile,Bolognina,293,9,11,0,0
2019,VIA FERRARESE,Navile,Bolognina,323,45,162,0,0
2019,SAVENA ABBANDONATO,Navile,Corticella,373,2,55,0,0
2019,SAVENA ABBANDONATO,Navile,Corticella,374,1,1,0,0
2019,SAN SAVINO,Navile,Corticella,382,17,16,0,0
2019,SAN SAVINO,Navile,Corticella,404,28,77,0,263
2019,SAN SAVINO,Navile,Corticella,413,32,43,0,0
2019,CROCE COPERTA,Navile,Corticella,435,54,258,0,0
2019,CROCE COPERTA,Navile,Corticella,444,20,24,0,0
2019,CROCE COPERTA,Navile,Corticella,455,22,189,0,0
2019,LAGHETTI DEL ROSARIO,Navile,Lame,513,1,9,0,0
2019,TIRO A SEGNO,Navile,Lame,525,4,6,0,0
2019,PESCAROLA,Navile,Lame,543,41,94,0,0
2019,MARCONI-2,Porto - Saragozza,Marconi,603,53,166,0,0
2019,MARCONI-2,Porto - Saragozza,Marconi,634,51,174,0,0
2019,MARCONI-2,Porto - Saragozza,Marconi,647,47,85,0,0
2019,VIA VITTORIO VENETO,Porto - Saragozza,Saffi,760,22,53,0,51
2019,VIA VITTORIO VENETO,Porto - Saragozza,Saffi,761,23,33,0,49
2019,VIA VITTORIO VENETO,Porto - Saragozza,Saffi,768,9,14,0,0
2019,BATTINDARNO,Borgo Panigale - Reno,Barca,801,11,11,0,0
2019,BATTINDARNO,Borgo Panigale - Reno,Barca,803,19,32,0,23
2019,BATTINDARNO,Borgo Panigale - Reno,Barca,814,16,28,0,0
2019,VILLAGGIO DELLA BARCA,Borgo Panigale - Reno,Barca,840,3,3,0,0
2019,VILLAGGIO DELLA BARCA,Borgo Panigale - Reno,Barca,841,2,3,0,0
2019,CANALE DI RENO,Borgo Panigale - Reno,Barca,858,31,1018,0,74
2019,CANALE DI RENO,Borgo Panigale - Reno,Barca,870,24,48,0,0
2019,CANALE DI RENO,Borgo Panigale - Reno,Barca,881,13,24,0,0
2019,EMILIA PONENTE,Borgo Panigale - Reno,S. Viola,908,76,141,0,0
2019,EMILIA PONENTE,Borgo Panigale - Reno,S. Viola,924,11,14,0,0
2019,EMILIA PONENTE,Borgo Panigale - Reno,S. Viola,928,27,41,0,0
2019,CADRIANO-CALAMOSCO,San Donato - San Vitale,San Donato,945,3,3,0,0
2019,CADRIANO-CALAMOSCO,San Donato - San Vitale,San Donato,951,1,1,0,0
2019,FIERA,San Donato - San Vitale,San Donato,959,7,81,0,0
2019,VIA DEL LAVORO,San Donato - San Vitale,San Donato,1001,8,12,0,0
2019,MICHELINO,San Donato - San Vitale,San Donato,1020,9,683,0,0
2019,VIA MONDO,San Donato - San Vitale,San Donato,1029,24,33,0,0
2019,VIA MONDO,San Donato - San Vitale,San Donato,1055,40,74,0,0
2019,VIA MONDO,San Donato - San Vitale,San Donato,1058,1,1,0,0
2019,VIA MONDO,San Donato - San Vitale,San Donato,1059,1,1,0,231
2019,SAN DONNINO,San Donato - San Vitale,San Donato,1079,9,9,0,0
2019,PILASTRO,San Donato - San Vitale,San Donato,1093,7,10,0,0
2019,CAAB,San Donato - San Vitale,San Donato,1112,1,184,0,0
2019,CAAB,San Donato - San Vitale,San Donato,1113,8,17,0,0
2019,SAN MICHELE IN BOSCO,Santo Stefano,Colli,1170,42,158,0,54
2019,GALVANI-1,Santo Stefano,Galvani,1229,76,114,0,0
2019,GALVANI-2,Santo Stefano,Galvani,1257,15,14,0,0
2019,GALVANI-2,Santo Stefano,Galvani,1262,25,40,0,0
2019,GALVANI-2,Santo Stefano,Galvani,1269,70,111,0,0
2019,DAGNINI,Santo Stefano,Murri,1311,35,53,0,0
2019,DAGNINI,Santo Stefano,Murri,1312,56,96,0,0
2019,DAGNINI,Santo Stefano,Murri,1316,21,30,0,0
2019,DAGNINI,Santo Stefano,Murri,1332,27,42,0,0
2019,MEZZOFANTI,Santo Stefano,Murri,1340,25,33,0,0
2019,DAGNINI,Santo Stefano,Murri,1368,9,11,0,0
2019,GIARDINI MARGHERITA,Santo Stefano,Murri,1377,2,26,0,247
2019,SIEPELUNGA,Santo Stefano,Murri,1389,14,49,0,0
2019,SIEPELUNGA,Santo Stefano,Murri,1402,24,41,0,0
2019,CHIESANUOVA,Santo Stefano,Murri,1414,26,37,0,87
2019,CHIESANUOVA,Santo Stefano,Murri,1419,20,32,0,0
2019,IRNERIO-1,Santo Stefano,Irnerio,1512,18,22,0,0
2019,IRNERIO-2,Santo Stefano,Irnerio,1531,24,42,0,0
2019,CIRENAICA,San Donato - San Vitale,S. Vitale,1558,45,255,0,42
2019,CIRENAICA,San Donato - San Vitale,S. Vitale,1559,3,4,0,0
2019,CIRENAICA,San Donato - San Vitale,S. Vitale,1561,75,220,0,0
2019,CIRENAICA,San Donato - San Vitale,S. Vitale,1572,13,14,0,0
2019,CIRENAICA,San Donato - San Vitale,S. Vitale,1584,24,28,0,0
2019,CIRENAICA,San Donato - San Vitale,S. Vitale,1596,5,4,0,0
2019,MENGOLI,San Donato - San Vitale,S. Vitale,1616,22,55,0,0
2019,ROVERI,San Donato - San Vitale,S. Vitale,1696,20,108,0,0
2019,GUELFA,San Donato - San Vitale,S. Vitale,1730,19,28,0,0
2019,GUELFA,San Donato - San Vitale,S. Vitale,1744,27,35,0,0
2019,XXI APRILE,Porto - Saragozza,Costa Saragozza,1804,38,75,0,0
2019,SAN GIUSEPPE,Porto - Saragozza,Costa Saragozza,1866,8,8,0,0
2019,SAN GIUSEPPE,Porto - Saragozza,Costa Saragozza,1872,50,112,0,0
2019,MALPIGHI-2,Porto - Saragozza,Malpighi,1944,34,80,0,0
2019,MALPIGHI-2,Porto - Saragozza,Malpighi,1979,17,38,0,0
2019,MALPIGHI-2,Porto - Saragozza,Malpighi,1992,64,141,0,0
2019,MALPIGHI-2,Porto - Saragozza,Malpighi,1998,34,82,0,0
2019,FOSSOLO,Savena,Mazzini,2003,6,21,0,362
2019,LUNGO SAVENA,Savena,Mazzini,2005,3,65,0,0
2019,PONTEVECCHIO,Savena,Mazzini,2022,13,40,0,0
2019,BITONE,Savena,Mazzini,2030,29,38,0,0
2019,DUE MADONNE,Savena,Mazzini,2040,23,30,0,0
2019,PONTEVECCHIO,Savena,Mazzini,2063,39,146,0,0
2019,PONTEVECCHIO,Savena,Mazzini,2065,4,6,0,0
2019,BITONE,Savena,Mazzini,2077,3,4,0,0
2019,BITONE,Savena,Mazzini,2084,9,9,0,77
2019,BITONE,Savena,Mazzini,2087,40,62,0,0
2019,BITONE,Savena,Mazzini,2090,11,17,0,0
2019,BITONE,Savena,Mazzini,2102,12,78,0,0
2019,VIA ARNO,Savena,Mazzini,2126,38,57,0,0
2019,VIA ARNO,Savena,Mazzini,2133,1,5,0,0
2019,CAVEDONE,Savena,Mazzini,2143,13,15,0,202
2019,VIA ARNO,Savena,Mazzini,2152,3,3,0,0
2019,VIA ARNO,Savena,Mazzini,2154,15,26,0,0
2019,OSPEDALE BELLARIA,Savena,Mazzini,2157,7,105,0,0
2019,VIA TOSCANA,Savena,S. Ruffillo,2171,22,33,0,0
2019,VIA TOSCANA,Savena,S. Ruffillo,2177,5,5,0,0
2019,VIA TOSCANA,Savena,S. Ruffillo,2182,6,6,0,0
2019,MONTE DONATO,Savena,S. Ruffillo,2197,22,40,0,0
2019,VIA TOSCANA,Savena,S. Ruffillo,2206,11,10,0,0
2019,VIA TOSCANA,Savena,S. Ruffillo,2207,29,38,0,0
2019,VIA TOSCANA,Savena,S. Ruffillo,2220,8,12,0,0
2019,VIA TOSCANA,Savena,S. Ruffillo,2223,19,31,0,0
2019,CORELLI,Savena,S. Ruffillo,2254,31,56,0,0
2019,CORELLI,Savena,S. Ruffillo,2270,11,22,0,0
2019,CORELLI,Savena,S. Ruffillo,2273,4,6,0,317
2019,VIA TOSCANA,Savena,S. Ruffillo,2299,26,25,0,0
2019,VIA TOSCANA,Savena,S. Ruffillo,2306,5,5,0,0
2019,PONTE SAVENA-LA BASTIA,Savena,S. Ruffillo,2316,10,11,0,0
2019,PONTE SAVENA-LA BASTIA,Savena,S. Ruffillo,2317,1,2,0,0
2019,CROCE COPERTA,Navile,Corticella,2324,25,111,0,0
2019,EMILIA PONENTE,Borgo Panigale - Reno,S. Viola,2329,28,1176,0,0
2019,FOSSOLO,Savena,Mazzini,2034,6,8,0,52
2019,PONTEVECCHIO,Savena,Mazzini,2066,7,8,0,0
2019,BITONE,Savena,Mazzini,2092,51,101,0,0
2019,BITONE,Savena,Mazzini,2110,6,7,0,0
2019,VIA ARNO,Savena,Mazzini,2122,17,27,0,0
2019,VIA ARNO,Savena,Mazzini,2136,29,51,0,0
2019,VIA TOSCANA,Savena,S. Ruffillo,2161,1,2,0,0
2019,VIA TOSCANA,Savena,S. Ruffillo,2168,3,3,0,0
2019,MONTE DONATO,Savena,S. Ruffillo,2196,2,2,0,0
2019,VIA TOSCANA,Savena,S. Ruffillo,2238,8,22,0,0
2019,CORELLI,Savena,S. Ruffillo,2256,12,11,0,0
2019,CORELLI,Savena,S. Ruffillo,2285,2,6,0,0
2019,VIA TOSCANA,Savena,S. Ruffillo,2301,1,2,0,0
2019,MONTE DONATO,Savena,S. Ruffillo,2310,3,10,0,0
2019,VIA LARGA,San Donato - San Vitale,S. Vitale,2331,13,14,0,0
2019,FOSSOLO,Savena,Mazzini,2333,25,53,0,0
2018,BATTINDARNO,Borgo Panigale - Reno,Barca,808,24,56,0,0
2018,CANALE DI RENO,Borgo Panigale - Reno,Barca,860,5,8,0,0
2018,CANALE DI RENO,Borgo Panigale - Reno,Barca,865,22,600,0,0
2018,CANALE DI RENO,Borgo Panigale - Reno,Barca,866,23,34,0,0
2018,CANALE DI RENO,Borgo Panigale - Reno,Barca,868,33,63,0,0
2018,EMILIA PONENTE,Borgo Panigale - Reno,S. Viola,914,11,22,0,0
2018,EMILIA PONENTE,Borgo Panigale - Reno,S. Viola,915,6,24,0,0
2018,VIA DEL LAVORO,San Donato - San Vitale,San Donato,980,4,2,0,0
2018,VIA DEL LAVORO,San Donato - San Vitale,San Donato,982,18,67,0,0
2018,VIA DEL LAVORO,San Donato - San Vitale,San Donato,999,15,16,0,0
2018,MICHELINO,San Donato - San Vitale,San Donato,1013,11,21,0,0
2018,MICHELINO,San Donato - San Vitale,San Donato,1014,14,22,0,0
2018,MICHELINO,San Donato - San Vitale,San Donato,1015,12,13,0,0
2018,MICHELINO,San Donato - San Vitale,San Donato,1018,16,60,0,0
2018,VIA MONDO,San Donato - San Vitale,San Donato,1031,10,13,0,0
2018,VIA MONDO,San Donato - San Vitale,San Donato,1060,16,21,0,0
2018,PILASTRO,San Donato - San Vitale,San Donato,1108,6,8,0,0
2018,CAAB,San Donato - San Vitale,San Donato,1113,8,15,0,0
2018,CAAB,San Donato - San Vitale,San Donato,1123,14,483,0,0
2018,CAAB,San Donato - San Vitale,San Donato,1126,19,104,0,0
2018,SAN MICHELE IN BOSCO,Santo Stefano,Colli,1166,12,74,0,0
2018,PADERNO,Santo Stefano,Colli,1187,7,8,0,0
2018,PADERNO,Santo Stefano,Colli,1204,1,2,0,0
2018,GALVANI-1,Santo Stefano,Galvani,1217,3,4,0,0
2018,GALVANI-2,Santo Stefano,Galvani,1243,17,31,0,0
2018,GALVANI-2,Santo Stefano,Galvani,1250,26,59,0,0
2018,GALVANI-2,Santo Stefano,Galvani,1279,52,83,0,0
2018,MEZZOFANTI,Santo Stefano,Murri,1302,13,17,0,0
2018,MEZZOFANTI,Santo Stefano,Murri,1308,31,70,0,0
2018,DAGNINI,Santo Stefano,Murri,1312,54,88,0,0
2018,MEZZOFANTI,Santo Stefano,Murri,1325,21,34,0,0
2018,DAGNINI,Santo Stefano,Murri,1329,10,11,0,0
2018,SIEPELUNGA,Santo Stefano,Murri,1386,22,30,0,0
2018,CHIESANUOVA,Santo Stefano,Murri,1437,10,10,0,0
2018,CHIESANUOVA,Santo Stefano,Murri,1444,14,31,0,0
2018,IRNERIO-2,Santo Stefano,Irnerio,1448,42,208,0,0
2018,IRNERIO-2,Santo Stefano,Irnerio,1476,42,95,0,0
2018,IRNERIO-2,Santo Stefano,Irnerio,1478,22,42,0,0
2018,IRNERIO-1,Santo Stefano,Irnerio,1491,7,7,0,0
2018,IRNERIO-1,Santo Stefano,Irnerio,1513,2,14,0,0
2018,IRNERIO-2,Santo Stefano,Irnerio,1533,10,11,0,0
2018,CIRENAICA,San Donato - San Vitale,S. Vitale,1592,17,24,0,0
2018,CIRENAICA,San Donato - San Vitale,S. Vitale,1606,3,31,0,0
2018,CIRENAICA,San Donato - San Vitale,S. Vitale,1608,8,14,0,0
2018,MENGOLI,San Donato - San Vitale,S. Vitale,1615,11,14,0,0
2018,MENGOLI,San Donato - San Vitale,S. Vitale,1624,6,7,0,0
2018,MENGOLI,San Donato - San Vitale,S. Vitale,1625,6,7,0,0
2018,MENGOLI,San Donato - San Vitale,S. Vitale,1632,39,807,0,0
2018,MENGOLI,San Donato - San Vitale,S. Vitale,1646,8,18,0,0
2018,SCANDELLARA,San Donato - San Vitale,S. Vitale,1676,7,6,0,0
2018,GUELFA,San Donato - San Vitale,S. Vitale,1731,9,10,0,0
2018,CROCE DEL BIACCO,San Donato - San Vitale,S. Vitale,1766,12,34,0,0
2018,XXI APRILE,Porto - Saragozza,Costa Saragozza,1784,1,2,0,0
2018,XXI APRILE,Porto - Saragozza,Costa Saragozza,1786,11,27,0,0
2018,XXI APRILE,Porto - Saragozza,Costa Saragozza,1824,27,40,0,0
2018,XXI APRILE,Porto - Saragozza,Costa Saragozza,1830,5,3,0,0
2018,XXI APRILE,Porto - Saragozza,Costa Saragozza,1834,11,16,0,0
2018,XXI APRILE,Porto - Saragozza,Costa Saragozza,1850,19,28,0,0
2018,SAN GIUSEPPE,Porto - Saragozza,Costa Saragozza,1861,55,68,0,0
2018,SAN GIUSEPPE,Porto - Saragozza,Costa Saragozza,1870,28,45,0,0
2018,RAVONE,Porto - Saragozza,Costa Saragozza,1898,16,14,0,0
2018,SAN LUCA,Porto - Saragozza,Costa Saragozza,1916,2,5,0,0
2018,SAN LUCA,Porto - Saragozza,Costa Saragozza,1921,3,3,0,0
2018,MALPIGHI-1,Porto - Saragozza,Malpighi,1955,31,43,0,0
2018,MALPIGHI-1,Porto - Saragozza,Malpighi,1967,39,134,0,0
2018,MALPIGHI-2,Porto - Saragozza,Malpighi,1973,29,42,0,0
2018,MALPIGHI-2,Porto - Saragozza,Malpighi,1974,45,58,0,0
2018,MALPIGHI-2,Porto - Saragozza,Malpighi,1986,36,65,0,0
2018,FOSSOLO,Savena,Mazzini,2018,36,269,0,0
2018,DUE MADONNE,Savena,Mazzini,2039,14,14,0,0
2018,DUE MADONNE,Savena,Mazzini,2040,20,22,0,0
2018,PONTEVECCHIO,Savena,Mazzini,2055,6,5,0,0
2018,PONTEVECCHIO,Savena,Mazzini,2067,17,21,0,0
2018,BITONE,Savena,Mazzini,2075,10,16,0,0
2018,VIA ARNO,Savena,Mazzini,2124,7,11,0,0
2018,VIA TOSCANA,Savena,S. Ruffillo,2165,7,7,0,0
2018,VIA TOSCANA,Savena,S. Ruffillo,2204,1,1,0,0
2018,VIA TOSCANA,Savena,S. Ruffillo,2218,19,38,0,0
2018,CORELLI,Savena,S. Ruffillo,2265,9,9,0,0
2018,CORELLI,Savena,S. Ruffillo,2266,31,45,0,0
2018,PONTE SAVENA-LA BASTIA,Savena,S. Ruffillo,2317,1,2,0,0
2018,BATTINDARNO,Borgo Panigale - Reno,Barca,2328,10,11,0,0
2018,Non Georeferenziato *,Non Georeferenziato *,Non Georeferenziato *,Non disponibile,5635,26095,0,0
2018,PILASTRO,San Donato - San Vitale,San Donato,1102,2,2,0,0
2018,CAAB,San Donato - San Vitale,San Donato,1125,33,423,0,0
2018,OSSERVANZA,Santo Stefano,Colli,1145,33,42,0,0
2018,PADERNO,Santo Stefano,Colli,1175,4,3,0,0
2018,GALVANI-2,Santo Stefano,Galvani,1276,36,42,0,0
2018,GALVANI-2,Santo Stefano,Galvani,1285,51,101,0,0
2018,MEZZOFANTI,Santo Stefano,Murri,1317,60,78,0,0
2018,MEZZOFANTI,Santo Stefano,Murri,1322,8,7,0,0
2018,DAGNINI,Santo Stefano,Murri,1327,4,4,0,0
2018,MEZZOFANTI,Santo Stefano,Murri,1357,14,23,0,0
2018,SIEPELUNGA,Santo Stefano,Murri,1388,15,16,0,0
2018,CHIESANUOVA,Santo Stefano,Murri,1415,3,4,0,0
2018,CHIESANUOVA,Santo Stefano,Murri,1445,21,37,0,0
2018,IRNERIO-2,Santo Stefano,Irnerio,1456,1,1,0,0
2018,IRNERIO-2,Santo Stefano,Irnerio,1485,14,17,0,0
2018,IRNERIO-1,Santo Stefano,Irnerio,1512,17,20,0,0
2018,IRNERIO-1,Santo Stefano,Irnerio,1522,107,305,0,0
2018,IRNERIO-2,Santo Stefano,Irnerio,1534,29,44,0,0
2018,CIRENAICA,San Donato - San Vitale,S. Vitale,1555,25,32,0,0
2018,CIRENAICA,San Donato - San Vitale,S. Vitale,1565,11,35,0,0
2018,CIRENAICA,San Donato - San Vitale,S. Vitale,1584,25,28,0,0
2018,MENGOLI,San Donato - San Vitale,S. Vitale,1651,22,34,0,0
2018,ROVERI,San Donato - San Vitale,S. Vitale,1719,40,463,0,0
2018,XXI APRILE,Porto - Saragozza,Costa Saragozza,1837,29,37,0,0
2018,XXI APRILE,Porto - Saragozza,Costa Saragozza,1851,17,30,0,0
2018,RAVONE,Porto - Saragozza,Costa Saragozza,1894,5,5,0,0
2018,SAN GIUSEPPE,Porto - Saragozza,Costa Saragozza,1900,1,1,0,0
2018,MALPIGHI-2,Porto - Saragozza,Malpighi,1932,50,78,0,0
2018,MALPIGHI-2,Porto - Saragozza,Malpighi,1937,56,153,0,0
2018,PONTEVECCHIO,Savena,Mazzini,2021,10,12,0,0
2018,DUE MADONNE,Savena,Mazzini,2041,18,67,0,0
2018,BITONE,Savena,Mazzini,2071,19,28,0,0
2018,BITONE,Savena,Mazzini,2079,19,42,0,0
2018,VIA TOSCANA,Savena,S. Ruffillo,2174,1,1,0,0
2018,VIA TOSCANA,Savena,S. Ruffillo,2179,8,9,0,0
2018,VIA TOSCANA,Savena,S. Ruffillo,2186,1,1,0,0
2018,VIA TOSCANA,Savena,S. Ruffillo,2207,33,36,0,0
2018,CORELLI,Savena,S. Ruffillo,2226,10,181,0,0
2018,VIA TOSCANA,Savena,S. Ruffillo,2230,3,4,0,0
2018,CORELLI,Savena,S. Ruffillo,2258,4,6,0,0
2018,CORELLI,Savena,S. Ruffillo,2259,12,13,0,0
2018,CORELLI,Savena,S. Ruffillo,2287,2,2,0,0
2018,MONTE DONATO,Savena,S. Ruffillo,2310,4,13,0,0
2018,EMILIA PONENTE,Borgo Panigale - Reno,S. Viola,2330,12,80,0,0
2018,VIA DEL VIVAIO,Borgo Panigale - Reno,Borgo Panigale,1,3,4,0,0
2018,AEROPORTO,Borgo Panigale - Reno,Borgo Panigale,34,4,71,0,0
2018,DUCATI-VILLAGGIO INA,Borgo Panigale - Reno,Borgo Panigale,77,9,9,0,0
2018,BORGO CENTRO,Borgo Panigale - Reno,Borgo Panigale,112,30,42,0,0
2018,RIGOSA,Borgo Panigale - Reno,Borgo Panigale,131,2,35,0,0
2018,CASTELDEBOLE,Borgo Panigale - Reno,Borgo Panigale,177,21,37,0,0
2018,RIGOSA,Borgo Panigale - Reno,Borgo Panigale,200,3,154,0,0
2018,EX MERCATO ORTOFRUTTICOLO,Navile,Bolognina,250,34,247,0,0
2018,PIAZZA DELL'UNITA',Navile,Bolognina,280,4,4,0,0
2018,VIA FERRARESE,Navile,Bolognina,301,13,25,0,0
2018,VIA FERRARESE,Navile,Bolognina,332,32,83,0,0
2018,PIAZZA DELL'UNITA',Navile,Bolognina,340,25,49,0,0
2018,PIAZZA DELL'UNITA',Navile,Bolognina,349,10,10,0,0
2018,SAN SAVINO,Navile,Corticella,377,8,16,0,0
2018,SAN SAVINO,Navile,Corticella,392,6,9,0,0
2018,SAN SAVINO,Navile,Corticella,409,5,5,0,0
2018,SAVENA ABBANDONATO,Navile,Corticella,423,4,7,0,0
2018,MULINO DEL GOMITO,Navile,Corticella,430,3,5,0,0
2018,SAVENA ABBANDONATO,Navile,Corticella,434,1,1,0,0
2018,MULINO DEL GOMITO,Navile,Corticella,475,13,129,0,0
2018,MULINO DEL GOMITO,Navile,Corticella,476,2,15,0,0
2018,LA DOZZA,Navile,Corticella,485,30,79,0,0
2018,PESCAROLA,Navile,Lame,551,11,24,0,0
2018,BEVERARA,Navile,Lame,592,31,269,0,0
2018,MARCONI-2,Porto - Saragozza,Marconi,631,1,0,0,0
2018,MARCONI-2,Porto - Saragozza,Marconi,649,45,84,0,0
2018,MARCONI-2,Porto - Saragozza,Marconi,657,74,310,0,0
2018,MARCONI-2,Porto - Saragozza,Marconi,673,32,59,0,0
2018,MARCONI-1,Porto - Saragozza,Marconi,682,38,70,0,0
2018,MARCONI-1,Porto - Saragozza,Marconi,687,3,7,0,0
2018,ZANARDI,Porto - Saragozza,Saffi,713,23,64,0,0
2018,ZANARDI,Porto - Saragozza,Saffi,722,3,3,0,0
2018,VELODROMO,Porto - Saragozza,Saffi,737,7,18,0,0
2018,VELODROMO,Porto - Saragozza,Saffi,741,14,21,0,0
2018,VIA VITTORIO VENETO,Porto - Saragozza,Saffi,761,24,57,0,0
2018,BATTINDARNO,Borgo Panigale - Reno,Barca,800,5,2,0,0
2018,VILLAGGIO DELLA BARCA,Borgo Panigale - Reno,Barca,818,23,103,0,0
2018,VILLAGGIO DELLA BARCA,Borgo Panigale - Reno,Barca,831,5,5,0,0
2018,VILLAGGIO DELLA BARCA,Borgo Panigale - Reno,Barca,842,4,4,0,0
2018,BATTINDARNO,Borgo Panigale - Reno,Barca,850,5,12,0,0
2018,CANALE DI RENO,Borgo Panigale - Reno,Barca,878,17,28,0,0
2018,AGUCCHI,Borgo Panigale - Reno,S. Viola,891,1,1,0,0
2018,AGUCCHI,Borgo Panigale - Reno,S. Viola,904,53,160,0,0
2018,EMILIA PONENTE,Borgo Panigale - Reno,S. Viola,912,28,38,0,0
2018,EMILIA PONENTE,Borgo Panigale - Reno,S. Viola,916,16,35,0,0
2018,CADRIANO-CALAMOSCO,San Donato - San Vitale,San Donato,937,9,15,0,0
2018,VIA DEL LAVORO,San Donato - San Vitale,San Donato,986,41,134,0,0
2018,VIA DEL LAVORO,San Donato - San Vitale,San Donato,989,9,1146,0,0
2018,VIA MONDO,San Donato - San Vitale,San Donato,1047,8,21,0,0
2018,VIA MONDO,San Donato - San Vitale,San Donato,1051,8,7,0,0
2018,PILASTRO,San Donato - San Vitale,San Donato,1085,4,27,0,0
2018,CAAB,San Donato - San Vitale,San Donato,1114,1,1,0,0
2018,CAAB,San Donato - San Vitale,San Donato,1116,2,2,0,0
2018,PADERNO,Santo Stefano,Colli,1135,3,11,0,0
2018,OSSERVANZA,Santo Stefano,Colli,1153,7,7,0,0
2018,SAN MICHELE IN BOSCO,Santo Stefano,Colli,1168,3,2,0,0
2018,SAN MICHELE IN BOSCO,Santo Stefano,Colli,1174,7,10,0,0
2018,GALVANI-2,Santo Stefano,Galvani,1233,63,103,0,0
2018,GALVANI-2,Santo Stefano,Galvani,1247,31,90,0,0
2018,GALVANI-2,Santo Stefano,Galvani,1257,27,26,0,0
2018,GALVANI-2,Santo Stefano,Galvani,1261,63,145,0,0
2018,GALVANI-2,Santo Stefano,Galvani,1263,64,132,0,0
2018,GALVANI-2,Santo Stefano,Galvani,1268,132,276,0,0
2018,GALVANI-2,Santo Stefano,Galvani,1270,92,127,0,0
2018,GALVANI-2,Santo Stefano,Galvani,1275,33,48,0,0
2018,GALVANI-2,Santo Stefano,Galvani,1278,52,137,0,0
2018,GALVANI-2,Santo Stefano,Galvani,1282,14,22,0,0
2018,GALVANI-2,Santo Stefano,Galvani,1289,39,43,0,0
2018,DAGNINI,Santo Stefano,Murri,1311,33,51,0,0
2018,DAGNINI,Santo Stefano,Murri,1314,68,123,0,0
2018,DAGNINI,Santo Stefano,Murri,1330,10,14,0,0
2018,MEZZOFANTI,Santo Stefano,Murri,1337,95,164,0,0
2018,DAGNINI,Santo Stefano,Murri,1355,8,10,0,0
2018,DAGNINI,Santo Stefano,Murri,1372,73,164,0,0
2018,CHIESANUOVA,Santo Stefano,Murri,1424,22,34,0,0
2018,CHIESANUOVA,Santo Stefano,Murri,1436,3,3,0,0
2018,IRNERIO-2,Santo Stefano,Irnerio,1480,40,152,0,0
2018,IRNERIO-1,Santo Stefano,Irnerio,1494,16,33,0,0
2018,CIRENAICA,San Donato - San Vitale,S. Vitale,1597,6,6,0,0
2018,CIRENAICA,San Donato - San Vitale,S. Vitale,1600,30,36,0,0
2018,MENGOLI,San Donato - San Vitale,S. Vitale,1612,12,17,0,0
2018,MENGOLI,San Donato - San Vitale,S. Vitale,1643,10,12,0,0
2018,MENGOLI,San Donato - San Vitale,S. Vitale,1657,30,44,0,0
2018,MENGOLI,San Donato - San Vitale,S. Vitale,1658,35,147,0,0
2018,VIA LARGA,San Donato - San Vitale,S. Vitale,1687,59,167,0,0
2018,ROVERI,San Donato - San Vitale,S. Vitale,1696,14,105,0,0
2018,ROVERI,San Donato - San Vitale,S. Vitale,1701,14,370,0,0
2018,GUELFA,San Donato - San Vitale,S. Vitale,1721,9,9,0,0
2018,GUELFA,San Donato - San Vitale,S. Vitale,1742,32,48,0,0
2018,XXI APRILE,Porto - Saragozza,Costa Saragozza,1783,6,10,0,0
2018,XXI APRILE,Porto - Saragozza,Costa Saragozza,1796,13,19,0,0
2018,XXI APRILE,Porto - Saragozza,Costa Saragozza,1827,2,2,0,0
2018,XXI APRILE,Porto - Saragozza,Costa Saragozza,1856,22,19,0,0
2018,RAVONE,Porto - Saragozza,Costa Saragozza,1886,16,17,0,0
2018,SAN GIUSEPPE,Porto - Saragozza,Costa Saragozza,1909,5,7,0,0
2018,SAN LUCA,Porto - Saragozza,Costa Saragozza,1914,7,9,0,0
2018,MALPIGHI-2,Porto - Saragozza,Malpighi,1945,73,90,0,0
2018,MALPIGHI-1,Porto - Saragozza,Malpighi,1965,30,96,0,0
2018,MALPIGHI-2,Porto - Saragozza,Malpighi,1983,10,19,0,0
2018,FOSSOLO,Savena,Mazzini,2007,38,69,0,0
2018,BITONE,Savena,Mazzini,2031,19,29,0,0
2018,BITONE,Savena,Mazzini,2070,36,62,0,0
2018,BITONE,Savena,Mazzini,2108,6,7,0,0
2018,VIA ARNO,Savena,Mazzini,2132,16,13,0,0
2018,VIA ARNO,Savena,Mazzini,2136,29,50,0,0
2018,VIA ARNO,Savena,Mazzini,2149,55,106,0,0
2018,MONTE DONATO,Savena,S. Ruffillo,2160,3,3,0,0
2018,VIA TOSCANA,Savena,S. Ruffillo,2170,17,20,0,0
2018,VIA TOSCANA,Savena,S. Ruffillo,2223,15,30,0,0
2018,CORELLI,Savena,S. Ruffillo,2273,4,5,0,0
2018,CORELLI,Savena,S. Ruffillo,2277,9,13,0,0
2018,CORELLI,Savena,S. Ruffillo,2278,1,0,0,0
2018,VIA TOSCANA,Savena,S. Ruffillo,2297,4,11,0,0
2018,PONTE SAVENA-LA BASTIA,Savena,S. Ruffillo,2314,3,17,0,0
2018,PONTE SAVENA-LA BASTIA,Savena,S. Ruffillo,2316,10,11,0,0
2018,PESCAROLA,Navile,Lame,2327,9,16,0,0
2019,LA BIRRA,Borgo Panigale - Reno,Borgo Panigale,67,4,16,0,0
2019,BORGO CENTRO,Borgo Panigale - Reno,Borgo Panigale,90,4,5,0,0
2019,BORGO CENTRO,Borgo Panigale - Reno,Borgo Panigale,94,1,1,0,0
2019,BORGO CENTRO,Borgo Panigale - Reno,Borgo Panigale,107,33,62,0,0
2019,BORGO CENTRO,Borgo Panigale - Reno,Borgo Panigale,118,3,3,0,0
2019,BORGO CENTRO,Borgo Panigale - Reno,Borgo Panigale,143,59,300,0,0
2019,ARCOVEGGIO,Navile,Bolognina,256,26,46,0,0
2019,ARCOVEGGIO,Navile,Bolognina,257,33,69,0,0
2019,ARCOVEGGIO,Navile,Bolognina,263,25,107,0,0
2019,VIA FERRARESE,Navile,Bolognina,311,11,13,0,0
2019,VIA FERRARESE,Navile,Bolognina,318,24,35,0,0
2019,VIA FERRARESE,Navile,Bolognina,322,33,50,0,0
2019,VIA FERRARESE,Navile,Bolognina,325,46,68,0,60
2019,VIA FERRARESE,Navile,Bolognina,338,6,14,0,0
2019,PIAZZA DELL'UNITA',Navile,Bolognina,366,5,14,0,0
2019,SAN SAVINO,Navile,Corticella,390,2,2,0,0
2019,CROCE COPERTA,Navile,Corticella,437,11,82,0,0
2019,CROCE COPERTA,Navile,Corticella,470,13,34,0,0
2019,LA DOZZA,Navile,Corticella,486,5,6,0,0
2019,SAVENA ABBANDONATO,Navile,Corticella,488,1,31,0,0
2019,LAGHETTI DEL ROSARIO,Navile,Lame,493,3,3,0,0
2019,BEVERARA,Navile,Lame,562,14,272,0,0
2019,BEVERARA,Navile,Lame,570,14,400,0,0
2019,BEVERARA,Navile,Lame,571,25,68,0,0
2019,MARCONI-1,Porto - Saragozza,Marconi,697,76,476,0,0
2019,SCALO RAVONE,Porto - Saragozza,Saffi,702,7,39,0,0
2019,ZANARDI,Porto - Saragozza,Saffi,710,1,1,0,0
2019,ZANARDI,Porto - Saragozza,Saffi,711,7,7,0,0
2019,ZANARDI,Porto - Saragozza,Saffi,720,22,112,0,0
2019,ZANARDI,Porto - Saragozza,Saffi,721,4,6,0,0
2019,ZANARDI,Porto - Saragozza,Saffi,724,29,65,0,0
2019,ZANARDI,Porto - Saragozza,Saffi,725,40,351,0,71
2019,ZANARDI,Porto - Saragozza,Saffi,730,11,25,0,0
2019,ZANARDI,Porto - Saragozza,Saffi,732,34,389,0,0
2019,VELODROMO,Porto - Saragozza,Saffi,743,22,159,0,0
2019,VELODROMO,Porto - Saragozza,Saffi,759,11,11,0,0
2019,VILLAGGIO DELLA BARCA,Borgo Panigale - Reno,Barca,784,10,76,0,0
2019,BATTINDARNO,Borgo Panigale - Reno,Barca,788,22,45,0,0
2019,BATTINDARNO,Borgo Panigale - Reno,Barca,798,15,14,0,0
2019,VILLAGGIO DELLA BARCA,Borgo Panigale - Reno,Barca,832,3,7,0,0
2019,CANALE DI RENO,Borgo Panigale - Reno,Barca,856,14,26,0,0
2019,CANALE DI RENO,Borgo Panigale - Reno,Barca,882,2,16,0,0
2019,AGUCCHI,Borgo Panigale - Reno,S. Viola,897,5,22,0,56
2019,AGUCCHI,Borgo Panigale - Reno,S. Viola,901,24,267,0,0
2019,CADRIANO-CALAMOSCO,San Donato - San Vitale,San Donato,934,2,1,0,0
2019,VIA DEL LAVORO,San Donato - San Vitale,San Donato,986,48,164,0,0
2019,VIA DEL LAVORO,San Donato - San Vitale,San Donato,987,2,4,0,0
2019,VIA DEL LAVORO,San Donato - San Vitale,San Donato,992,3,15,0,100
2019,VIA DEL LAVORO,San Donato - San Vitale,San Donato,1000,11,13,0,0
2019,VIA MONDO,San Donato - San Vitale,San Donato,1038,11,31,0,0
2019,VIA MONDO,San Donato - San Vitale,San Donato,1060,15,19,0,0
2019,VIA MONDO,San Donato - San Vitale,San Donato,1066,10,11,0,0
2019,MICHELINO,San Donato - San Vitale,San Donato,1069,4,7,0,0
2019,PILASTRO,San Donato - San Vitale,San Donato,1085,5,28,0,0
2019,PILASTRO,San Donato - San Vitale,San Donato,1090,10,10,0,0
2019,PILASTRO,San Donato - San Vitale,San Donato,1092,31,161,0,0
2019,CAAB,San Donato - San Vitale,San Donato,1116,3,4,0,0
2019,CAAB,San Donato - San Vitale,San Donato,1124,24,589,0,0
2019,SCALO MERCI SAN DONATO,San Donato - San Vitale,San Donato,1129,1,127,0,0
2019,PADERNO,Santo Stefano,Colli,1149,2,2,0,0
2019,PADERNO,Santo Stefano,Colli,1158,5,9,0,0
2019,SAN MICHELE IN BOSCO,Santo Stefano,Colli,1163,9,17,0,0
2019,SAN MICHELE IN BOSCO,Santo Stefano,Colli,1170,42,158,0,47
2019,SAN MICHELE IN BOSCO,Santo Stefano,Colli,1170,42,158,0,32
2019,PADERNO,Santo Stefano,Colli,1184,1,1,0,0
2019,PADERNO,Santo Stefano,Colli,1203,8,16,0,0
2019,GALVANI-2,Santo Stefano,Galvani,1277,34,70,0,0
2019,GALVANI-2,Santo Stefano,Galvani,1278,52,125,0,0
2019,GALVANI-2,Santo Stefano,Galvani,1290,25,136,0,0
2019,MEZZOFANTI,Santo Stefano,Murri,1317,60,75,0,0
2019,MEZZOFANTI,Santo Stefano,Murri,1361,28,31,0,0
2019,SIEPELUNGA,Santo Stefano,Murri,1399,1,1,0,0
2019,CHIESANUOVA,Santo Stefano,Murri,1435,4,6,0,0
2019,CHIESANUOVA,Santo Stefano,Murri,1441,45,59,0,0
2019,CHIESANUOVA,Santo Stefano,Murri,1442,6,6,0,0
2019,IRNERIO-2,Santo Stefano,Irnerio,1465,57,130,0,0
2019,IRNERIO-2,Santo Stefano,Irnerio,1468,64,542,0,0
2019,IRNERIO-1,Santo Stefano,Irnerio,1486,67,309,0,0
2019,IRNERIO-1,Santo Stefano,Irnerio,1489,3,7,0,0
2019,IRNERIO-2,Santo Stefano,Irnerio,1548,35,91,0,0
2019,IRNERIO-2,Santo Stefano,Irnerio,1550,50,126,0,207
2019,CIRENAICA,San Donato - San Vitale,S. Vitale,1565,11,35,0,0
2019,CIRENAICA,San Donato - San Vitale,S. Vitale,1605,16,215,0,0
2019,CIRENAICA,San Donato - San Vitale,S. Vitale,1609,4,14,0,0
2019,MENGOLI,San Donato - San Vitale,S. Vitale,1614,14,45,0,0
2019,MENGOLI,San Donato - San Vitale,S. Vitale,1621,12,32,0,0
2019,MENGOLI,San Donato - San Vitale,S. Vitale,1640,12,22,0,0
2019,ROVERI,San Donato - San Vitale,S. Vitale,1695,7,141,0,0
2019,ROVERI,San Donato - San Vitale,S. Vitale,1717,16,160,0,0
2019,GUELFA,San Donato - San Vitale,S. Vitale,1746,122,474,0,0
2019,CROCE DEL BIACCO,San Donato - San Vitale,S. Vitale,1760,52,1082,0,0
2019,XXI APRILE,Porto - Saragozza,Costa Saragozza,1793,56,91,0,0
2019,XXI APRILE,Porto - Saragozza,Costa Saragozza,1801,4,13,0,19
2019,SAN GIUSEPPE,Porto - Saragozza,Costa Saragozza,1808,1,1,0,0
2019,XXI APRILE,Porto - Saragozza,Costa Saragozza,1840,2,0,0,0
2019,SAN GIUSEPPE,Porto - Saragozza,Costa Saragozza,1861,57,64,0,0
2019,SAN GIUSEPPE,Porto - Saragozza,Costa Saragozza,1867,29,32,0,249
2019,SAN GIUSEPPE,Porto - Saragozza,Costa Saragozza,1868,43,92,0,0
2019,SAN GIUSEPPE,Porto - Saragozza,Costa Saragozza,1869,9,16,0,0
2019,STADIO-MELONCELLO,Porto - Saragozza,Costa Saragozza,1881,14,21,0,0
2019,RAVONE,Porto - Saragozza,Costa Saragozza,1897,3,4,0,0
2019,SAN LUCA,Porto - Saragozza,Costa Saragozza,1914,9,11,0,0
2019,MALPIGHI-2,Porto - Saragozza,Malpighi,1937,64,130,0,0
2019,MALPIGHI-1,Porto - Saragozza,Malpighi,1967,44,148,0,0
2019,VIA DEL VIVAIO,Borgo Panigale - Reno,Borgo Panigale,4,5,6,0,0
2019,VIA DEL VIVAIO,Borgo Panigale - Reno,Borgo Panigale,14,3,23,0,0
2019,VIA DEL VIVAIO,Borgo Panigale - Reno,Borgo Panigale,17,5,41,0,0
2019,AEROPORTO,Borgo Panigale - Reno,Borgo Panigale,33,2,13,0,0
2019,VIA DEL VIVAIO,Borgo Panigale - Reno,Borgo Panigale,54,5,14,0,0
2019,LA BIRRA,Borgo Panigale - Reno,Borgo Panigale,59,10,20,0,0
2019,DUCATI-VILLAGGIO INA,Borgo Panigale - Reno,Borgo Panigale,68,3,2,0,0
2019,DUCATI-VILLAGGIO INA,Borgo Panigale - Reno,Borgo Panigale,77,11,11,0,254
2019,BORGO CENTRO,Borgo Panigale - Reno,Borgo Panigale,87,6,7,0,0
2019,BORGO CENTRO,Borgo Panigale - Reno,Borgo Panigale,108,12,22,0,0
2019,BORGO CENTRO,Borgo Panigale - Reno,Borgo Panigale,114,12,37,0,0
2019,BORGO CENTRO,Borgo Panigale - Reno,Borgo Panigale,117,13,18,0,0
2019,TRIUMVIRATO-PIETRA,Borgo Panigale - Reno,Borgo Panigale,147,25,31,0,0
2019,CASTELDEBOLE,Borgo Panigale - Reno,Borgo Panigale,174,30,77,0,0
2019,CASTELDEBOLE,Borgo Panigale - Reno,Borgo Panigale,177,22,39,0,38
2019,CASERME ROSSE-MANIFATTURA,Navile,Bolognina,209,2,3,0,0
2019,ARCOVEGGIO,Navile,Bolognina,230,26,36,0,17
2019,ARCOVEGGIO,Navile,Bolognina,243,15,24,0,0
2019,ARCOVEGGIO,Navile,Bolognina,246,9,20,0,0
2019,PIAZZA DELL'UNITA',Navile,Bolognina,272,10,17,0,0
2019,PIAZZA DELL'UNITA',Navile,Bolognina,276,19,31,0,0
2019,PIAZZA DELL'UNITA',Navile,Bolognina,281,61,327,0,0
2019,PIAZZA DELL'UNITA',Navile,Bolognina,287,11,12,0,0
2019,PIAZZA DELL'UNITA',Navile,Bolognina,296,36,158,0,0
2019,EX MERCATO ORTOFRUTTICOLO,Navile,Bolognina,298,36,68,0,0
2019,VIA FERRARESE,Navile,Bolognina,300,6,14,0,0
2019,VIA FERRARESE,Navile,Bolognina,301,15,29,0,0
2019,VIA FERRARESE,Navile,Bolognina,314,4,7,0,0
2019,VIA FERRARESE,Navile,Bolognina,333,47,80,0,75
2019,PIAZZA DELL'UNITA',Navile,Bolognina,343,3,16,0,0
2019,PIAZZA DELL'UNITA',Navile,Bolognina,351,16,23,0,0
2019,PIAZZA DELL'UNITA',Navile,Bolognina,360,29,66,0,0
2019,SAN SAVINO,Navile,Corticella,394,9,22,0,0
2019,SAN SAVINO,Navile,Corticella,401,1,2,0,0
2019,SAN SAVINO,Navile,Corticella,406,3,11,0,0
2019,SAVENA ABBANDONATO,Navile,Corticella,432,2,5,0,0
2019,CROCE COPERTA,Navile,Corticella,436,18,185,0,0
2019,CROCE COPERTA,Navile,Corticella,438,30,382,0,0
2019,CROCE COPERTA,Navile,Corticella,462,48,341,0,0
2019,CROCE COPERTA,Navile,Corticella,471,10,161,0,0
2019,CROCE COPERTA,Navile,Corticella,472,92,540,0,0
2019,MULINO DEL GOMITO,Navile,Corticella,474,28,87,0,0
2019,LA DOZZA,Navile,Corticella,482,1,3,0,0
2019,SAVENA ABBANDONATO,Navile,Corticella,490,2,2,0,0
2019,LA NOCE,Navile,Lame,502,4,8,0,0
2019,PESCAROLA,Navile,Lame,551,8,18,0,0
2019,PESCAROLA,Navile,Lame,552,16,31,0,24
2019,PESCAROLA,Navile,Lame,552,16,31,0,72
2019,PESCAROLA,Navile,Lame,555,1,1,0,0
2019,BEVERARA,Navile,Lame,557,3,60,0,0
2019,LAZZARETTO,Navile,Lame,567,1,10,0,0
2019,BEVERARA,Navile,Lame,577,6,6,0,96
2019,BEVERARA,Navile,Lame,588,28,219,0,0
2019,MARCONI-2,Porto - Saragozza,Marconi,613,15,213,0,0
2019,MARCONI-2,Porto - Saragozza,Marconi,631,1,0,0,0
2019,MARCONI-2,Porto - Saragozza,Marconi,644,36,253,0,0
2019,MARCONI-2,Porto - Saragozza,Marconi,656,34,74,0,0
2019,MARCONI-1,Porto - Saragozza,Marconi,677,73,224,0,0
2019,MARCONI-1,Porto - Saragozza,Marconi,678,1,1,0,0
2019,MARCONI-1,Porto - Saragozza,Marconi,689,1,18,0,0
2019,MARCONI-1,Porto - Saragozza,Marconi,696,73,175,0,0
2019,ZANARDI,Porto - Saragozza,Saffi,703,17,1104,0,0
2019,ZANARDI,Porto - Saragozza,Saffi,705,11,16,0,0
2019,ZANARDI,Porto - Saragozza,Saffi,715,10,13,0,0
2019,ZANARDI,Porto - Saragozza,Saffi,729,22,32,0,0
2019,VELODROMO,Porto - Saragozza,Saffi,737,7,17,0,60
2019,VELODROMO,Porto - Saragozza,Saffi,737,7,17,0,76
2019,VELODROMO,Porto - Saragozza,Saffi,739,17,54,0,0
2019,VELODROMO,Porto - Saragozza,Saffi,747,16,25,0,0
2019,VELODROMO,Porto - Saragozza,Saffi,753,2,2,0,0
2019,VELODROMO,Porto - Saragozza,Saffi,756,2,2,0,0
2019,VIA VITTORIO VENETO,Porto - Saragozza,Saffi,776,21,28,0,0
2019,VIA VITTORIO VENETO,Porto - Saragozza,Saffi,782,3,4,0,224
2019,BATTINDARNO,Borgo Panigale - Reno,Barca,808,26,67,0,0
2019,BATTINDARNO,Borgo Panigale - Reno,Barca,809,32,57,0,0
2019,VILLAGGIO DELLA BARCA,Borgo Panigale - Reno,Barca,824,2,3,0,0
2019,VILLAGGIO DELLA BARCA,Borgo Panigale - Reno,Barca,826,5,7,0,0
2019,VILLAGGIO DELLA BARCA,Borgo Panigale - Reno,Barca,848,3,3,0,0
2019,VILLAGGIO DELLA BARCA,Borgo Panigale - Reno,Barca,854,7,6,0,0
2019,CANALE DI RENO,Borgo Panigale - Reno,Barca,862,27,99,0,0
2019,CANALE DI RENO,Borgo Panigale - Reno,Barca,867,1,1,0,0
2019,CANALE DI RENO,Borgo Panigale - Reno,Barca,868,32,62,0,0
2019,CANALE DI RENO,Borgo Panigale - Reno,Barca,869,15,22,0,0
2019,CANALE DI RENO,Borgo Panigale - Reno,Barca,873,10,14,0,0
2019,CANALE DI RENO,Borgo Panigale - Reno,Barca,877,24,214,0,0
2019,CANALE DI RENO,Borgo Panigale - Reno,Barca,886,2,44,0,0
2019,CANALE DI RENO,Borgo Panigale - Reno,Barca,887,7,14,0,0
2019,AGUCCHI,Borgo Panigale - Reno,S. Viola,899,65,459,0,20
2019,AGUCCHI,Borgo Panigale - Reno,S. Viola,904,59,127,0,0
2019,AGUCCHI,Borgo Panigale - Reno,S. Viola,905,32,53,0,0
2019,EMILIA PONENTE,Borgo Panigale - Reno,S. Viola,930,23,49,0,0
2019,CADRIANO-CALAMOSCO,San Donato - San Vitale,San Donato,935,3,3,0,0
2019,CADRIANO-CALAMOSCO,San Donato - San Vitale,San Donato,941,3,3,0,0
2019,CADRIANO-CALAMOSCO,San Donato - San Vitale,San Donato,942,1,1,0,0
2019,CADRIANO-CALAMOSCO,San Donato - San Vitale,San Donato,948,17,178,0,0
2019,CADRIANO-CALAMOSCO,San Donato - San Vitale,San Donato,954,1,1,0,0
2019,SAN DONNINO,San Donato - San Vitale,San Donato,969,9,42,0,0
2019,SAN DONNINO,San Donato - San Vitale,San Donato,970,6,14,0,0
2019,FIERA,San Donato - San Vitale,San Donato,974,19,154,0,0
2019,VIA DEL LAVORO,San Donato - San Vitale,San Donato,1003,57,99,0,0
2019,MICHELINO,San Donato - San Vitale,San Donato,1019,4,13,0,0
2019,MICHELINO,San Donato - San Vitale,San Donato,1021,6,10,0,0
2019,MICHELINO,San Donato - San Vitale,San Donato,1023,6,12,0,1546
2019,MICHELINO,San Donato - San Vitale,San Donato,1024,62,181,0,56
2019,VIA MONDO,San Donato - San Vitale,San Donato,1027,7,7,0,44
2019,VIA MONDO,San Donato - San Vitale,San Donato,1031,8,12,0,0
2019,MICHELINO,San Donato - San Vitale,San Donato,1033,24,43,0,0
2019,VIA MONDO,San Donato - San Vitale,San Donato,1042,19,64,0,0
2019,VIA MONDO,San Donato - San Vitale,San Donato,1051,9,9,0,0
2019,MICHELINO,San Donato - San Vitale,San Donato,1052,19,21,0,50
2019,VIA MONDO,San Donato - San Vitale,San Donato,1065,4,4,0,0
2019,PILASTRO,San Donato - San Vitale,San Donato,1086,34,256,0,59
2019,PILASTRO,San Donato - San Vitale,San Donato,1098,5,4,0,0
2019,PILASTRO,San Donato - San Vitale,San Donato,1100,1,1,0,75
2019,CAAB,San Donato - San Vitale,San Donato,1125,38,496,0,0
2019,OSSERVANZA,Santo Stefano,Colli,1137,10,9,0,0
2019,OSSERVANZA,Santo Stefano,Colli,1142,14,90,0,0
2019,OSSERVANZA,Santo Stefano,Colli,1146,2,2,0,0
2019,OSSERVANZA,Santo Stefano,Colli,1156,25,77,0,0
2019,SAN MICHELE IN BOSCO,Santo Stefano,Colli,1166,14,86,0,0
2019,PADERNO,Santo Stefano,Colli,1187,5,6,0,0
2019,PADERNO,Santo Stefano,Colli,1204,1,1,0,0
2019,GALVANI-1,Santo Stefano,Galvani,1215,24,195,0,0
2019,GALVANI-2,Santo Stefano,Galvani,1235,69,141,0,0
2019,GALVANI-2,Santo Stefano,Galvani,1247,34,111,0,0
2019,GALVANI-2,Santo Stefano,Galvani,1251,34,79,0,0
2019,GALVANI-2,Santo Stefano,Galvani,1254,10,43,0,0
2019,GALVANI-2,Santo Stefano,Galvani,1255,38,53,0,0
2019,GALVANI-2,Santo Stefano,Galvani,1259,12,13,0,0
2019,GALVANI-2,Santo Stefano,Galvani,1283,23,58,0,0
2019,GALVANI-2,Santo Stefano,Galvani,1285,48,92,0,0
2019,GALVANI-2,Santo Stefano,Galvani,1287,32,34,0,0
2019,GALVANI-2,Santo Stefano,Galvani,1289,40,41,0,0
2019,MEZZOFANTI,Santo Stefano,Murri,1302,11,11,0,0
2019,MEZZOFANTI,Santo Stefano,Murri,1303,60,83,0,0
2019,MEZZOFANTI,Santo Stefano,Murri,1305,95,172,0,0
2019,MEZZOFANTI,Santo Stefano,Murri,1318,32,588,0,0
2019,MEZZOFANTI,Santo Stefano,Murri,1320,10,10,0,0
2019,DAGNINI,Santo Stefano,Murri,1329,14,15,0,0
2019,MEZZOFANTI,Santo Stefano,Murri,1337,99,164,0,0
2019,MEZZOFANTI,Santo Stefano,Murri,1338,68,155,0,45
2019,MEZZOFANTI,Santo Stefano,Murri,1342,9,9,0,0
2019,DAGNINI,Santo Stefano,Murri,1349,16,17,0,0
2019,MEZZOFANTI,Santo Stefano,Murri,1358,16,22,0,0
2019,DAGNINI,Santo Stefano,Murri,1362,5,5,0,0
2019,DAGNINI,Santo Stefano,Murri,1373,29,39,0,0
2019,SIEPELUNGA,Santo Stefano,Murri,1378,47,56,0,0
2019,SIEPELUNGA,Santo Stefano,Murri,1382,9,17,0,0
2019,CHIESANUOVA,Santo Stefano,Murri,1416,8,12,0,0
2019,CHIESANUOVA,Santo Stefano,Murri,1431,7,10,0,0
2019,CHIESANUOVA,Santo Stefano,Murri,1434,4,4,0,0
2019,IRNERIO-2,Santo Stefano,Irnerio,1467,33,198,0,0
2019,IRNERIO-1,Santo Stefano,Irnerio,1488,9,11,0,0
2019,IRNERIO-2,Santo Stefano,Irnerio,1502,2,0,0,0
2019,IRNERIO-1,Santo Stefano,Irnerio,1515,11,41,0,0
2019,IRNERIO-2,Santo Stefano,Irnerio,1532,35,56,0,0
2019,IRNERIO-2,Santo Stefano,Irnerio,1537,19,34,0,0
2019,IRNERIO-1,Santo Stefano,Irnerio,1540,16,20,0,0
2019,IRNERIO-2,Santo Stefano,Irnerio,1550,50,126,0,0
2019,MENGOLI,San Donato - San Vitale,S. Vitale,1567,31,48,0,0
2019,CIRENAICA,San Donato - San Vitale,S. Vitale,1577,3,8,0,28
2019,CIRENAICA,San Donato - San Vitale,S. Vitale,1586,7,8,0,0
2019,CIRENAICA,San Donato - San Vitale,S. Vitale,1602,3,17,0,0
2019,MENGOLI,San Donato - San Vitale,S. Vitale,1613,20,34,0,0
2019,MENGOLI,San Donato - San Vitale,S. Vitale,1619,3,4,0,0
2019,MENGOLI,San Donato - San Vitale,S. Vitale,1648,18,35,0,0
2019,MENGOLI,San Donato - San Vitale,S. Vitale,1652,10,19,0,0
2019,VIA LARGA,San Donato - San Vitale,S. Vitale,1668,3,103,0,0
2019,ROVERI,San Donato - San Vitale,S. Vitale,1670,3,102,0,0
2019,ROVERI,San Donato - San Vitale,S. Vitale,1674,12,50,0,0
2019,VIA LARGA,San Donato - San Vitale,S. Vitale,1689,35,241,0,0
2019,ROVERI,San Donato - San Vitale,S. Vitale,1704,17,152,0,0
2019,ROVERI,San Donato - San Vitale,S. Vitale,1706,10,53,0,0
2019,ROVERI,San Donato - San Vitale,S. Vitale,1711,23,157,0,0
2019,GUELFA,San Donato - San Vitale,S. Vitale,1722,29,50,0,27
2019,GUELFA,San Donato - San Vitale,S. Vitale,1728,24,48,0,0
2019,ROVERI,San Donato - San Vitale,S. Vitale,1733,55,1001,0,0
2019,CROCE DEL BIACCO,San Donato - San Vitale,S. Vitale,1739,10,26,0,0
2019,ROVERI,San Donato - San Vitale,S. Vitale,1741,60,717,0,0
2019,CROCE DEL BIACCO,San Donato - San Vitale,S. Vitale,1756,9,19,0,0
2019,STRADELLI GUELFI,San Donato - San Vitale,S. Vitale,1758,13,16,0,0
2019,STRADELLI GUELFI,San Donato - San Vitale,S. Vitale,1761,3,16,0,0
2019,CROCE DEL BIACCO,San Donato - San Vitale,S. Vitale,1766,12,34,0,0
2019,GUELFA,San Donato - San Vitale,S. Vitale,1772,20,29,0,74
2019,GUELFA,San Donato - San Vitale,S. Vitale,1774,12,32,0,0
2019,GUELFA,San Donato - San Vitale,S. Vitale,1779,44,103,0,0
2019,STADIO-MELONCELLO,Porto - Saragozza,Costa Saragozza,1782,7,29,0,0
2019,XXI APRILE,Porto - Saragozza,Costa Saragozza,1783,4,9,0,0
2019,SAN GIUSEPPE,Porto - Saragozza,Costa Saragozza,1811,35,50,0,0
2019,STADIO-MELONCELLO,Porto - Saragozza,Costa Saragozza,1813,7,10,0,0
2019,XXI APRILE,Porto - Saragozza,Costa Saragozza,1843,5,5,0,0
2019,XXI APRILE,Porto - Saragozza,Costa Saragozza,1860,30,33,0,0
2019,SAN GIUSEPPE,Porto - Saragozza,Costa Saragozza,1865,6,6,0,0
2019,SAN GIUSEPPE,Porto - Saragozza,Costa Saragozza,1871,31,52,0,0
2019,STADIO-MELONCELLO,Porto - Saragozza,Costa Saragozza,1880,74,104,0,0
2019,RAVONE,Porto - Saragozza,Costa Saragozza,1892,2,2,0,0
2019,SAN GIUSEPPE,Porto - Saragozza,Costa Saragozza,1902,52,79,0,0
2019,VIA DEL GENIO,Porto - Saragozza,Costa Saragozza,1910,1,1,0,0
2019,SAN LUCA,Porto - Saragozza,Costa Saragozza,1920,1,1,0,0
2019,MALPIGHI-2,Porto - Saragozza,Malpighi,1930,4,4,0,0
2019,MALPIGHI-2,Porto - Saragozza,Malpighi,1935,37,80,0,0
2019,MALPIGHI-1,Porto - Saragozza,Malpighi,1950,78,212,0,0
2019,MALPIGHI-1,Porto - Saragozza,Malpighi,1952,139,273,0,0
2019,MALPIGHI-1,Porto - Saragozza,Malpighi,1954,1,8,0,0
2019,MALPIGHI-1,Porto - Saragozza,Malpighi,1969,23,35,0,0
2019,MALPIGHI-2,Porto - Saragozza,Malpighi,1973,34,140,0,0
2019,MALPIGHI-2,Porto - Saragozza,Malpighi,1987,4,10,0,1104
2019,MALPIGHI-2,Porto - Saragozza,Malpighi,1993,6,15,0,60
2019,FOSSOLO,Savena,Mazzini,2009,17,20,0,25
2019,PONTEVECCHIO,Savena,Mazzini,2021,12,17,0,0
2019,PONTEVECCHIO,Savena,Mazzini,2060,4,5,0,37
2019,PONTEVECCHIO,Savena,Mazzini,2064,17,34,0,0
2019,PONTEVECCHIO,Savena,Mazzini,2069,28,56,0,0
2019,BITONE,Savena,Mazzini,2093,16,36,0,197
2019,VIA ARNO,Savena,Mazzini,2120,26,47,0,0
2019,VIA ARNO,Savena,Mazzini,2135,3,4,0,0
2019,VIA ARNO,Savena,Mazzini,2149,60,118,0,25
2019,VIA TOSCANA,Savena,S. Ruffillo,2164,10,10,0,0
2019,VIA TOSCANA,Savena,S. Ruffillo,2170,19,21,0,0
2019,VIA TOSCANA,Savena,S. Ruffillo,2218,19,30,0,75
2019,VIA TOSCANA,Savena,S. Ruffillo,2243,11,18,0,0
2019,CORELLI,Savena,S. Ruffillo,2246,5,5,0,0
2019,CORELLI,Savena,S. Ruffillo,2249,2,2,0,0
2019,CORELLI,Savena,S. Ruffillo,2269,15,26,0,0
2019,CORELLI,Savena,S. Ruffillo,2272,20,43,0,0
2019,VIA TOSCANA,Savena,S. Ruffillo,2300,9,10,0,0
2019,PONTE SAVENA-LA BASTIA,Savena,S. Ruffillo,2311,8,10,0,0
2019,MONTE DONATO,Savena,S. Ruffillo,2322,2,2,0,0
2018,BARGELLINO,Borgo Panigale - Reno,Borgo Panigale,26,5,92,0,0
2018,AEROPORTO,Borgo Panigale - Reno,Borgo Panigale,33,2,11,0,0
2018,AEROPORTO,Borgo Panigale - Reno,Borgo Panigale,42,2,3,0,0
2018,AEROPORTO,Borgo Panigale - Reno,Borgo Panigale,45,5,35,0,0
2018,LA BIRRA,Borgo Panigale - Reno,Borgo Panigale,59,9,20,0,0
2018,LA BIRRA,Borgo Panigale - Reno,Borgo Panigale,62,16,20,0,0
2018,BORGO CENTRO,Borgo Panigale - Reno,Borgo Panigale,100,8,9,0,0
2018,BORGO CENTRO,Borgo Panigale - Reno,Borgo Panigale,114,10,22,0,0
2018,BORGO CENTRO,Borgo Panigale - Reno,Borgo Panigale,115,18,71,0,0
2018,BORGO CENTRO,Borgo Panigale - Reno,Borgo Panigale,117,13,21,0,0
2018,TRIUMVIRATO-PIETRA,Borgo Panigale - Reno,Borgo Panigale,127,43,408,0,0
2018,TRIUMVIRATO-PIETRA,Borgo Panigale - Reno,Borgo Panigale,150,26,33,0,0
2018,CASTELDEBOLE,Borgo Panigale - Reno,Borgo Panigale,171,24,27,0,0
2018,RIGOSA,Borgo Panigale - Reno,Borgo Panigale,199,4,10,0,0
2018,CASERME ROSSE-MANIFATTURA,Navile,Bolognina,212,7,8,0,0
2018,CASERME ROSSE-MANIFATTURA,Navile,Bolognina,214,2,2,0,0
2018,CASERME ROSSE-MANIFATTURA,Navile,Bolognina,219,3,3,0,0
2018,ARCOVEGGIO,Navile,Bolognina,232,3,4,0,0
2018,ARCOVEGGIO,Navile,Bolognina,251,23,55,0,0
2018,ARCOVEGGIO,Navile,Bolognina,265,24,36,0,0
2018,ARCOVEGGIO,Navile,Bolognina,267,6,12,0,0
2018,PIAZZA DELL'UNITA',Navile,Bolognina,272,12,20,0,0
2018,PIAZZA DELL'UNITA',Navile,Bolognina,275,25,42,0,0
2018,PIAZZA DELL'UNITA',Navile,Bolognina,284,5,6,0,0
2018,VIA FERRARESE,Navile,Bolognina,311,18,20,0,0
2018,VIA FERRARESE,Navile,Bolognina,322,32,48,0,0
2018,PIAZZA DELL'UNITA',Navile,Bolognina,344,3,4,0,0
2018,PIAZZA DELL'UNITA',Navile,Bolognina,357,15,28,0,0
2018,SAN SAVINO,Navile,Corticella,387,4,4,0,0
2018,SAN SAVINO,Navile,Corticella,395,22,74,0,0
2018,SAN SAVINO,Navile,Corticella,399,24,45,0,0
2018,SAN SAVINO,Navile,Corticella,400,22,39,0,0
2018,CROCE COPERTA,Navile,Corticella,443,4,309,0,0
2018,CROCE COPERTA,Navile,Corticella,451,18,300,0,0
2018,CROCE COPERTA,Navile,Corticella,472,82,444,0,0
2018,LA DOZZA,Navile,Corticella,486,3,4,0,0
2018,LAGHETTI DEL ROSARIO,Navile,Lame,492,1,8,0,0
2018,LAGHETTI DEL ROSARIO,Navile,Lame,497,5,6,0,0
2018,LAGHETTI DEL ROSARIO,Navile,Lame,498,1,6,0,0
2018,LAGHETTI DEL ROSARIO,Navile,Lame,516,3,55,0,0
2018,LAGHETTI DEL ROSARIO,Navile,Lame,518,1,1,0,0
2018,PESCAROLA,Navile,Lame,539,15,17,0,0
2018,TIRO A SEGNO,Navile,Lame,542,2,2,0,0
2018,PESCAROLA,Navile,Lame,544,1,1,0,0
2018,BEVERARA,Navile,Lame,556,2,2,0,0
2018,BEVERARA,Navile,Lame,562,14,266,0,0
2018,LAZZARETTO,Navile,Lame,585,25,50,0,0
2018,MARCONI-2,Porto - Saragozza,Marconi,603,62,153,0,0
2018,MARCONI-2,Porto - Saragozza,Marconi,615,26,60,0,0
2018,MARCONI-2,Porto - Saragozza,Marconi,620,67,123,0,0
2018,MARCONI-2,Porto - Saragozza,Marconi,630,70,123,0,0
2018,MARCONI-2,Porto - Saragozza,Marconi,634,55,145,0,0
2018,MARCONI-2,Porto - Saragozza,Marconi,635,3,2,0,0
2018,MARCONI-2,Porto - Saragozza,Marconi,646,57,243,0,0
2018,MARCONI-2,Porto - Saragozza,Marconi,668,53,93,0,0
2018,MARCONI-2,Porto - Saragozza,Marconi,675,32,61,0,0
2018,MARCONI-1,Porto - Saragozza,Marconi,680,11,35,0,0
2018,ZANARDI,Porto - Saragozza,Saffi,718,16,55,0,0
2018,ZANARDI,Porto - Saragozza,Saffi,719,48,99,0,0
2018,PRATI DI CAPRARA-OSPEDALE MAGGIORE,Porto - Saragozza,Saffi,728,14,22,0,0
2018,ZANARDI,Porto - Saragozza,Saffi,733,33,60,0,0
2018,VELODROMO,Porto - Saragozza,Saffi,734,3,33,0,0
2018,VELODROMO,Porto - Saragozza,Saffi,743,25,170,0,0
2018,VELODROMO,Porto - Saragozza,Saffi,752,10,37,0,0
2018,VELODROMO,Porto - Saragozza,Saffi,753,3,3,0,0
2018,VELODROMO,Porto - Saragozza,Saffi,757,2,2,0,0
2018,VIA VITTORIO VENETO,Porto - Saragozza,Saffi,763,2,918,0,0
2018,VIA VITTORIO VENETO,Porto - Saragozza,Saffi,770,18,35,0,0
2018,VIA VITTORIO VENETO,Porto - Saragozza,Saffi,773,14,21,0,0
2018,BATTINDARNO,Borgo Panigale - Reno,Barca,787,16,240,0,0
2018,BATTINDARNO,Borgo Panigale - Reno,Barca,788,17,38,0,0
2018,BATTINDARNO,Borgo Panigale - Reno,Barca,793,7,93,0,0
2018,BATTINDARNO,Borgo Panigale - Reno,Barca,807,18,25,0,0
2018,VILLAGGIO DELLA BARCA,Borgo Panigale - Reno,Barca,823,6,10,0,0
2018,VILLAGGIO DELLA BARCA,Borgo Panigale - Reno,Barca,845,4,7,0,0
2018,CANALE DI RENO,Borgo Panigale - Reno,Barca,870,26,48,0,0
2018,AGUCCHI,Borgo Panigale - Reno,S. Viola,906,46,122,0,0
2018,EMILIA PONENTE,Borgo Panigale - Reno,S. Viola,928,27,35,0,0
2018,FIERA,San Donato - San Vitale,San Donato,965,2,44,0,0
2018,SAN DONNINO,San Donato - San Vitale,San Donato,969,9,21,0,0
2018,FIERA,San Donato - San Vitale,San Donato,974,18,127,0,0
2018,VIA DEL LAVORO,San Donato - San Vitale,San Donato,985,53,112,0,0
2018,VIA DEL LAVORO,San Donato - San Vitale,San Donato,994,25,98,0,0
2018,VIA DEL LAVORO,San Donato - San Vitale,San Donato,1001,7,12,0,0
2018,VIA DEL LAVORO,San Donato - San Vitale,San Donato,1002,8,9,0,0
2018,MICHELINO,San Donato - San Vitale,San Donato,1019,4,12,0,0
2018,MICHELINO,San Donato - San Vitale,San Donato,1021,4,6,0,0
2018,VIA MONDO,San Donato - San Vitale,San Donato,1065,4,4,0,0
2018,VIA MONDO,San Donato - San Vitale,San Donato,1073,3,3,0,0
2018,SAN DONNINO,San Donato - San Vitale,San Donato,1081,37,58,0,0
2018,SAN DONNINO,San Donato - San Vitale,San Donato,1083,2,2,0,0
2018,CAAB,San Donato - San Vitale,San Donato,1118,20,90,0,0
2018,OSSERVANZA,Santo Stefano,Colli,1137,9,10,0,0
2018,OSSERVANZA,Santo Stefano,Colli,1151,15,16,0,0
2018,SAN MICHELE IN BOSCO,Santo Stefano,Colli,1163,12,45,0,0
2018,PADERNO,Santo Stefano,Colli,1184,1,1,0,0
2018,PADERNO,Santo Stefano,Colli,1200,5,5,0,0
2018,PADERNO,Santo Stefano,Colli,1202,2,2,0,0
2018,GALVANI-2,Santo Stefano,Galvani,1254,6,47,0,0
2018,GALVANI-2,Santo Stefano,Galvani,1267,20,22,0,0
2018,GALVANI-2,Santo Stefano,Galvani,1287,33,31,0,0
2018,GALVANI-2,Santo Stefano,Galvani,1294,45,81,0,0
2018,MEZZOFANTI,Santo Stefano,Murri,1361,28,32,0,0
2018,DAGNINI,Santo Stefano,Murri,1363,3,3,0,0
2018,DAGNINI,Santo Stefano,Murri,1367,12,38,0,0
2018,SIEPELUNGA,Santo Stefano,Murri,1384,15,20,0,0
2018,CHIESANUOVA,Santo Stefano,Murri,1438,12,26,0,0
2018,IRNERIO-2,Santo Stefano,Irnerio,1449,45,139,0,0
2018,IRNERIO-2,Santo Stefano,Irnerio,1451,12,30,0,0
2018,IRNERIO-1,Santo Stefano,Irnerio,1516,23,124,0,0
2018,IRNERIO-1,Santo Stefano,Irnerio,1527,85,203,0,0
2018,IRNERIO-2,Santo Stefano,Irnerio,1554,65,202,0,0
2018,CIRENAICA,San Donato - San Vitale,S. Vitale,1572,13,16,0,0
2018,MENGOLI,San Donato - San Vitale,S. Vitale,1619,2,5,0,0
2018,MENGOLI,San Donato - San Vitale,S. Vitale,1622,9,11,0,0
2018,MENGOLI,San Donato - San Vitale,S. Vitale,1650,16,16,0,0
2018,VIA LARGA,San Donato - San Vitale,S. Vitale,1685,8,33,0,0
2018,ROVERI,San Donato - San Vitale,S. Vitale,1706,9,46,0,0
2018,GUELFA,San Donato - San Vitale,S. Vitale,1770,13,15,0,0
2018,XXI APRILE,Porto - Saragozza,Costa Saragozza,1793,56,92,0,0
2018,XXI APRILE,Porto - Saragozza,Costa Saragozza,1798,10,35,0,0
2018,SAN GIUSEPPE,Porto - Saragozza,Costa Saragozza,1806,40,77,0,0
2018,SAN GIUSEPPE,Porto - Saragozza,Costa Saragozza,1811,33,47,0,0
2018,XXI APRILE,Porto - Saragozza,Costa Saragozza,1832,9,10,0,0
2018,SAN LUCA,Porto - Saragozza,Costa Saragozza,1918,1,2,0,0
2018,SAN LUCA,Porto - Saragozza,Costa Saragozza,1920,2,2,0,0
2018,MALPIGHI-2,Porto - Saragozza,Malpighi,1931,7,18,0,0
2018,MALPIGHI-2,Porto - Saragozza,Malpighi,1943,24,53,0,0
2018,MALPIGHI-2,Porto - Saragozza,Malpighi,1946,25,54,0,0
2018,MALPIGHI-1,Porto - Saragozza,Malpighi,1953,86,269,0,0
2018,MALPIGHI-1,Porto - Saragozza,Malpighi,1968,57,88,0,0
2018,MALPIGHI-2,Porto - Saragozza,Malpighi,1977,13,11,0,0
2018,MALPIGHI-2,Porto - Saragozza,Malpighi,1980,53,77,0,0
2018,BITONE,Savena,Mazzini,2115,8,12,0,0
2018,VIA TOSCANA,Savena,S. Ruffillo,2161,1,2,0,0
2018,MONTE DONATO,Savena,S. Ruffillo,2196,2,2,0,0
2018,VIA TOSCANA,Savena,S. Ruffillo,2200,4,4,0,0
2018,VIA TOSCANA,Savena,S. Ruffillo,2206,11,11,0,0
2018,VIA TOSCANA,Savena,S. Ruffillo,2229,5,8,0,0
2018,CORELLI,Savena,S. Ruffillo,2262,21,24,0,0
2018,CORELLI,Savena,S. Ruffillo,2268,9,10,0,0
2019,VIA DEL VIVAIO,Borgo Panigale - Reno,Borgo Panigale,11,2,2,0,0
2019,LAVINO DI MEZZO,Borgo Panigale - Reno,Borgo Panigale,12,13,23,0,0
2019,AEROPORTO,Borgo Panigale - Reno,Borgo Panigale,27,2,2,0,0
2019,LA BIRRA,Borgo Panigale - Reno,Borgo Panigale,58,11,18,0,146
2019,DUCATI-VILLAGGIO INA,Borgo Panigale - Reno,Borgo Panigale,77,11,11,0,481
2019,DUCATI-VILLAGGIO INA,Borgo Panigale - Reno,Borgo Panigale,81,12,18,0,0
2019,BORGO CENTRO,Borgo Panigale - Reno,Borgo Panigale,92,1,5,0,0
2019,BORGO CENTRO,Borgo Panigale - Reno,Borgo Panigale,95,4,6,0,0
2019,BORGO CENTRO,Borgo Panigale - Reno,Borgo Panigale,104,10,21,0,0
2019,BORGO CENTRO,Borgo Panigale - Reno,Borgo Panigale,109,18,28,0,0
2019,BORGO CENTRO,Borgo Panigale - Reno,Borgo Panigale,113,14,25,0,0
2019,TRIUMVIRATO-PIETRA,Borgo Panigale - Reno,Borgo Panigale,124,39,142,0,0
2019,RIGOSA,Borgo Panigale - Reno,Borgo Panigale,132,2,2,0,0
2019,RIGOSA,Borgo Panigale - Reno,Borgo Panigale,134,8,9,0,0
2019,RIGOSA,Borgo Panigale - Reno,Borgo Panigale,135,1,1,0,0
2019,BORGO CENTRO,Borgo Panigale - Reno,Borgo Panigale,142,55,166,0,76
2019,TRIUMVIRATO-PIETRA,Borgo Panigale - Reno,Borgo Panigale,152,6,8,0,0
2019,TRIUMVIRATO-PIETRA,Borgo Panigale - Reno,Borgo Panigale,153,34,149,0,0
2019,CASTELDEBOLE,Borgo Panigale - Reno,Borgo Panigale,183,10,17,0,0
2019,RIGOSA,Borgo Panigale - Reno,Borgo Panigale,192,1,1,0,0
2019,CASERME ROSSE-MANIFATTURA,Navile,Bolognina,205,19,22,0,0
2019,CASERME ROSSE-MANIFATTURA,Navile,Bolognina,211,11,24,0,0
2019,CASERME ROSSE-MANIFATTURA,Navile,Bolognina,214,1,1,0,0
2019,CASERME ROSSE-MANIFATTURA,Navile,Bolognina,220,3,9,0,0
2019,CNR,Navile,Bolognina,226,2,7,0,0
2019,ARCOVEGGIO,Navile,Bolognina,229,16,242,0,0
2019,ARCOVEGGIO,Navile,Bolognina,230,26,36,0,50
2019,EX MERCATO ORTOFRUTTICOLO,Navile,Bolognina,250,35,265,0,25
2019,ARCOVEGGIO,Navile,Bolognina,251,24,55,0,60
2019,ARCOVEGGIO,Navile,Bolognina,251,24,55,0,78
2019,ARCOVEGGIO,Navile,Bolognina,271,7,10,0,377
2019,PIAZZA DELL'UNITA',Navile,Bolognina,277,10,38,0,0
2019,PIAZZA DELL'UNITA',Navile,Bolognina,290,36,67,0,0
2019,PIAZZA DELL'UNITA',Navile,Bolognina,294,5,18,0,223
2019,VIA FERRARESE,Navile,Bolognina,312,1,1,0,0
2019,VIA FERRARESE,Navile,Bolognina,317,24,39,0,0
2019,PIAZZA DELL'UNITA',Navile,Bolognina,348,38,52,0,0
2019,PIAZZA DELL'UNITA',Navile,Bolognina,352,48,168,0,0
2019,PIAZZA DELL'UNITA',Navile,Bolognina,356,48,196,0,0
2019,PIAZZA DELL'UNITA',Navile,Bolognina,358,41,66,0,0
2019,SAN SAVINO,Navile,Corticella,369,6,17,0,0
2019,SAN SAVINO,Navile,Corticella,371,13,25,0,0
2019,SAN SAVINO,Navile,Corticella,375,4,3,0,0
2019,SAN SAVINO,Navile,Corticella,377,7,14,0,168
2019,SAN SAVINO,Navile,Corticella,384,3,8,0,0
2019,SAN SAVINO,Navile,Corticella,391,1,3,0,0
2019,SAN SAVINO,Navile,Corticella,407,7,9,0,78
2019,CROCE COPERTA,Navile,Corticella,445,3,12,0,0
2019,CROCE COPERTA,Navile,Corticella,465,9,14,0,0
2019,CROCE COPERTA,Navile,Corticella,466,17,65,0,0
2019,CROCE COPERTA,Navile,Corticella,468,21,40,0,0
2019,SAVENA ABBANDONATO,Navile,Corticella,477,4,16,0,0
2019,LA DOZZA,Navile,Corticella,485,24,69,0,124
2019,LAGHETTI DEL ROSARIO,Navile,Lame,495,4,4,0,0
2019,LAGHETTI DEL ROSARIO,Navile,Lame,498,1,9,0,0
2019,LAGHETTI DEL ROSARIO,Navile,Lame,504,4,4,0,0
2019,LAGHETTI DEL ROSARIO,Navile,Lame,512,13,43,0,0
2019,LAGHETTI DEL ROSARIO,Navile,Lame,516,2,52,0,0
2019,LAGHETTI DEL ROSARIO,Navile,Lame,518,1,1,0,0
2019,PESCAROLA,Navile,Lame,547,24,53,0,60
2019,BEVERARA,Navile,Lame,564,8,49,0,0
2019,LAZZARETTO,Navile,Lame,579,19,37,0,0
2019,BEVERARA,Navile,Lame,596,31,319,0,0
2019,MARCONI-2,Porto - Saragozza,Marconi,610,70,163,0,0
2019,MARCONI-2,Porto - Saragozza,Marconi,612,1,2,0,74
2019,MARCONI-2,Porto - Saragozza,Marconi,617,20,201,0,0
2019,MARCONI-2,Porto - Saragozza,Marconi,627,93,214,0,1030
2019,MARCONI-2,Porto - Saragozza,Marconi,639,5,23,0,0
2019,MARCONI-2,Porto - Saragozza,Marconi,641,50,143,0,0
2019,MARCONI-2,Porto - Saragozza,Marconi,645,69,356,0,0
2019,MARCONI-2,Porto - Saragozza,Marconi,650,116,463,0,0
2019,MARCONI-2,Porto - Saragozza,Marconi,652,70,131,0,0
2019,MARCONI-1,Porto - Saragozza,Marconi,680,11,30,0,0
2019,MARCONI-1,Porto - Saragozza,Marconi,683,67,105,0,0
2019,MARCONI-1,Porto - Saragozza,Marconi,685,5,128,0,0
2019,PRATI DI CAPRARA-OSPEDALE MAGGIORE,Porto - Saragozza,Saffi,700,4,133,0,0
2019,ZANARDI,Porto - Saragozza,Saffi,712,5,7,0,0
2019,ZANARDI,Porto - Saragozza,Saffi,714,57,151,0,0
2019,ZANARDI,Porto - Saragozza,Saffi,733,39,67,0,0
2019,VELODROMO,Porto - Saragozza,Saffi,738,24,39,0,0
2019,VELODROMO,Porto - Saragozza,Saffi,742,2,3,0,0
2019,VELODROMO,Porto - Saragozza,Saffi,745,28,37,0,0
2019,VELODROMO,Porto - Saragozza,Saffi,748,13,34,0,0
2019,VELODROMO,Porto - Saragozza,Saffi,754,13,17,0,0
2019,VIA VITTORIO VENETO,Porto - Saragozza,Saffi,772,20,45,0,0
2019,VIA VITTORIO VENETO,Porto - Saragozza,Saffi,779,19,26,0,0
2019,VIA VITTORIO VENETO,Porto - Saragozza,Saffi,781,9,22,0,0
2019,VIA VITTORIO VENETO,Porto - Saragozza,Saffi,782,3,4,0,283
2019,BATTINDARNO,Borgo Panigale - Reno,Barca,791,1,14,0,0
2019,BATTINDARNO,Borgo Panigale - Reno,Barca,813,6,10,0,0
2019,VILLAGGIO DELLA BARCA,Borgo Panigale - Reno,Barca,827,5,5,0,0
2019,BATTINDARNO,Borgo Panigale - Reno,Barca,850,5,8,0,0
2019,CANALE DI RENO,Borgo Panigale - Reno,Barca,872,14,14,0,0
2019,CANALE DI RENO,Borgo Panigale - Reno,Barca,880,9,19,0,0
2019,AGUCCHI,Borgo Panigale - Reno,S. Viola,894,27,64,0,127
2019,AGUCCHI,Borgo Panigale - Reno,S. Viola,894,27,64,0,310
2019,EMILIA PONENTE,Borgo Panigale - Reno,S. Viola,922,20,45,0,0
2019,EMILIA PONENTE,Borgo Panigale - Reno,S. Viola,923,41,1498,0,4
2019,EMILIA PONENTE,Borgo Panigale - Reno,S. Viola,923,41,1498,0,99
2019,EMILIA PONENTE,Borgo Panigale - Reno,S. Viola,929,7,9,0,0
2019,CADRIANO-CALAMOSCO,San Donato - San Vitale,San Donato,938,3,3,0,0
2019,FIERA,San Donato - San Vitale,San Donato,965,1,31,0,0
2019,SAN DONNINO,San Donato - San Vitale,San Donato,966,9,24,0,0
2019,FIERA,San Donato - San Vitale,San Donato,977,7,49,0,0
2019,VIA DEL LAVORO,San Donato - San Vitale,San Donato,990,20,24,0,39
2019,VIA DEL LAVORO,San Donato - San Vitale,San Donato,994,26,101,0,0
2019,VIA DEL LAVORO,San Donato - San Vitale,San Donato,995,47,120,0,23
2019,VIA DEL LAVORO,San Donato - San Vitale,San Donato,998,4,146,0,0
2019,VIA DEL LAVORO,San Donato - San Vitale,San Donato,1005,35,48,0,0
2019,MICHELINO,San Donato - San Vitale,San Donato,1022,6,7,0,0
2019,MICHELINO,San Donato - San Vitale,San Donato,1023,6,12,0,58
2019,MICHELINO,San Donato - San Vitale,San Donato,1034,11,17,0,0
2019,MICHELINO,San Donato - San Vitale,San Donato,1037,13,31,0,0
2019,MICHELINO,San Donato - San Vitale,San Donato,1052,19,21,0,120
2019,VIA MONDO,San Donato - San Vitale,San Donato,1056,27,48,0,0
2019,VIA MONDO,San Donato - San Vitale,San Donato,1057,8,12,0,0
2019,VIA MONDO,San Donato - San Vitale,San Donato,1059,1,1,0,43
2019,VIA MONDO,San Donato - San Vitale,San Donato,1072,2,6,0,0
2019,PILASTRO,San Donato - San Vitale,San Donato,1086,34,256,0,116
2019,SCALO MERCI SAN DONATO,San Donato - San Vitale,San Donato,1088,2,27,0,0
2019,CAAB,San Donato - San Vitale,San Donato,1119,3,4,0,0
2019,CAAB,San Donato - San Vitale,San Donato,1127,1,1,0,0
2019,OSSERVANZA,Santo Stefano,Colli,1150,1,1,0,0
2019,OSSERVANZA,Santo Stefano,Colli,1153,7,7,0,0
2019,SAN MICHELE IN BOSCO,Santo Stefano,Colli,1167,12,12,0,0
2019,SAN MICHELE IN BOSCO,Santo Stefano,Colli,1168,4,4,0,0
2019,SAN MICHELE IN BOSCO,Santo Stefano,Colli,1172,9,9,0,0
2019,SAN MICHELE IN BOSCO,Santo Stefano,Colli,1177,2,2,0,0
2019,PADERNO,Santo Stefano,Colli,1178,2,2,0,0
2019,PADERNO,Santo Stefano,Colli,1193,6,9,0,0
2019,GALVANI-1,Santo Stefano,Galvani,1209,37,119,0,0
2019,GALVANI-1,Santo Stefano,Galvani,1211,58,211,0,0
2019,GALVANI-1,Santo Stefano,Galvani,1216,96,295,0,0
2019,GALVANI-1,Santo Stefano,Galvani,1217,4,11,0,0
2019,GALVANI-1,Santo Stefano,Galvani,1227,106,335,0,0
2019,GALVANI-2,Santo Stefano,Galvani,1237,42,61,0,0
2019,GALVANI-2,Santo Stefano,Galvani,1239,41,55,0,0
2019,GALVANI-2,Santo Stefano,Galvani,1245,67,116,0,74
2019,GALVANI-2,Santo Stefano,Galvani,1245,67,116,0,480
2019,GALVANI-2,Santo Stefano,Galvani,1264,58,93,0,0
2019,GALVANI-2,Santo Stefano,Galvani,1265,80,136,0,0
2019,GALVANI-2,Santo Stefano,Galvani,1275,33,46,0,0
2019,GALVANI-2,Santo Stefano,Galvani,1284,36,53,0,0
2019,GALVANI-2,Santo Stefano,Galvani,1286,34,145,0,0
2019,GALVANI-2,Santo Stefano,Galvani,1294,42,71,0,0
2019,DAGNINI,Santo Stefano,Murri,1314,67,143,0,0
2019,MEZZOFANTI,Santo Stefano,Murri,1319,41,105,0,0
2019,MEZZOFANTI,Santo Stefano,Murri,1324,15,15,0,0
2019,DAGNINI,Santo Stefano,Murri,1326,7,6,0,0
2019,DAGNINI,Santo Stefano,Murri,1327,4,4,0,0
2019,DAGNINI,Santo Stefano,Murri,1328,1,2,0,243
2019,MEZZOFANTI,Santo Stefano,Murri,1343,14,14,0,0
2019,DAGNINI,Santo Stefano,Murri,1363,3,4,0,0
2019,DAGNINI,Santo Stefano,Murri,1370,31,50,0,0
2019,GIARDINI MARGHERITA,Santo Stefano,Murri,1381,2,2,0,75
2019,SIEPELUNGA,Santo Stefano,Murri,1400,10,11,0,0
2019,CHIESANUOVA,Santo Stefano,Murri,1418,28,48,0,0
2019,CHIESANUOVA,Santo Stefano,Murri,1420,20,27,0,0
2019,CHIESANUOVA,Santo Stefano,Murri,1423,29,55,0,0
2019,CHIESANUOVA,Santo Stefano,Murri,1427,17,30,0,0
2019,CHIESANUOVA,Santo Stefano,Murri,1430,30,53,0,0
2019,CHIESANUOVA,Santo Stefano,Murri,1438,13,27,0,0
2019,CHIESANUOVA,Santo Stefano,Murri,1445,16,33,0,0
2019,IRNERIO-2,Santo Stefano,Irnerio,1447,25,502,0,0
2019,IRNERIO-2,Santo Stefano,Irnerio,1450,10,770,0,0
2019,IRNERIO-2,Santo Stefano,Irnerio,1470,38,107,0,0
2019,IRNERIO-2,Santo Stefano,Irnerio,1473,21,215,0,0
2019,IRNERIO-2,Santo Stefano,Irnerio,1475,17,47,0,0
2019,IRNERIO-1,Santo Stefano,Irnerio,1487,20,56,0,0
2019,IRNERIO-1,Santo Stefano,Irnerio,1496,34,107,0,0
2019,IRNERIO-1,Santo Stefano,Irnerio,1497,56,331,0,0
2019,IRNERIO-1,Santo Stefano,Irnerio,1508,16,84,0,0
2019,IRNERIO-1,Santo Stefano,Irnerio,1517,1,2,0,0
2019,IRNERIO-2,Santo Stefano,Irnerio,1530,9,9,0,0
2019,IRNERIO-1,Santo Stefano,Irnerio,1546,26,47,0,0
2019,IRNERIO-2,Santo Stefano,Irnerio,1550,50,126,0,410
2019,CIRENAICA,San Donato - San Vitale,S. Vitale,1556,42,97,0,0
2019,CIRENAICA,San Donato - San Vitale,S. Vitale,1560,57,157,0,0
2019,CIRENAICA,San Donato - San Vitale,S. Vitale,1580,11,16,0,0
2019,CIRENAICA,San Donato - San Vitale,S. Vitale,1582,6,8,0,0
2019,CIRENAICA,San Donato - San Vitale,S. Vitale,1587,13,24,0,0
2019,CIRENAICA,San Donato - San Vitale,S. Vitale,1592,14,24,0,0
2019,CIRENAICA,San Donato - San Vitale,S. Vitale,1594,10,12,0,0
2019,CIRENAICA,San Donato - San Vitale,S. Vitale,1598,2,2,0,0
2019,CIRENAICA,San Donato - San Vitale,S. Vitale,1606,3,31,0,28
2019,MENGOLI,San Donato - San Vitale,S. Vitale,1611,50,122,0,0
2019,MENGOLI,San Donato - San Vitale,S. Vitale,1630,10,21,0,330
2019,MENGOLI,San Donato - San Vitale,S. Vitale,1636,18,36,0,0
2019,MENGOLI,San Donato - San Vitale,S. Vitale,1660,20,44,0,0
2019,MENGOLI,San Donato - San Vitale,S. Vitale,1662,14,68,0,0
2019,SCANDELLARA,San Donato - San Vitale,S. Vitale,1679,5,5,0,73
2019,ROVERI,San Donato - San Vitale,S. Vitale,1699,10,498,0,0
2019,ROVERI,San Donato - San Vitale,S. Vitale,1709,4,51,0,0
2019,ROVERI,San Donato - San Vitale,S. Vitale,1714,27,176,0,0
2019,ROVERI,San Donato - San Vitale,S. Vitale,1715,13,2575,0,0
2019,GUELFA,San Donato - San Vitale,S. Vitale,1721,6,7,0,0
2019,ROVERI,San Donato - San Vitale,S. Vitale,1740,31,228,0,0
2019,GUELFA,San Donato - San Vitale,S. Vitale,1743,9,10,0,0
2019,GUELFA,San Donato - San Vitale,S. Vitale,1745,86,168,0,0
2019,CROCE DEL BIACCO,San Donato - San Vitale,S. Vitale,1751,2,13,0,0
2019,STRADELLI GUELFI,San Donato - San Vitale,S. Vitale,1763,10,38,0,0
2019,STADIO-MELONCELLO,Porto - Saragozza,Costa Saragozza,1780,7,9,0,0
2019,XXI APRILE,Porto - Saragozza,Costa Saragozza,1789,16,45,0,53
2019,XXI APRILE,Porto - Saragozza,Costa Saragozza,1797,32,65,0,0
2019,XXI APRILE,Porto - Saragozza,Costa Saragozza,1799,11,16,0,0
2019,SAN GIUSEPPE,Porto - Saragozza,Costa Saragozza,1809,12,18,0,0
2019,STADIO-MELONCELLO,Porto - Saragozza,Costa Saragozza,1817,4,6,0,0
2019,XXI APRILE,Porto - Saragozza,Costa Saragozza,1836,28,36,0,0
2019,XXI APRILE,Porto - Saragozza,Costa Saragozza,1858,8,8,0,0
2019,SAN GIUSEPPE,Porto - Saragozza,Costa Saragozza,1863,8,8,0,0
2019,SAN GIUSEPPE,Porto - Saragozza,Costa Saragozza,1875,33,59,0,430
2019,STADIO-MELONCELLO,Porto - Saragozza,Costa Saragozza,1884,23,45,0,144
2019,RAVONE,Porto - Saragozza,Costa Saragozza,1885,1,1,0,0
2019,RAVONE,Porto - Saragozza,Costa Saragozza,1890,11,11,0,0
2019,RAVONE,Porto - Saragozza,Costa Saragozza,1898,20,20,0,0
2019,SAN GIUSEPPE,Porto - Saragozza,Costa Saragozza,1899,37,41,0,0
2019,SAN GIUSEPPE,Porto - Saragozza,Costa Saragozza,1907,16,17,0,0
2019,SAN LUCA,Porto - Saragozza,Costa Saragozza,1926,5,5,0,0
2019,MALPIGHI-2,Porto - Saragozza,Malpighi,1934,37,68,0,0
2019,MALPIGHI-2,Porto - Saragozza,Malpighi,1939,28,48,0,0
2019,MALPIGHI-2,Porto - Saragozza,Malpighi,1945,75,106,0,1410
2019,MALPIGHI-1,Porto - Saragozza,Malpighi,1955,35,51,0,0
2019,MALPIGHI-1,Porto - Saragozza,Malpighi,1962,138,629,0,0
2019,MALPIGHI-1,Porto - Saragozza,Malpighi,1965,34,107,0,0
2019,MALPIGHI-2,Porto - Saragozza,Malpighi,1975,88,164,0,601
2019,MALPIGHI-2,Porto - Saragozza,Malpighi,1977,12,11,0,0
2019,MALPIGHI-2,Porto - Saragozza,Malpighi,1989,23,26,0,0
2019,MALPIGHI-2,Porto - Saragozza,Malpighi,1995,12,13,0,98
2019,FOSSOLO,Savena,Mazzini,2004,38,113,0,0
2019,FOSSOLO,Savena,Mazzini,2011,9,21,0,31
2019,PONTEVECCHIO,Savena,Mazzini,2025,44,62,0,0
2019,DUE MADONNE,Savena,Mazzini,2043,2,1,0,0
2019,PONTEVECCHIO,Savena,Mazzini,2053,2,31,0,0
2019,PONTEVECCHIO,Savena,Mazzini,2054,40,86,0,0
2019,PONTEVECCHIO,Savena,Mazzini,2061,2,15,0,0
2019,BITONE,Savena,Mazzini,2073,11,11,0,0
2019,BITONE,Savena,Mazzini,2079,20,46,0,15
2019,BITONE,Savena,Mazzini,2083,11,18,0,0
2019,BITONE,Savena,Mazzini,2086,30,64,0,0
2019,BITONE,Savena,Mazzini,2108,5,7,0,0
2019,BITONE,Savena,Mazzini,2114,25,49,0,0
2019,BITONE,Savena,Mazzini,2118,21,54,0,364
2019,VIA ARNO,Savena,Mazzini,2119,18,22,0,0
2019,VIA ARNO,Savena,Mazzini,2130,7,19,0,0
2019,VIA ARNO,Savena,Mazzini,2132,15,15,0,0
2019,CAVEDONE,Savena,Mazzini,2140,5,11,0,0
2019,CAVEDONE,Savena,Mazzini,2143,13,15,0,50
2019,MONTE DONATO,Savena,S. Ruffillo,2159,9,22,0,0
2019,MONTE DONATO,Savena,S. Ruffillo,2160,3,3,0,0
2019,VIA TOSCANA,Savena,S. Ruffillo,2162,3,3,0,0
2019,MONTE DONATO,Savena,S. Ruffillo,2180,5,4,0,0
2019,VIA TOSCANA,Savena,S. Ruffillo,2183,3,3,0,0
2019,VIA TOSCANA,Savena,S. Ruffillo,2184,5,6,0,0
2019,VIA TOSCANA,Savena,S. Ruffillo,2194,6,7,0,0
2019,VIA TOSCANA,Savena,S. Ruffillo,2213,12,13,0,0
2019,VIA TOSCANA,Savena,S. Ruffillo,2230,4,5,0,0
2019,CORELLI,Savena,S. Ruffillo,2259,9,10,0,0
2019,CORELLI,Savena,S. Ruffillo,2265,6,7,0,103
2019,CORELLI,Savena,S. Ruffillo,2267,12,27,0,0
2019,CORELLI,Savena,S. Ruffillo,2273,4,6,0,71
2019,CORELLI,Savena,S. Ruffillo,2284,2,2,0,0
2019,VIA TOSCANA,Savena,S. Ruffillo,2307,32,64,0,0
2019,PONTE SAVENA-LA BASTIA,Savena,S. Ruffillo,2312,13,19,0,0
2019,CROCE DEL BIACCO,San Donato - San Vitale,S. Vitale,2332,11,24,0,0
2018,VIA DEL VIVAIO,Borgo Panigale - Reno,Borgo Panigale,2,6,17,0,0
2018,DUCATI-VILLAGGIO INA,Borgo Panigale - Reno,Borgo Panigale,82,12,24,0,0
2018,BORGO CENTRO,Borgo Panigale - Reno,Borgo Panigale,87,7,6,0,0
2018,BORGO CENTRO,Borgo Panigale - Reno,Borgo Panigale,88,19,144,0,0
2018,BORGO CENTRO,Borgo Panigale - Reno,Borgo Panigale,94,1,1,0,0
2018,BORGO CENTRO,Borgo Panigale - Reno,Borgo Panigale,111,10,27,0,0
2018,BORGO CENTRO,Borgo Panigale - Reno,Borgo Panigale,120,12,224,0,0
2018,RIGOSA,Borgo Panigale - Reno,Borgo Panigale,129,1,2,0,0
2018,RIGOSA,Borgo Panigale - Reno,Borgo Panigale,134,8,20,0,0
2018,TRIUMVIRATO-PIETRA,Borgo Panigale - Reno,Borgo Panigale,145,109,792,0,0
2018,TRIUMVIRATO-PIETRA,Borgo Panigale - Reno,Borgo Panigale,151,11,28,0,0
2018,RIGOSA,Borgo Panigale - Reno,Borgo Panigale,172,7,16,0,0
2018,RIGOSA,Borgo Panigale - Reno,Borgo Panigale,175,1,2,0,0
2018,CASTELDEBOLE,Borgo Panigale - Reno,Borgo Panigale,176,16,17,0,0
2018,RIGOSA,Borgo Panigale - Reno,Borgo Panigale,188,2,1,0,0
2018,CASTELDEBOLE,Borgo Panigale - Reno,Borgo Panigale,198,10,2054,0,0
2018,CASERME ROSSE-MANIFATTURA,Navile,Bolognina,205,21,25,0,0
2018,CASERME ROSSE-MANIFATTURA,Navile,Bolognina,218,1,35,0,0
2018,ARCOVEGGIO,Navile,Bolognina,231,18,42,0,0
2018,ARCOVEGGIO,Navile,Bolognina,242,13,17,0,0
2018,ARCOVEGGIO,Navile,Bolognina,252,15,22,0,0
2018,ARCOVEGGIO,Navile,Bolognina,254,20,21,0,0
2018,PIAZZA DELL'UNITA',Navile,Bolognina,274,14,17,0,0
2018,VIA FERRARESE,Navile,Bolognina,313,11,12,0,0
2018,VIA FERRARESE,Navile,Bolognina,331,7,13,0,0
2018,PIAZZA DELL'UNITA',Navile,Bolognina,350,5,8,0,0
2018,PIAZZA DELL'UNITA',Navile,Bolognina,352,43,146,0,0
2018,SAVENA ABBANDONATO,Navile,Corticella,374,1,1,0,0
2018,SAN SAVINO,Navile,Corticella,378,5,17,0,0
2018,SAN SAVINO,Navile,Corticella,383,7,10,0,0
2018,SAN SAVINO,Navile,Corticella,386,3,3,0,0
2018,SAN SAVINO,Navile,Corticella,388,1,1,0,0
2018,SAN SAVINO,Navile,Corticella,404,30,80,0,0
2018,SAN SAVINO,Navile,Corticella,405,21,43,0,0
2018,SAN SAVINO,Navile,Corticella,407,8,10,0,0
2018,SAN SAVINO,Navile,Corticella,414,10,21,0,0
2018,SAVENA ABBANDONATO,Navile,Corticella,424,4,5,0,0
2018,CROCE COPERTA,Navile,Corticella,441,5,57,0,0
2018,CROCE COPERTA,Navile,Corticella,445,2,9,0,0
2018,CROCE COPERTA,Navile,Corticella,460,7,14,0,0
2018,LA DOZZA,Navile,Corticella,480,11,13,0,0
2018,LAGHETTI DEL ROSARIO,Navile,Lame,496,5,72,0,0
2018,LAGHETTI DEL ROSARIO,Navile,Lame,514,1,0,0,0
2018,PESCAROLA,Navile,Lame,548,6,12,0,0
2018,LAZZARETTO,Navile,Lame,567,1,11,0,0
2018,LAZZARETTO,Navile,Lame,584,4,4,0,0
2018,BEVERARA,Navile,Lame,597,1,9,0,0
2018,BEVERARA,Navile,Lame,601,5,68,0,0
2018,MARCONI-2,Porto - Saragozza,Marconi,614,53,127,0,0
2018,MARCONI-2,Porto - Saragozza,Marconi,643,24,36,0,0
2018,MARCONI-2,Porto - Saragozza,Marconi,644,33,206,0,0
2018,MARCONI-2,Porto - Saragozza,Marconi,650,116,384,0,0
2018,MARCONI-2,Porto - Saragozza,Marconi,669,9,10,0,0
2018,MARCONI-1,Porto - Saragozza,Marconi,676,59,579,0,0
2018,MARCONI-1,Porto - Saragozza,Marconi,685,4,102,0,0
2018,MARCONI-1,Porto - Saragozza,Marconi,688,5,26,0,0
2018,ZANARDI,Porto - Saragozza,Saffi,704,9,16,0,0
2018,ZANARDI,Porto - Saragozza,Saffi,711,6,6,0,0
2018,ZANARDI,Porto - Saragozza,Saffi,716,2,2,0,0
2018,ZANARDI,Porto - Saragozza,Saffi,717,4,4,0,0
2018,ZANARDI,Porto - Saragozza,Saffi,721,4,6,0,0
2018,ZANARDI,Porto - Saragozza,Saffi,726,35,41,0,0
2018,VELODROMO,Porto - Saragozza,Saffi,742,4,5,0,0
2018,VELODROMO,Porto - Saragozza,Saffi,744,12,256,0,0
2018,VELODROMO,Porto - Saragozza,Saffi,746,34,78,0,0
2018,VELODROMO,Porto - Saragozza,Saffi,750,22,33,0,0
2018,VIA VITTORIO VENETO,Porto - Saragozza,Saffi,777,16,18,0,0
2018,VILLAGGIO DELLA BARCA,Borgo Panigale - Reno,Barca,784,11,68,0,0
2018,BATTINDARNO,Borgo Panigale - Reno,Barca,789,20,35,0,0
2018,BATTINDARNO,Borgo Panigale - Reno,Barca,795,1,1,0,0
2018,BATTINDARNO,Borgo Panigale - Reno,Barca,796,7,8,0,0
2018,BATTINDARNO,Borgo Panigale - Reno,Barca,797,4,16,0,0
2018,BATTINDARNO,Borgo Panigale - Reno,Barca,802,4,3,0,0
2018,VILLAGGIO DELLA BARCA,Borgo Panigale - Reno,Barca,821,16,49,0,0
2018,VILLAGGIO DELLA BARCA,Borgo Panigale - Reno,Barca,830,1,1,0,0
2018,VILLAGGIO DELLA BARCA,Borgo Panigale - Reno,Barca,835,3,3,0,0
2018,VILLAGGIO DELLA BARCA,Borgo Panigale - Reno,Barca,840,2,1,0,0
2018,VILLAGGIO DELLA BARCA,Borgo Panigale - Reno,Barca,843,5,12,0,0
2018,VILLAGGIO DELLA BARCA,Borgo Panigale - Reno,Barca,848,4,4,0,0
2018,CANALE DI RENO,Borgo Panigale - Reno,Barca,855,1,3,0,0
2018,CANALE DI RENO,Borgo Panigale - Reno,Barca,862,24,58,0,0
2018,CANALE DI RENO,Borgo Panigale - Reno,Barca,873,11,15,0,0
2018,AGUCCHI,Borgo Panigale - Reno,S. Viola,901,21,293,0,0
2018,EMILIA PONENTE,Borgo Panigale - Reno,S. Viola,909,22,133,0,0
2018,EMILIA PONENTE,Borgo Panigale - Reno,S. Viola,920,24,40,0,0
2018,CADRIANO-CALAMOSCO,San Donato - San Vitale,San Donato,952,11,35,0,0
2018,VIA DEL LAVORO,San Donato - San Vitale,San Donato,979,18,31,0,0
2018,VIA DEL LAVORO,San Donato - San Vitale,San Donato,991,80,229,0,0
2018,VIA DEL LAVORO,San Donato - San Vitale,San Donato,1003,55,102,0,0
2018,VIA DEL LAVORO,San Donato - San Vitale,San Donato,1010,13,23,0,0
2018,MICHELINO,San Donato - San Vitale,San Donato,1023,3,9,0,0
2018,VIA MONDO,San Donato - San Vitale,San Donato,1040,3,3,0,0
2018,VIA MONDO,San Donato - San Vitale,San Donato,1042,21,52,0,0
2018,MICHELINO,San Donato - San Vitale,San Donato,1053,19,29,0,0
2018,VIA MONDO,San Donato - San Vitale,San Donato,1055,31,52,0,0
2018,VIA MONDO,San Donato - San Vitale,San Donato,1063,5,8,0,0
2018,VIA MONDO,San Donato - San Vitale,San Donato,1072,2,6,0,0
2018,VIA MONDO,San Donato - San Vitale,San Donato,1074,21,45,0,0
2018,SAN DONNINO,San Donato - San Vitale,San Donato,1079,11,11,0,0
2018,PILASTRO,San Donato - San Vitale,San Donato,1109,6,6,0,0
2018,SCALO MERCI SAN DONATO,San Donato - San Vitale,San Donato,1129,1,21,0,0
2018,OSSERVANZA,Santo Stefano,Colli,1150,1,1,0,0
2018,SAN MICHELE IN BOSCO,Santo Stefano,Colli,1162,68,95,0,0
2018,GALVANI-2,Santo Stefano,Galvani,1298,15,19,0,0
2018,MEZZOFANTI,Santo Stefano,Murri,1304,32,47,0,0
2018,DAGNINI,Santo Stefano,Murri,1313,28,53,0,0
2018,DAGNINI,Santo Stefano,Murri,1316,20,30,0,0
2018,DAGNINI,Santo Stefano,Murri,1335,7,9,0,0
2018,DAGNINI,Santo Stefano,Murri,1346,11,14,0,0
2018,DAGNINI,Santo Stefano,Murri,1371,30,47,0,0
2018,SIEPELUNGA,Santo Stefano,Murri,1402,19,38,0,0
2018,CHIESANUOVA,Santo Stefano,Murri,1414,22,26,0,0
2018,CHIESANUOVA,Santo Stefano,Murri,1426,49,69,0,0
2018,CHIESANUOVA,Santo Stefano,Murri,1433,7,7,0,0
2018,IRNERIO-2,Santo Stefano,Irnerio,1450,9,816,0,0
2018,CIRENAICA,San Donato - San Vitale,S. Vitale,1588,10,19,0,0
2018,CIRENAICA,San Donato - San Vitale,S. Vitale,1601,15,35,0,0
2018,CIRENAICA,San Donato - San Vitale,S. Vitale,1609,2,13,0,0
2018,MENGOLI,San Donato - San Vitale,S. Vitale,1645,5,8,0,0
2018,CROCE DEL BIACCO,San Donato - San Vitale,S. Vitale,1750,24,41,0,0
2018,XXI APRILE,Porto - Saragozza,Costa Saragozza,1825,7,15,0,0
2018,XXI APRILE,Porto - Saragozza,Costa Saragozza,1853,27,30,0,0
2018,XXI APRILE,Porto - Saragozza,Costa Saragozza,1858,7,7,0,0
2018,XXI APRILE,Porto - Saragozza,Costa Saragozza,1860,30,34,0,0
2018,SAN GIUSEPPE,Porto - Saragozza,Costa Saragozza,1869,10,24,0,0
2018,MALPIGHI-2,Porto - Saragozza,Malpighi,1948,11,157,0,0
2018,MALPIGHI-1,Porto - Saragozza,Malpighi,1952,128,263,0,0
2018,MALPIGHI-1,Porto - Saragozza,Malpighi,1969,21,34,0,0
2018,FOSSOLO,Savena,Mazzini,2002,12,13,0,0
2018,FOSSOLO,Savena,Mazzini,2013,28,42,0,0
2018,DUE MADONNE,Savena,Mazzini,2038,17,32,0,0
2018,PONTEVECCHIO,Savena,Mazzini,2054,44,86,0,0
2018,PONTEVECCHIO,Savena,Mazzini,2061,2,14,0,0
2018,VIA ARNO,Savena,Mazzini,2122,17,25,0,0
2018,VIA ARNO,Savena,Mazzini,2155,13,125,0,0
2018,VIA TOSCANA,Savena,S. Ruffillo,2205,55,133,0,0
2018,VIA TOSCANA,Savena,S. Ruffillo,2238,10,24,0,0
2018,CORELLI,Savena,S. Ruffillo,2254,30,55,0,0
2018,CROCE DEL BIACCO,San Donato - San Vitale,S. Vitale,2332,10,20,0,0
2019,VIA DEL VIVAIO,Borgo Panigale - Reno,Borgo Panigale,2,6,19,0,0
2019,BARGELLINO,Borgo Panigale - Reno,Borgo Panigale,22,30,379,0,0
2019,AEROPORTO,Borgo Panigale - Reno,Borgo Panigale,30,3,2,0,0
2019,LA BIRRA,Borgo Panigale - Reno,Borgo Panigale,66,1,2,0,0
2019,DUCATI-VILLAGGIO INA,Borgo Panigale - Reno,Borgo Panigale,70,4,4,0,0
2019,DUCATI-VILLAGGIO INA,Borgo Panigale - Reno,Borgo Panigale,71,5,7,0,0
2019,DUCATI-VILLAGGIO INA,Borgo Panigale - Reno,Borgo Panigale,74,2,5,0,0
2019,BORGO CENTRO,Borgo Panigale - Reno,Borgo Panigale,122,4,3,0,0
2019,RIGOSA,Borgo Panigale - Reno,Borgo Panigale,129,1,16,0,0
2019,TRIUMVIRATO-PIETRA,Borgo Panigale - Reno,Borgo Panigale,148,17,21,0,72
2019,CASTELDEBOLE,Borgo Panigale - Reno,Borgo Panigale,168,3,5,0,68
2019,CASTELDEBOLE,Borgo Panigale - Reno,Borgo Panigale,178,3,10,0,104
2019,CASTELDEBOLE,Borgo Panigale - Reno,Borgo Panigale,197,6,10,0,0
2019,RIGOSA,Borgo Panigale - Reno,Borgo Panigale,201,1,169,0,0
2019,CASERME ROSSE-MANIFATTURA,Navile,Bolognina,220,3,9,0,243
2019,CASERME ROSSE-MANIFATTURA,Navile,Bolognina,221,9,108,0,0
2019,ARCOVEGGIO,Navile,Bolognina,255,24,48,0,0
2019,ARCOVEGGIO,Navile,Bolognina,267,8,14,0,0
2019,ARCOVEGGIO,Navile,Bolognina,269,38,79,0,18
2019,PIAZZA DELL'UNITA',Navile,Bolognina,288,11,15,0,0
2019,VIA FERRARESE,Navile,Bolognina,313,10,13,0,0
2019,PIAZZA DELL'UNITA',Navile,Bolognina,341,12,25,0,0
2019,PIAZZA DELL'UNITA',Navile,Bolognina,342,19,30,0,0
2019,PIAZZA DELL'UNITA',Navile,Bolognina,344,6,7,0,0
2019,PIAZZA DELL'UNITA',Navile,Bolognina,357,13,25,0,0
2019,PIAZZA DELL'UNITA',Navile,Bolognina,367,6,24,0,537
2019,PIAZZA DELL'UNITA',Navile,Bolognina,367,6,24,0,256
2019,SAN SAVINO,Navile,Corticella,370,2,3,0,0
2019,SAN SAVINO,Navile,Corticella,376,21,73,0,0
2019,SAN SAVINO,Navile,Corticella,386,3,3,0,0
2019,SAN SAVINO,Navile,Corticella,395,21,99,0,0
2019,SAN SAVINO,Navile,Corticella,396,9,77,0,0
2019,SAN SAVINO,Navile,Corticella,403,16,21,0,0
2019,SAN SAVINO,Navile,Corticella,410,8,22,0,0
2019,SAN SAVINO,Navile,Corticella,415,26,56,0,0
2019,SAVENA ABBANDONATO,Navile,Corticella,419,3,3,0,0
2019,SAVENA ABBANDONATO,Navile,Corticella,424,4,3,0,0
2019,CROCE COPERTA,Navile,Corticella,440,2,452,0,0
2019,CROCE COPERTA,Navile,Corticella,448,29,1319,0,0
2019,CROCE COPERTA,Navile,Corticella,450,10,83,0,0
2019,CROCE COPERTA,Navile,Corticella,452,41,98,0,0
2019,CROCE COPERTA,Navile,Corticella,457,5,18,0,0
2019,CROCE COPERTA,Navile,Corticella,460,6,11,0,0
2019,CROCE COPERTA,Navile,Corticella,463,74,208,0,103
2019,CROCE COPERTA,Navile,Corticella,463,74,208,0,247
2019,LA DOZZA,Navile,Corticella,481,10,11,0,0
2019,LAGHETTI DEL ROSARIO,Navile,Lame,499,6,32,0,0
2019,LA NOCE,Navile,Lame,500,6,13,0,0
2019,TIRO A SEGNO,Navile,Lame,530,3,3,0,0
2019,PESCAROLA,Navile,Lame,534,1,5,0,0
2019,PESCAROLA,Navile,Lame,536,6,9,0,0
2019,PESCAROLA,Navile,Lame,547,24,53,0,51
2019,BEVERARA,Navile,Lame,575,19,21,0,0
2019,LAZZARETTO,Navile,Lame,583,1,14,0,0
2019,LAZZARETTO,Navile,Lame,585,24,47,0,0
2019,MARCONI-2,Porto - Saragozza,Marconi,604,68,324,0,0
2019,MARCONI-2,Porto - Saragozza,Marconi,614,54,421,0,0
2019,MARCONI-2,Porto - Saragozza,Marconi,630,61,151,0,0
2019,MARCONI-2,Porto - Saragozza,Marconi,636,55,129,0,0
2019,MARCONI-2,Porto - Saragozza,Marconi,642,16,40,0,0
2019,MARCONI-2,Porto - Saragozza,Marconi,643,21,31,0,0
2019,MARCONI-2,Porto - Saragozza,Marconi,646,62,228,0,0
2019,MARCONI-2,Porto - Saragozza,Marconi,651,52,98,0,0
2019,MARCONI-2,Porto - Saragozza,Marconi,655,2,2,0,0
2019,MARCONI-2,Porto - Saragozza,Marconi,663,30,49,0,0
2019,MARCONI-2,Porto - Saragozza,Marconi,669,12,17,0,0
2019,MARCONI-2,Porto - Saragozza,Marconi,673,34,64,0,0
2019,MARCONI-2,Porto - Saragozza,Marconi,674,62,187,0,0
2019,MARCONI-1,Porto - Saragozza,Marconi,676,57,126,0,0
2019,MARCONI-1,Porto - Saragozza,Marconi,694,141,636,0,0
2019,ZANARDI,Porto - Saragozza,Saffi,707,33,63,0,0
2019,ZANARDI,Porto - Saragozza,Saffi,717,3,3,0,0
2019,ZANARDI,Porto - Saragozza,Saffi,723,1,1,0,63
2019,VELODROMO,Porto - Saragozza,Saffi,736,64,355,0,0
2019,VELODROMO,Porto - Saragozza,Saffi,740,8,40,0,0
2019,VELODROMO,Porto - Saragozza,Saffi,752,8,22,0,0
2019,VIA VITTORIO VENETO,Porto - Saragozza,Saffi,760,22,53,0,118
2019,VIA VITTORIO VENETO,Porto - Saragozza,Saffi,761,23,33,0,212
2019,VIA VITTORIO VENETO,Porto - Saragozza,Saffi,765,25,25,0,0
2019,VIA VITTORIO VENETO,Porto - Saragozza,Saffi,771,21,31,0,0
2019,BATTINDARNO,Borgo Panigale - Reno,Barca,786,12,14,0,42
2019,BATTINDARNO,Borgo Panigale - Reno,Barca,790,17,18,0,0
2019,BATTINDARNO,Borgo Panigale - Reno,Barca,815,16,18,0,77
2019,VILLAGGIO DELLA BARCA,Borgo Panigale - Reno,Barca,830,1,1,0,0
2019,VILLAGGIO DELLA BARCA,Borgo Panigale - Reno,Barca,831,5,5,0,0
2019,VILLAGGIO DELLA BARCA,Borgo Panigale - Reno,Barca,833,14,52,0,0
2019,VILLAGGIO DELLA BARCA,Borgo Panigale - Reno,Barca,837,3,3,0,0
2019,CANALE DI RENO,Borgo Panigale - Reno,Barca,858,31,1018,0,57
2019,CANALE DI RENO,Borgo Panigale - Reno,Barca,865,21,601,0,0
2019,AGUCCHI,Borgo Panigale - Reno,S. Viola,896,4,4,0,0
2019,AGUCCHI,Borgo Panigale - Reno,S. Viola,898,5,5,0,0
2019,EMILIA PONENTE,Borgo Panigale - Reno,S. Viola,914,11,23,0,0
2019,EMILIA PONENTE,Borgo Panigale - Reno,S. Viola,932,10,10,0,0
2019,FIERA,San Donato - San Vitale,San Donato,976,103,3507,0,0
2019,VIA DEL LAVORO,San Donato - San Vitale,San Donato,989,10,294,0,14
2019,VIA DEL LAVORO,San Donato - San Vitale,San Donato,991,72,176,0,0
2019,VIA DEL LAVORO,San Donato - San Vitale,San Donato,1004,28,67,0,0
2019,VIA DEL LAVORO,San Donato - San Vitale,San Donato,1008,6,14,0,0
2019,MICHELINO,San Donato - San Vitale,San Donato,1017,8,32,0,0
2019,VIA MONDO,San Donato - San Vitale,San Donato,1027,7,7,0,206
2019,VIA MONDO,San Donato - San Vitale,San Donato,1047,11,18,0,0
2019,SAN DONNINO,San Donato - San Vitale,San Donato,1084,1,7,0,0
2019,PILASTRO,San Donato - San Vitale,San Donato,1095,1,3,0,0
2019,PILASTRO,San Donato - San Vitale,San Donato,1101,17,108,0,0
2019,PILASTRO,San Donato - San Vitale,San Donato,1104,10,16,0,0
2019,PILASTRO,San Donato - San Vitale,San Donato,1106,6,9,0,0
2019,PILASTRO,San Donato - San Vitale,San Donato,1107,10,17,0,0
2019,CAAB,San Donato - San Vitale,San Donato,1114,1,1,0,0
2019,CAAB,San Donato - San Vitale,San Donato,1126,19,81,0,0
2019,CAAB,San Donato - San Vitale,San Donato,1128,5,66,0,0
2019,OSSERVANZA,Santo Stefano,Colli,1154,17,19,0,0
2019,SAN MICHELE IN BOSCO,Santo Stefano,Colli,1174,7,10,0,0
2019,PADERNO,Santo Stefano,Colli,1200,5,5,0,0
2019,PADERNO,Santo Stefano,Colli,1206,3,3,0,0
2019,GALVANI-1,Santo Stefano,Galvani,1231,64,98,0,11
2019,GALVANI-2,Santo Stefano,Galvani,1234,61,112,0,0
2019,GALVANI-2,Santo Stefano,Galvani,1238,44,73,0,0
2019,GALVANI-2,Santo Stefano,Galvani,1281,21,51,0,0
2019,MEZZOFANTI,Santo Stefano,Murri,1308,32,71,0,0
2019,MEZZOFANTI,Santo Stefano,Murri,1310,34,94,0,0
2019,DAGNINI,Santo Stefano,Murri,1328,1,2,0,74
2019,MEZZOFANTI,Santo Stefano,Murri,1359,1,1,0,195
2019,DAGNINI,Santo Stefano,Murri,1372,67,154,0,41
2019,SIEPELUNGA,Santo Stefano,Murri,1383,11,12,0,0
2019,SIEPELUNGA,Santo Stefano,Murri,1388,16,17,0,0
2019,SIEPELUNGA,Santo Stefano,Murri,1390,46,52,0,0
2019,SIEPELUNGA,Santo Stefano,Murri,1392,19,20,0,0
2019,CHIESANUOVA,Santo Stefano,Murri,1440,26,43,0,0
2019,IRNERIO-2,Santo Stefano,Irnerio,1452,9,23,0,100
2019,IRNERIO-2,Santo Stefano,Irnerio,1460,35,391,0,405
2019,IRNERIO-2,Santo Stefano,Irnerio,1463,51,69,0,0
2019,IRNERIO-2,Santo Stefano,Irnerio,1464,22,44,0,0
2019,IRNERIO-2,Santo Stefano,Irnerio,1471,22,153,0,0
2019,IRNERIO-2,Santo Stefano,Irnerio,1477,37,60,0,0
2019,IRNERIO-2,Santo Stefano,Irnerio,1479,34,47,0,0
2019,IRNERIO-2,Santo Stefano,Irnerio,1480,48,157,0,0
2019,IRNERIO-2,Santo Stefano,Irnerio,1484,9,27,0,0
2019,IRNERIO-1,Santo Stefano,Irnerio,1493,44,123,0,0
2019,IRNERIO-1,Santo Stefano,Irnerio,1495,2,9,0,0
2019,IRNERIO-1,Santo Stefano,Irnerio,1524,20,112,0,0
2019,IRNERIO-1,Santo Stefano,Irnerio,1527,95,251,0,72
2019,IRNERIO-2,Santo Stefano,Irnerio,1528,26,68,0,0
2019,IRNERIO-1,Santo Stefano,Irnerio,1541,8,13,0,0
2019,IRNERIO-2,Santo Stefano,Irnerio,1549,31,65,0,0
2019,IRNERIO-2,Santo Stefano,Irnerio,1552,29,57,0,12
2019,IRNERIO-2,Santo Stefano,Irnerio,1554,66,187,0,0
2019,CIRENAICA,San Donato - San Vitale,S. Vitale,1562,52,85,0,0
2019,CIRENAICA,San Donato - San Vitale,S. Vitale,1588,9,19,0,0
2019,CIRENAICA,San Donato - San Vitale,S. Vitale,1595,6,29,0,0
2019,CIRENAICA,San Donato - San Vitale,S. Vitale,1599,3,4,0,0
2019,CIRENAICA,San Donato - San Vitale,S. Vitale,1600,30,35,0,0
2019,CIRENAICA,San Donato - San Vitale,S. Vitale,1606,3,31,0,26
2019,MENGOLI,San Donato - San Vitale,S. Vitale,1625,4,6,0,0
2019,MENGOLI,San Donato - San Vitale,S. Vitale,1635,15,18,0,0
2019,MENGOLI,San Donato - San Vitale,S. Vitale,1641,7,8,0,0
2019,MENGOLI,San Donato - San Vitale,S. Vitale,1645,5,8,0,0
2019,MENGOLI,San Donato - San Vitale,S. Vitale,1661,9,34,0,1432
2019,SCANDELLARA,San Donato - San Vitale,S. Vitale,1676,6,5,0,319
2019,SCANDELLARA,San Donato - San Vitale,S. Vitale,1681,7,10,0,0
2019,ROVERI,San Donato - San Vitale,S. Vitale,1701,12,370,0,0
2019,ROVERI,San Donato - San Vitale,S. Vitale,1702,5,54,0,0
2019,ROVERI,San Donato - San Vitale,S. Vitale,1710,8,132,0,0
2019,ROVERI,San Donato - San Vitale,S. Vitale,1718,8,62,0,0
2019,GUELFA,San Donato - San Vitale,S. Vitale,1729,10,12,0,0
2019,GUELFA,San Donato - San Vitale,S. Vitale,1776,24,43,0,38
2019,XXI APRILE,Porto - Saragozza,Costa Saragozza,1785,6,15,0,0
2019,XXI APRILE,Porto - Saragozza,Costa Saragozza,1792,30,40,0,0
2019,XXI APRILE,Porto - Saragozza,Costa Saragozza,1796,11,15,0,0
2019,XXI APRILE,Porto - Saragozza,Costa Saragozza,1802,3,5,0,0
2019,STADIO-MELONCELLO,Porto - Saragozza,Costa Saragozza,1812,33,64,0,0
2019,STADIO-MELONCELLO,Porto - Saragozza,Costa Saragozza,1814,8,8,0,0
2019,STADIO-MELONCELLO,Porto - Saragozza,Costa Saragozza,1818,23,69,0,59
2019,STADIO-MELONCELLO,Porto - Saragozza,Costa Saragozza,1818,23,69,0,75
2019,XXI APRILE,Porto - Saragozza,Costa Saragozza,1822,18,283,0,41
2019,XXI APRILE,Porto - Saragozza,Costa Saragozza,1824,29,40,0,0
2019,XXI APRILE,Porto - Saragozza,Costa Saragozza,1831,12,15,0,0
2019,XXI APRILE,Porto - Saragozza,Costa Saragozza,1833,11,18,0,50
2019,XXI APRILE,Porto - Saragozza,Costa Saragozza,1834,12,17,0,0
2019,XXI APRILE,Porto - Saragozza,Costa Saragozza,1835,19,50,0,0
2019,XXI APRILE,Porto - Saragozza,Costa Saragozza,1850,19,28,0,0
2019,XXI APRILE,Porto - Saragozza,Costa Saragozza,1857,6,6,0,0
2019,SAN GIUSEPPE,Porto - Saragozza,Costa Saragozza,1862,1,1,0,0
2019,RAVONE,Porto - Saragozza,Costa Saragozza,1887,18,21,0,73
2019,RAVONE,Porto - Saragozza,Costa Saragozza,1889,5,5,0,0
2019,RAVONE,Porto - Saragozza,Costa Saragozza,1894,4,4,0,0
2019,SAN GIUSEPPE,Porto - Saragozza,Costa Saragozza,1906,23,28,0,0
2019,SAN GIUSEPPE,Porto - Saragozza,Costa Saragozza,1908,4,3,0,0
2019,SAN GIUSEPPE,Porto - Saragozza,Costa Saragozza,1909,5,7,0,0
2019,SAN LUCA,Porto - Saragozza,Costa Saragozza,1917,9,10,0,0
2019,MALPIGHI-2,Porto - Saragozza,Malpighi,1943,27,53,0,0
2019,MALPIGHI-1,Porto - Saragozza,Malpighi,1953,92,271,0,0
2019,MALPIGHI-1,Porto - Saragozza,Malpighi,1959,31,37,0,0
2019,MALPIGHI-2,Porto - Saragozza,Malpighi,1975,88,164,0,219
2019,MALPIGHI-2,Porto - Saragozza,Malpighi,1982,42,62,0,0
2019,MALPIGHI-2,Porto - Saragozza,Malpighi,1995,12,13,0,81
2019,FOSSOLO,Savena,Mazzini,2003,6,21,0,519
2019,FOSSOLO,Savena,Mazzini,2009,17,20,0,42
2019,FOSSOLO,Savena,Mazzini,2012,28,37,0,0
2019,FOSSOLO,Savena,Mazzini,2014,25,34,0,0
2019,BITONE,Savena,Mazzini,2031,21,36,0,0
2019,DUE MADONNE,Savena,Mazzini,2038,16,21,0,0
2019,DUE MADONNE,Savena,Mazzini,2048,19,32,0,0
2019,PONTEVECCHIO,Savena,Mazzini,2057,17,49,0,0
2019,PONTEVECCHIO,Savena,Mazzini,2059,40,76,0,0
2019,PONTEVECCHIO,Savena,Mazzini,2068,24,26,0,0
2019,BITONE,Savena,Mazzini,2071,17,24,0,0
2019,BITONE,Savena,Mazzini,2080,21,90,0,0
2019,BITONE,Savena,Mazzini,2099,30,51,0,0
2019,VIA ARNO,Savena,Mazzini,2123,8,10,0,0
2019,CAVEDONE,Savena,Mazzini,2144,4,5,0,0
2019,VIA ARNO,Savena,Mazzini,2155,13,146,0,407
2019,MONTE DONATO,Savena,S. Ruffillo,2172,31,36,0,0
2019,VIA TOSCANA,Savena,S. Ruffillo,2175,4,3,0,0
2019,VIA TOSCANA,Savena,S. Ruffillo,2199,11,13,0,0
2019,VIA TOSCANA,Savena,S. Ruffillo,2201,12,21,0,0
2019,VIA TOSCANA,Savena,S. Ruffillo,2209,22,39,0,0
2019,VIA TOSCANA,Savena,S. Ruffillo,2222,20,23,0,0
2019,VIA TOSCANA,Savena,S. Ruffillo,2232,30,64,0,0
2019,VIA TOSCANA,Savena,S. Ruffillo,2237,6,8,0,0
2019,VIA TOSCANA,Savena,S. Ruffillo,2239,9,9,0,0
2019,CORELLI,Savena,S. Ruffillo,2257,13,16,0,0
2019,CORELLI,Savena,S. Ruffillo,2271,10,12,0,0
2019,VIA TOSCANA,Savena,S. Ruffillo,2295,13,41,0,0
2019,VIA TOSCANA,Savena,S. Ruffillo,2296,8,17,0,0
2019,VIA TOSCANA,Savena,S. Ruffillo,2302,3,4,0,0
2019,CORELLI,Savena,S. Ruffillo,2304,1,1,0,0
2019,VIA TOSCANA,Savena,S. Ruffillo,2305,7,18,0,0
2019,MONTE DONATO,Savena,S. Ruffillo,2309,1,2,0,0
2019,PONTE SAVENA-LA BASTIA,Savena,S. Ruffillo,2314,2,16,0,0
2019,EMILIA PONENTE,Borgo Panigale - Reno,S. Viola,2330,12,94,0,0
2018,VIA DEL VIVAIO,Borgo Panigale - Reno,Borgo Panigale,4,5,8,0,0
2018,VIA DEL VIVAIO,Borgo Panigale - Reno,Borgo Panigale,17,5,39,0,0
2018,AEROPORTO,Borgo Panigale - Reno,Borgo Panigale,38,1,1,0,0
2018,VIA DEL VIVAIO,Borgo Panigale - Reno,Borgo Panigale,51,2,2,0,0
2018,DUCATI-VILLAGGIO INA,Borgo Panigale - Reno,Borgo Panigale,68,3,30,0,0
2018,DUCATI-VILLAGGIO INA,Borgo Panigale - Reno,Borgo Panigale,71,5,7,0,0
2018,DUCATI-VILLAGGIO INA,Borgo Panigale - Reno,Borgo Panigale,78,31,372,0,0
2018,BORGO CENTRO,Borgo Panigale - Reno,Borgo Panigale,90,6,7,0,0
2018,BORGO CENTRO,Borgo Panigale - Reno,Borgo Panigale,93,2,4,0,0
2018,BORGO CENTRO,Borgo Panigale - Reno,Borgo Panigale,96,2,2,0,0
2018,BORGO CENTRO,Borgo Panigale - Reno,Borgo Panigale,101,35,74,0,0
2018,BORGO CENTRO,Borgo Panigale - Reno,Borgo Panigale,102,6,25,0,0
2018,TRIUMVIRATO-PIETRA,Borgo Panigale - Reno,Borgo Panigale,124,41,145,0,0
2018,TRIUMVIRATO-PIETRA,Borgo Panigale - Reno,Borgo Panigale,157,1,21,0,0
2018,RIGOSA,Borgo Panigale - Reno,Borgo Panigale,164,2,7,0,0
2018,CASTELDEBOLE,Borgo Panigale - Reno,Borgo Panigale,183,10,13,0,0
2018,CASERME ROSSE-MANIFATTURA,Navile,Bolognina,206,19,23,0,0
2018,CASERME ROSSE-MANIFATTURA,Navile,Bolognina,213,3,9,0,0
2018,CASERME ROSSE-MANIFATTURA,Navile,Bolognina,220,3,9,0,0
2018,CNR,Navile,Bolognina,226,2,7,0,0
2018,ARCOVEGGIO,Navile,Bolognina,234,9,14,0,0
2018,ARCOVEGGIO,Navile,Bolognina,241,19,29,0,0
2018,ARCOVEGGIO,Navile,Bolognina,255,22,50,0,0
2018,ARCOVEGGIO,Navile,Bolognina,257,34,78,0,0
2018,PIAZZA DELL'UNITA',Navile,Bolognina,281,63,280,0,0
2018,PIAZZA DELL'UNITA',Navile,Bolognina,283,13,13,0,0
2018,VIA FERRARESE,Navile,Bolognina,303,15,33,0,0
2018,VIA FERRARESE,Navile,Bolognina,323,49,132,0,0
2018,VIA FERRARESE,Navile,Bolognina,330,11,19,0,0
2018,PIAZZA DELL'UNITA',Navile,Bolognina,342,14,24,0,0
2018,PIAZZA DELL'UNITA',Navile,Bolognina,343,2,2,0,0
2018,PIAZZA DELL'UNITA',Navile,Bolognina,347,38,73,0,0
2018,PIAZZA DELL'UNITA',Navile,Bolognina,348,36,49,0,0
2018,PIAZZA DELL'UNITA',Navile,Bolognina,356,49,277,0,0
2018,PIAZZA DELL'UNITA',Navile,Bolognina,363,8,58,0,0
2018,PIAZZA DELL'UNITA',Navile,Bolognina,367,4,19,0,0
2018,SAN SAVINO,Navile,Corticella,369,6,16,0,0
2018,SAN SAVINO,Navile,Corticella,370,2,3,0,0
2018,SAN SAVINO,Navile,Corticella,371,13,23,0,0
2018,SAN SAVINO,Navile,Corticella,391,1,4,0,0
2018,SAN SAVINO,Navile,Corticella,403,15,22,0,0
2018,SAN SAVINO,Navile,Corticella,410,8,24,0,0
2018,SAN SAVINO,Navile,Corticella,417,23,34,0,0
2018,SAVENA ABBANDONATO,Navile,Corticella,425,8,17,0,0
2018,CROCE COPERTA,Navile,Corticella,435,49,241,0,0
2018,CROCE COPERTA,Navile,Corticella,436,17,127,0,0
2018,CROCE COPERTA,Navile,Corticella,439,11,22,0,0
2018,CROCE COPERTA,Navile,Corticella,440,2,600,0,0
2018,CROCE COPERTA,Navile,Corticella,442,23,39,0,0
2018,CROCE COPERTA,Navile,Corticella,447,31,297,0,0
2018,CROCE COPERTA,Navile,Corticella,448,29,1244,0,0
2018,CROCE COPERTA,Navile,Corticella,449,82,536,0,0
2018,CROCE COPERTA,Navile,Corticella,459,4,18,0,0
2018,CROCE COPERTA,Navile,Corticella,465,9,14,0,0
2018,CROCE COPERTA,Navile,Corticella,469,32,56,0,0
2018,SAVENA ABBANDONATO,Navile,Corticella,477,4,15,0,0
2018,LA DOZZA,Navile,Corticella,481,12,12,0,0
2018,LAGHETTI DEL ROSARIO,Navile,Lame,494,4,8,0,0
2018,LAGHETTI DEL ROSARIO,Navile,Lame,504,5,5,0,0
2018,LAGHETTI DEL ROSARIO,Navile,Lame,509,3,3,0,0
2018,LAGHETTI DEL ROSARIO,Navile,Lame,517,6,5,0,0
2018,PESCAROLA,Navile,Lame,547,22,47,0,0
2018,PESCAROLA,Navile,Lame,552,17,30,0,0
2018,PESCAROLA,Navile,Lame,553,9,11,0,0
2018,BEVERARA,Navile,Lame,576,11,15,0,0
2018,LAZZARETTO,Navile,Lame,580,3,3,0,0
2018,BEVERARA,Navile,Lame,591,11,18,0,0
2018,BEVERARA,Navile,Lame,594,41,487,0,0
2018,MARCONI-2,Porto - Saragozza,Marconi,610,65,135,0,0
2018,MARCONI-2,Porto - Saragozza,Marconi,626,39,82,0,0
2018,MARCONI-2,Porto - Saragozza,Marconi,632,91,133,0,0
2018,MARCONI-2,Porto - Saragozza,Marconi,638,53,113,0,0
2018,MARCONI-2,Porto - Saragozza,Marconi,651,51,83,0,0
2018,ZANARDI,Porto - Saragozza,Saffi,725,38,420,0,0
2018,ZANARDI,Porto - Saragozza,Saffi,727,15,67,0,0
2018,VELODROMO,Porto - Saragozza,Saffi,735,8,13,0,0
2018,VELODROMO,Porto - Saragozza,Saffi,756,3,4,0,0
2018,VIA VITTORIO VENETO,Porto - Saragozza,Saffi,775,15,47,0,0
2018,VILLAGGIO DELLA BARCA,Borgo Panigale - Reno,Barca,785,9,27,0,0
2018,BATTINDARNO,Borgo Panigale - Reno,Barca,790,17,19,0,0
2018,BATTINDARNO,Borgo Panigale - Reno,Barca,798,18,17,0,0
2018,BATTINDARNO,Borgo Panigale - Reno,Barca,803,20,28,0,0
2018,BATTINDARNO,Borgo Panigale - Reno,Barca,805,7,15,0,0
2018,BATTINDARNO,Borgo Panigale - Reno,Barca,806,35,55,0,0
2018,BATTINDARNO,Borgo Panigale - Reno,Barca,809,26,38,0,0
2018,BATTINDARNO,Borgo Panigale - Reno,Barca,811,1,1,0,0
2018,BATTINDARNO,Borgo Panigale - Reno,Barca,813,10,11,0,0
2018,VILLAGGIO DELLA BARCA,Borgo Panigale - Reno,Barca,832,1,1,0,0
2018,VILLAGGIO DELLA BARCA,Borgo Panigale - Reno,Barca,836,3,3,0,0
2018,VILLAGGIO DELLA BARCA,Borgo Panigale - Reno,Barca,841,2,3,0,0
2018,VILLAGGIO DELLA BARCA,Borgo Panigale - Reno,Barca,847,2,2,0,0
2018,BATTINDARNO,Borgo Panigale - Reno,Barca,853,21,46,0,0
2018,CANALE DI RENO,Borgo Panigale - Reno,Barca,872,13,16,0,0
2018,CANALE DI RENO,Borgo Panigale - Reno,Barca,886,2,45,0,0
2018,CADRIANO-CALAMOSCO,San Donato - San Vitale,San Donato,951,1,1,0,0
2018,VIA DEL LAVORO,San Donato - San Vitale,San Donato,983,6,46,0,0
2018,VIA MONDO,San Donato - San Vitale,San Donato,1027,5,6,0,0
2018,MICHELINO,San Donato - San Vitale,San Donato,1033,21,58,0,0
2018,MICHELINO,San Donato - San Vitale,San Donato,1035,14,22,0,0
2018,MICHELINO,San Donato - San Vitale,San Donato,1036,13,18,0,0
2018,VIA MONDO,San Donato - San Vitale,San Donato,1064,15,30,0,0
2018,VIA MONDO,San Donato - San Vitale,San Donato,1071,20,32,0,0
2018,PILASTRO,San Donato - San Vitale,San Donato,1090,9,10,0,0
2018,PILASTRO,San Donato - San Vitale,San Donato,1092,33,65,0,0
2018,PILASTRO,San Donato - San Vitale,San Donato,1097,7,12,0,0
2018,PILASTRO,San Donato - San Vitale,San Donato,1107,9,13,0,0
2018,CAAB,San Donato - San Vitale,San Donato,1119,3,4,0,0
2018,CAAB,San Donato - San Vitale,San Donato,1124,21,483,0,0
2018,CAAB,San Donato - San Vitale,San Donato,1130,1,5,0,0
2018,OSSERVANZA,Santo Stefano,Colli,1136,61,103,0,0
2018,OSSERVANZA,Santo Stefano,Colli,1139,91,195,0,0
2018,PADERNO,Santo Stefano,Colli,1141,2,7,0,0
2018,OSSERVANZA,Santo Stefano,Colli,1142,14,87,0,0
2018,OSSERVANZA,Santo Stefano,Colli,1148,52,70,0,0
2018,PADERNO,Santo Stefano,Colli,1157,4,38,0,0
2018,PADERNO,Santo Stefano,Colli,1159,1,2,0,0
2018,SAN MICHELE IN BOSCO,Santo Stefano,Colli,1171,3,3,0,0
2018,SAN MICHELE IN BOSCO,Santo Stefano,Colli,1172,11,10,0,0
2018,PADERNO,Santo Stefano,Colli,1181,10,10,0,0
2018,GALVANI-1,Santo Stefano,Galvani,1208,6,58,0,0
2018,GALVANI-1,Santo Stefano,Galvani,1214,65,236,0,0
2018,GALVANI-1,Santo Stefano,Galvani,1225,16,21,0,0
2018,GALVANI-1,Santo Stefano,Galvani,1226,19,45,0,0
2018,GALVANI-1,Santo Stefano,Galvani,1227,110,320,0,0
2018,GALVANI-2,Santo Stefano,Galvani,1236,28,40,0,0
2018,GALVANI-2,Santo Stefano,Galvani,1237,40,66,0,0
2018,GALVANI-2,Santo Stefano,Galvani,1239,48,60,0,0
2018,GALVANI-2,Santo Stefano,Galvani,1264,65,103,0,0
2018,GALVANI-2,Santo Stefano,Galvani,1269,72,143,0,0
2018,MEZZOFANTI,Santo Stefano,Murri,1300,82,211,0,0
2018,MEZZOFANTI,Santo Stefano,Murri,1305,91,166,0,0
2018,MEZZOFANTI,Santo Stefano,Murri,1320,11,11,0,0
2018,MEZZOFANTI,Santo Stefano,Murri,1339,98,155,0,0
2018,MEZZOFANTI,Santo Stefano,Murri,1343,13,14,0,0
2018,DAGNINI,Santo Stefano,Murri,1369,8,12,0,0
2018,SIEPELUNGA,Santo Stefano,Murri,1379,18,21,0,0
2018,GIARDINI MARGHERITA,Santo Stefano,Murri,1380,2,8,0,0
2018,CHIESANUOVA,Santo Stefano,Murri,1418,27,43,0,0
2018,CHIESANUOVA,Santo Stefano,Murri,1422,21,34,0,0
2018,CHIESANUOVA,Santo Stefano,Murri,1425,23,42,0,0
2018,CHIESANUOVA,Santo Stefano,Murri,1434,2,2,0,0
2018,CHIESANUOVA,Santo Stefano,Murri,1435,4,6,0,0
2018,CHIESANUOVA,Santo Stefano,Murri,1439,11,15,0,0
2018,IRNERIO-2,Santo Stefano,Irnerio,1447,26,662,0,0
2018,IRNERIO-2,Santo Stefano,Irnerio,1460,29,413,0,0
2018,IRNERIO-2,Santo Stefano,Irnerio,1461,12,14,0,0
2018,IRNERIO-2,Santo Stefano,Irnerio,1464,21,39,0,0
2018,IRNERIO-2,Santo Stefano,Irnerio,1466,43,179,0,0
2018,IRNERIO-2,Santo Stefano,Irnerio,1473,23,215,0,0
2018,IRNERIO-2,Santo Stefano,Irnerio,1474,22,32,0,0
2018,IRNERIO-1,Santo Stefano,Irnerio,1496,29,98,0,0
2018,IRNERIO-1,Santo Stefano,Irnerio,1518,53,253,0,0
2018,IRNERIO-1,Santo Stefano,Irnerio,1545,35,54,0,0
2018,IRNERIO-2,Santo Stefano,Irnerio,1550,49,145,0,0
2018,CIRENAICA,San Donato - San Vitale,S. Vitale,1573,1,1,0,0
2018,CIRENAICA,San Donato - San Vitale,S. Vitale,1576,22,34,0,0
2018,CIRENAICA,San Donato - San Vitale,S. Vitale,1607,22,22,0,0
2018,MENGOLI,San Donato - San Vitale,S. Vitale,1627,26,52,0,0
2018,MENGOLI,San Donato - San Vitale,S. Vitale,1652,11,20,0,0
2018,SCANDELLARA,San Donato - San Vitale,S. Vitale,1665,1,4,0,0
2018,VIA LARGA,San Donato - San Vitale,S. Vitale,1668,3,88,0,0
2018,VIA LARGA,San Donato - San Vitale,S. Vitale,1688,11,18,0,0
2018,ROVERI,San Donato - San Vitale,S. Vitale,1691,23,394,0,0
2018,ROVERI,San Donato - San Vitale,S. Vitale,1695,8,139,0,0
2018,ROVERI,San Donato - San Vitale,S. Vitale,1703,21,95,0,0
2018,ROVERI,San Donato - San Vitale,S. Vitale,1715,13,2665,0,0
2018,GUELFA,San Donato - San Vitale,S. Vitale,1720,9,15,0,0
2018,GUELFA,San Donato - San Vitale,S. Vitale,1725,17,148,0,0
2018,GUELFA,San Donato - San Vitale,S. Vitale,1746,120,578,0,0
2018,CROCE DEL BIACCO,San Donato - San Vitale,S. Vitale,1756,10,14,0,0
2018,STRADELLI GUELFI,San Donato - San Vitale,S. Vitale,1758,12,21,0,0
2018,GUELFA,San Donato - San Vitale,S. Vitale,1771,8,12,0,0
2018,GUELFA,San Donato - San Vitale,S. Vitale,1774,11,28,0,0
2018,XXI APRILE,Porto - Saragozza,Costa Saragozza,1803,8,7,0,0
2018,SAN GIUSEPPE,Porto - Saragozza,Costa Saragozza,1807,1,1,0,0
2018,SAN GIUSEPPE,Porto - Saragozza,Costa Saragozza,1809,10,17,0,0
2018,STADIO-MELONCELLO,Porto - Saragozza,Costa Saragozza,1812,30,71,0,0
2018,STADIO-MELONCELLO,Porto - Saragozza,Costa Saragozza,1814,9,10,0,0
2018,STADIO-MELONCELLO,Porto - Saragozza,Costa Saragozza,1815,42,79,0,0
2018,STADIO-MELONCELLO,Porto - Saragozza,Costa Saragozza,1818,22,49,0,0
2018,STADIO-MELONCELLO,Porto - Saragozza,Costa Saragozza,1819,3,11,0,0
2018,STADIO-MELONCELLO,Porto - Saragozza,Costa Saragozza,1820,18,22,0,0
2018,XXI APRILE,Porto - Saragozza,Costa Saragozza,1831,11,12,0,0
2018,XXI APRILE,Porto - Saragozza,Costa Saragozza,1835,18,38,0,0
2018,XXI APRILE,Porto - Saragozza,Costa Saragozza,1839,3,3,0,0
2018,XXI APRILE,Porto - Saragozza,Costa Saragozza,1840,2,1,0,0
2018,SAN GIUSEPPE,Porto - Saragozza,Costa Saragozza,1864,4,4,0,0
2018,SAN GIUSEPPE,Porto - Saragozza,Costa Saragozza,1865,3,4,0,0
2018,STADIO-MELONCELLO,Porto - Saragozza,Costa Saragozza,1881,15,22,0,0
2018,SAN LUCA,Porto - Saragozza,Costa Saragozza,1883,4,6,0,0
2018,STADIO-MELONCELLO,Porto - Saragozza,Costa Saragozza,1884,25,42,0,0
2018,MALPIGHI-2,Porto - Saragozza,Malpighi,1947,23,61,0,0
2018,MALPIGHI-1,Porto - Saragozza,Malpighi,1956,52,92,0,0
2018,MALPIGHI-1,Porto - Saragozza,Malpighi,1961,3,4,0,0
2018,FOSSOLO,Savena,Mazzini,2014,18,20,0,0
2018,DUE MADONNE,Savena,Mazzini,2047,10,15,0,0
2018,DUE MADONNE,Savena,Mazzini,2048,17,27,0,0
2018,BITONE,Savena,Mazzini,2085,16,25,0,0
2018,BITONE,Savena,Mazzini,2086,32,65,0,0
2018,BITONE,Savena,Mazzini,2090,10,14,0,0
2018,BITONE,Savena,Mazzini,2093,15,35,0,0
2018,BITONE,Savena,Mazzini,2105,10,11,0,0
2018,BITONE,Savena,Mazzini,2110,5,6,0,0
2018,BITONE,Savena,Mazzini,2113,13,23,0,0
2018,BITONE,Savena,Mazzini,2114,24,50,0,0
2018,VIA ARNO,Savena,Mazzini,2125,1,1,0,0
2018,VIA ARNO,Savena,Mazzini,2128,40,79,0,0
2018,VIA ARNO,Savena,Mazzini,2133,1,4,0,0
2018,CAVEDONE,Savena,Mazzini,2145,24,36,0,0
2018,VIA TOSCANA,Savena,S. Ruffillo,2164,12,12,0,0
2018,MONTE DONATO,Savena,S. Ruffillo,2172,34,33,0,0
2018,VIA TOSCANA,Savena,S. Ruffillo,2175,4,3,0,0
2018,CORELLI,Savena,S. Ruffillo,2246,6,6,0,0
2018,VIA TOSCANA,Savena,S. Ruffillo,2248,3,5,0,0
2018,CORELLI,Savena,S. Ruffillo,2275,8,9,0,0
