Sezione censimento (2011);Anno di riferimento;Nome quartiere;Nome zona;Nome area;Numero unità locali;Numero addetti (dipendenti e indipendenti);Numero addetti istituzioni pubbliche;Numero studenti
1699;2018;San Donato - San Vitale;S. Vitale;ROVERI;10;544;;
1705;2018;San Donato - San Vitale;S. Vitale;ROVERI;18;183;;
1732;2018;San Donato - San Vitale;S. Vitale;VIA LARGA;12;1241;;
1748;2018;San Donato - San Vitale;S. Vitale;CROCE DEL BIACCO;15;30;;
1749;2018;San Donato - San Vitale;S. Vitale;CROCE DEL BIACCO;20;36;;
1754;2018;San Donato - San Vitale;S. Vitale;CROCE DEL BIACCO;67;433;;
1759;2018;San Donato - San Vitale;S. Vitale;CROCE DEL BIACCO;8;10;;
1760;2018;San Donato - San Vitale;S. Vitale;CROCE DEL BIACCO;54;692;;
1778;2018;San Donato - San Vitale;S. Vitale;GUELFA;1;1;;
1821;2018;Porto - Saragozza;Costa Saragozza;STADIO-MELONCELLO;53;105;;
1879;2018;Porto - Saragozza;Costa Saragozza;STADIO-MELONCELLO;4;4;;
1930;2018;Porto - Saragozza;Malpighi;MALPIGHI-2;2;2;;
1942;2018;Porto - Saragozza;Malpighi;MALPIGHI-2;36;71;;
1959;2018;Porto - Saragozza;Malpighi;MALPIGHI-1;36;42;;
1970;2018;Porto - Saragozza;Malpighi;MALPIGHI-1;22;34;;
1971;2018;Porto - Saragozza;Malpighi;MALPIGHI-1;45;90;;
2033;2018;Savena;Mazzini;FOSSOLO;40;142;;
2050;2018;Savena;Mazzini;DUE MADONNE;12;15;;
2059;2018;Savena;Mazzini;PONTEVECCHIO;48;94;;
2099;2018;Savena;Mazzini;BITONE;30;50;;
2106;2018;Savena;Mazzini;BITONE;7;17;;
2121;2018;Savena;Mazzini;VIA ARNO;13;15;;
2126;2018;Savena;Mazzini;VIA ARNO;34;58;;
2131;2018;Savena;Mazzini;VIA ARNO;13;14;;
2140;2018;Savena;Mazzini;CAVEDONE;4;8;;
2143;2018;Savena;Mazzini;CAVEDONE;11;13;;
2148;2018;Savena;Mazzini;CAVEDONE;14;13;;
2202;2018;Savena;S. Ruffillo;VIA TOSCANA;4;6;;
2211;2018;Savena;S. Ruffillo;VIA TOSCANA;14;18;;
2214;2018;Savena;S. Ruffillo;VIA TOSCANA;9;15;;
2221;2018;Savena;S. Ruffillo;CORELLI;7;8;;
2239;2018;Savena;S. Ruffillo;VIA TOSCANA;8;11;;
2247;2018;Savena;S. Ruffillo;VIA TOSCANA;8;20;;
98;2017;Borgo Panigale - Reno;Borgo Panigale;BORGO CENTRO;13;13;13;
138;2017;Borgo Panigale - Reno;Borgo Panigale;RIGOSA;14;118;;
139;2017;Borgo Panigale - Reno;Borgo Panigale;RIGOSA;7;30;;
140;2017;Borgo Panigale - Reno;Borgo Panigale;BORGO CENTRO;51;96;;
149;2017;Borgo Panigale - Reno;Borgo Panigale;TRIUMVIRATO-PIETRA;19;37;;
150;2017;Borgo Panigale - Reno;Borgo Panigale;TRIUMVIRATO-PIETRA;23;31;;
188;2017;Borgo Panigale - Reno;Borgo Panigale;RIGOSA;3;2;;
210;2017;Navile;Bolognina;CASERME ROSSE-MANIFATTURA;10;17;;
219;2017;Navile;Bolognina;CASERME ROSSE-MANIFATTURA;3;3;144;
257;2017;Navile;Bolognina;ARCOVEGGIO;40;80;;
267;2017;Navile;Bolognina;ARCOVEGGIO;6;11;;
269;2017;Navile;Bolognina;ARCOVEGGIO;41;78;;
278;2017;Navile;Bolognina;PIAZZA DELL'UNITA';12;20;;
288;2017;Navile;Bolognina;PIAZZA DELL'UNITA';11;13;;
306;2017;Navile;Bolognina;VIA FERRARESE;29;44;;
313;2017;Navile;Bolognina;VIA FERRARESE;10;11;;
333;2017;Navile;Bolognina;VIA FERRARESE;44;81;12;
373;2017;Navile;Corticella;SAVENA ABBANDONATO;2;51;;
401;2017;Navile;Corticella;SAN SAVINO;2;2;;
406;2017;Navile;Corticella;SAN SAVINO;3;10;;
407;2017;Navile;Corticella;SAN SAVINO;8;10;19;
410;2017;Navile;Corticella;SAN SAVINO;8;22;;
415;2017;Navile;Corticella;SAN SAVINO;24;46;;
419;2017;Navile;Corticella;SAVENA ABBANDONATO;3;2;;
420;2017;Navile;Corticella;SAVENA ABBANDONATO;1;6;;
443;2017;Navile;Corticella;CROCE COPERTA;3;316;;
465;2017;Navile;Corticella;CROCE COPERTA;8;15;;
476;2017;Navile;Corticella;MULINO DEL GOMITO;2;15;;
483;2017;Navile;Corticella;LA DOZZA;3;4;;
485;2017;Navile;Corticella;LA DOZZA;29;77;68;
541;2017;Navile;Lame;TIRO A SEGNO;1;1;;
562;2017;Navile;Lame;BEVERARA;16;279;62;
573;2017;Navile;Lame;BEVERARA;24;39;;
575;2017;Navile;Lame;BEVERARA;19;23;;
589;2017;Navile;Lame;BEVERARA;18;37;26;
595;2017;Navile;Lame;BEVERARA;11;33;;
596;2017;Navile;Lame;BEVERARA;32;257;3;
602;2017;Porto - Saragozza;Marconi;MARCONI-2;13;821;1;
627;2017;Porto - Saragozza;Marconi;MARCONI-2;94;236;256;
634;2017;Porto - Saragozza;Marconi;MARCONI-2;56;185;31;
644;2017;Porto - Saragozza;Marconi;MARCONI-2;28;155;;
664;2017;Porto - Saragozza;Marconi;MARCONI-2;132;326;;
703;2017;Porto - Saragozza;Saffi;ZANARDI;18;1171;;
711;2017;Porto - Saragozza;Saffi;ZANARDI;6;6;;
712;2017;Porto - Saragozza;Saffi;ZANARDI;9;10;;
752;2017;Porto - Saragozza;Saffi;VELODROMO;10;36;;
827;2017;Borgo Panigale - Reno;Barca;VILLAGGIO DELLA BARCA;4;4;;
851;2017;Borgo Panigale - Reno;Barca;BATTINDARNO;9;10;;
858;2017;Borgo Panigale - Reno;Barca;CANALE DI RENO;27;99;24;
863;2017;Borgo Panigale - Reno;Barca;CANALE DI RENO;14;20;;
865;2017;Borgo Panigale - Reno;Barca;CANALE DI RENO;23;558;;
1003;2017;San Donato - San Vitale;San Donato;VIA DEL LAVORO;54;106;;
1184;2017;Santo Stefano;Colli;PADERNO;1;1;;
1186;2017;Santo Stefano;Colli;PADERNO;1;15;;
1188;2017;Santo Stefano;Colli;PADERNO;7;7;;
1198;2017;Santo Stefano;Colli;PADERNO;2;2;;
1202;2017;Santo Stefano;Colli;PADERNO;3;3;;
1212;2017;Santo Stefano;Galvani;GALVANI-1;45;245;;
1257;2017;Santo Stefano;Galvani;GALVANI-2;25;24;;
1281;2017;Santo Stefano;Galvani;GALVANI-2;23;30;;
1285;2017;Santo Stefano;Galvani;GALVANI-2;52;89;;
1307;2017;Santo Stefano;Murri;MEZZOFANTI;61;142;8;
1324;2017;Santo Stefano;Murri;MEZZOFANTI;15;17;;
1332;2017;Santo Stefano;Murri;DAGNINI;24;39;;
1349;2017;Santo Stefano;Murri;DAGNINI;14;19;;
1351;2017;Santo Stefano;Murri;DAGNINI;7;9;;
1366;2017;Santo Stefano;Murri;DAGNINI;14;27;;
1368;2017;Santo Stefano;Murri;DAGNINI;11;13;;
1385;2017;Santo Stefano;Murri;SIEPELUNGA;11;14;;
1408;2017;Santo Stefano;Murri;CHIESANUOVA;22;29;;
1496;2017;Santo Stefano;Irnerio;IRNERIO-1;29;68;;
1523;2017;Santo Stefano;Irnerio;IRNERIO-1;15;30;;
1549;2017;Santo Stefano;Irnerio;IRNERIO-2;38;65;;
1558;2017;San Donato - San Vitale;S. Vitale;CIRENAICA;42;214;11;
1567;2017;San Donato - San Vitale;S. Vitale;MENGOLI;32;50;;
1594;2017;San Donato - San Vitale;S. Vitale;CIRENAICA;13;16;;
1598;2017;San Donato - San Vitale;S. Vitale;CIRENAICA;3;7;;
1600;2017;San Donato - San Vitale;S. Vitale;CIRENAICA;27;36;;
1616;2017;San Donato - San Vitale;S. Vitale;MENGOLI;18;17;;
1631;2017;San Donato - San Vitale;S. Vitale;MENGOLI;21;28;;
1639;2017;San Donato - San Vitale;S. Vitale;MENGOLI;10;10;;
1645;2017;San Donato - San Vitale;S. Vitale;MENGOLI;6;9;;
1651;2017;San Donato - San Vitale;S. Vitale;MENGOLI;23;34;;
1723;2017;San Donato - San Vitale;S. Vitale;GUELFA;7;7;;
1730;2017;San Donato - San Vitale;S. Vitale;GUELFA;21;32;;
1745;2017;San Donato - San Vitale;S. Vitale;GUELFA;84;160;;
1822;2017;Porto - Saragozza;Costa Saragozza;XXI APRILE;18;358;31;
1842;2017;Porto - Saragozza;Costa Saragozza;XXI APRILE;13;17;;
1846;2017;Porto - Saragozza;Costa Saragozza;XXI APRILE;25;42;;
1853;2017;Porto - Saragozza;Costa Saragozza;XXI APRILE;23;26;;
1880;2017;Porto - Saragozza;Costa Saragozza;STADIO-MELONCELLO;63;86;;
1900;2017;Porto - Saragozza;Costa Saragozza;SAN GIUSEPPE;1;1;;
1901;2017;Porto - Saragozza;Costa Saragozza;SAN GIUSEPPE;5;7;;
1924;2017;Porto - Saragozza;Costa Saragozza;SAN LUCA;7;14;;
1959;2017;Porto - Saragozza;Malpighi;MALPIGHI-1;30;37;;
1969;2017;Porto - Saragozza;Malpighi;MALPIGHI-1;23;35;2;
1977;2017;Porto - Saragozza;Malpighi;MALPIGHI-2;13;11;;
2005;2017;Savena;Mazzini;LUNGO SAVENA;3;63;;
2016;2017;Savena;Mazzini;FOSSOLO;5;6;;
2036;2017;Savena;Mazzini;FOSSOLO;10;20;;
2041;2017;Savena;Mazzini;DUE MADONNE;11;12;;
2053;2017;Savena;Mazzini;PONTEVECCHIO;2;27;;
2056;2017;Savena;Mazzini;PONTEVECCHIO;13;28;;
2117;2017;Savena;Mazzini;BITONE;4;4;;
2125;2017;Savena;Mazzini;VIA ARNO;1;2;93;
2136;2017;Savena;Mazzini;VIA ARNO;27;45;;
2138;2017;Savena;Mazzini;VIA ARNO;13;27;;
2145;2017;Savena;Mazzini;CAVEDONE;22;33;;
2152;2017;Savena;Mazzini;VIA ARNO;3;3;;
2159;2017;Savena;S. Ruffillo;MONTE DONATO;6;23;;
2162;2017;Savena;S. Ruffillo;VIA TOSCANA;3;3;;
2164;2017;Savena;S. Ruffillo;VIA TOSCANA;10;10;;
2204;2017;Savena;S. Ruffillo;VIA TOSCANA;2;2;101;
2206;2017;Savena;S. Ruffillo;VIA TOSCANA;14;14;;
2216;2017;Savena;S. Ruffillo;CORELLI;20;32;;
2218;2017;Savena;S. Ruffillo;VIA TOSCANA;20;33;10;
2224;2017;Savena;S. Ruffillo;VIA TOSCANA;15;34;;
2237;2017;Savena;S. Ruffillo;VIA TOSCANA;5;7;;
2250;2017;Savena;S. Ruffillo;CORELLI;1;1;;
2256;2017;Savena;S. Ruffillo;CORELLI;13;13;;
2292;2017;Savena;S. Ruffillo;MONTE DONATO;34;53;;
2296;2017;Savena;S. Ruffillo;VIA TOSCANA;8;12;;
2306;2017;Savena;S. Ruffillo;VIA TOSCANA;7;25;;
2332;2017;San Donato - San Vitale;S. Vitale;CROCE DEL BIACCO;13;26;;
2333;2017;Savena;Mazzini;FOSSOLO;24;52;;
Non disponibile;2017;Non Georeferenziato *;Non Georeferenziato *;Non Georeferenziato *;5389;22436;;
1;2019;Borgo Panigale - Reno;Borgo Panigale;VIA DEL VIVAIO;4;5;;
15;2019;Borgo Panigale - Reno;Borgo Panigale;VIA DEL VIVAIO;2;2;;
31;2019;Borgo Panigale - Reno;Borgo Panigale;AEROPORTO;3;23;;
41;2019;Borgo Panigale - Reno;Borgo Panigale;BARGELLINO;15;148;;
58;2019;Borgo Panigale - Reno;Borgo Panigale;LA BIRRA;11;18;;75
62;2019;Borgo Panigale - Reno;Borgo Panigale;LA BIRRA;20;24;;
64;2019;Borgo Panigale - Reno;Borgo Panigale;LA BIRRA;7;9;;
65;2019;Borgo Panigale - Reno;Borgo Panigale;LA BIRRA;8;31;;
78;2019;Borgo Panigale - Reno;Borgo Panigale;DUCATI-VILLAGGIO INA;24;300;;28
98;2019;Borgo Panigale - Reno;Borgo Panigale;BORGO CENTRO;20;26;;217
102;2019;Borgo Panigale - Reno;Borgo Panigale;BORGO CENTRO;8;29;;
105;2019;Borgo Panigale - Reno;Borgo Panigale;BORGO CENTRO;9;12;;
115;2019;Borgo Panigale - Reno;Borgo Panigale;BORGO CENTRO;17;49;;
116;2019;Borgo Panigale - Reno;Borgo Panigale;BORGO CENTRO;9;36;;
126;2019;Borgo Panigale - Reno;Borgo Panigale;TRIUMVIRATO-PIETRA;3;23;;
128;2019;Borgo Panigale - Reno;Borgo Panigale;RIGOSA;1;1;;
138;2019;Borgo Panigale - Reno;Borgo Panigale;RIGOSA;14;245;;
154;2019;Borgo Panigale - Reno;Borgo Panigale;TRIUMVIRATO-PIETRA;39;87;;
155;2019;Borgo Panigale - Reno;Borgo Panigale;TRIUMVIRATO-PIETRA;23;29;;
164;2019;Borgo Panigale - Reno;Borgo Panigale;RIGOSA;2;13;;
165;2019;Borgo Panigale - Reno;Borgo Panigale;RIGOSA;3;4;;
168;2019;Borgo Panigale - Reno;Borgo Panigale;CASTELDEBOLE;3;5;;242
172;2019;Borgo Panigale - Reno;Borgo Panigale;RIGOSA;6;20;;
173;2019;Borgo Panigale - Reno;Borgo Panigale;CASTELDEBOLE;10;10;;
185;2019;Borgo Panigale - Reno;Borgo Panigale;RIGOSA;4;3;;
186;2019;Borgo Panigale - Reno;Borgo Panigale;RIGOSA;5;8;;
199;2019;Borgo Panigale - Reno;Borgo Panigale;RIGOSA;6;37;;
203;2019;Borgo Panigale - Reno;Borgo Panigale;CASTELDEBOLE;9;11;;
207;2019;Navile;Bolognina;CASERME ROSSE-MANIFATTURA;1;19;;
230;2019;Navile;Bolognina;ARCOVEGGIO;26;36;;240
239;2019;Navile;Bolognina;ARCOVEGGIO;13;18;;
245;2019;Navile;Bolognina;ARCOVEGGIO;5;109;;
247;2019;Navile;Bolognina;ARCOVEGGIO;23;31;;
248;2019;Navile;Bolognina;ARCOVEGGIO;16;20;;47
259;2019;Navile;Bolognina;ARCOVEGGIO;8;13;;
268;2019;Navile;Bolognina;ARCOVEGGIO;17;25;;
303;2019;Navile;Bolognina;VIA FERRARESE;15;33;;
304;2019;Navile;Bolognina;VIA FERRARESE;9;51;;
335;2019;Navile;Bolognina;VIA FERRARESE;47;2159;;60
345;2019;Navile;Bolognina;PIAZZA DELL'UNITA';20;190;;
411;2019;Navile;Corticella;SAN SAVINO;14;23;;
423;2019;Navile;Corticella;SAVENA ABBANDONATO;3;8;;
425;2019;Navile;Corticella;SAVENA ABBANDONATO;6;14;;
522;2019;Navile;Lame;LAGHETTI DEL ROSARIO;1;2;;
529;2019;Navile;Lame;TIRO A SEGNO;2;10;;
539;2019;Navile;Lame;PESCAROLA;16;35;;
541;2019;Navile;Lame;TIRO A SEGNO;1;1;;
550;2019;Navile;Lame;PESCAROLA;20;53;;
553;2019;Navile;Lame;PESCAROLA;5;8;;
554;2019;Navile;Lame;PESCAROLA;17;22;;
558;2019;Navile;Lame;BEVERARA;21;284;;
563;2019;Navile;Lame;BEVERARA;22;136;;
581;2019;Navile;Lame;LAZZARETTO;2;2;;
598;2019;Navile;Lame;BEVERARA;31;472;;
625;2019;Porto - Saragozza;Marconi;MARCONI-2;6;14;;
632;2019;Porto - Saragozza;Marconi;MARCONI-2;91;136;;
750;2019;Porto - Saragozza;Saffi;VELODROMO;22;33;;
760;2019;Porto - Saragozza;Saffi;VIA VITTORIO VENETO;22;53;;24
777;2019;Porto - Saragozza;Saffi;VIA VITTORIO VENETO;16;20;;
812;2019;Borgo Panigale - Reno;Barca;BATTINDARNO;11;16;;
861;2019;Borgo Panigale - Reno;Barca;CANALE DI RENO;6;20;;
921;2019;Borgo Panigale - Reno;S. Viola;EMILIA PONENTE;32;61;;
931;2019;Borgo Panigale - Reno;S. Viola;EMILIA PONENTE;32;46;;
933;2019;San Donato - San Vitale;San Donato;CADRIANO-CALAMOSCO;2;2;;
946;2019;San Donato - San Vitale;San Donato;CADRIANO-CALAMOSCO;2;7;;
1052;2019;San Donato - San Vitale;San Donato;MICHELINO;19;21;;74
1070;2019;San Donato - San Vitale;San Donato;VIA MONDO;22;46;;
1175;2019;Santo Stefano;Colli;PADERNO;4;3;;
1182;2019;Santo Stefano;Colli;PADERNO;2;2;;
1190;2019;Santo Stefano;Colli;PADERNO;7;7;;
1263;2019;Santo Stefano;Galvani;GALVANI-2;65;221;;54
1267;2019;Santo Stefano;Galvani;GALVANI-2;18;22;;
1300;2019;Santo Stefano;Murri;MEZZOFANTI;89;219;;
1336;2019;Santo Stefano;Murri;MEZZOFANTI;46;91;;
1344;2019;Santo Stefano;Murri;MEZZOFANTI;37;56;;
1354;2019;Santo Stefano;Murri;DAGNINI;12;16;;
1525;2019;Santo Stefano;Irnerio;IRNERIO-1;49;143;;
1526;2019;Santo Stefano;Irnerio;IRNERIO-1;58;154;;
1542;2019;Santo Stefano;Irnerio;IRNERIO-1;81;128;;
1543;2019;Santo Stefano;Irnerio;IRNERIO-1;16;19;;
1563;2019;San Donato - San Vitale;S. Vitale;CIRENAICA;30;90;;71
1569;2019;San Donato - San Vitale;S. Vitale;MENGOLI;22;81;;
1624;2019;San Donato - San Vitale;S. Vitale;MENGOLI;7;8;;
1629;2019;San Donato - San Vitale;S. Vitale;MENGOLI;4;5;;
1646;2019;San Donato - San Vitale;S. Vitale;MENGOLI;8;18;;49
1650;2019;San Donato - San Vitale;S. Vitale;MENGOLI;11;10;;
1655;2019;San Donato - San Vitale;S. Vitale;MENGOLI;15;19;;
1667;2019;San Donato - San Vitale;S. Vitale;VIA LARGA;1;107;;
1682;2019;San Donato - San Vitale;S. Vitale;VIA LARGA;1;1;;
1688;2019;San Donato - San Vitale;S. Vitale;VIA LARGA;8;16;;
1693;2019;San Donato - San Vitale;S. Vitale;ROVERI;17;193;;
1697;2019;San Donato - San Vitale;S. Vitale;ROVERI;5;68;;
1698;2019;San Donato - San Vitale;S. Vitale;ROVERI;19;150;;
1732;2019;San Donato - San Vitale;S. Vitale;VIA LARGA;13;1301;;
1738;2019;San Donato - San Vitale;S. Vitale;CROCE DEL BIACCO;8;27;;
1795;2019;Porto - Saragozza;Costa Saragozza;XXI APRILE;37;43;;
1806;2019;Porto - Saragozza;Costa Saragozza;SAN GIUSEPPE;41;78;;
1829;2019;Porto - Saragozza;Costa Saragozza;XXI APRILE;6;6;;
1830;2019;Porto - Saragozza;Costa Saragozza;XXI APRILE;4;4;;
1839;2019;Porto - Saragozza;Costa Saragozza;XXI APRILE;2;2;;
1846;2019;Porto - Saragozza;Costa Saragozza;XXI APRILE;28;43;;
2035;2019;Savena;Mazzini;FOSSOLO;16;14;;
2067;2019;Savena;Mazzini;PONTEVECCHIO;18;23;;
2095;2019;Savena;Mazzini;BITONE;11;26;;
2111;2019;Savena;Mazzini;BITONE;1;1;;
2174;2019;Savena;S. Ruffillo;VIA TOSCANA;1;1;;
2193;2019;Savena;S. Ruffillo;VIA TOSCANA;2;2;;
2200;2019;Savena;S. Ruffillo;VIA TOSCANA;5;5;;
2208;2019;Savena;S. Ruffillo;VIA TOSCANA;15;31;;
2214;2019;Savena;S. Ruffillo;VIA TOSCANA;8;16;;
2216;2019;Savena;S. Ruffillo;CORELLI;22;37;;
2247;2019;Savena;S. Ruffillo;VIA TOSCANA;8;17;;
2260;2019;Savena;S. Ruffillo;CORELLI;1;1;;
2268;2019;Savena;S. Ruffillo;CORELLI;8;8;;
2313;2019;Savena;S. Ruffillo;PONTE SAVENA-LA BASTIA;11;16;;
2320;2019;Savena;S. Ruffillo;PONTE SAVENA-LA BASTIA;16;99;;
Non disponibile;2019;Non Georeferenziato *;Non Georeferenziato *;Non Georeferenziato *;3716;17965;;
11;2017;Borgo Panigale - Reno;Borgo Panigale;VIA DEL VIVAIO;1;1;;
18;2017;Borgo Panigale - Reno;Borgo Panigale;VIA DEL VIVAIO;1;1;;
38;2017;Borgo Panigale - Reno;Borgo Panigale;AEROPORTO;1;1;;
62;2017;Borgo Panigale - Reno;Borgo Panigale;LA BIRRA;17;21;;
66;2017;Borgo Panigale - Reno;Borgo Panigale;LA BIRRA;1;2;;
77;2017;Borgo Panigale - Reno;Borgo Panigale;DUCATI-VILLAGGIO INA;7;8;164;
99;2017;Borgo Panigale - Reno;Borgo Panigale;BORGO CENTRO;9;12;;
108;2017;Borgo Panigale - Reno;Borgo Panigale;BORGO CENTRO;16;30;;
124;2017;Borgo Panigale - Reno;Borgo Panigale;TRIUMVIRATO-PIETRA;43;147;;
178;2017;Borgo Panigale - Reno;Borgo Panigale;CASTELDEBOLE;3;10;22;
180;2017;Borgo Panigale - Reno;Borgo Panigale;CASTELDEBOLE;6;23;;
226;2017;Navile;Bolognina;CNR;2;6;;
258;2017;Navile;Bolognina;ARCOVEGGIO;18;36;;
274;2017;Navile;Bolognina;PIAZZA DELL'UNITA';15;17;;
277;2017;Navile;Bolognina;PIAZZA DELL'UNITA';13;36;;
285;2017;Navile;Bolognina;PIAZZA DELL'UNITA';25;63;;
295;2017;Navile;Bolognina;PIAZZA DELL'UNITA';1;32;;
334;2017;Navile;Bolognina;VIA FERRARESE;28;173;;
335;2017;Navile;Bolognina;VIA FERRARESE;42;1795;87;
355;2017;Navile;Bolognina;PIAZZA DELL'UNITA';17;50;;
388;2017;Navile;Corticella;SAN SAVINO;1;1;;
422;2017;Navile;Corticella;SAVENA ABBANDONATO;1;2;;
491;2017;Navile;Corticella;SAVENA ABBANDONATO;3;9;;
546;2017;Navile;Lame;PESCAROLA;5;10;;
553;2017;Navile;Lame;PESCAROLA;10;12;;
561;2017;Navile;Lame;LAGHETTI DEL ROSARIO;4;20;;
609;2017;Porto - Saragozza;Marconi;MARCONI-2;81;652;21;
616;2017;Porto - Saragozza;Marconi;MARCONI-2;30;291;43;
657;2017;Porto - Saragozza;Marconi;MARCONI-2;74;335;171;
693;2017;Porto - Saragozza;Marconi;MARCONI-1;40;76;114;
720;2017;Porto - Saragozza;Saffi;ZANARDI;20;87;;
756;2017;Porto - Saragozza;Saffi;VELODROMO;2;2;;
757;2017;Porto - Saragozza;Saffi;VELODROMO;2;2;;
782;2017;Porto - Saragozza;Saffi;VIA VITTORIO VENETO;2;3;;
825;2017;Borgo Panigale - Reno;Barca;VILLAGGIO DELLA BARCA;6;6;75;
842;2017;Borgo Panigale - Reno;Barca;VILLAGGIO DELLA BARCA;5;4;;
844;2017;Borgo Panigale - Reno;Barca;VILLAGGIO DELLA BARCA;12;16;;
849;2017;Borgo Panigale - Reno;Barca;VILLAGGIO DELLA BARCA;10;11;;
862;2017;Borgo Panigale - Reno;Barca;CANALE DI RENO;25;48;;
870;2017;Borgo Panigale - Reno;Barca;CANALE DI RENO;24;50;;
907;2017;Borgo Panigale - Reno;S. Viola;AGUCCHI;14;24;;
914;2017;Borgo Panigale - Reno;S. Viola;EMILIA PONENTE;12;20;;
917;2017;Borgo Panigale - Reno;S. Viola;EMILIA PONENTE;25;31;;
941;2017;San Donato - San Vitale;San Donato;CADRIANO-CALAMOSCO;2;2;;
942;2017;San Donato - San Vitale;San Donato;CADRIANO-CALAMOSCO;1;1;;
945;2017;San Donato - San Vitale;San Donato;CADRIANO-CALAMOSCO;5;7;;
995;2017;San Donato - San Vitale;San Donato;VIA DEL LAVORO;45;137;;
1028;2017;San Donato - San Vitale;San Donato;VIA MONDO;30;51;;
1037;2017;San Donato - San Vitale;San Donato;MICHELINO;13;24;;
1043;2017;San Donato - San Vitale;San Donato;VIA MONDO;8;12;;
1059;2017;San Donato - San Vitale;San Donato;VIA MONDO;1;1;11;
1082;2017;San Donato - San Vitale;San Donato;SAN DONNINO;8;9;;
1119;2017;San Donato - San Vitale;San Donato;CAAB;3;4;;
1128;2017;San Donato - San Vitale;San Donato;CAAB;5;151;;
1147;2017;Santo Stefano;Colli;OSSERVANZA;16;28;;
1157;2017;Santo Stefano;Colli;PADERNO;4;38;;
1158;2017;Santo Stefano;Colli;PADERNO;7;9;;
1206;2017;Santo Stefano;Colli;PADERNO;5;5;;
1217;2017;Santo Stefano;Galvani;GALVANI-1;4;7;65;
1236;2017;Santo Stefano;Galvani;GALVANI-2;24;48;;
1251;2017;Santo Stefano;Galvani;GALVANI-2;33;175;2;
1256;2017;Santo Stefano;Galvani;GALVANI-2;111;226;5;
1273;2017;Santo Stefano;Galvani;GALVANI-2;43;89;;
1300;2017;Santo Stefano;Murri;MEZZOFANTI;82;195;;
1301;2017;Santo Stefano;Murri;MEZZOFANTI;21;50;;
1315;2017;Santo Stefano;Murri;DAGNINI;30;53;;
1336;2017;Santo Stefano;Murri;MEZZOFANTI;44;75;;
1343;2017;Santo Stefano;Murri;MEZZOFANTI;16;17;;
1359;2017;Santo Stefano;Murri;MEZZOFANTI;1;1;;
1367;2017;Santo Stefano;Murri;DAGNINI;12;39;;
1396;2017;Santo Stefano;Murri;SIEPELUNGA;1;1;;
1397;2017;Santo Stefano;Murri;SIEPELUNGA;12;14;;
1427;2017;Santo Stefano;Murri;CHIESANUOVA;16;22;;
1433;2017;Santo Stefano;Murri;CHIESANUOVA;6;6;17;
1453;2017;Santo Stefano;Irnerio;IRNERIO-2;15;261;;
1486;2017;Santo Stefano;Irnerio;IRNERIO-1;62;285;;
1504;2017;Santo Stefano;Irnerio;IRNERIO-2;1;3;;
1531;2017;Santo Stefano;Irnerio;IRNERIO-2;18;29;;
1551;2017;Santo Stefano;Irnerio;IRNERIO-2;36;58;;
1588;2017;San Donato - San Vitale;S. Vitale;CIRENAICA;9;19;;
1633;2017;San Donato - San Vitale;S. Vitale;MENGOLI;21;33;;
1658;2017;San Donato - San Vitale;S. Vitale;MENGOLI;29;131;;
1699;2017;San Donato - San Vitale;S. Vitale;ROVERI;7;489;;
1714;2017;San Donato - San Vitale;S. Vitale;ROVERI;22;145;;
1722;2017;San Donato - San Vitale;S. Vitale;GUELFA;33;58;;
1727;2017;San Donato - San Vitale;S. Vitale;GUELFA;7;15;;
1739;2017;San Donato - San Vitale;S. Vitale;CROCE DEL BIACCO;10;25;;
1754;2017;San Donato - San Vitale;S. Vitale;CROCE DEL BIACCO;70;449;;
1766;2017;San Donato - San Vitale;S. Vitale;CROCE DEL BIACCO;10;31;;
1769;2017;San Donato - San Vitale;S. Vitale;GUELFA;39;166;;
1785;2017;Porto - Saragozza;Costa Saragozza;XXI APRILE;7;13;;
1788;2017;Porto - Saragozza;Costa Saragozza;XXI APRILE;29;41;;
1792;2017;Porto - Saragozza;Costa Saragozza;XXI APRILE;26;36;;
1806;2017;Porto - Saragozza;Costa Saragozza;SAN GIUSEPPE;44;72;;
1820;2017;Porto - Saragozza;Costa Saragozza;STADIO-MELONCELLO;17;20;;
1840;2017;Porto - Saragozza;Costa Saragozza;XXI APRILE;2;0;;
1843;2017;Porto - Saragozza;Costa Saragozza;XXI APRILE;7;7;;
1848;2017;Porto - Saragozza;Costa Saragozza;XXI APRILE;5;5;;
1851;2017;Porto - Saragozza;Costa Saragozza;XXI APRILE;21;33;;
1855;2017;Porto - Saragozza;Costa Saragozza;XXI APRILE;7;12;;
1858;2017;Porto - Saragozza;Costa Saragozza;XXI APRILE;1;2;;
1866;2017;Porto - Saragozza;Costa Saragozza;SAN GIUSEPPE;7;7;;
1867;2017;Porto - Saragozza;Costa Saragozza;SAN GIUSEPPE;26;27;16;
1871;2017;Porto - Saragozza;Costa Saragozza;SAN GIUSEPPE;22;36;;
1875;2017;Porto - Saragozza;Costa Saragozza;SAN GIUSEPPE;30;54;;
1886;2017;Porto - Saragozza;Costa Saragozza;RAVONE;15;17;;
1906;2017;Porto - Saragozza;Costa Saragozza;SAN GIUSEPPE;22;26;;
1931;2017;Porto - Saragozza;Malpighi;MALPIGHI-2;7;19;;
1957;2017;Porto - Saragozza;Malpighi;MALPIGHI-1;4;5;;
1991;2017;Porto - Saragozza;Malpighi;MALPIGHI-2;140;205;;
2002;2017;Savena;Mazzini;FOSSOLO;10;10;;
2015;2017;Savena;Mazzini;FOSSOLO;21;22;;
2170;2017;Savena;S. Ruffillo;VIA TOSCANA;17;20;;
2171;2017;Savena;S. Ruffillo;VIA TOSCANA;20;32;;
2192;2017;Savena;S. Ruffillo;VIA TOSCANA;8;10;;
2201;2017;Savena;S. Ruffillo;VIA TOSCANA;10;10;;
2223;2017;Savena;S. Ruffillo;VIA TOSCANA;4;5;;
2226;2017;Savena;S. Ruffillo;CORELLI;8;123;;
2232;2017;Savena;S. Ruffillo;VIA TOSCANA;27;69;;
2236;2017;Savena;S. Ruffillo;VIA TOSCANA;2;2;;
2238;2017;Savena;S. Ruffillo;VIA TOSCANA;10;22;;
2258;2017;Savena;S. Ruffillo;CORELLI;4;6;;
2269;2017;Savena;S. Ruffillo;CORELLI;10;14;;
2275;2017;Savena;S. Ruffillo;CORELLI;4;6;;
2277;2017;Savena;S. Ruffillo;CORELLI;7;13;;
2287;2017;Savena;S. Ruffillo;CORELLI;2;2;;
2305;2017;Savena;S. Ruffillo;VIA TOSCANA;6;17;;
2312;2017;Savena;S. Ruffillo;PONTE SAVENA-LA BASTIA;9;15;;
2313;2017;Savena;S. Ruffillo;PONTE SAVENA-LA BASTIA;8;17;;
2314;2017;Savena;S. Ruffillo;PONTE SAVENA-LA BASTIA;3;16;;
2318;2017;Savena;S. Ruffillo;PONTE SAVENA-LA BASTIA;9;16;;
2326;2017;Navile;Lame;LA NOCE;17;17;;
22;2018;Borgo Panigale - Reno;Borgo Panigale;BARGELLINO;24;315;;
58;2018;Borgo Panigale - Reno;Borgo Panigale;LA BIRRA;11;20;;
64;2018;Borgo Panigale - Reno;Borgo Panigale;LA BIRRA;5;7;;
69;2018;Borgo Panigale - Reno;Borgo Panigale;DUCATI-VILLAGGIO INA;32;52;;
70;2018;Borgo Panigale - Reno;Borgo Panigale;DUCATI-VILLAGGIO INA;5;5;;
92;2018;Borgo Panigale - Reno;Borgo Panigale;BORGO CENTRO;1;6;;
98;2018;Borgo Panigale - Reno;Borgo Panigale;BORGO CENTRO;18;25;;
109;2018;Borgo Panigale - Reno;Borgo Panigale;BORGO CENTRO;18;27;;
118;2018;Borgo Panigale - Reno;Borgo Panigale;BORGO CENTRO;3;3;;
141;2018;Borgo Panigale - Reno;Borgo Panigale;BORGO CENTRO;2;5;;
147;2018;Borgo Panigale - Reno;Borgo Panigale;TRIUMVIRATO-PIETRA;22;26;;
149;2018;Borgo Panigale - Reno;Borgo Panigale;TRIUMVIRATO-PIETRA;20;37;;
153;2018;Borgo Panigale - Reno;Borgo Panigale;TRIUMVIRATO-PIETRA;40;145;;
163;2018;Borgo Panigale - Reno;Borgo Panigale;RIGOSA;1;17;;
178;2018;Borgo Panigale - Reno;Borgo Panigale;CASTELDEBOLE;3;9;;
182;2018;Borgo Panigale - Reno;Borgo Panigale;CASTELDEBOLE;23;30;;
185;2018;Borgo Panigale - Reno;Borgo Panigale;RIGOSA;4;3;;
194;2018;Borgo Panigale - Reno;Borgo Panigale;RIGOSA;5;18;;
197;2018;Borgo Panigale - Reno;Borgo Panigale;CASTELDEBOLE;7;11;;
215;2018;Navile;Bolognina;CASERME ROSSE-MANIFATTURA;1;1;;
221;2018;Navile;Bolognina;CASERME ROSSE-MANIFATTURA;9;101;;
230;2018;Navile;Bolognina;ARCOVEGGIO;29;40;;
244;2018;Navile;Bolognina;ARCOVEGGIO;4;9;;
245;2018;Navile;Bolognina;ARCOVEGGIO;2;10;;
259;2018;Navile;Bolognina;ARCOVEGGIO;6;9;;
260;2018;Navile;Bolognina;ARCOVEGGIO;10;12;;
264;2018;Navile;Bolognina;ARCOVEGGIO;5;4;;
268;2018;Navile;Bolognina;ARCOVEGGIO;23;35;;
282;2018;Navile;Bolognina;PIAZZA DELL'UNITA';8;7;;
285;2018;Navile;Bolognina;PIAZZA DELL'UNITA';24;61;;
291;2018;Navile;Bolognina;PIAZZA DELL'UNITA';12;22;;
292;2018;Navile;Bolognina;PIAZZA DELL'UNITA';1;1;;
314;2018;Navile;Bolognina;VIA FERRARESE;6;8;;
316;2018;Navile;Bolognina;VIA FERRARESE;25;56;;
317;2018;Navile;Bolognina;VIA FERRARESE;27;37;;
318;2018;Navile;Bolognina;VIA FERRARESE;21;34;;
327;2018;Navile;Bolognina;VIA FERRARESE;16;27;;
334;2018;Navile;Bolognina;VIA FERRARESE;30;180;;
341;2018;Navile;Bolognina;PIAZZA DELL'UNITA';14;29;;
353;2018;Navile;Bolognina;PIAZZA DELL'UNITA';14;23;;
354;2018;Navile;Bolognina;PIAZZA DELL'UNITA';8;120;;
366;2018;Navile;Bolognina;PIAZZA DELL'UNITA';5;15;;
382;2018;Navile;Corticella;SAN SAVINO;15;14;;
411;2018;Navile;Corticella;SAN SAVINO;15;24;;
420;2018;Navile;Corticella;SAVENA ABBANDONATO;1;7;;
437;2018;Navile;Corticella;CROCE COPERTA;9;58;;
438;2018;Navile;Corticella;CROCE COPERTA;34;357;;
450;2018;Navile;Corticella;CROCE COPERTA;10;101;;
453;2018;Navile;Corticella;CROCE COPERTA;5;26;;
457;2018;Navile;Corticella;CROCE COPERTA;5;17;;
463;2018;Navile;Corticella;CROCE COPERTA;72;177;;
471;2018;Navile;Corticella;CROCE COPERTA;7;138;;
525;2018;Navile;Lame;TIRO A SEGNO;4;5;;
527;2018;Navile;Lame;TIRO A SEGNO;2;7;;
534;2018;Navile;Lame;PESCAROLA;1;5;;
555;2018;Navile;Lame;PESCAROLA;1;1;;
557;2018;Navile;Lame;BEVERARA;6;133;;
570;2018;Navile;Lame;BEVERARA;16;400;;
581;2018;Navile;Lame;LAZZARETTO;3;7;;
583;2018;Navile;Lame;LAZZARETTO;1;15;;
598;2018;Navile;Lame;BEVERARA;36;482;;
599;2018;Navile;Lame;BEVERARA;3;1416;;
604;2018;Porto - Saragozza;Marconi;MARCONI-2;73;337;;
619;2018;Porto - Saragozza;Marconi;MARCONI-2;56;89;;
627;2018;Porto - Saragozza;Marconi;MARCONI-2;91;211;;
642;2018;Porto - Saragozza;Marconi;MARCONI-2;15;29;;
652;2018;Porto - Saragozza;Marconi;MARCONI-2;71;120;;
681;2018;Porto - Saragozza;Marconi;MARCONI-1;95;215;;
701;2018;Porto - Saragozza;Saffi;PRATI DI CAPRARA-OSPEDALE MAGGIORE;5;5;;
710;2018;Porto - Saragozza;Saffi;ZANARDI;1;1;;
729;2018;Porto - Saragozza;Saffi;ZANARDI;21;27;;
736;2018;Porto - Saragozza;Saffi;VELODROMO;74;314;;
759;2018;Porto - Saragozza;Saffi;VELODROMO;12;14;;
765;2018;Porto - Saragozza;Saffi;VIA VITTORIO VENETO;24;23;;
767;2018;Porto - Saragozza;Saffi;VIA VITTORIO VENETO;8;9;;
782;2018;Porto - Saragozza;Saffi;VIA VITTORIO VENETO;3;4;;
786;2018;Borgo Panigale - Reno;Barca;BATTINDARNO;13;14;;
810;2018;Borgo Panigale - Reno;Barca;BATTINDARNO;11;30;;
826;2018;Borgo Panigale - Reno;Barca;VILLAGGIO DELLA BARCA;7;9;;
834;2018;Borgo Panigale - Reno;Barca;VILLAGGIO DELLA BARCA;2;2;;
844;2018;Borgo Panigale - Reno;Barca;VILLAGGIO DELLA BARCA;10;15;;
869;2018;Borgo Panigale - Reno;Barca;CANALE DI RENO;16;23;;
908;2018;Borgo Panigale - Reno;S. Viola;EMILIA PONENTE;71;125;;
921;2018;Borgo Panigale - Reno;S. Viola;EMILIA PONENTE;31;58;;
922;2018;Borgo Panigale - Reno;S. Viola;EMILIA PONENTE;24;27;;
923;2018;Borgo Panigale - Reno;S. Viola;EMILIA PONENTE;45;1452;;
924;2018;Borgo Panigale - Reno;S. Viola;EMILIA PONENTE;11;15;;
925;2018;Borgo Panigale - Reno;S. Viola;EMILIA PONENTE;3;22;;
933;2018;San Donato - San Vitale;San Donato;CADRIANO-CALAMOSCO;1;1;;
934;2018;San Donato - San Vitale;San Donato;CADRIANO-CALAMOSCO;2;1;;
942;2018;San Donato - San Vitale;San Donato;CADRIANO-CALAMOSCO;1;1;;
949;2018;San Donato - San Vitale;San Donato;CADRIANO-CALAMOSCO;2;2;;
954;2018;San Donato - San Vitale;San Donato;CADRIANO-CALAMOSCO;1;1;;
984;2018;San Donato - San Vitale;San Donato;VIA DEL LAVORO;11;16;;
988;2018;San Donato - San Vitale;San Donato;VIA DEL LAVORO;60;95;;
992;2018;San Donato - San Vitale;San Donato;VIA DEL LAVORO;2;13;;
998;2018;San Donato - San Vitale;San Donato;VIA DEL LAVORO;5;151;;
1020;2018;San Donato - San Vitale;San Donato;MICHELINO;10;674;;
1024;2018;San Donato - San Vitale;San Donato;MICHELINO;60;177;;
1025;2018;San Donato - San Vitale;San Donato;VIA DEL LAVORO;1;2;;
1028;2018;San Donato - San Vitale;San Donato;VIA MONDO;33;56;;
1038;2018;San Donato - San Vitale;San Donato;VIA MONDO;8;12;;
1052;2018;San Donato - San Vitale;San Donato;MICHELINO;14;14;;
1067;2018;San Donato - San Vitale;San Donato;VIA MONDO;8;10;;
1086;2018;San Donato - San Vitale;San Donato;PILASTRO;34;257;;
1099;2018;San Donato - San Vitale;San Donato;PILASTRO;11;13;;
1105;2018;San Donato - San Vitale;San Donato;PILASTRO;3;12;;
1132;2018;Santo Stefano;Colli;OSSERVANZA;71;81;;
1152;2018;Santo Stefano;Colli;OSSERVANZA;17;18;;
1165;2018;Santo Stefano;Colli;SAN MICHELE IN BOSCO;60;74;;
1183;2018;Santo Stefano;Colli;PADERNO;18;41;;
1188;2018;Santo Stefano;Colli;PADERNO;6;7;;
1209;2018;Santo Stefano;Galvani;GALVANI-1;34;104;;
1210;2018;Santo Stefano;Galvani;GALVANI-1;45;136;;
1213;2018;Santo Stefano;Galvani;GALVANI-1;87;433;;
1224;2018;Santo Stefano;Galvani;GALVANI-1;51;104;;
1249;2018;Santo Stefano;Galvani;GALVANI-2;37;70;;
1255;2018;Santo Stefano;Galvani;GALVANI-2;39;49;;
1273;2018;Santo Stefano;Galvani;GALVANI-2;46;114;;
1295;2018;Santo Stefano;Galvani;GALVANI-2;31;59;;
1310;2018;Santo Stefano;Murri;MEZZOFANTI;38;125;;
1331;2018;Santo Stefano;Murri;DAGNINI;27;41;;
1332;2018;Santo Stefano;Murri;DAGNINI;26;40;;
1340;2018;Santo Stefano;Murri;MEZZOFANTI;25;33;;
1348;2018;Santo Stefano;Murri;DAGNINI;18;29;;
1349;2018;Santo Stefano;Murri;DAGNINI;15;16;;
1356;2018;Santo Stefano;Murri;DAGNINI;1;1;;
1358;2018;Santo Stefano;Murri;MEZZOFANTI;15;25;;
1359;2018;Santo Stefano;Murri;MEZZOFANTI;1;1;;
1381;2018;Santo Stefano;Murri;GIARDINI MARGHERITA;2;2;;
1385;2018;Santo Stefano;Murri;SIEPELUNGA;7;10;;
1395;2018;Santo Stefano;Murri;SIEPELUNGA;2;2;;
1405;2018;Santo Stefano;Murri;SIEPELUNGA;6;6;;
1407;2018;Santo Stefano;Murri;CHIESANUOVA;21;28;;
1413;2018;Santo Stefano;Murri;CHIESANUOVA;44;56;;
1420;2018;Santo Stefano;Murri;CHIESANUOVA;19;24;;
1423;2018;Santo Stefano;Murri;CHIESANUOVA;31;56;;
1441;2018;Santo Stefano;Murri;CHIESANUOVA;45;62;;
1443;2018;Santo Stefano;Murri;CHIESANUOVA;9;9;;
1471;2018;Santo Stefano;Irnerio;IRNERIO-2;18;478;;
1477;2018;Santo Stefano;Irnerio;IRNERIO-2;36;64;;
1479;2018;Santo Stefano;Irnerio;IRNERIO-2;31;45;;
1484;2018;Santo Stefano;Irnerio;IRNERIO-2;11;21;;
1502;2018;Santo Stefano;Irnerio;IRNERIO-2;2;0;;
1519;2018;Santo Stefano;Irnerio;IRNERIO-1;48;103;;
1531;2018;Santo Stefano;Irnerio;IRNERIO-2;21;37;;
1532;2018;Santo Stefano;Irnerio;IRNERIO-2;36;56;;
1542;2018;Santo Stefano;Irnerio;IRNERIO-1;78;115;;
1543;2018;Santo Stefano;Irnerio;IRNERIO-1;13;36;;
1551;2018;Santo Stefano;Irnerio;IRNERIO-2;38;56;;
1557;2018;San Donato - San Vitale;S. Vitale;CIRENAICA;38;92;;
1558;2018;San Donato - San Vitale;S. Vitale;CIRENAICA;45;258;;
1567;2018;San Donato - San Vitale;S. Vitale;MENGOLI;29;47;;
1582;2018;San Donato - San Vitale;S. Vitale;CIRENAICA;6;10;;
1589;2018;San Donato - San Vitale;S. Vitale;CIRENAICA;13;18;;
1591;2018;San Donato - San Vitale;S. Vitale;CIRENAICA;4;7;;
1628;2018;San Donato - San Vitale;S. Vitale;MENGOLI;1;1;;
1629;2018;San Donato - San Vitale;S. Vitale;MENGOLI;5;6;;
1636;2018;San Donato - San Vitale;S. Vitale;MENGOLI;19;35;;
1642;2018;San Donato - San Vitale;S. Vitale;MENGOLI;15;16;;
1644;2018;San Donato - San Vitale;S. Vitale;MENGOLI;24;30;;
1661;2018;San Donato - San Vitale;S. Vitale;MENGOLI;11;33;;
1679;2018;San Donato - San Vitale;S. Vitale;SCANDELLARA;6;8;;
1686;2018;San Donato - San Vitale;S. Vitale;VIA LARGA;6;41;;
1698;2018;San Donato - San Vitale;S. Vitale;ROVERI;19;103;;
1710;2018;San Donato - San Vitale;S. Vitale;ROVERI;6;159;;
1734;2018;San Donato - San Vitale;S. Vitale;ROVERI;29;188;;
1751;2018;San Donato - San Vitale;S. Vitale;CROCE DEL BIACCO;2;12;;
1761;2018;San Donato - San Vitale;S. Vitale;STRADELLI GUELFI;2;16;;
1788;2018;Porto - Saragozza;Costa Saragozza;XXI APRILE;29;39;;
1789;2018;Porto - Saragozza;Costa Saragozza;XXI APRILE;12;38;;
1792;2018;Porto - Saragozza;Costa Saragozza;XXI APRILE;24;34;;
1797;2018;Porto - Saragozza;Costa Saragozza;XXI APRILE;29;57;;
1816;2018;Porto - Saragozza;Costa Saragozza;STADIO-MELONCELLO;18;24;;
1822;2018;Porto - Saragozza;Costa Saragozza;XXI APRILE;19;341;;
1833;2018;Porto - Saragozza;Costa Saragozza;XXI APRILE;10;11;;
1848;2018;Porto - Saragozza;Costa Saragozza;XXI APRILE;11;11;;
1867;2018;Porto - Saragozza;Costa Saragozza;SAN GIUSEPPE;29;32;;
1882;2018;Porto - Saragozza;Costa Saragozza;SAN LUCA;9;9;;
1904;2018;Porto - Saragozza;Costa Saragozza;SAN GIUSEPPE;9;10;;
1933;2018;Porto - Saragozza;Malpighi;MALPIGHI-2;60;91;;
1936;2018;Porto - Saragozza;Malpighi;MALPIGHI-2;42;66;;
1939;2018;Porto - Saragozza;Malpighi;MALPIGHI-2;25;38;;
1940;2018;Porto - Saragozza;Malpighi;MALPIGHI-2;84;141;;
1957;2018;Porto - Saragozza;Malpighi;MALPIGHI-1;4;10;;
1987;2018;Porto - Saragozza;Malpighi;MALPIGHI-2;3;8;;
1988;2018;Porto - Saragozza;Malpighi;MALPIGHI-2;101;202;;
2004;2018;Savena;Mazzini;FOSSOLO;34;82;;
2005;2018;Savena;Mazzini;LUNGO SAVENA;3;74;;
2043;2018;Savena;Mazzini;DUE MADONNE;2;2;;
2057;2018;Savena;Mazzini;PONTEVECCHIO;17;48;;
2060;2018;Savena;Mazzini;PONTEVECCHIO;3;3;;
2062;2018;Savena;Mazzini;PONTEVECCHIO;4;4;;
2084;2018;Savena;Mazzini;BITONE;7;7;;
2087;2018;Savena;Mazzini;BITONE;39;63;;
2091;2018;Savena;Mazzini;BITONE;11;12;;
2092;2018;Savena;Mazzini;BITONE;46;97;;
2102;2018;Savena;Mazzini;BITONE;13;72;;
2107;2018;Savena;Mazzini;BITONE;11;29;;
2112;2018;Savena;Mazzini;BITONE;8;10;;
2116;2018;Savena;Mazzini;BITONE;25;41;;
2138;2018;Savena;Mazzini;VIA ARNO;12;24;;
2147;2018;Savena;Mazzini;CAVEDONE;20;25;;
2157;2018;Savena;Mazzini;OSPEDALE BELLARIA;5;26;;
2159;2018;Savena;S. Ruffillo;MONTE DONATO;7;23;;
2163;2018;Savena;S. Ruffillo;VIA TOSCANA;4;5;;
2176;2018;Savena;S. Ruffillo;VIA TOSCANA;8;13;;
2180;2018;Savena;S. Ruffillo;MONTE DONATO;5;4;;
2194;2018;Savena;S. Ruffillo;VIA TOSCANA;6;6;;
2198;2018;Savena;S. Ruffillo;VIA TOSCANA;1;1;;
2203;2018;Savena;S. Ruffillo;VIA TOSCANA;21;41;;
2208;2018;Savena;S. Ruffillo;VIA TOSCANA;16;33;;
2224;2018;Savena;S. Ruffillo;VIA TOSCANA;15;33;;
2228;2018;Savena;S. Ruffillo;VIA TOSCANA;13;16;;
2234;2018;Savena;S. Ruffillo;VIA TOSCANA;7;7;;
2236;2018;Savena;S. Ruffillo;VIA TOSCANA;2;2;;
2249;2018;Savena;S. Ruffillo;CORELLI;2;2;;
2250;2018;Savena;S. Ruffillo;CORELLI;2;2;;
2257;2018;Savena;S. Ruffillo;CORELLI;12;18;;
2267;2018;Savena;S. Ruffillo;CORELLI;11;23;;
2276;2018;Savena;S. Ruffillo;CORELLI;14;18;;
2302;2018;Savena;S. Ruffillo;VIA TOSCANA;2;3;;
2308;2018;Savena;S. Ruffillo;MONTE DONATO;1;1;;
2325;2018;Navile;Corticella;SAVENA ABBANDONATO;1;4;;
2326;2018;Navile;Lame;LA NOCE;19;19;;
2331;2018;San Donato - San Vitale;S. Vitale;VIA LARGA;14;15;;
13;2019;Borgo Panigale - Reno;Borgo Panigale;LAVINO DI MEZZO;38;93;;
51;2019;Borgo Panigale - Reno;Borgo Panigale;VIA DEL VIVAIO;1;1;;
144;2019;Borgo Panigale - Reno;Borgo Panigale;BORGO CENTRO;12;28;;
168;2019;Borgo Panigale - Reno;Borgo Panigale;CASTELDEBOLE;3;5;;
175;2019;Borgo Panigale - Reno;Borgo Panigale;RIGOSA;1;2;;
206;2019;Navile;Bolognina;CASERME ROSSE-MANIFATTURA;21;22;;
208;2019;Navile;Bolognina;CASERME ROSSE-MANIFATTURA;1;0;;
232;2019;Navile;Bolognina;ARCOVEGGIO;2;2;;
241;2019;Navile;Bolognina;ARCOVEGGIO;20;36;;
244;2019;Navile;Bolognina;ARCOVEGGIO;5;22;;2385
252;2019;Navile;Bolognina;ARCOVEGGIO;16;38;;
254;2019;Navile;Bolognina;ARCOVEGGIO;22;23;;
262;2019;Navile;Bolognina;ARCOVEGGIO;21;62;;
266;2019;Navile;Bolognina;ARCOVEGGIO;6;6;;
270;2019;Navile;Bolognina;ARCOVEGGIO;25;38;;
274;2019;Navile;Bolognina;PIAZZA DELL'UNITA';18;20;;
283;2019;Navile;Bolognina;PIAZZA DELL'UNITA';13;14;;
284;2019;Navile;Bolognina;PIAZZA DELL'UNITA';9;14;;
302;2019;Navile;Bolognina;VIA FERRARESE;11;106;;
315;2019;Navile;Bolognina;VIA FERRARESE;12;15;;
324;2019;Navile;Bolognina;VIA FERRARESE;19;24;;
327;2019;Navile;Bolognina;VIA FERRARESE;18;32;;
329;2019;Navile;Bolognina;VIA FERRARESE;3;17;;
367;2019;Navile;Bolognina;PIAZZA DELL'UNITA';6;24;;78
392;2019;Navile;Corticella;SAN SAVINO;6;8;;54
402;2019;Navile;Corticella;SAN SAVINO;20;50;;
414;2019;Navile;Corticella;SAN SAVINO;12;23;;48
418;2019;Navile;Corticella;SAVENA ABBANDONATO;1;22;;499
431;2019;Navile;Corticella;SAVENA ABBANDONATO;17;43;;
443;2019;Navile;Corticella;CROCE COPERTA;5;314;;
454;2019;Navile;Corticella;CROCE COPERTA;16;140;;
459;2019;Navile;Corticella;CROCE COPERTA;5;14;;
469;2019;Navile;Corticella;CROCE COPERTA;35;65;;
475;2019;Navile;Corticella;MULINO DEL GOMITO;13;154;;
478;2019;Navile;Corticella;MULINO DEL GOMITO;23;266;;
491;2019;Navile;Corticella;SAVENA ABBANDONATO;5;10;;
494;2019;Navile;Lame;LAGHETTI DEL ROSARIO;5;12;;
497;2019;Navile;Lame;LAGHETTI DEL ROSARIO;5;6;;
552;2019;Navile;Lame;PESCAROLA;16;31;;21
559;2019;Navile;Lame;BEVERARA;4;5;;
561;2019;Navile;Lame;LAGHETTI DEL ROSARIO;7;25;;
569;2019;Navile;Lame;BEVERARA;7;11;;86
569;2019;Navile;Lame;BEVERARA;7;11;;365
572;2019;Navile;Lame;BEVERARA;10;11;;
594;2019;Navile;Lame;BEVERARA;37;497;;9
599;2019;Navile;Lame;BEVERARA;3;1332;;11
600;2019;Navile;Lame;LAZZARETTO;6;735;;
602;2019;Porto - Saragozza;Marconi;MARCONI-2;21;945;;
616;2019;Porto - Saragozza;Marconi;MARCONI-2;32;268;;
638;2019;Porto - Saragozza;Marconi;MARCONI-2;47;108;;
654;2019;Porto - Saragozza;Marconi;MARCONI-2;7;23;;
661;2019;Porto - Saragozza;Marconi;MARCONI-2;67;132;;
665;2019;Porto - Saragozza;Marconi;MARCONI-2;44;118;;101
667;2019;Porto - Saragozza;Marconi;MARCONI-2;106;364;;
668;2019;Porto - Saragozza;Marconi;MARCONI-2;55;101;;
671;2019;Porto - Saragozza;Marconi;MARCONI-2;16;47;;
672;2019;Porto - Saragozza;Marconi;MARCONI-2;27;38;;
675;2019;Porto - Saragozza;Marconi;MARCONI-2;39;145;;
682;2019;Porto - Saragozza;Marconi;MARCONI-1;38;147;;
688;2019;Porto - Saragozza;Marconi;MARCONI-1;6;24;;
693;2019;Porto - Saragozza;Marconi;MARCONI-1;41;77;;1238
699;2019;Porto - Saragozza;Marconi;MARCONI-1;19;1052;;
704;2019;Porto - Saragozza;Saffi;ZANARDI;8;16;;
716;2019;Porto - Saragozza;Saffi;ZANARDI;1;1;;
744;2019;Porto - Saragozza;Saffi;VELODROMO;15;316;;
751;2019;Porto - Saragozza;Saffi;VELODROMO;6;5;;
758;2019;Porto - Saragozza;Saffi;VELODROMO;54;97;;
760;2019;Porto - Saragozza;Saffi;VIA VITTORIO VENETO;22;53;;20
767;2019;Porto - Saragozza;Saffi;VIA VITTORIO VENETO;9;13;;
770;2019;Porto - Saragozza;Saffi;VIA VITTORIO VENETO;21;53;;
783;2019;Porto - Saragozza;Saffi;VIA VITTORIO VENETO;85;154;;
794;2019;Borgo Panigale - Reno;Barca;BATTINDARNO;3;3;;
796;2019;Borgo Panigale - Reno;Barca;BATTINDARNO;9;10;;
802;2019;Borgo Panigale - Reno;Barca;BATTINDARNO;3;3;;100
802;2019;Borgo Panigale - Reno;Barca;BATTINDARNO;3;3;;468
806;2019;Borgo Panigale - Reno;Barca;BATTINDARNO;32;48;;
810;2019;Borgo Panigale - Reno;Barca;BATTINDARNO;10;27;;
828;2019;Borgo Panigale - Reno;Barca;VILLAGGIO DELLA BARCA;3;4;;
835;2019;Borgo Panigale - Reno;Barca;VILLAGGIO DELLA BARCA;2;2;;
838;2019;Borgo Panigale - Reno;Barca;VILLAGGIO DELLA BARCA;4;8;;
844;2019;Borgo Panigale - Reno;Barca;VILLAGGIO DELLA BARCA;9;10;;
851;2019;Borgo Panigale - Reno;Barca;BATTINDARNO;10;11;;
860;2019;Borgo Panigale - Reno;Barca;CANALE DI RENO;5;7;;
871;2019;Borgo Panigale - Reno;Barca;CANALE DI RENO;3;3;;236
875;2019;Borgo Panigale - Reno;Barca;CANALE DI RENO;12;14;;
879;2019;Borgo Panigale - Reno;Barca;CANALE DI RENO;13;15;;
894;2019;Borgo Panigale - Reno;S. Viola;AGUCCHI;27;64;;149
912;2019;Borgo Panigale - Reno;S. Viola;EMILIA PONENTE;28;33;;138
916;2019;Borgo Panigale - Reno;S. Viola;EMILIA PONENTE;14;35;;
919;2019;Borgo Panigale - Reno;S. Viola;EMILIA PONENTE;31;63;;
939;2019;San Donato - San Vitale;San Donato;CADRIANO-CALAMOSCO;10;964;;
982;2019;San Donato - San Vitale;San Donato;VIA DEL LAVORO;21;90;;
988;2019;San Donato - San Vitale;San Donato;VIA DEL LAVORO;60;103;;
1007;2019;San Donato - San Vitale;San Donato;VIA DEL LAVORO;10;12;;
1014;2019;San Donato - San Vitale;San Donato;MICHELINO;13;18;;
1049;2019;San Donato - San Vitale;San Donato;VIA MONDO;1;1;;
1091;2019;San Donato - San Vitale;San Donato;PILASTRO;4;3;;
1108;2019;San Donato - San Vitale;San Donato;PILASTRO;5;7;;
1109;2019;San Donato - San Vitale;San Donato;PILASTRO;5;5;;
1111;2019;San Donato - San Vitale;San Donato;SCALO MERCI SAN DONATO;5;3;;
1120;2019;San Donato - San Vitale;San Donato;CAAB;4;16;;
1136;2019;Santo Stefano;Colli;OSSERVANZA;65;107;;26
1139;2019;Santo Stefano;Colli;OSSERVANZA;88;178;;12
1145;2019;Santo Stefano;Colli;OSSERVANZA;34;46;;
1148;2019;Santo Stefano;Colli;OSSERVANZA;52;95;;
1176;2019;Santo Stefano;Colli;PADERNO;2;5;;
1214;2019;Santo Stefano;Galvani;GALVANI-1;63;301;;
1219;2019;Santo Stefano;Galvani;GALVANI-1;49;270;;
1221;2019;Santo Stefano;Galvani;GALVANI-1;2;98;;
1223;2019;Santo Stefano;Galvani;GALVANI-1;34;78;;
1224;2019;Santo Stefano;Galvani;GALVANI-1;53;102;;
1233;2019;Santo Stefano;Galvani;GALVANI-2;49;95;;
1240;2019;Santo Stefano;Galvani;GALVANI-2;29;42;;
1241;2019;Santo Stefano;Galvani;GALVANI-2;14;16;;
1248;2019;Santo Stefano;Galvani;GALVANI-2;31;50;;
1253;2019;Santo Stefano;Galvani;GALVANI-2;1;50;;
1271;2019;Santo Stefano;Galvani;GALVANI-2;24;29;;1704
1272;2019;Santo Stefano;Galvani;GALVANI-2;57;121;;
1276;2019;Santo Stefano;Galvani;GALVANI-2;32;34;;17
1288;2019;Santo Stefano;Galvani;GALVANI-2;14;21;;
1296;2019;Santo Stefano;Galvani;GALVANI-2;47;96;;25
1301;2019;Santo Stefano;Murri;MEZZOFANTI;17;39;;87
1304;2019;Santo Stefano;Murri;MEZZOFANTI;33;48;;
1306;2019;Santo Stefano;Murri;MEZZOFANTI;1;4;;
1309;2019;Santo Stefano;Murri;MEZZOFANTI;17;21;;
1313;2019;Santo Stefano;Murri;DAGNINI;27;58;;
1323;2019;Santo Stefano;Murri;MEZZOFANTI;25;56;;
1334;2019;Santo Stefano;Murri;DAGNINI;19;63;;
1346;2019;Santo Stefano;Murri;DAGNINI;11;18;;
1356;2019;Santo Stefano;Murri;DAGNINI;1;1;;
1371;2019;Santo Stefano;Murri;DAGNINI;23;40;;
1397;2019;Santo Stefano;Murri;SIEPELUNGA;15;12;;
1408;2019;Santo Stefano;Murri;CHIESANUOVA;26;32;;
1415;2019;Santo Stefano;Murri;CHIESANUOVA;3;4;;
1425;2019;Santo Stefano;Murri;CHIESANUOVA;20;44;;
1426;2019;Santo Stefano;Murri;CHIESANUOVA;54;73;;
1429;2019;Santo Stefano;Murri;CHIESANUOVA;15;45;;156
1429;2019;Santo Stefano;Murri;CHIESANUOVA;15;45;;50
1448;2019;Santo Stefano;Irnerio;IRNERIO-2;47;335;;
1449;2019;Santo Stefano;Irnerio;IRNERIO-2;52;248;;
1458;2019;Santo Stefano;Irnerio;IRNERIO-2;1;1;;
1461;2019;Santo Stefano;Irnerio;IRNERIO-2;11;13;;
1474;2019;Santo Stefano;Irnerio;IRNERIO-2;26;38;;
1478;2019;Santo Stefano;Irnerio;IRNERIO-2;27;50;;
1492;2019;Santo Stefano;Irnerio;IRNERIO-1;16;21;;
1513;2019;Santo Stefano;Irnerio;IRNERIO-1;2;4;;
1516;2019;Santo Stefano;Irnerio;IRNERIO-1;25;122;;
1522;2019;Santo Stefano;Irnerio;IRNERIO-1;122;356;;
1533;2019;Santo Stefano;Irnerio;IRNERIO-2;7;8;;
1534;2019;Santo Stefano;Irnerio;IRNERIO-2;26;44;;
1545;2019;Santo Stefano;Irnerio;IRNERIO-1;34;60;;
1547;2019;Santo Stefano;Irnerio;IRNERIO-2;47;123;;
1555;2019;San Donato - San Vitale;S. Vitale;CIRENAICA;27;33;;
1570;2019;San Donato - San Vitale;S. Vitale;MENGOLI;17;38;;
1571;2019;San Donato - San Vitale;S. Vitale;OSPEDALE SANT'ORSOLA;8;14;;
1620;2019;San Donato - San Vitale;S. Vitale;MENGOLI;8;12;;
1626;2019;San Donato - San Vitale;S. Vitale;MENGOLI;13;52;;
1638;2019;San Donato - San Vitale;S. Vitale;MENGOLI;19;28;;
1643;2019;San Donato - San Vitale;S. Vitale;MENGOLI;8;10;;
1646;2019;San Donato - San Vitale;S. Vitale;MENGOLI;8;18;;
1679;2019;San Donato - San Vitale;S. Vitale;SCANDELLARA;5;5;;57
1705;2019;San Donato - San Vitale;S. Vitale;ROVERI;15;166;;
1708;2019;San Donato - San Vitale;S. Vitale;ROVERI;19;232;;
1725;2019;San Donato - San Vitale;S. Vitale;GUELFA;20;144;;
1749;2019;San Donato - San Vitale;S. Vitale;CROCE DEL BIACCO;20;39;;
1752;2019;San Donato - San Vitale;S. Vitale;CROCE DEL BIACCO;5;14;;107
1754;2019;San Donato - San Vitale;S. Vitale;CROCE DEL BIACCO;72;488;;
1764;2019;San Donato - San Vitale;S. Vitale;STRADELLI GUELFI;2;3;;
1821;2019;Porto - Saragozza;Costa Saragozza;STADIO-MELONCELLO;55;136;;
1826;2019;Porto - Saragozza;Costa Saragozza;XXI APRILE;1;0;;
1838;2019;Porto - Saragozza;Costa Saragozza;XXI APRILE;15;33;;
1844;2019;Porto - Saragozza;Costa Saragozza;XXI APRILE;6;5;;
1849;2019;Porto - Saragozza;Costa Saragozza;XXI APRILE;43;57;;
1855;2019;Porto - Saragozza;Costa Saragozza;XXI APRILE;11;23;;
1856;2019;Porto - Saragozza;Costa Saragozza;XXI APRILE;18;17;;
1867;2019;Porto - Saragozza;Costa Saragozza;SAN GIUSEPPE;29;32;;72
1874;2019;Porto - Saragozza;Costa Saragozza;SAN GIUSEPPE;32;48;;
1876;2019;Porto - Saragozza;Costa Saragozza;SAN GIUSEPPE;97;191;;
1877;2019;Porto - Saragozza;Costa Saragozza;STADIO-MELONCELLO;47;105;;
1886;2019;Porto - Saragozza;Costa Saragozza;RAVONE;17;19;;
1905;2019;Porto - Saragozza;Costa Saragozza;SAN GIUSEPPE;36;81;;
1936;2019;Porto - Saragozza;Malpighi;MALPIGHI-2;37;63;;
1938;2019;Porto - Saragozza;Malpighi;MALPIGHI-2;41;84;;
1971;2019;Porto - Saragozza;Malpighi;MALPIGHI-1;47;88;;
1980;2019;Porto - Saragozza;Malpighi;MALPIGHI-2;57;88;;78
1993;2019;Porto - Saragozza;Malpighi;MALPIGHI-2;6;15;;
2018;2019;Savena;Mazzini;FOSSOLO;32;302;;
2026;2019;Savena;Mazzini;PONTEVECCHIO;3;3;;318
2032;2019;Savena;Mazzini;FOSSOLO;25;114;;
2037;2019;Savena;Mazzini;FOSSOLO;25;39;;77
2039;2019;Savena;Mazzini;DUE MADONNE;11;11;;
2078;2019;Savena;Mazzini;BITONE;45;210;;
2081;2019;Savena;Mazzini;BITONE;23;47;;
2094;2019;Savena;Mazzini;BITONE;6;8;;
2098;2019;Savena;Mazzini;BITONE;12;12;;
2103;2019;Savena;Mazzini;BITONE;10;20;;
2106;2019;Savena;Mazzini;BITONE;8;10;;
2124;2019;Savena;Mazzini;VIA ARNO;8;18;;
2176;2019;Savena;S. Ruffillo;VIA TOSCANA;7;11;;
2178;2019;Savena;S. Ruffillo;VIA TOSCANA;3;5;;
2186;2019;Savena;S. Ruffillo;VIA TOSCANA;1;1;;
2192;2019;Savena;S. Ruffillo;VIA TOSCANA;8;10;;
2195;2019;Savena;S. Ruffillo;VIA TOSCANA;14;16;;
2202;2019;Savena;S. Ruffillo;VIA TOSCANA;4;6;;
2204;2019;Savena;S. Ruffillo;VIA TOSCANA;2;3;;69
2212;2019;Savena;S. Ruffillo;VIA TOSCANA;24;66;;
2221;2019;Savena;S. Ruffillo;CORELLI;5;19;;
2229;2019;Savena;S. Ruffillo;VIA TOSCANA;6;8;;
2242;2019;Savena;S. Ruffillo;CORELLI;6;6;;
2244;2019;Savena;S. Ruffillo;CORELLI;1;1;;
2248;2019;Savena;S. Ruffillo;VIA TOSCANA;3;5;;
2262;2019;Savena;S. Ruffillo;CORELLI;27;30;;
2263;2019;Savena;S. Ruffillo;CORELLI;26;118;;32
2282;2019;Savena;S. Ruffillo;CORELLI;3;2;;
2286;2019;Savena;S. Ruffillo;CORELLI;19;24;;
2315;2019;Savena;S. Ruffillo;PONTE SAVENA-LA BASTIA;4;4;;
2323;2019;Navile;Corticella;CROCE COPERTA;13;17;;
10;2018;Borgo Panigale - Reno;Borgo Panigale;VIA DEL VIVAIO;4;18;;
12;2018;Borgo Panigale - Reno;Borgo Panigale;LAVINO DI MEZZO;18;28;;
23;2018;Borgo Panigale - Reno;Borgo Panigale;BARGELLINO;81;877;;
29;2018;Borgo Panigale - Reno;Borgo Panigale;AEROPORTO;36;1468;;
50;2018;Borgo Panigale - Reno;Borgo Panigale;RIGOSA;11;85;;
76;2018;Borgo Panigale - Reno;Borgo Panigale;DUCATI-VILLAGGIO INA;4;10;;
107;2018;Borgo Panigale - Reno;Borgo Panigale;BORGO CENTRO;31;66;;
110;2018;Borgo Panigale - Reno;Borgo Panigale;BORGO CENTRO;10;29;;
126;2018;Borgo Panigale - Reno;Borgo Panigale;TRIUMVIRATO-PIETRA;2;21;;
128;2018;Borgo Panigale - Reno;Borgo Panigale;RIGOSA;1;1;;
139;2018;Borgo Panigale - Reno;Borgo Panigale;RIGOSA;9;31;;
148;2018;Borgo Panigale - Reno;Borgo Panigale;TRIUMVIRATO-PIETRA;17;20;;
155;2018;Borgo Panigale - Reno;Borgo Panigale;TRIUMVIRATO-PIETRA;24;33;;
165;2018;Borgo Panigale - Reno;Borgo Panigale;RIGOSA;2;2;;
173;2018;Borgo Panigale - Reno;Borgo Panigale;CASTELDEBOLE;12;11;;
189;2018;Borgo Panigale - Reno;Borgo Panigale;RIGOSA;2;2;;
235;2018;Navile;Bolognina;ARCOVEGGIO;7;8;;
239;2018;Navile;Bolognina;ARCOVEGGIO;10;14;;
249;2018;Navile;Bolognina;EX MERCATO ORTOFRUTTICOLO;11;20;;
256;2018;Navile;Bolognina;ARCOVEGGIO;23;40;;
287;2018;Navile;Bolognina;PIAZZA DELL'UNITA';15;14;;
306;2018;Navile;Bolognina;VIA FERRARESE;32;45;;
309;2018;Navile;Bolognina;VIA FERRARESE;23;37;;
312;2018;Navile;Bolognina;VIA FERRARESE;1;1;;
319;2018;Navile;Bolognina;VIA FERRARESE;10;11;;
329;2018;Navile;Bolognina;VIA FERRARESE;3;17;;
336;2018;Navile;Bolognina;VIA FERRARESE;13;18;;
337;2018;Navile;Bolognina;VIA FERRARESE;11;40;;
351;2018;Navile;Bolognina;PIAZZA DELL'UNITA';18;22;;
359;2018;Navile;Bolognina;PIAZZA DELL'UNITA';23;66;;
365;2018;Navile;Bolognina;PIAZZA DELL'UNITA';5;37;;
376;2018;Navile;Corticella;SAN SAVINO;22;89;;
390;2018;Navile;Corticella;SAN SAVINO;3;3;;
397;2018;Navile;Corticella;SAN SAVINO;22;51;;
398;2018;Navile;Corticella;SAN SAVINO;23;29;;
416;2018;Navile;Corticella;SAN SAVINO;7;10;;
421;2018;Navile;Corticella;SAVENA ABBANDONATO;6;8;;
432;2018;Navile;Corticella;SAVENA ABBANDONATO;3;5;;
458;2018;Navile;Corticella;CROCE COPERTA;6;25;;
470;2018;Navile;Corticella;CROCE COPERTA;11;32;;
473;2018;Navile;Corticella;CROCE COPERTA;4;24;;
474;2018;Navile;Corticella;MULINO DEL GOMITO;27;80;;
483;2018;Navile;Corticella;LA DOZZA;4;4;;
502;2018;Navile;Lame;LA NOCE;4;8;;
512;2018;Navile;Lame;LAGHETTI DEL ROSARIO;15;46;;
513;2018;Navile;Lame;LAGHETTI DEL ROSARIO;1;9;;
521;2018;Navile;Lame;LAGHETTI DEL ROSARIO;3;81;;
529;2018;Navile;Lame;TIRO A SEGNO;2;10;;
546;2018;Navile;Lame;PESCAROLA;5;11;;
558;2018;Navile;Lame;BEVERARA;19;302;;
561;2018;Navile;Lame;LAGHETTI DEL ROSARIO;4;21;;
569;2018;Navile;Lame;BEVERARA;9;21;;
575;2018;Navile;Lame;BEVERARA;18;21;;
588;2018;Navile;Lame;BEVERARA;30;212;;
602;2018;Porto - Saragozza;Marconi;MARCONI-2;16;956;;
608;2018;Porto - Saragozza;Marconi;MARCONI-2;54;242;;
609;2018;Porto - Saragozza;Marconi;MARCONI-2;86;692;;
612;2018;Porto - Saragozza;Marconi;MARCONI-2;1;2;;
616;2018;Porto - Saragozza;Marconi;MARCONI-2;30;305;;
636;2018;Porto - Saragozza;Marconi;MARCONI-2;65;145;;
655;2018;Porto - Saragozza;Marconi;MARCONI-2;1;1;;
661;2018;Porto - Saragozza;Marconi;MARCONI-2;59;118;;
666;2018;Porto - Saragozza;Marconi;MARCONI-2;96;286;;
671;2018;Porto - Saragozza;Marconi;MARCONI-2;15;46;;
686;2018;Porto - Saragozza;Marconi;MARCONI-1;32;103;;
699;2018;Porto - Saragozza;Marconi;MARCONI-1;22;274;;
715;2018;Porto - Saragozza;Saffi;ZANARDI;13;15;;
720;2018;Porto - Saragozza;Saffi;ZANARDI;20;90;;
732;2018;Porto - Saragozza;Saffi;ZANARDI;32;352;;
738;2018;Porto - Saragozza;Saffi;VELODROMO;24;48;;
745;2018;Porto - Saragozza;Saffi;VELODROMO;26;38;;
749;2018;Porto - Saragozza;Saffi;VELODROMO;9;9;;
758;2018;Porto - Saragozza;Saffi;VELODROMO;47;86;;
772;2018;Porto - Saragozza;Saffi;VIA VITTORIO VENETO;22;42;;
780;2018;Porto - Saragozza;Saffi;VIA VITTORIO VENETO;38;83;;
783;2018;Porto - Saragozza;Saffi;VIA VITTORIO VENETO;86;143;;
791;2018;Borgo Panigale - Reno;Barca;BATTINDARNO;2;15;;
794;2018;Borgo Panigale - Reno;Barca;BATTINDARNO;4;4;;
824;2018;Borgo Panigale - Reno;Barca;VILLAGGIO DELLA BARCA;2;3;;
829;2018;Borgo Panigale - Reno;Barca;VILLAGGIO DELLA BARCA;7;12;;
839;2018;Borgo Panigale - Reno;Barca;VILLAGGIO DELLA BARCA;19;41;;
856;2018;Borgo Panigale - Reno;Barca;CANALE DI RENO;9;17;;
859;2018;Borgo Panigale - Reno;Barca;CANALE DI RENO;12;13;;
861;2018;Borgo Panigale - Reno;Barca;CANALE DI RENO;7;20;;
867;2018;Borgo Panigale - Reno;Barca;CANALE DI RENO;1;1;;
871;2018;Borgo Panigale - Reno;Barca;CANALE DI RENO;3;3;;
894;2018;Borgo Panigale - Reno;S. Viola;AGUCCHI;29;87;;
897;2018;Borgo Panigale - Reno;S. Viola;AGUCCHI;5;28;;
899;2018;Borgo Panigale - Reno;S. Viola;AGUCCHI;56;322;;
907;2018;Borgo Panigale - Reno;S. Viola;AGUCCHI;15;27;;
929;2018;Borgo Panigale - Reno;S. Viola;EMILIA PONENTE;7;7;;
941;2018;San Donato - San Vitale;San Donato;CADRIANO-CALAMOSCO;2;2;;
948;2018;San Donato - San Vitale;San Donato;CADRIANO-CALAMOSCO;15;265;;
958;2018;San Donato - San Vitale;San Donato;CADRIANO-CALAMOSCO;7;9;;
971;2018;San Donato - San Vitale;San Donato;SAN DONNINO;10;15;;
976;2018;San Donato - San Vitale;San Donato;FIERA;96;3276;;
990;2018;San Donato - San Vitale;San Donato;VIA DEL LAVORO;19;23;;
1016;2018;San Donato - San Vitale;San Donato;MICHELINO;17;23;;
1037;2018;San Donato - San Vitale;San Donato;MICHELINO;16;29;;
1054;2018;San Donato - San Vitale;San Donato;MICHELINO;4;4;;
1058;2018;San Donato - San Vitale;San Donato;VIA MONDO;2;2;;
1061;2018;San Donato - San Vitale;San Donato;VIA MONDO;18;26;;
1068;2018;San Donato - San Vitale;San Donato;VIA MONDO;13;25;;
1069;2018;San Donato - San Vitale;San Donato;MICHELINO;5;8;;
1077;2018;San Donato - San Vitale;San Donato;SAN DONNINO;8;8;;
1082;2018;San Donato - San Vitale;San Donato;SAN DONNINO;7;7;;
1121;2018;San Donato - San Vitale;San Donato;CAAB;9;109;;
1134;2018;Santo Stefano;Colli;PADERNO;4;4;;
1138;2018;Santo Stefano;Colli;OSSERVANZA;27;31;;
1154;2018;Santo Stefano;Colli;OSSERVANZA;15;16;;
1176;2018;Santo Stefano;Colli;PADERNO;3;4;;
1182;2018;Santo Stefano;Colli;PADERNO;2;1;;
1190;2018;Santo Stefano;Colli;PADERNO;7;11;;
1197;2018;Santo Stefano;Colli;PADERNO;1;1;;
1212;2018;Santo Stefano;Galvani;GALVANI-1;39;237;;
1229;2018;Santo Stefano;Galvani;GALVANI-1;81;120;;
1230;2018;Santo Stefano;Galvani;GALVANI-1;56;82;;
1258;2018;Santo Stefano;Galvani;GALVANI-2;19;28;;
1274;2018;Santo Stefano;Galvani;GALVANI-2;101;146;;
1280;2018;Santo Stefano;Galvani;GALVANI-2;36;44;;
1283;2018;Santo Stefano;Galvani;GALVANI-2;27;56;;
1286;2018;Santo Stefano;Galvani;GALVANI-2;36;151;;
1288;2018;Santo Stefano;Galvani;GALVANI-2;15;21;;
1293;2018;Santo Stefano;Galvani;GALVANI-2;6;8;;
1306;2018;Santo Stefano;Murri;MEZZOFANTI;1;4;;
1315;2018;Santo Stefano;Murri;DAGNINI;28;54;;
1321;2018;Santo Stefano;Murri;MEZZOFANTI;6;5;;
1336;2018;Santo Stefano;Murri;MEZZOFANTI;50;84;;
1344;2018;Santo Stefano;Murri;MEZZOFANTI;36;51;;
1351;2018;Santo Stefano;Murri;DAGNINI;7;8;;
1354;2018;Santo Stefano;Murri;DAGNINI;9;12;;
1365;2018;Santo Stefano;Murri;DAGNINI;12;12;;
1368;2018;Santo Stefano;Murri;DAGNINI;10;12;;
1373;2018;Santo Stefano;Murri;DAGNINI;26;36;;
1374;2018;Santo Stefano;Murri;DAGNINI;14;15;;
1391;2018;Santo Stefano;Murri;SIEPELUNGA;68;126;;
1392;2018;Santo Stefano;Murri;SIEPELUNGA;18;18;;
1394;2018;Santo Stefano;Murri;SIEPELUNGA;13;20;;
1399;2018;Santo Stefano;Murri;SIEPELUNGA;1;1;;
1408;2018;Santo Stefano;Murri;CHIESANUOVA;25;32;;
1416;2018;Santo Stefano;Murri;CHIESANUOVA;9;10;;
1417;2018;Santo Stefano;Murri;CHIESANUOVA;2;32;;
1421;2018;Santo Stefano;Murri;CHIESANUOVA;19;25;;
1432;2018;Santo Stefano;Murri;CHIESANUOVA;7;7;;
1457;2018;Santo Stefano;Irnerio;IRNERIO-2;1;2;;
1500;2018;Santo Stefano;Irnerio;IRNERIO-2;1;1;;
1503;2018;Santo Stefano;Irnerio;IRNERIO-2;21;78;;
1507;2018;Santo Stefano;Irnerio;IRNERIO-1;14;43;;
1510;2018;Santo Stefano;Irnerio;IRNERIO-1;12;44;;
1515;2018;Santo Stefano;Irnerio;IRNERIO-1;11;44;;
1530;2018;Santo Stefano;Irnerio;IRNERIO-2;8;8;;
1549;2018;Santo Stefano;Irnerio;IRNERIO-2;36;63;;
1552;2018;Santo Stefano;Irnerio;IRNERIO-2;28;55;;
1556;2018;San Donato - San Vitale;S. Vitale;CIRENAICA;45;96;;
1574;2018;San Donato - San Vitale;S. Vitale;CIRENAICA;26;167;;
1583;2018;San Donato - San Vitale;S. Vitale;CIRENAICA;32;41;;
1585;2018;San Donato - San Vitale;S. Vitale;CIRENAICA;8;13;;
1586;2018;San Donato - San Vitale;S. Vitale;CIRENAICA;9;10;;
1614;2018;San Donato - San Vitale;S. Vitale;MENGOLI;14;47;;
1617;2018;San Donato - San Vitale;S. Vitale;MENGOLI;7;9;;
1620;2018;San Donato - San Vitale;S. Vitale;MENGOLI;8;14;;
1621;2018;San Donato - San Vitale;S. Vitale;MENGOLI;13;30;;
1626;2018;San Donato - San Vitale;S. Vitale;MENGOLI;11;48;;
1638;2018;San Donato - San Vitale;S. Vitale;MENGOLI;17;21;;
1648;2018;San Donato - San Vitale;S. Vitale;MENGOLI;16;31;;
1670;2018;San Donato - San Vitale;S. Vitale;ROVERI;2;113;;
1689;2018;San Donato - San Vitale;S. Vitale;VIA LARGA;38;261;;
1693;2018;San Donato - San Vitale;S. Vitale;ROVERI;16;190;;
1711;2018;San Donato - San Vitale;S. Vitale;ROVERI;24;150;;
1717;2018;San Donato - San Vitale;S. Vitale;ROVERI;15;126;;
1723;2018;San Donato - San Vitale;S. Vitale;GUELFA;7;7;;
1724;2018;San Donato - San Vitale;S. Vitale;GUELFA;14;27;;
1733;2018;San Donato - San Vitale;S. Vitale;ROVERI;56;916;;
1735;2018;San Donato - San Vitale;S. Vitale;ROVERI;3;5;;
1739;2018;San Donato - San Vitale;S. Vitale;CROCE DEL BIACCO;9;18;;
1740;2018;San Donato - San Vitale;S. Vitale;ROVERI;30;213;;
1744;2018;San Donato - San Vitale;S. Vitale;GUELFA;28;38;;
1747;2018;San Donato - San Vitale;S. Vitale;CROCE DEL BIACCO;32;50;;
1777;2018;San Donato - San Vitale;S. Vitale;GUELFA;24;40;;
1782;2018;Porto - Saragozza;Costa Saragozza;STADIO-MELONCELLO;4;19;;
1799;2018;Porto - Saragozza;Costa Saragozza;XXI APRILE;16;21;;
1801;2018;Porto - Saragozza;Costa Saragozza;XXI APRILE;4;12;;
1804;2018;Porto - Saragozza;Costa Saragozza;XXI APRILE;36;63;;
1808;2018;Porto - Saragozza;Costa Saragozza;SAN GIUSEPPE;1;1;;
1817;2018;Porto - Saragozza;Costa Saragozza;STADIO-MELONCELLO;5;7;;
1844;2018;Porto - Saragozza;Costa Saragozza;XXI APRILE;6;6;;
1880;2018;Porto - Saragozza;Costa Saragozza;STADIO-MELONCELLO;66;90;;
1888;2018;Porto - Saragozza;Costa Saragozza;RAVONE;1;2;;
1889;2018;Porto - Saragozza;Costa Saragozza;RAVONE;4;4;;
1890;2018;Porto - Saragozza;Costa Saragozza;RAVONE;11;10;;
1901;2018;Porto - Saragozza;Costa Saragozza;SAN GIUSEPPE;6;8;;
1910;2018;Porto - Saragozza;Costa Saragozza;VIA DEL GENIO;1;1;;
1917;2018;Porto - Saragozza;Costa Saragozza;SAN LUCA;6;6;;
1926;2018;Porto - Saragozza;Costa Saragozza;SAN LUCA;5;5;;
1949;2018;Porto - Saragozza;Malpighi;MALPIGHI-1;109;429;;
1951;2018;Porto - Saragozza;Malpighi;MALPIGHI-1;90;213;;
1962;2018;Porto - Saragozza;Malpighi;MALPIGHI-1;141;508;;
1979;2018;Porto - Saragozza;Malpighi;MALPIGHI-2;18;39;;
1985;2018;Porto - Saragozza;Malpighi;MALPIGHI-2;35;47;;
1996;2018;Porto - Saragozza;Malpighi;MALPIGHI-2;2;10;;
2000;2018;Porto - Saragozza;Malpighi;MALPIGHI-2;49;98;;
2003;2018;Savena;Mazzini;FOSSOLO;6;21;;
2008;2018;Savena;Mazzini;FOSSOLO;56;60;;
2012;2018;Savena;Mazzini;FOSSOLO;24;33;;
2016;2018;Savena;Mazzini;FOSSOLO;7;7;;
2027;2018;Savena;Mazzini;PONTEVECCHIO;15;24;;
2051;2018;Savena;Mazzini;LUNGO SAVENA;4;4;;
2058;2018;Savena;Mazzini;PONTEVECCHIO;10;17;;
2064;2018;Savena;Mazzini;PONTEVECCHIO;17;33;;
2074;2018;Savena;Mazzini;BITONE;3;3;;
2080;2018;Savena;Mazzini;BITONE;23;35;;
2094;2018;Savena;Mazzini;BITONE;7;8;;
2095;2018;Savena;Mazzini;BITONE;11;20;;
2118;2018;Savena;Mazzini;BITONE;21;53;;
2127;2018;Savena;Mazzini;VIA ARNO;13;12;;
2134;2018;Savena;Mazzini;VIA ARNO;45;89;;
2141;2018;Savena;Mazzini;CAVEDONE;2;49;;
2171;2018;Savena;S. Ruffillo;VIA TOSCANA;23;33;;
2197;2018;Savena;S. Ruffillo;MONTE DONATO;26;41;;
2199;2018;Savena;S. Ruffillo;VIA TOSCANA;11;12;;
2210;2018;Savena;S. Ruffillo;VIA TOSCANA;16;18;;
2215;2018;Savena;S. Ruffillo;VIA TOSCANA;6;10;;
2222;2018;Savena;S. Ruffillo;VIA TOSCANA;24;28;;
2242;2018;Savena;S. Ruffillo;CORELLI;5;5;;
2252;2018;Savena;S. Ruffillo;CORELLI;17;16;;
2261;2018;Savena;S. Ruffillo;CORELLI;7;10;;
2283;2018;Savena;S. Ruffillo;CORELLI;1;1;;
2293;2018;Savena;S. Ruffillo;MONTE DONATO;6;5;;
2296;2018;Savena;S. Ruffillo;VIA TOSCANA;8;13;;
2298;2018;Savena;S. Ruffillo;VIA TOSCANA;10;17;;
2304;2018;Savena;S. Ruffillo;CORELLI;1;1;;
2306;2018;Savena;S. Ruffillo;VIA TOSCANA;5;6;;
2312;2018;Savena;S. Ruffillo;PONTE SAVENA-LA BASTIA;11;17;;
2333;2018;Savena;Mazzini;FOSSOLO;26;53;;
22;2017;Borgo Panigale - Reno;Borgo Panigale;BARGELLINO;22;236;;
29;2017;Borgo Panigale - Reno;Borgo Panigale;AEROPORTO;39;1325;48;
39;2017;Borgo Panigale - Reno;Borgo Panigale;AEROPORTO;10;18;;
50;2017;Borgo Panigale - Reno;Borgo Panigale;RIGOSA;12;76;;
74;2017;Borgo Panigale - Reno;Borgo Panigale;DUCATI-VILLAGGIO INA;3;6;;
82;2017;Borgo Panigale - Reno;Borgo Panigale;DUCATI-VILLAGGIO INA;11;21;;
90;2017;Borgo Panigale - Reno;Borgo Panigale;BORGO CENTRO;5;6;;
91;2017;Borgo Panigale - Reno;Borgo Panigale;BORGO CENTRO;1;2;;
103;2017;Borgo Panigale - Reno;Borgo Panigale;BORGO CENTRO;16;23;;
115;2017;Borgo Panigale - Reno;Borgo Panigale;BORGO CENTRO;13;36;;
120;2017;Borgo Panigale - Reno;Borgo Panigale;BORGO CENTRO;10;224;;
143;2017;Borgo Panigale - Reno;Borgo Panigale;BORGO CENTRO;50;428;;
146;2017;Borgo Panigale - Reno;Borgo Panigale;TRIUMVIRATO-PIETRA;27;64;;
169;2017;Borgo Panigale - Reno;Borgo Panigale;CASTELDEBOLE;21;22;;
173;2017;Borgo Panigale - Reno;Borgo Panigale;CASTELDEBOLE;9;10;;
176;2017;Borgo Panigale - Reno;Borgo Panigale;CASTELDEBOLE;17;17;;
183;2017;Borgo Panigale - Reno;Borgo Panigale;CASTELDEBOLE;12;14;;
189;2017;Borgo Panigale - Reno;Borgo Panigale;RIGOSA;3;3;;
230;2017;Navile;Bolognina;ARCOVEGGIO;27;59;49;
231;2017;Navile;Bolognina;ARCOVEGGIO;21;267;;
234;2017;Navile;Bolognina;ARCOVEGGIO;8;13;;
235;2017;Navile;Bolognina;ARCOVEGGIO;5;7;;
238;2017;Navile;Bolognina;ARCOVEGGIO;9;10;;
254;2017;Navile;Bolognina;ARCOVEGGIO;21;23;;
263;2017;Navile;Bolognina;ARCOVEGGIO;25;61;;
314;2017;Navile;Bolognina;VIA FERRARESE;5;7;;
323;2017;Navile;Bolognina;VIA FERRARESE;45;134;;
336;2017;Navile;Bolognina;VIA FERRARESE;12;19;;
344;2017;Navile;Bolognina;PIAZZA DELL'UNITA';2;3;;
411;2017;Navile;Corticella;SAN SAVINO;15;23;;
416;2017;Navile;Corticella;SAN SAVINO;4;7;;
428;2017;Navile;Corticella;SAVENA ABBANDONATO;5;5;;
449;2017;Navile;Corticella;CROCE COPERTA;76;454;;
488;2017;Navile;Corticella;SAVENA ABBANDONATO;1;29;;
492;2017;Navile;Lame;LAGHETTI DEL ROSARIO;1;14;;
496;2017;Navile;Lame;LAGHETTI DEL ROSARIO;3;13;;
503;2017;Navile;Lame;LA NOCE;42;156;1;
525;2017;Navile;Lame;TIRO A SEGNO;2;2;;
542;2017;Navile;Lame;TIRO A SEGNO;2;2;11;
572;2017;Navile;Lame;BEVERARA;11;13;;
592;2017;Navile;Lame;BEVERARA;34;350;6;
643;2017;Porto - Saragozza;Marconi;MARCONI-2;28;40;;
650;2017;Porto - Saragozza;Marconi;MARCONI-2;111;499;270;
663;2017;Porto - Saragozza;Marconi;MARCONI-2;29;59;;
667;2017;Porto - Saragozza;Marconi;MARCONI-2;111;286;1;
681;2017;Porto - Saragozza;Marconi;MARCONI-1;92;209;;
690;2017;Porto - Saragozza;Marconi;MARCONI-1;34;87;;
699;2017;Porto - Saragozza;Marconi;MARCONI-1;21;297;;
719;2017;Porto - Saragozza;Saffi;ZANARDI;44;114;10;
724;2017;Porto - Saragozza;Saffi;ZANARDI;29;71;;
729;2017;Porto - Saragozza;Saffi;ZANARDI;19;28;;
765;2017;Porto - Saragozza;Saffi;VIA VITTORIO VENETO;22;23;;
768;2017;Porto - Saragozza;Saffi;VIA VITTORIO VENETO;7;12;;
786;2017;Borgo Panigale - Reno;Barca;BATTINDARNO;14;16;18;
794;2017;Borgo Panigale - Reno;Barca;BATTINDARNO;5;4;;
832;2017;Borgo Panigale - Reno;Barca;VILLAGGIO DELLA BARCA;1;1;;
853;2017;Borgo Panigale - Reno;Barca;BATTINDARNO;21;46;;
868;2017;Borgo Panigale - Reno;Barca;CANALE DI RENO;29;54;;
908;2017;Borgo Panigale - Reno;S. Viola;EMILIA PONENTE;69;124;;
909;2017;Borgo Panigale - Reno;S. Viola;EMILIA PONENTE;19;64;;
910;2017;Borgo Panigale - Reno;S. Viola;EMILIA PONENTE;40;99;;
927;2017;Borgo Panigale - Reno;S. Viola;EMILIA PONENTE;14;14;;
928;2017;Borgo Panigale - Reno;S. Viola;EMILIA PONENTE;31;35;;
933;2017;San Donato - San Vitale;San Donato;CADRIANO-CALAMOSCO;1;1;;
982;2017;San Donato - San Vitale;San Donato;VIA DEL LAVORO;17;43;;
1008;2017;San Donato - San Vitale;San Donato;VIA DEL LAVORO;5;16;;
1011;2017;San Donato - San Vitale;San Donato;MICHELINO;27;210;;
1022;2017;San Donato - San Vitale;San Donato;MICHELINO;4;5;;
1024;2017;San Donato - San Vitale;San Donato;MICHELINO;65;119;100;
1036;2017;San Donato - San Vitale;San Donato;MICHELINO;12;14;;
1042;2017;San Donato - San Vitale;San Donato;VIA MONDO;20;43;;
1163;2017;Santo Stefano;Colli;SAN MICHELE IN BOSCO;15;52;;
1200;2017;Santo Stefano;Colli;PADERNO;6;6;;
1204;2017;Santo Stefano;Colli;PADERNO;2;11;;
1262;2017;Santo Stefano;Galvani;GALVANI-2;29;48;;
1270;2017;Santo Stefano;Galvani;GALVANI-2;96;134;;
1299;2017;Santo Stefano;Galvani;GALVANI-2;2;1;;
1468;2017;Santo Stefano;Irnerio;IRNERIO-2;58;480;1;
1472;2017;Santo Stefano;Irnerio;IRNERIO-2;2;579;199;
1490;2017;Santo Stefano;Irnerio;IRNERIO-1;23;45;;
1500;2017;Santo Stefano;Irnerio;IRNERIO-2;1;2;230;
1526;2017;Santo Stefano;Irnerio;IRNERIO-1;57;123;164;
1527;2017;Santo Stefano;Irnerio;IRNERIO-1;89;211;270;
1543;2017;Santo Stefano;Irnerio;IRNERIO-1;10;28;;
1548;2017;Santo Stefano;Irnerio;IRNERIO-2;40;77;;
1565;2017;San Donato - San Vitale;S. Vitale;CIRENAICA;10;30;;
1657;2017;San Donato - San Vitale;S. Vitale;MENGOLI;27;41;;
1662;2017;San Donato - San Vitale;S. Vitale;MENGOLI;14;147;;
1695;2017;San Donato - San Vitale;S. Vitale;ROVERI;9;208;;
1704;2017;San Donato - San Vitale;S. Vitale;ROVERI;16;159;;
1729;2017;San Donato - San Vitale;S. Vitale;GUELFA;12;14;;
1741;2017;San Donato - San Vitale;S. Vitale;ROVERI;65;739;;
1747;2017;San Donato - San Vitale;S. Vitale;CROCE DEL BIACCO;33;71;;
1778;2017;San Donato - San Vitale;S. Vitale;GUELFA;1;1;;
1782;2017;Porto - Saragozza;Costa Saragozza;STADIO-MELONCELLO;5;14;;
1790;2017;Porto - Saragozza;Costa Saragozza;XXI APRILE;5;6;;
1793;2017;Porto - Saragozza;Costa Saragozza;XXI APRILE;53;102;;
1800;2017;Porto - Saragozza;Costa Saragozza;XXI APRILE;23;31;;
1808;2017;Porto - Saragozza;Costa Saragozza;SAN GIUSEPPE;1;1;;
1809;2017;Porto - Saragozza;Costa Saragozza;SAN GIUSEPPE;13;19;;
1849;2017;Porto - Saragozza;Costa Saragozza;XXI APRILE;39;60;;
1887;2017;Porto - Saragozza;Costa Saragozza;RAVONE;14;25;8;
1896;2017;Porto - Saragozza;Costa Saragozza;RAVONE;6;16;;
1990;2017;Porto - Saragozza;Malpighi;MALPIGHI-2;13;20;;
1992;2017;Porto - Saragozza;Malpighi;MALPIGHI-2;64;131;;
2034;2017;Savena;Mazzini;FOSSOLO;7;9;17;
2040;2017;Savena;Mazzini;DUE MADONNE;14;15;;
2058;2017;Savena;Mazzini;PONTEVECCHIO;12;18;;
2062;2017;Savena;Mazzini;PONTEVECCHIO;3;3;;
2068;2017;Savena;Mazzini;PONTEVECCHIO;19;24;;
2074;2017;Savena;Mazzini;BITONE;3;3;;
2077;2017;Savena;Mazzini;BITONE;3;4;;
2140;2017;Savena;Mazzini;CAVEDONE;2;6;;
2141;2017;Savena;Mazzini;CAVEDONE;2;7;;
2209;2017;Savena;S. Ruffillo;VIA TOSCANA;15;30;;
2233;2017;Savena;S. Ruffillo;VIA TOSCANA;6;8;;
2243;2017;Savena;S. Ruffillo;VIA TOSCANA;8;11;;
2247;2017;Savena;S. Ruffillo;VIA TOSCANA;8;19;;
2254;2017;Savena;S. Ruffillo;CORELLI;31;86;;
2272;2017;Savena;S. Ruffillo;CORELLI;4;7;;
2290;2017;Savena;S. Ruffillo;MONTE DONATO;2;4;;
2295;2017;Savena;S. Ruffillo;VIA TOSCANA;13;40;;
1111;2018;San Donato - San Vitale;San Donato;SCALO MERCI SAN DONATO;5;3;;
1127;2018;San Donato - San Vitale;San Donato;CAAB;1;1;;
1128;2018;San Donato - San Vitale;San Donato;CAAB;5;93;;
1156;2018;Santo Stefano;Colli;OSSERVANZA;29;82;;
1179;2018;Santo Stefano;Colli;PADERNO;3;3;;
1186;2018;Santo Stefano;Colli;PADERNO;1;13;;
1192;2018;Santo Stefano;Colli;PADERNO;5;9;;
1198;2018;Santo Stefano;Colli;PADERNO;1;1;;
1203;2018;Santo Stefano;Colli;PADERNO;7;15;;
1215;2018;Santo Stefano;Galvani;GALVANI-1;25;175;;
1218;2018;Santo Stefano;Galvani;GALVANI-1;71;290;;
1234;2018;Santo Stefano;Galvani;GALVANI-2;60;104;;
1235;2018;Santo Stefano;Galvani;GALVANI-2;66;132;;
1253;2018;Santo Stefano;Galvani;GALVANI-2;2;65;;
1299;2018;Santo Stefano;Galvani;GALVANI-2;2;1;;
1360;2018;Santo Stefano;Murri;MEZZOFANTI;12;13;;
1411;2018;Santo Stefano;Murri;CHIESANUOVA;3;3;;
1431;2018;Santo Stefano;Murri;CHIESANUOVA;6;6;;
1581;2018;San Donato - San Vitale;S. Vitale;CIRENAICA;4;7;;
1587;2018;San Donato - San Vitale;S. Vitale;CIRENAICA;16;27;;
1630;2018;San Donato - San Vitale;S. Vitale;MENGOLI;11;23;;
1730;2018;San Donato - San Vitale;S. Vitale;GUELFA;19;29;;
1752;2018;San Donato - San Vitale;S. Vitale;CROCE DEL BIACCO;5;12;;
1787;2018;Porto - Saragozza;Costa Saragozza;XXI APRILE;20;28;;
1795;2018;Porto - Saragozza;Costa Saragozza;XXI APRILE;34;39;;
1829;2018;Porto - Saragozza;Costa Saragozza;XXI APRILE;3;3;;
1838;2018;Porto - Saragozza;Costa Saragozza;XXI APRILE;13;19;;
1842;2018;Porto - Saragozza;Costa Saragozza;XXI APRILE;11;15;;
1845;2018;Porto - Saragozza;Costa Saragozza;XXI APRILE;32;39;;
1866;2018;Porto - Saragozza;Costa Saragozza;SAN GIUSEPPE;5;5;;
1874;2018;Porto - Saragozza;Costa Saragozza;SAN GIUSEPPE;33;49;;
1897;2018;Porto - Saragozza;Costa Saragozza;RAVONE;3;3;;
1972;2018;Porto - Saragozza;Malpighi;MALPIGHI-1;52;107;;
1975;2018;Porto - Saragozza;Malpighi;MALPIGHI-2;85;141;;
1993;2018;Porto - Saragozza;Malpighi;MALPIGHI-2;10;21;;
2010;2018;Savena;Mazzini;FOSSOLO;19;22;;
2056;2018;Savena;Mazzini;PONTEVECCHIO;14;28;;
2065;2018;Savena;Mazzini;PONTEVECCHIO;4;7;;
2078;2018;Savena;Mazzini;BITONE;47;214;;
2212;2018;Savena;S. Ruffillo;VIA TOSCANA;22;62;;
2253;2018;Savena;S. Ruffillo;CORELLI;26;37;;
2289;2018;Savena;S. Ruffillo;MONTE DONATO;7;7;;
41;2017;Borgo Panigale - Reno;Borgo Panigale;BARGELLINO;11;142;;
67;2017;Borgo Panigale - Reno;Borgo Panigale;LA BIRRA;5;25;;
79;2017;Borgo Panigale - Reno;Borgo Panigale;DUCATI-VILLAGGIO INA;30;48;;
94;2017;Borgo Panigale - Reno;Borgo Panigale;BORGO CENTRO;1;1;;
105;2017;Borgo Panigale - Reno;Borgo Panigale;BORGO CENTRO;8;9;;
145;2017;Borgo Panigale - Reno;Borgo Panigale;TRIUMVIRATO-PIETRA;104;782;42;
151;2017;Borgo Panigale - Reno;Borgo Panigale;TRIUMVIRATO-PIETRA;12;79;;
175;2017;Borgo Panigale - Reno;Borgo Panigale;RIGOSA;1;2;;
200;2017;Borgo Panigale - Reno;Borgo Panigale;RIGOSA;4;162;;
237;2017;Navile;Bolognina;ARCOVEGGIO;5;5;;
240;2017;Navile;Bolognina;ARCOVEGGIO;4;20;;
312;2017;Navile;Bolognina;VIA FERRARESE;2;2;;
374;2017;Navile;Corticella;SAVENA ABBANDONATO;1;1;;
409;2017;Navile;Corticella;SAN SAVINO;6;6;;
452;2017;Navile;Corticella;CROCE COPERTA;39;222;;
464;2017;Navile;Corticella;CROCE COPERTA;4;4;;
477;2017;Navile;Corticella;SAVENA ABBANDONATO;6;19;;
524;2017;Navile;Lame;TIRO A SEGNO;1;1;;
551;2017;Navile;Lame;PESCAROLA;11;24;;
688;2017;Porto - Saragozza;Marconi;MARCONI-1;4;18;;
860;2017;Borgo Panigale - Reno;Barca;CANALE DI RENO;4;5;;
1005;2017;San Donato - San Vitale;San Donato;VIA DEL LAVORO;33;48;;
1084;2017;San Donato - San Vitale;San Donato;SAN DONNINO;3;8;;
1086;2017;San Donato - San Vitale;San Donato;PILASTRO;33;258;39;
1108;2017;San Donato - San Vitale;San Donato;PILASTRO;5;7;;
1170;2017;Santo Stefano;Colli;SAN MICHELE IN BOSCO;42;173;1307;
1203;2017;Santo Stefano;Colli;PADERNO;7;15;;
1248;2017;Santo Stefano;Galvani;GALVANI-2;33;42;;
1342;2017;Santo Stefano;Murri;MEZZOFANTI;9;9;;
1348;2017;Santo Stefano;Murri;DAGNINI;21;26;;
1387;2017;Santo Stefano;Murri;SIEPELUNGA;8;21;;
1491;2017;Santo Stefano;Irnerio;IRNERIO-1;6;6;;
1518;2017;Santo Stefano;Irnerio;IRNERIO-1;48;286;;
1519;2017;Santo Stefano;Irnerio;IRNERIO-1;46;86;;
1547;2017;Santo Stefano;Irnerio;IRNERIO-2;45;108;3;
1555;2017;San Donato - San Vitale;S. Vitale;CIRENAICA;27;31;;
1571;2017;San Donato - San Vitale;S. Vitale;OSPEDALE SANT'ORSOLA;11;21;5409;
1609;2017;San Donato - San Vitale;S. Vitale;CIRENAICA;2;14;;
1611;2017;San Donato - San Vitale;S. Vitale;MENGOLI;58;128;;
1755;2017;San Donato - San Vitale;S. Vitale;STRADELLI GUELFI;4;5;;
1770;2017;San Donato - San Vitale;S. Vitale;GUELFA;10;17;;
1774;2017;San Donato - San Vitale;S. Vitale;GUELFA;11;29;;
1789;2017;Porto - Saragozza;Costa Saragozza;XXI APRILE;15;38;;
1874;2017;Porto - Saragozza;Costa Saragozza;SAN GIUSEPPE;33;46;;
1889;2017;Porto - Saragozza;Costa Saragozza;RAVONE;4;4;;
1908;2017;Porto - Saragozza;Costa Saragozza;SAN GIUSEPPE;3;2;;
1916;2017;Porto - Saragozza;Costa Saragozza;SAN LUCA;3;6;;
1940;2017;Porto - Saragozza;Malpighi;MALPIGHI-2;81;139;;
1971;2017;Porto - Saragozza;Malpighi;MALPIGHI-1;49;146;;
2047;2017;Savena;Mazzini;DUE MADONNE;10;15;11;
2055;2017;Savena;Mazzini;PONTEVECCHIO;4;3;;
2102;2017;Savena;Mazzini;BITONE;13;92;;
2103;2017;Savena;Mazzini;BITONE;11;29;;
2113;2017;Savena;Mazzini;BITONE;14;30;;
2115;2017;Savena;Mazzini;BITONE;6;11;;
2118;2017;Savena;Mazzini;BITONE;20;48;71;
2129;2017;Savena;Mazzini;VIA ARNO;18;19;;
2131;2017;Savena;Mazzini;VIA ARNO;10;12;;
2266;2017;Savena;S. Ruffillo;CORELLI;35;52;;
2280;2017;Savena;S. Ruffillo;CORELLI;3;3;;
2285;2017;Savena;S. Ruffillo;CORELLI;3;7;;
2291;2017;Savena;S. Ruffillo;MONTE DONATO;4;4;;
2324;2017;Navile;Corticella;CROCE COPERTA;27;99;;
2331;2017;San Donato - San Vitale;S. Vitale;VIA LARGA;12;13;382;
7;2019;Borgo Panigale - Reno;Borgo Panigale;VIA DEL VIVAIO;1;1;;
23;2019;Borgo Panigale - Reno;Borgo Panigale;BARGELLINO;81;857;;
29;2019;Borgo Panigale - Reno;Borgo Panigale;AEROPORTO;39;1739;;
43;2019;Borgo Panigale - Reno;Borgo Panigale;AEROPORTO;3;3;;
266;2017;Navile;Bolognina;ARCOVEGGIO;5;5;;
275;2017;Navile;Bolognina;PIAZZA DELL'UNITA';25;39;;
280;2017;Navile;Bolognina;PIAZZA DELL'UNITA';3;3;;
290;2017;Navile;Bolognina;PIAZZA DELL'UNITA';32;99;;
300;2017;Navile;Bolognina;VIA FERRARESE;9;10;;
309;2017;Navile;Bolognina;VIA FERRARESE;20;33;;
348;2017;Navile;Bolognina;PIAZZA DELL'UNITA';32;43;;
353;2017;Navile;Bolognina;PIAZZA DELL'UNITA';12;21;;
394;2017;Navile;Corticella;SAN SAVINO;6;14;;
405;2017;Navile;Corticella;SAN SAVINO;17;30;;
453;2017;Navile;Corticella;CROCE COPERTA;6;10;;
467;2017;Navile;Corticella;CROCE COPERTA;17;27;;
469;2017;Navile;Corticella;CROCE COPERTA;33;69;;
473;2017;Navile;Corticella;CROCE COPERTA;6;54;;
486;2017;Navile;Corticella;LA DOZZA;2;2;;
554;2017;Navile;Lame;PESCAROLA;16;16;;
570;2017;Navile;Lame;BEVERARA;14;450;;
599;2017;Navile;Lame;BEVERARA;3;1502;;
603;2017;Porto - Saragozza;Marconi;MARCONI-2;58;137;;
702;2017;Porto - Saragozza;Saffi;SCALO RAVONE;10;592;;
717;2017;Porto - Saragozza;Saffi;ZANARDI;6;6;;
735;2017;Porto - Saragozza;Saffi;VELODROMO;11;72;;
747;2017;Porto - Saragozza;Saffi;VELODROMO;16;26;;
758;2017;Porto - Saragozza;Saffi;VELODROMO;47;82;;
764;2017;Porto - Saragozza;Saffi;VIA VITTORIO VENETO;39;115;;
771;2017;Porto - Saragozza;Saffi;VIA VITTORIO VENETO;14;21;;
785;2017;Borgo Panigale - Reno;Barca;VILLAGGIO DELLA BARCA;8;28;;
807;2017;Borgo Panigale - Reno;Barca;BATTINDARNO;19;24;;
808;2017;Borgo Panigale - Reno;Barca;BATTINDARNO;21;50;;
812;2017;Borgo Panigale - Reno;Barca;BATTINDARNO;11;16;;
815;2017;Borgo Panigale - Reno;Barca;BATTINDARNO;20;26;10;
826;2017;Borgo Panigale - Reno;Barca;VILLAGGIO DELLA BARCA;7;9;;
872;2017;Borgo Panigale - Reno;Barca;CANALE DI RENO;9;11;;
882;2017;Borgo Panigale - Reno;Barca;CANALE DI RENO;1;17;;
913;2017;Borgo Panigale - Reno;S. Viola;EMILIA PONENTE;24;66;;
922;2017;Borgo Panigale - Reno;S. Viola;EMILIA PONENTE;19;37;;
936;2017;San Donato - San Vitale;San Donato;CADRIANO-CALAMOSCO;1;2;;
939;2017;San Donato - San Vitale;San Donato;CADRIANO-CALAMOSCO;9;937;;
958;2017;San Donato - San Vitale;San Donato;CADRIANO-CALAMOSCO;6;8;;
978;2017;San Donato - San Vitale;San Donato;VIA DEL LAVORO;6;8;;
1063;2017;San Donato - San Vitale;San Donato;VIA MONDO;7;11;;
1069;2017;San Donato - San Vitale;San Donato;MICHELINO;6;8;;
1070;2017;San Donato - San Vitale;San Donato;VIA MONDO;26;49;;
1077;2017;San Donato - San Vitale;San Donato;SAN DONNINO;11;11;;
1105;2017;San Donato - San Vitale;San Donato;PILASTRO;4;9;;
1115;2017;San Donato - San Vitale;San Donato;CAAB;10;90;;
1123;2017;San Donato - San Vitale;San Donato;CAAB;18;573;8;
1137;2017;Santo Stefano;Colli;OSSERVANZA;9;10;;
1221;2017;Santo Stefano;Galvani;GALVANI-1;3;68;;
1229;2017;Santo Stefano;Galvani;GALVANI-1;82;107;;
1231;2017;Santo Stefano;Galvani;GALVANI-1;58;89;;
1302;2017;Santo Stefano;Murri;MEZZOFANTI;16;15;;
1308;2017;Santo Stefano;Murri;MEZZOFANTI;31;65;;
1325;2017;Santo Stefano;Murri;MEZZOFANTI;23;44;;
1333;2017;Santo Stefano;Murri;DAGNINI;17;20;;
1365;2017;Santo Stefano;Murri;DAGNINI;13;13;;
1400;2017;Santo Stefano;Murri;SIEPELUNGA;10;12;;
1406;2017;Santo Stefano;Murri;SIEPELUNGA;14;14;;
1413;2017;Santo Stefano;Murri;CHIESANUOVA;35;42;;
1416;2017;Santo Stefano;Murri;CHIESANUOVA;5;7;;
1421;2017;Santo Stefano;Murri;CHIESANUOVA;18;24;;
1424;2017;Santo Stefano;Murri;CHIESANUOVA;20;33;;
1432;2017;Santo Stefano;Murri;CHIESANUOVA;5;5;;
1445;2017;Santo Stefano;Murri;CHIESANUOVA;19;39;;
1568;2017;San Donato - San Vitale;S. Vitale;OSPEDALE SANT'ORSOLA;4;10;1889;
1574;2017;San Donato - San Vitale;S. Vitale;CIRENAICA;24;240;34;
1576;2017;San Donato - San Vitale;S. Vitale;CIRENAICA;23;33;;
1585;2017;San Donato - San Vitale;S. Vitale;CIRENAICA;9;12;;
1586;2017;San Donato - San Vitale;S. Vitale;CIRENAICA;7;6;;
1606;2017;San Donato - San Vitale;S. Vitale;CIRENAICA;4;31;;
1607;2017;San Donato - San Vitale;S. Vitale;CIRENAICA;22;22;;
1612;2017;San Donato - San Vitale;S. Vitale;MENGOLI;10;16;;
1622;2017;San Donato - San Vitale;S. Vitale;MENGOLI;10;16;;
1868;2017;Porto - Saragozza;Costa Saragozza;SAN GIUSEPPE;44;75;;
1883;2017;Porto - Saragozza;Costa Saragozza;SAN LUCA;3;5;;
1907;2017;Porto - Saragozza;Costa Saragozza;SAN GIUSEPPE;15;16;;
1937;2017;Porto - Saragozza;Malpighi;MALPIGHI-2;57;116;;
1961;2017;Porto - Saragozza;Malpighi;MALPIGHI-1;3;5;447;
1995;2017;Porto - Saragozza;Malpighi;MALPIGHI-2;12;12;;
2006;2017;Savena;Mazzini;FOSSOLO;20;21;;
2021;2017;Savena;Mazzini;PONTEVECCHIO;9;10;;
2025;2017;Savena;Mazzini;PONTEVECCHIO;39;69;;
2085;2017;Savena;Mazzini;BITONE;12;19;;
2091;2017;Savena;Mazzini;BITONE;11;12;;
2096;2017;Savena;Mazzini;BITONE;19;37;;
2098;2017;Savena;Mazzini;BITONE;10;11;;
2126;2017;Savena;Mazzini;VIA ARNO;31;188;;
2127;2017;Savena;Mazzini;VIA ARNO;15;20;;
2128;2017;Savena;Mazzini;VIA ARNO;44;87;;
2144;2017;Savena;Mazzini;CAVEDONE;11;12;;
2161;2017;Savena;S. Ruffillo;VIA TOSCANA;1;2;;
2184;2017;Savena;S. Ruffillo;VIA TOSCANA;6;7;;
2196;2017;Savena;S. Ruffillo;MONTE DONATO;2;2;;
2205;2017;Savena;S. Ruffillo;VIA TOSCANA;58;121;;
609;2019;Porto - Saragozza;Marconi;MARCONI-2;81;672;;
612;2019;Porto - Saragozza;Marconi;MARCONI-2;1;2;;236
629;2019;Porto - Saragozza;Marconi;MARCONI-2;11;22;;
635;2019;Porto - Saragozza;Marconi;MARCONI-2;2;2;;
665;2019;Porto - Saragozza;Marconi;MARCONI-2;44;118;;55
666;2019;Porto - Saragozza;Marconi;MARCONI-2;92;198;;
701;2019;Porto - Saragozza;Saffi;PRATI DI CAPRARA-OSPEDALE MAGGIORE;4;4;;
722;2019;Porto - Saragozza;Saffi;ZANARDI;2;2;;41
731;2019;Porto - Saragozza;Saffi;ZANARDI;23;30;;
746;2019;Porto - Saragozza;Saffi;VELODROMO;38;91;;
757;2019;Porto - Saragozza;Saffi;VELODROMO;2;2;;
761;2019;Porto - Saragozza;Saffi;VIA VITTORIO VENETO;23;33;;26
766;2019;Porto - Saragozza;Saffi;VIA VITTORIO VENETO;17;17;;
774;2019;Porto - Saragozza;Saffi;VIA VITTORIO VENETO;18;38;;
778;2019;Porto - Saragozza;Saffi;VIA VITTORIO VENETO;15;18;;
823;2019;Borgo Panigale - Reno;Barca;VILLAGGIO DELLA BARCA;8;11;;
843;2019;Borgo Panigale - Reno;Barca;VILLAGGIO DELLA BARCA;5;12;;
907;2019;Borgo Panigale - Reno;S. Viola;AGUCCHI;16;28;;
910;2019;Borgo Panigale - Reno;S. Viola;EMILIA PONENTE;40;88;;
912;2019;Borgo Panigale - Reno;S. Viola;EMILIA PONENTE;28;33;;47
927;2019;Borgo Panigale - Reno;S. Viola;EMILIA PONENTE;14;14;;
937;2019;San Donato - San Vitale;San Donato;CADRIANO-CALAMOSCO;8;13;;
1002;2019;San Donato - San Vitale;San Donato;VIA DEL LAVORO;8;8;;
1012;2019;San Donato - San Vitale;San Donato;MICHELINO;1;5;;
1040;2019;San Donato - San Vitale;San Donato;VIA MONDO;1;1;;
1075;2019;San Donato - San Vitale;San Donato;VIA MONDO;3;4;;
1099;2019;San Donato - San Vitale;San Donato;PILASTRO;8;11;;
1118;2019;San Donato - San Vitale;San Donato;CAAB;22;81;;
1123;2019;San Donato - San Vitale;San Donato;CAAB;13;457;;
1132;2019;Santo Stefano;Colli;OSSERVANZA;67;80;;
1183;2019;Santo Stefano;Colli;PADERNO;14;59;;
1185;2019;Santo Stefano;Colli;PADERNO;1;4;;
1188;2019;Santo Stefano;Colli;PADERNO;8;11;;
1225;2019;Santo Stefano;Galvani;GALVANI-1;19;30;;
1250;2019;Santo Stefano;Galvani;GALVANI-2;25;73;;
1263;2019;Santo Stefano;Galvani;GALVANI-2;65;221;;71
1268;2019;Santo Stefano;Galvani;GALVANI-2;125;282;;
1270;2019;Santo Stefano;Galvani;GALVANI-2;84;114;;
1301;2019;Santo Stefano;Murri;MEZZOFANTI;17;39;;58
1307;2019;Santo Stefano;Murri;MEZZOFANTI;59;137;;
1345;2019;Santo Stefano;Murri;MEZZOFANTI;16;17;;
1355;2019;Santo Stefano;Murri;DAGNINI;9;14;;
1365;2019;Santo Stefano;Murri;DAGNINI;12;13;;
1374;2019;Santo Stefano;Murri;DAGNINI;15;16;;
1518;2019;Santo Stefano;Irnerio;IRNERIO-1;55;255;;
1523;2019;Santo Stefano;Irnerio;IRNERIO-1;16;33;;
1573;2019;San Donato - San Vitale;S. Vitale;CIRENAICA;2;2;;
1581;2019;San Donato - San Vitale;S. Vitale;CIRENAICA;5;8;;
1583;2019;San Donato - San Vitale;S. Vitale;CIRENAICA;34;44;;
1607;2019;San Donato - San Vitale;S. Vitale;CIRENAICA;19;18;;46
1642;2019;San Donato - San Vitale;S. Vitale;MENGOLI;14;15;;
1644;2019;San Donato - San Vitale;S. Vitale;MENGOLI;24;31;;
1659;2019;San Donato - San Vitale;S. Vitale;MENGOLI;3;3;;
1686;2019;San Donato - San Vitale;S. Vitale;VIA LARGA;7;31;;
1691;2019;San Donato - San Vitale;S. Vitale;ROVERI;23;450;;
1707;2019;San Donato - San Vitale;S. Vitale;ROVERI;2;51;;
1727;2019;San Donato - San Vitale;S. Vitale;GUELFA;8;10;;
1731;2019;San Donato - San Vitale;S. Vitale;GUELFA;10;11;;
1735;2019;San Donato - San Vitale;S. Vitale;ROVERI;4;7;;
1770;2019;San Donato - San Vitale;S. Vitale;GUELFA;11;22;;
1786;2019;Porto - Saragozza;Costa Saragozza;XXI APRILE;10;28;;
1787;2019;Porto - Saragozza;Costa Saragozza;XXI APRILE;16;23;;
1820;2019;Porto - Saragozza;Costa Saragozza;STADIO-MELONCELLO;18;22;;
1825;2019;Porto - Saragozza;Costa Saragozza;XXI APRILE;6;16;;
1827;2019;Porto - Saragozza;Costa Saragozza;XXI APRILE;4;5;;
1832;2019;Porto - Saragozza;Costa Saragozza;XXI APRILE;11;12;;
1842;2019;Porto - Saragozza;Costa Saragozza;XXI APRILE;15;19;;
1924;2019;Porto - Saragozza;Costa Saragozza;SAN LUCA;7;10;;
1925;2019;Porto - Saragozza;Costa Saragozza;SAN LUCA;3;3;;
1933;2019;Porto - Saragozza;Malpighi;MALPIGHI-2;61;108;;
1975;2019;Porto - Saragozza;Malpighi;MALPIGHI-2;88;164;;48
828;2018;Borgo Panigale - Reno;Barca;VILLAGGIO DELLA BARCA;3;4;;
932;2018;Borgo Panigale - Reno;S. Viola;EMILIA PONENTE;9;9;;
959;2018;San Donato - San Vitale;San Donato;FIERA;6;40;;
966;2018;San Donato - San Vitale;San Donato;SAN DONNINO;7;13;;
978;2018;San Donato - San Vitale;San Donato;VIA DEL LAVORO;8;9;;
995;2018;San Donato - San Vitale;San Donato;VIA DEL LAVORO;47;155;;
1034;2018;San Donato - San Vitale;San Donato;MICHELINO;11;17;;
1044;2018;San Donato - San Vitale;San Donato;VIA MONDO;9;23;;
1066;2018;San Donato - San Vitale;San Donato;VIA MONDO;9;9;;
1088;2018;San Donato - San Vitale;San Donato;SCALO MERCI SAN DONATO;2;34;;
1096;2018;San Donato - San Vitale;San Donato;PILASTRO;1;45;;
1101;2018;San Donato - San Vitale;San Donato;PILASTRO;16;91;;
1140;2018;Santo Stefano;Colli;OSSERVANZA;6;8;;
1169;2018;Santo Stefano;Colli;SAN MICHELE IN BOSCO;5;6;;
1223;2018;Santo Stefano;Galvani;GALVANI-1;31;74;;
1238;2018;Santo Stefano;Galvani;GALVANI-2;39;69;;
1240;2018;Santo Stefano;Galvani;GALVANI-2;25;38;;
1245;2018;Santo Stefano;Galvani;GALVANI-2;65;125;;
1281;2018;Santo Stefano;Galvani;GALVANI-2;22;36;;
1301;2018;Santo Stefano;Murri;MEZZOFANTI;16;33;;
1318;2018;Santo Stefano;Murri;MEZZOFANTI;31;60;;
1341;2018;Santo Stefano;Murri;MEZZOFANTI;23;24;;
1342;2018;Santo Stefano;Murri;MEZZOFANTI;10;10;;
1370;2018;Santo Stefano;Murri;DAGNINI;28;40;;
1389;2018;Santo Stefano;Murri;SIEPELUNGA;14;56;;
1401;2018;Santo Stefano;Murri;SIEPELUNGA;28;37;;
1404;2018;Santo Stefano;Murri;SIEPELUNGA;2;10;;
1440;2018;Santo Stefano;Murri;CHIESANUOVA;22;39;;
1458;2018;Santo Stefano;Irnerio;IRNERIO-2;1;1;;
1463;2018;Santo Stefano;Irnerio;IRNERIO-2;47;60;;
1468;2018;Santo Stefano;Irnerio;IRNERIO-2;65;527;;
1483;2018;Santo Stefano;Irnerio;IRNERIO-2;41;65;;
1489;2018;Santo Stefano;Irnerio;IRNERIO-1;4;5;;
1490;2018;Santo Stefano;Irnerio;IRNERIO-1;24;40;;
1497;2018;Santo Stefano;Irnerio;IRNERIO-1;49;300;;
1526;2018;Santo Stefano;Irnerio;IRNERIO-1;63;139;;
1528;2018;Santo Stefano;Irnerio;IRNERIO-2;25;83;;
1535;2018;Santo Stefano;Irnerio;IRNERIO-2;20;43;;
1541;2018;Santo Stefano;Irnerio;IRNERIO-1;7;11;;
1568;2018;San Donato - San Vitale;S. Vitale;OSPEDALE SANT'ORSOLA;5;8;;
1569;2018;San Donato - San Vitale;S. Vitale;MENGOLI;25;83;;
1570;2018;San Donato - San Vitale;S. Vitale;MENGOLI;18;36;;
1598;2018;San Donato - San Vitale;S. Vitale;CIRENAICA;3;6;;
1599;2018;San Donato - San Vitale;S. Vitale;CIRENAICA;3;5;;
1602;2018;San Donato - San Vitale;S. Vitale;CIRENAICA;4;18;;
1605;2018;San Donato - San Vitale;S. Vitale;CIRENAICA;17;188;;
1635;2018;San Donato - San Vitale;S. Vitale;MENGOLI;15;15;;
1641;2018;San Donato - San Vitale;S. Vitale;MENGOLI;7;8;;
1649;2018;San Donato - San Vitale;S. Vitale;MENGOLI;13;12;;
1655;2018;San Donato - San Vitale;S. Vitale;MENGOLI;16;19;;
1664;2018;San Donato - San Vitale;S. Vitale;SCANDELLARA;5;5;;
1667;2018;San Donato - San Vitale;S. Vitale;VIA LARGA;1;115;;
1669;2018;San Donato - San Vitale;S. Vitale;ROVERI;5;20;;
1707;2018;San Donato - San Vitale;S. Vitale;ROVERI;2;52;;
1722;2018;San Donato - San Vitale;S. Vitale;GUELFA;35;44;;
1728;2018;San Donato - San Vitale;S. Vitale;GUELFA;24;45;;
1729;2018;San Donato - San Vitale;S. Vitale;GUELFA;12;12;;
1741;2018;San Donato - San Vitale;S. Vitale;ROVERI;63;693;;
1743;2018;San Donato - San Vitale;S. Vitale;GUELFA;8;10;;
1753;2018;San Donato - San Vitale;S. Vitale;CROCE DEL BIACCO;4;6;;
1757;2018;San Donato - San Vitale;S. Vitale;CROCE DEL BIACCO;8;10;;
1776;2018;San Donato - San Vitale;S. Vitale;GUELFA;23;54;;
1791;2018;Porto - Saragozza;Costa Saragozza;XXI APRILE;19;41;;
1800;2018;Porto - Saragozza;Costa Saragozza;XXI APRILE;22;30;;
1805;2018;Porto - Saragozza;Costa Saragozza;XXI APRILE;25;37;;
1846;2018;Porto - Saragozza;Costa Saragozza;XXI APRILE;29;44;;
1849;2018;Porto - Saragozza;Costa Saragozza;XXI APRILE;48;75;;
1852;2018;Porto - Saragozza;Costa Saragozza;XXI APRILE;48;62;;
1868;2018;Porto - Saragozza;Costa Saragozza;SAN GIUSEPPE;45;89;;
1877;2018;Porto - Saragozza;Costa Saragozza;STADIO-MELONCELLO;47;90;;
1878;2018;Porto - Saragozza;Costa Saragozza;STADIO-MELONCELLO;8;23;;
1887;2018;Porto - Saragozza;Costa Saragozza;RAVONE;14;17;;
1944;2018;Porto - Saragozza;Malpighi;MALPIGHI-2;34;77;;
1989;2018;Porto - Saragozza;Malpighi;MALPIGHI-2;22;25;;
1990;2018;Porto - Saragozza;Malpighi;MALPIGHI-2;15;22;;
2020;2018;Savena;Mazzini;PONTEVECCHIO;47;85;;
2044;2018;Savena;Mazzini;DUE MADONNE;2;3;;
2077;2018;Savena;Mazzini;BITONE;1;2;;
2097;2018;Savena;Mazzini;BITONE;14;27;;
2100;2018;Savena;Mazzini;BITONE;20;31;;
2130;2018;Savena;Mazzini;VIA ARNO;6;20;;
2178;2018;Savena;S. Ruffillo;VIA TOSCANA;3;5;;
2191;2018;Savena;S. Ruffillo;VIA TOSCANA;1;2;;
2195;2018;Savena;S. Ruffillo;VIA TOSCANA;12;13;;
2219;2018;Savena;S. Ruffillo;VIA TOSCANA;7;12;;
2243;2018;Savena;S. Ruffillo;VIA TOSCANA;8;44;;
2245;2018;Savena;S. Ruffillo;CORELLI;5;6;;
2270;2018;Savena;S. Ruffillo;CORELLI;8;20;;
2291;2018;Savena;S. Ruffillo;MONTE DONATO;4;4;;
2309;2018;Savena;S. Ruffillo;MONTE DONATO;1;2;;
2315;2018;Savena;S. Ruffillo;PONTE SAVENA-LA BASTIA;5;5;;
10;2019;Borgo Panigale - Reno;Borgo Panigale;VIA DEL VIVAIO;3;10;;
42;2019;Borgo Panigale - Reno;Borgo Panigale;AEROPORTO;3;4;;
1287;2017;Santo Stefano;Galvani;GALVANI-2;35;26;;
1363;2017;Santo Stefano;Murri;DAGNINI;3;3;;
1372;2017;Santo Stefano;Murri;DAGNINI;71;173;;
1391;2017;Santo Stefano;Murri;SIEPELUNGA;64;121;;
1423;2017;Santo Stefano;Murri;CHIESANUOVA;30;46;;
1430;2017;Santo Stefano;Murri;CHIESANUOVA;25;35;;
1440;2017;Santo Stefano;Murri;CHIESANUOVA;21;36;;
1465;2017;Santo Stefano;Irnerio;IRNERIO-2;42;106;;
1554;2017;Santo Stefano;Irnerio;IRNERIO-2;60;201;37;
1557;2017;San Donato - San Vitale;S. Vitale;CIRENAICA;35;91;;
1562;2017;San Donato - San Vitale;S. Vitale;CIRENAICA;49;76;7;
1572;2017;San Donato - San Vitale;S. Vitale;CIRENAICA;10;12;;
1591;2017;San Donato - San Vitale;S. Vitale;CIRENAICA;4;7;;
1620;2017;San Donato - San Vitale;S. Vitale;MENGOLI;7;13;;
1643;2017;San Donato - San Vitale;S. Vitale;MENGOLI;12;14;;
1697;2017;San Donato - San Vitale;S. Vitale;ROVERI;9;152;;
1717;2017;San Donato - San Vitale;S. Vitale;ROVERI;15;128;;
1719;2017;San Donato - San Vitale;S. Vitale;ROVERI;43;437;;
1787;2017;Porto - Saragozza;Costa Saragozza;XXI APRILE;21;43;;
1830;2017;Porto - Saragozza;Costa Saragozza;XXI APRILE;5;5;;
1872;2017;Porto - Saragozza;Costa Saragozza;SAN GIUSEPPE;48;109;;
1873;2017;Porto - Saragozza;Costa Saragozza;SAN GIUSEPPE;26;25;;
1946;2017;Porto - Saragozza;Malpighi;MALPIGHI-2;23;48;;
1966;2017;Porto - Saragozza;Malpighi;MALPIGHI-1;28;59;;
2038;2017;Savena;Mazzini;DUE MADONNE;20;45;;
2090;2017;Savena;Mazzini;BITONE;9;10;;
2104;2017;Savena;Mazzini;BITONE;6;5;;
2122;2017;Savena;Mazzini;VIA ARNO;20;28;10;
2147;2017;Savena;Mazzini;CAVEDONE;19;26;27;
2199;2017;Savena;S. Ruffillo;VIA TOSCANA;12;12;;
2263;2017;Savena;S. Ruffillo;CORELLI;15;100;;
13;2018;Borgo Panigale - Reno;Borgo Panigale;LAVINO DI MEZZO;39;90;;
30;2018;Borgo Panigale - Reno;Borgo Panigale;AEROPORTO;3;2;;
41;2018;Borgo Panigale - Reno;Borgo Panigale;BARGELLINO;12;104;;
43;2018;Borgo Panigale - Reno;Borgo Panigale;AEROPORTO;3;2;;
54;2018;Borgo Panigale - Reno;Borgo Panigale;VIA DEL VIVAIO;1;2;;
66;2018;Borgo Panigale - Reno;Borgo Panigale;LA BIRRA;1;2;;
72;2018;Borgo Panigale - Reno;Borgo Panigale;DUCATI-VILLAGGIO INA;2;33;;
95;2018;Borgo Panigale - Reno;Borgo Panigale;BORGO CENTRO;5;7;;
97;2018;Borgo Panigale - Reno;Borgo Panigale;BORGO CENTRO;12;13;;
104;2018;Borgo Panigale - Reno;Borgo Panigale;BORGO CENTRO;10;13;;
130;2018;Borgo Panigale - Reno;Borgo Panigale;RIGOSA;2;38;;
137;2018;Borgo Panigale - Reno;Borgo Panigale;DUCATI-VILLAGGIO INA;59;1834;;
138;2018;Borgo Panigale - Reno;Borgo Panigale;RIGOSA;14;218;;
140;2018;Borgo Panigale - Reno;Borgo Panigale;BORGO CENTRO;56;92;;
168;2018;Borgo Panigale - Reno;Borgo Panigale;CASTELDEBOLE;2;4;;
180;2018;Borgo Panigale - Reno;Borgo Panigale;CASTELDEBOLE;5;4;;
186;2018;Borgo Panigale - Reno;Borgo Panigale;RIGOSA;6;9;;
190;2018;Borgo Panigale - Reno;Borgo Panigale;RIGOSA;1;12;;
196;2018;Borgo Panigale - Reno;Borgo Panigale;CASTELDEBOLE;8;14;;
209;2018;Navile;Bolognina;CASERME ROSSE-MANIFATTURA;2;5;;
210;2018;Navile;Bolognina;CASERME ROSSE-MANIFATTURA;9;36;;
211;2018;Navile;Bolognina;CASERME ROSSE-MANIFATTURA;9;26;;
216;2018;Navile;Bolognina;CASERME ROSSE-MANIFATTURA;3;17;;
217;2018;Navile;Bolognina;CASERME ROSSE-MANIFATTURA;1;0;;
224;2018;Navile;Bolognina;CNR;7;38;;
229;2018;Navile;Bolognina;ARCOVEGGIO;18;261;;
233;2018;Navile;Bolognina;ARCOVEGGIO;7;7;;
236;2018;Navile;Bolognina;ARCOVEGGIO;5;6;;
237;2018;Navile;Bolognina;ARCOVEGGIO;5;5;;
258;2018;Navile;Bolognina;ARCOVEGGIO;16;28;;
262;2018;Navile;Bolognina;ARCOVEGGIO;23;63;;
263;2018;Navile;Bolognina;ARCOVEGGIO;29;112;;
270;2018;Navile;Bolognina;ARCOVEGGIO;22;27;;
276;2018;Navile;Bolognina;PIAZZA DELL'UNITA';18;29;;
289;2018;Navile;Bolognina;PIAZZA DELL'UNITA';21;71;;
298;2018;Navile;Bolognina;EX MERCATO ORTOFRUTTICOLO;30;52;;
302;2018;Navile;Bolognina;VIA FERRARESE;10;100;;
304;2018;Navile;Bolognina;VIA FERRARESE;11;48;;
307;2018;Navile;Bolognina;VIA FERRARESE;17;42;;
335;2018;Navile;Bolognina;VIA FERRARESE;45;1781;;
355;2018;Navile;Bolognina;PIAZZA DELL'UNITA';19;40;;
361;2018;Navile;Bolognina;PIAZZA DELL'UNITA';3;9;;
362;2018;Navile;Bolognina;PIAZZA DELL'UNITA';8;12;;
368;2018;Navile;Bolognina;PIAZZA DELL'UNITA';2;9;;
379;2018;Navile;Corticella;SAN SAVINO;12;20;;
385;2018;Navile;Corticella;SAN SAVINO;1;1;;
402;2018;Navile;Corticella;SAN SAVINO;21;48;;
406;2018;Navile;Corticella;SAN SAVINO;4;13;;
413;2018;Navile;Corticella;SAN SAVINO;33;50;;
419;2018;Navile;Corticella;SAVENA ABBANDONATO;4;2;;
455;2018;Navile;Corticella;CROCE COPERTA;23;210;;
468;2018;Navile;Corticella;CROCE COPERTA;20;36;;
482;2018;Navile;Corticella;LA DOZZA;1;2;;
490;2018;Navile;Corticella;SAVENA ABBANDONATO;1;1;;
536;2018;Navile;Lame;PESCAROLA;6;9;;
572;2018;Navile;Lame;BEVERARA;10;11;;
586;2018;Navile;Lame;LAZZARETTO;6;16;;
587;2018;Navile;Lame;LAZZARETTO;14;77;;
625;2018;Porto - Saragozza;Marconi;MARCONI-2;6;13;;
662;2018;Porto - Saragozza;Marconi;MARCONI-2;98;198;;
670;2018;Porto - Saragozza;Marconi;MARCONI-2;19;387;;
678;2018;Porto - Saragozza;Marconi;MARCONI-1;1;8;;
683;2018;Porto - Saragozza;Marconi;MARCONI-1;63;114;;
684;2018;Porto - Saragozza;Marconi;MARCONI-1;115;327;;
690;2018;Porto - Saragozza;Marconi;MARCONI-1;38;103;;
691;2018;Porto - Saragozza;Marconi;MARCONI-1;79;139;;
694;2018;Porto - Saragozza;Marconi;MARCONI-1;137;486;;
695;2018;Porto - Saragozza;Marconi;MARCONI-1;33;63;;
705;2018;Porto - Saragozza;Saffi;ZANARDI;12;12;;
730;2018;Porto - Saragozza;Saffi;ZANARDI;10;20;;
731;2018;Porto - Saragozza;Saffi;ZANARDI;20;26;;
768;2018;Porto - Saragozza;Saffi;VIA VITTORIO VENETO;9;14;;
774;2018;Porto - Saragozza;Saffi;VIA VITTORIO VENETO;21;36;;
804;2018;Borgo Panigale - Reno;Barca;BATTINDARNO;18;24;;
812;2018;Borgo Panigale - Reno;Barca;BATTINDARNO;12;17;;
814;2018;Borgo Panigale - Reno;Barca;BATTINDARNO;18;30;;
820;2018;Borgo Panigale - Reno;Barca;VILLAGGIO DELLA BARCA;11;12;;
825;2018;Borgo Panigale - Reno;Barca;VILLAGGIO DELLA BARCA;3;3;;
838;2018;Borgo Panigale - Reno;Barca;VILLAGGIO DELLA BARCA;3;7;;
854;2018;Borgo Panigale - Reno;Barca;VILLAGGIO DELLA BARCA;9;10;;
858;2018;Borgo Panigale - Reno;Barca;CANALE DI RENO;34;137;;
863;2018;Borgo Panigale - Reno;Barca;CANALE DI RENO;15;21;;
881;2018;Borgo Panigale - Reno;Barca;CANALE DI RENO;12;23;;
882;2018;Borgo Panigale - Reno;Barca;CANALE DI RENO;1;17;;
893;2018;Borgo Panigale - Reno;S. Viola;AGUCCHI;1;1;;
896;2018;Borgo Panigale - Reno;S. Viola;AGUCCHI;5;5;;
898;2018;Borgo Panigale - Reno;S. Viola;AGUCCHI;5;5;;
905;2018;Borgo Panigale - Reno;S. Viola;AGUCCHI;33;54;;
910;2018;Borgo Panigale - Reno;S. Viola;EMILIA PONENTE;41;97;;
911;2018;Borgo Panigale - Reno;S. Viola;EMILIA PONENTE;32;47;;
913;2018;Borgo Panigale - Reno;S. Viola;EMILIA PONENTE;22;50;;
919;2018;Borgo Panigale - Reno;S. Viola;EMILIA PONENTE;32;59;;
926;2018;Borgo Panigale - Reno;S. Viola;EMILIA PONENTE;1;1;;
930;2018;Borgo Panigale - Reno;S. Viola;EMILIA PONENTE;25;49;;
931;2018;Borgo Panigale - Reno;S. Viola;EMILIA PONENTE;34;47;;
936;2018;San Donato - San Vitale;San Donato;CADRIANO-CALAMOSCO;1;2;;
938;2018;San Donato - San Vitale;San Donato;CADRIANO-CALAMOSCO;4;4;;
939;2018;San Donato - San Vitale;San Donato;CADRIANO-CALAMOSCO;9;971;;
945;2018;San Donato - San Vitale;San Donato;CADRIANO-CALAMOSCO;5;4;;
956;2018;San Donato - San Vitale;San Donato;CADRIANO-CALAMOSCO;5;13;;
960;2018;San Donato - San Vitale;San Donato;FIERA;21;59;;
962;2018;San Donato - San Vitale;San Donato;FIERA;22;214;;
970;2018;San Donato - San Vitale;San Donato;SAN DONNINO;6;13;;
997;2018;San Donato - San Vitale;San Donato;VIA DEL LAVORO;31;67;;
1004;2018;San Donato - San Vitale;San Donato;VIA DEL LAVORO;26;46;;
1056;2018;San Donato - San Vitale;San Donato;VIA MONDO;21;39;;
1057;2018;San Donato - San Vitale;San Donato;VIA MONDO;5;11;;
1059;2018;San Donato - San Vitale;San Donato;VIA MONDO;1;1;;
1084;2018;San Donato - San Vitale;San Donato;SAN DONNINO;2;7;;
1093;2018;San Donato - San Vitale;San Donato;PILASTRO;7;9;;
1095;2018;San Donato - San Vitale;San Donato;PILASTRO;1;3;;
1106;2018;San Donato - San Vitale;San Donato;PILASTRO;5;8;;
1112;2018;San Donato - San Vitale;San Donato;CAAB;1;178;;
1115;2018;San Donato - San Vitale;San Donato;CAAB;10;77;;
1147;2018;Santo Stefano;Colli;OSSERVANZA;12;16;;
1164;2018;Santo Stefano;Colli;SAN MICHELE IN BOSCO;9;76;;
1191;2018;Santo Stefano;Colli;PADERNO;1;1;;
1211;2018;Santo Stefano;Galvani;GALVANI-1;51;207;;
1222;2018;Santo Stefano;Galvani;GALVANI-1;144;325;;
1228;2018;Santo Stefano;Galvani;GALVANI-1;45;125;;
1231;2018;Santo Stefano;Galvani;GALVANI-1;64;96;;
1241;2018;Santo Stefano;Galvani;GALVANI-2;15;19;;
1248;2018;Santo Stefano;Galvani;GALVANI-2;32;59;;
1251;2018;Santo Stefano;Galvani;GALVANI-2;32;74;;
1284;2018;Santo Stefano;Galvani;GALVANI-2;38;53;;
1290;2018;Santo Stefano;Galvani;GALVANI-2;24;144;;
1296;2018;Santo Stefano;Galvani;GALVANI-2;44;98;;
1303;2018;Santo Stefano;Murri;MEZZOFANTI;63;87;;
1319;2018;Santo Stefano;Murri;MEZZOFANTI;48;84;;
1324;2018;Santo Stefano;Murri;MEZZOFANTI;14;15;;
1326;2018;Santo Stefano;Murri;DAGNINI;9;9;;
1338;2018;Santo Stefano;Murri;MEZZOFANTI;75;155;;
1345;2018;Santo Stefano;Murri;MEZZOFANTI;14;16;;
1350;2018;Santo Stefano;Murri;DAGNINI;61;146;;
1352;2018;Santo Stefano;Murri;DAGNINI;1;2;;
1364;2018;Santo Stefano;Murri;DAGNINI;18;27;;
1375;2018;Santo Stefano;Murri;DAGNINI;44;63;;
1376;2018;Santo Stefano;Murri;DAGNINI;3;5;;
1382;2018;Santo Stefano;Murri;SIEPELUNGA;10;20;;
1383;2018;Santo Stefano;Murri;SIEPELUNGA;15;16;;
1390;2018;Santo Stefano;Murri;SIEPELUNGA;47;54;;
1393;2018;Santo Stefano;Murri;SIEPELUNGA;11;10;;
1396;2018;Santo Stefano;Murri;SIEPELUNGA;1;1;;
1403;2018;Santo Stefano;Murri;SIEPELUNGA;44;79;;
1406;2018;Santo Stefano;Murri;SIEPELUNGA;12;12;;
1410;2018;Santo Stefano;Murri;CHIESANUOVA;7;7;;
1429;2018;Santo Stefano;Murri;CHIESANUOVA;15;41;;
1442;2018;Santo Stefano;Murri;CHIESANUOVA;9;15;;
1446;2018;Santo Stefano;Murri;CHIESANUOVA;24;92;;
1452;2018;Santo Stefano;Irnerio;IRNERIO-2;9;27;;
1453;2018;Santo Stefano;Irnerio;IRNERIO-2;14;132;;
1470;2018;Santo Stefano;Irnerio;IRNERIO-2;39;106;;
1475;2018;Santo Stefano;Irnerio;IRNERIO-2;16;46;;
1481;2018;Santo Stefano;Irnerio;IRNERIO-2;40;61;;
1487;2018;Santo Stefano;Irnerio;IRNERIO-1;19;56;;
1521;2018;Santo Stefano;Irnerio;IRNERIO-1;9;19;;
1537;2018;Santo Stefano;Irnerio;IRNERIO-2;12;26;;
1539;2018;Santo Stefano;Irnerio;IRNERIO-1;2;3;;
1546;2018;Santo Stefano;Irnerio;IRNERIO-1;30;53;;
1548;2018;Santo Stefano;Irnerio;IRNERIO-2;39;84;;
1560;2018;San Donato - San Vitale;S. Vitale;CIRENAICA;35;132;;
1561;2018;San Donato - San Vitale;S. Vitale;CIRENAICA;66;212;;
1563;2018;San Donato - San Vitale;S. Vitale;CIRENAICA;25;97;;
1577;2018;San Donato - San Vitale;S. Vitale;CIRENAICA;2;7;;
1603;2018;San Donato - San Vitale;S. Vitale;CIRENAICA;39;161;;
1611;2018;San Donato - San Vitale;S. Vitale;MENGOLI;52;128;;
1613;2018;San Donato - San Vitale;S. Vitale;MENGOLI;18;24;;
1618;2018;San Donato - San Vitale;S. Vitale;MENGOLI;20;26;;
1623;2018;San Donato - San Vitale;S. Vitale;MENGOLI;1;4;;
1631;2018;San Donato - San Vitale;S. Vitale;MENGOLI;17;25;;
1637;2018;San Donato - San Vitale;S. Vitale;MENGOLI;38;68;;
1639;2018;San Donato - San Vitale;S. Vitale;MENGOLI;12;12;;
1640;2018;San Donato - San Vitale;S. Vitale;MENGOLI;10;22;;
1654;2018;San Donato - San Vitale;S. Vitale;MENGOLI;17;22;;
1659;2018;San Donato - San Vitale;S. Vitale;MENGOLI;2;2;;
1662;2018;San Donato - San Vitale;S. Vitale;MENGOLI;15;144;;
1727;2018;San Donato - San Vitale;S. Vitale;GUELFA;6;8;;
1745;2018;San Donato - San Vitale;S. Vitale;GUELFA;90;173;;
1763;2018;San Donato - San Vitale;S. Vitale;STRADELLI GUELFI;9;37;;
1769;2018;San Donato - San Vitale;S. Vitale;GUELFA;40;202;;
1790;2018;Porto - Saragozza;Costa Saragozza;XXI APRILE;5;6;;
1871;2018;Porto - Saragozza;Costa Saragozza;SAN GIUSEPPE;24;44;;
1875;2018;Porto - Saragozza;Costa Saragozza;SAN GIUSEPPE;34;57;;
1891;2018;Porto - Saragozza;Costa Saragozza;RAVONE;7;8;;
1899;2018;Porto - Saragozza;Costa Saragozza;SAN GIUSEPPE;38;40;;
1906;2018;Porto - Saragozza;Costa Saragozza;SAN GIUSEPPE;21;26;;
1907;2018;Porto - Saragozza;Costa Saragozza;SAN GIUSEPPE;20;20;;
1925;2018;Porto - Saragozza;Costa Saragozza;SAN LUCA;4;4;;
1966;2018;Porto - Saragozza;Malpighi;MALPIGHI-1;30;56;;
1984;2018;Porto - Saragozza;Malpighi;MALPIGHI-2;68;113;;
2006;2018;Savena;Mazzini;FOSSOLO;20;22;;
2009;2018;Savena;Mazzini;FOSSOLO;16;18;;
2037;2018;Savena;Mazzini;FOSSOLO;26;40;;
2049;2018;Savena;Mazzini;DUE MADONNE;2;2;;
2066;2018;Savena;Mazzini;PONTEVECCHIO;5;6;;
2081;2018;Savena;Mazzini;BITONE;18;30;;
2082;2018;Savena;Mazzini;BITONE;8;15;;
2083;2018;Savena;Mazzini;BITONE;9;10;;
2088;2018;Savena;Mazzini;BITONE;2;2;;
2119;2018;Savena;Mazzini;VIA ARNO;16;21;;
2129;2018;Savena;Mazzini;VIA ARNO;18;20;;
2166;2018;Savena;S. Ruffillo;MONTE DONATO;5;4;;
2232;2018;Savena;S. Ruffillo;VIA TOSCANA;29;63;;
2244;2018;Savena;S. Ruffillo;CORELLI;1;1;;
2263;2018;Savena;S. Ruffillo;CORELLI;25;50;;
2269;2018;Savena;S. Ruffillo;CORELLI;12;16;;
2272;2018;Savena;S. Ruffillo;CORELLI;17;40;;
2285;2018;Savena;S. Ruffillo;CORELLI;2;7;;
2295;2018;Savena;S. Ruffillo;VIA TOSCANA;14;51;;
2301;2018;Savena;S. Ruffillo;VIA TOSCANA;1;2;;
2305;2018;Savena;S. Ruffillo;VIA TOSCANA;8;19;;
2311;2018;Savena;S. Ruffillo;PONTE SAVENA-LA BASTIA;9;11;;
2319;2018;Savena;S. Ruffillo;PONTE SAVENA-LA BASTIA;3;4;;
12;2017;Borgo Panigale - Reno;Borgo Panigale;LAVINO DI MEZZO;17;27;;
21;2017;Borgo Panigale - Reno;Borgo Panigale;VIA DEL VIVAIO;7;6;;
49;2017;Borgo Panigale - Reno;Borgo Panigale;RIGOSA;1;8;;
60;2017;Borgo Panigale - Reno;Borgo Panigale;LA BIRRA;12;27;;
70;2017;Borgo Panigale - Reno;Borgo Panigale;DUCATI-VILLAGGIO INA;6;7;;
93;2017;Borgo Panigale - Reno;Borgo Panigale;BORGO CENTRO;1;2;;
134;2017;Borgo Panigale - Reno;Borgo Panigale;RIGOSA;9;27;;
144;2017;Borgo Panigale - Reno;Borgo Panigale;BORGO CENTRO;9;19;;
213;2017;Navile;Bolognina;CASERME ROSSE-MANIFATTURA;4;9;;
265;2017;Navile;Bolognina;ARCOVEGGIO;24;37;;
273;2017;Navile;Bolognina;PIAZZA DELL'UNITA';6;7;;
296;2017;Navile;Bolognina;PIAZZA DELL'UNITA';33;128;;
316;2017;Navile;Bolognina;VIA FERRARESE;24;55;;
329;2017;Navile;Bolognina;VIA FERRARESE;3;17;;
330;2017;Navile;Bolognina;VIA FERRARESE;12;27;;
370;2017;Navile;Corticella;SAN SAVINO;2;3;;
399;2017;Navile;Corticella;SAN SAVINO;22;43;;
404;2017;Navile;Corticella;SAN SAVINO;18;27;111;
463;2017;Navile;Corticella;CROCE COPERTA;73;154;43;
478;2017;Navile;Corticella;MULINO DEL GOMITO;28;240;;
530;2017;Navile;Lame;TIRO A SEGNO;2;2;;
571;2017;Navile;Lame;BEVERARA;13;44;;
581;2017;Navile;Lame;LAZZARETTO;4;7;;
617;2017;Porto - Saragozza;Marconi;MARCONI-2;16;162;100;
639;2017;Porto - Saragozza;Marconi;MARCONI-2;8;409;;
680;2017;Porto - Saragozza;Marconi;MARCONI-1;11;33;48;
707;2017;Porto - Saragozza;Saffi;ZANARDI;29;53;;
718;2017;Porto - Saragozza;Saffi;ZANARDI;14;53;;
726;2017;Porto - Saragozza;Saffi;ZANARDI;35;78;;
774;2017;Porto - Saragozza;Saffi;VIA VITTORIO VENETO;20;40;;
787;2017;Borgo Panigale - Reno;Barca;BATTINDARNO;14;268;;
796;2017;Borgo Panigale - Reno;Barca;BATTINDARNO;6;6;;
810;2017;Borgo Panigale - Reno;Barca;BATTINDARNO;12;36;;
828;2017;Borgo Panigale - Reno;Barca;VILLAGGIO DELLA BARCA;2;3;;
833;2017;Borgo Panigale - Reno;Barca;VILLAGGIO DELLA BARCA;16;65;;
861;2017;Borgo Panigale - Reno;Barca;CANALE DI RENO;6;19;;
873;2017;Borgo Panigale - Reno;Barca;CANALE DI RENO;14;17;;
877;2017;Borgo Panigale - Reno;Barca;CANALE DI RENO;23;209;;
880;2017;Borgo Panigale - Reno;Barca;CANALE DI RENO;10;20;;
886;2017;Borgo Panigale - Reno;Barca;CANALE DI RENO;2;70;7;
904;2017;Borgo Panigale - Reno;S. Viola;AGUCCHI;56;138;;
918;2017;Borgo Panigale - Reno;S. Viola;EMILIA PONENTE;32;62;;
920;2017;Borgo Panigale - Reno;S. Viola;EMILIA PONENTE;26;47;;
923;2017;Borgo Panigale - Reno;S. Viola;EMILIA PONENTE;42;1377;13;
951;2017;San Donato - San Vitale;San Donato;CADRIANO-CALAMOSCO;2;2;;
957;2017;San Donato - San Vitale;San Donato;CADRIANO-CALAMOSCO;2;4;;
1012;2017;San Donato - San Vitale;San Donato;MICHELINO;1;4;;
1033;2017;San Donato - San Vitale;San Donato;MICHELINO;21;39;;
1038;2017;San Donato - San Vitale;San Donato;VIA MONDO;11;13;63;
1047;2017;San Donato - San Vitale;San Donato;VIA MONDO;8;22;;
1053;2017;San Donato - San Vitale;San Donato;MICHELINO;20;31;;
1057;2017;San Donato - San Vitale;San Donato;VIA MONDO;5;6;;
1097;2017;San Donato - San Vitale;San Donato;PILASTRO;5;8;;
1106;2017;San Donato - San Vitale;San Donato;PILASTRO;6;9;;
1125;2017;San Donato - San Vitale;San Donato;CAAB;31;360;;
1126;2017;San Donato - San Vitale;San Donato;CAAB;17;25;421;
1138;2017;Santo Stefano;Colli;OSSERVANZA;24;30;;
1154;2017;Santo Stefano;Colli;OSSERVANZA;16;14;;
1177;2017;Santo Stefano;Colli;SAN MICHELE IN BOSCO;3;4;;
1178;2017;Santo Stefano;Colli;PADERNO;2;2;;
1219;2017;Santo Stefano;Galvani;GALVANI-1;48;190;;
1237;2017;Santo Stefano;Galvani;GALVANI-2;40;62;;
1247;2017;Santo Stefano;Galvani;GALVANI-2;69;106;399;
1290;2017;Santo Stefano;Galvani;GALVANI-2;26;129;;
1296;2017;Santo Stefano;Galvani;GALVANI-2;44;109;9;
1298;2017;Santo Stefano;Galvani;GALVANI-2;15;26;72;
1373;2017;Santo Stefano;Murri;DAGNINI;27;37;;
1382;2017;Santo Stefano;Murri;SIEPELUNGA;11;21;;
1390;2017;Santo Stefano;Murri;SIEPELUNGA;42;49;;
1394;2017;Santo Stefano;Murri;SIEPELUNGA;13;22;;
1429;2017;Santo Stefano;Murri;CHIESANUOVA;16;31;14;
1438;2017;Santo Stefano;Murri;CHIESANUOVA;11;29;;
1450;2017;Santo Stefano;Irnerio;IRNERIO-2;10;924;;
1461;2017;Santo Stefano;Irnerio;IRNERIO-2;7;7;;
1462;2017;Santo Stefano;Irnerio;IRNERIO-2;23;30;;
1463;2017;Santo Stefano;Irnerio;IRNERIO-2;23;27;;
1489;2017;Santo Stefano;Irnerio;IRNERIO-1;3;3;;
1495;2017;Santo Stefano;Irnerio;IRNERIO-1;2;6;;
1506;2017;Santo Stefano;Irnerio;IRNERIO-1;54;144;1;
1545;2017;Santo Stefano;Irnerio;IRNERIO-1;38;95;13;
1580;2017;San Donato - San Vitale;S. Vitale;CIRENAICA;5;11;;
1582;2017;San Donato - San Vitale;S. Vitale;CIRENAICA;6;10;;
1587;2017;San Donato - San Vitale;S. Vitale;CIRENAICA;14;21;;
1608;2017;San Donato - San Vitale;S. Vitale;CIRENAICA;7;14;18;
1652;2017;San Donato - San Vitale;S. Vitale;MENGOLI;14;20;;
1676;2017;San Donato - San Vitale;S. Vitale;SCANDELLARA;8;6;71;
1682;2017;San Donato - San Vitale;S. Vitale;VIA LARGA;2;2;;
1687;2017;San Donato - San Vitale;S. Vitale;VIA LARGA;53;120;;
1688;2017;San Donato - San Vitale;S. Vitale;VIA LARGA;10;20;;
1715;2017;San Donato - San Vitale;S. Vitale;ROVERI;13;3166;;
1721;2017;San Donato - San Vitale;S. Vitale;GUELFA;7;8;;
1771;2017;San Donato - San Vitale;S. Vitale;GUELFA;7;10;;
1780;2017;Porto - Saragozza;Costa Saragozza;STADIO-MELONCELLO;8;18;;
1795;2017;Porto - Saragozza;Costa Saragozza;XXI APRILE;29;34;;
1801;2017;Porto - Saragozza;Costa Saragozza;XXI APRILE;5;12;;
1805;2017;Porto - Saragozza;Costa Saragozza;XXI APRILE;21;28;;
1807;2017;Porto - Saragozza;Costa Saragozza;SAN GIUSEPPE;1;1;;
1814;2017;Porto - Saragozza;Costa Saragozza;STADIO-MELONCELLO;8;9;;
1817;2017;Porto - Saragozza;Costa Saragozza;STADIO-MELONCELLO;5;7;;
1818;2017;Porto - Saragozza;Costa Saragozza;STADIO-MELONCELLO;21;55;32;
1819;2017;Porto - Saragozza;Costa Saragozza;STADIO-MELONCELLO;3;8;;
1821;2017;Porto - Saragozza;Costa Saragozza;STADIO-MELONCELLO;51;124;;
1833;2017;Porto - Saragozza;Costa Saragozza;XXI APRILE;8;9;99;
1835;2017;Porto - Saragozza;Costa Saragozza;XXI APRILE;18;29;;
1837;2017;Porto - Saragozza;Costa Saragozza;XXI APRILE;30;39;22;
1863;2017;Porto - Saragozza;Costa Saragozza;SAN GIUSEPPE;7;7;;
1864;2017;Porto - Saragozza;Costa Saragozza;SAN GIUSEPPE;4;4;;
1902;2017;Porto - Saragozza;Costa Saragozza;SAN GIUSEPPE;53;66;;
1982;2017;Porto - Saragozza;Malpighi;MALPIGHI-2;42;56;;
1983;2017;Porto - Saragozza;Malpighi;MALPIGHI-2;10;18;;
1988;2017;Porto - Saragozza;Malpighi;MALPIGHI-2;99;149;;
1989;2017;Porto - Saragozza;Malpighi;MALPIGHI-2;22;24;;
1993;2017;Porto - Saragozza;Malpighi;MALPIGHI-2;10;20;1424;
2064;2017;Savena;Mazzini;PONTEVECCHIO;18;32;;
2066;2017;Savena;Mazzini;PONTEVECCHIO;5;5;;
2067;2017;Savena;Mazzini;PONTEVECCHIO;15;21;;
2069;2017;Savena;Mazzini;PONTEVECCHIO;26;58;;
2075;2017;Savena;Mazzini;BITONE;9;16;;
2079;2017;Savena;Mazzini;BITONE;18;38;;
2099;2017;Savena;Mazzini;BITONE;28;51;;
275;2019;Navile;Bolognina;PIAZZA DELL'UNITA';23;37;;
347;2019;Navile;Bolognina;PIAZZA DELL'UNITA';37;79;;
353;2019;Navile;Bolognina;PIAZZA DELL'UNITA';12;21;;
361;2019;Navile;Bolognina;PIAZZA DELL'UNITA';2;7;;
367;2019;Navile;Bolognina;PIAZZA DELL'UNITA';6;24;;275
367;2019;Navile;Bolognina;PIAZZA DELL'UNITA';6;24;;152
387;2019;Navile;Corticella;SAN SAVINO;5;5;;
388;2019;Navile;Corticella;SAN SAVINO;1;1;;
398;2019;Navile;Corticella;SAN SAVINO;24;30;;
426;2019;Navile;Corticella;SAVENA ABBANDONATO;1;6;;
428;2019;Navile;Corticella;SAVENA ABBANDONATO;3;7;;
439;2019;Navile;Corticella;CROCE COPERTA;12;22;;
441;2019;Navile;Corticella;CROCE COPERTA;3;54;;
447;2019;Navile;Corticella;CROCE COPERTA;26;313;;17
449;2019;Navile;Corticella;CROCE COPERTA;88;609;;
451;2019;Navile;Corticella;CROCE COPERTA;20;324;;
453;2019;Navile;Corticella;CROCE COPERTA;5;38;;
458;2019;Navile;Corticella;CROCE COPERTA;5;17;;
461;2019;Navile;Corticella;CROCE COPERTA;29;786;;
467;2019;Navile;Corticella;CROCE COPERTA;17;23;;
492;2019;Navile;Lame;LAGHETTI DEL ROSARIO;1;6;;
501;2019;Navile;Lame;LA NOCE;35;109;;
514;2019;Navile;Lame;LAGHETTI DEL ROSARIO;3;1;;
569;2019;Navile;Lame;BEVERARA;7;11;;265
574;2019;Navile;Lame;BEVERARA;3;4;;
586;2019;Navile;Lame;LAZZARETTO;5;18;;
589;2019;Navile;Lame;BEVERARA;21;54;;165
637;2019;Porto - Saragozza;Marconi;MARCONI-2;104;252;;
665;2019;Porto - Saragozza;Marconi;MARCONI-2;44;118;;
728;2019;Porto - Saragozza;Saffi;PRATI DI CAPRARA-OSPEDALE MAGGIORE;13;22;;
734;2019;Porto - Saragozza;Saffi;VELODROMO;3;36;;
737;2019;Porto - Saragozza;Saffi;VELODROMO;7;17;;89
793;2019;Borgo Panigale - Reno;Barca;BATTINDARNO;8;106;;
805;2019;Borgo Panigale - Reno;Barca;BATTINDARNO;8;16;;
807;2019;Borgo Panigale - Reno;Barca;BATTINDARNO;19;28;;
819;2019;Borgo Panigale - Reno;Barca;VILLAGGIO DELLA BARCA;8;13;;
820;2019;Borgo Panigale - Reno;Barca;VILLAGGIO DELLA BARCA;7;8;;
834;2019;Borgo Panigale - Reno;Barca;VILLAGGIO DELLA BARCA;2;2;;
839;2019;Borgo Panigale - Reno;Barca;VILLAGGIO DELLA BARCA;19;42;;
842;2019;Borgo Panigale - Reno;Barca;VILLAGGIO DELLA BARCA;4;4;;
855;2019;Borgo Panigale - Reno;Barca;CANALE DI RENO;8;10;;
857;2019;Borgo Panigale - Reno;Barca;CANALE DI RENO;1;1;;
866;2019;Borgo Panigale - Reno;Barca;CANALE DI RENO;24;36;;
876;2019;Borgo Panigale - Reno;Barca;CANALE DI RENO;5;8;;
918;2019;Borgo Panigale - Reno;S. Viola;EMILIA PONENTE;35;69;;
949;2019;San Donato - San Vitale;San Donato;CADRIANO-CALAMOSCO;1;1;;
952;2019;San Donato - San Vitale;San Donato;CADRIANO-CALAMOSCO;11;38;;
958;2019;San Donato - San Vitale;San Donato;CADRIANO-CALAMOSCO;5;8;;
979;2019;San Donato - San Vitale;San Donato;VIA DEL LAVORO;17;32;;224
1010;2019;San Donato - San Vitale;San Donato;VIA DEL LAVORO;11;20;;
1018;2019;San Donato - San Vitale;San Donato;MICHELINO;21;59;;
1028;2019;San Donato - San Vitale;San Donato;VIA MONDO;38;64;;
1035;2019;San Donato - San Vitale;San Donato;MICHELINO;14;28;;
1043;2019;San Donato - San Vitale;San Donato;VIA MONDO;11;17;;
1053;2019;San Donato - San Vitale;San Donato;MICHELINO;20;33;;
1062;2019;San Donato - San Vitale;San Donato;VIA MONDO;2;3;;
1067;2019;San Donato - San Vitale;San Donato;VIA MONDO;7;10;;
1077;2019;San Donato - San Vitale;San Donato;SAN DONNINO;8;8;;
1097;2019;San Donato - San Vitale;San Donato;PILASTRO;9;13;;
1102;2019;San Donato - San Vitale;San Donato;PILASTRO;1;2;;
1121;2019;San Donato - San Vitale;San Donato;CAAB;8;105;;
1138;2019;Santo Stefano;Colli;OSSERVANZA;31;39;;
1152;2019;Santo Stefano;Colli;OSSERVANZA;11;10;;
1165;2019;Santo Stefano;Colli;SAN MICHELE IN BOSCO;57;71;;
1169;2019;Santo Stefano;Colli;SAN MICHELE IN BOSCO;3;4;;
1173;2019;Santo Stefano;Colli;SAN MICHELE IN BOSCO;4;3;;
1198;2019;Santo Stefano;Colli;PADERNO;2;2;;
1201;2019;Santo Stefano;Colli;PADERNO;1;1;;
1202;2019;Santo Stefano;Colli;PADERNO;2;2;;
1210;2019;Santo Stefano;Galvani;GALVANI-1;50;170;;
1218;2019;Santo Stefano;Galvani;GALVANI-1;158;506;;
1249;2019;Santo Stefano;Galvani;GALVANI-2;37;98;;
1258;2019;Santo Stefano;Galvani;GALVANI-2;18;26;;
1260;2019;Santo Stefano;Galvani;GALVANI-2;25;24;;
1261;2019;Santo Stefano;Galvani;GALVANI-2;57;126;;
1321;2019;Santo Stefano;Murri;MEZZOFANTI;5;5;;
1325;2019;Santo Stefano;Murri;MEZZOFANTI;23;46;;
1333;2019;Santo Stefano;Murri;DAGNINI;16;22;;
1360;2019;Santo Stefano;Murri;MEZZOFANTI;9;11;;
1369;2019;Santo Stefano;Murri;DAGNINI;9;23;;
1377;2019;Santo Stefano;Murri;GIARDINI MARGHERITA;2;26;;73
1380;2019;Santo Stefano;Murri;GIARDINI MARGHERITA;3;12;;
1384;2019;Santo Stefano;Murri;SIEPELUNGA;17;24;;
1396;2019;Santo Stefano;Murri;SIEPELUNGA;1;1;;
1403;2019;Santo Stefano;Murri;SIEPELUNGA;44;75;;
1407;2019;Santo Stefano;Murri;CHIESANUOVA;21;29;;
1417;2019;Santo Stefano;Murri;CHIESANUOVA;1;0;;126
1444;2019;Santo Stefano;Murri;CHIESANUOVA;13;35;;
1455;2019;Santo Stefano;Irnerio;IRNERIO-2;10;230;;
1485;2019;Santo Stefano;Irnerio;IRNERIO-2;17;34;;
1491;2019;Santo Stefano;Irnerio;IRNERIO-1;9;10;;
1506;2019;Santo Stefano;Irnerio;IRNERIO-1;55;151;;
1509;2019;Santo Stefano;Irnerio;IRNERIO-1;4;22;;
1590;2019;San Donato - San Vitale;S. Vitale;CIRENAICA;8;8;;
1623;2019;San Donato - San Vitale;S. Vitale;MENGOLI;2;5;;
1631;2019;San Donato - San Vitale;S. Vitale;MENGOLI;17;24;;
1637;2019;San Donato - San Vitale;S. Vitale;MENGOLI;35;64;;
1639;2019;San Donato - San Vitale;S. Vitale;MENGOLI;11;11;;
1646;2019;San Donato - San Vitale;S. Vitale;MENGOLI;8;18;;50
1747;2019;San Donato - San Vitale;S. Vitale;CROCE DEL BIACCO;32;56;;
1759;2019;San Donato - San Vitale;S. Vitale;CROCE DEL BIACCO;7;9;;
1771;2019;San Donato - San Vitale;S. Vitale;GUELFA;8;12;;
1789;2019;Porto - Saragozza;Costa Saragozza;XXI APRILE;16;45;;126
1851;2019;Porto - Saragozza;Costa Saragozza;XXI APRILE;17;27;;
1878;2019;Porto - Saragozza;Costa Saragozza;STADIO-MELONCELLO;8;22;;
1893;2019;Porto - Saragozza;Costa Saragozza;RAVONE;16;17;;
1904;2019;Porto - Saragozza;Costa Saragozza;SAN GIUSEPPE;7;9;;
1942;2019;Porto - Saragozza;Malpighi;MALPIGHI-2;35;93;;464
1948;2019;Porto - Saragozza;Malpighi;MALPIGHI-2;13;186;;
1974;2019;Porto - Saragozza;Malpighi;MALPIGHI-2;43;58;;
1978;2019;Porto - Saragozza;Malpighi;MALPIGHI-2;29;51;;
19;2019;Borgo Panigale - Reno;Borgo Panigale;VIA DEL VIVAIO;2;2;;
20;2019;Borgo Panigale - Reno;Borgo Panigale;VIA DEL VIVAIO;1;1;;
24;2019;Borgo Panigale - Reno;Borgo Panigale;BARGELLINO;4;546;;
28;2019;Borgo Panigale - Reno;Borgo Panigale;AEROPORTO;8;75;;
52;2019;Borgo Panigale - Reno;Borgo Panigale;VIA DEL VIVAIO;2;2;;
78;2019;Borgo Panigale - Reno;Borgo Panigale;DUCATI-VILLAGGIO INA;24;300;;78
80;2019;Borgo Panigale - Reno;Borgo Panigale;DUCATI-VILLAGGIO INA;1;4;;
88;2019;Borgo Panigale - Reno;Borgo Panigale;BORGO CENTRO;20;164;;
91;2019;Borgo Panigale - Reno;Borgo Panigale;BORGO CENTRO;1;2;;
98;2019;Borgo Panigale - Reno;Borgo Panigale;BORGO CENTRO;20;26;;50
100;2019;Borgo Panigale - Reno;Borgo Panigale;BORGO CENTRO;10;11;;122
112;2019;Borgo Panigale - Reno;Borgo Panigale;BORGO CENTRO;36;60;;
120;2019;Borgo Panigale - Reno;Borgo Panigale;BORGO CENTRO;11;212;;
127;2019;Borgo Panigale - Reno;Borgo Panigale;TRIUMVIRATO-PIETRA;49;412;;117
137;2019;Borgo Panigale - Reno;Borgo Panigale;DUCATI-VILLAGGIO INA;62;1964;;
139;2019;Borgo Panigale - Reno;Borgo Panigale;RIGOSA;14;53;;
146;2019;Borgo Panigale - Reno;Borgo Panigale;TRIUMVIRATO-PIETRA;28;68;;
163;2019;Borgo Panigale - Reno;Borgo Panigale;RIGOSA;1;15;;
169;2019;Borgo Panigale - Reno;Borgo Panigale;CASTELDEBOLE;23;26;;
180;2019;Borgo Panigale - Reno;Borgo Panigale;CASTELDEBOLE;5;4;;
182;2019;Borgo Panigale - Reno;Borgo Panigale;CASTELDEBOLE;22;32;;
189;2019;Borgo Panigale - Reno;Borgo Panigale;RIGOSA;3;3;;
190;2019;Borgo Panigale - Reno;Borgo Panigale;RIGOSA;1;13;;
200;2019;Borgo Panigale - Reno;Borgo Panigale;RIGOSA;5;250;;
212;2019;Navile;Bolognina;CASERME ROSSE-MANIFATTURA;6;8;;
233;2019;Navile;Bolognina;ARCOVEGGIO;6;5;;
264;2019;Navile;Bolognina;ARCOVEGGIO;6;6;;
280;2019;Navile;Bolognina;PIAZZA DELL'UNITA';4;4;;
292;2019;Navile;Bolognina;PIAZZA DELL'UNITA';1;1;;
295;2019;Navile;Bolognina;PIAZZA DELL'UNITA';1;33;;
305;2019;Navile;Bolognina;VIA FERRARESE;24;793;;
306;2019;Navile;Bolognina;VIA FERRARESE;32;46;;
308;2019;Navile;Bolognina;VIA FERRARESE;23;44;;
334;2019;Navile;Bolognina;VIA FERRARESE;35;176;;
354;2019;Navile;Bolognina;PIAZZA DELL'UNITA';6;122;;
359;2019;Navile;Bolognina;PIAZZA DELL'UNITA';22;64;;
363;2019;Navile;Bolognina;PIAZZA DELL'UNITA';7;51;;43
379;2019;Navile;Corticella;SAN SAVINO;12;20;;
397;2019;Navile;Corticella;SAN SAVINO;22;54;;
399;2019;Navile;Corticella;SAN SAVINO;23;45;;
404;2019;Navile;Corticella;SAN SAVINO;28;77;;287
429;2019;Navile;Corticella;SAVENA ABBANDONATO;1;1;;
430;2019;Navile;Corticella;MULINO DEL GOMITO;5;16;;
463;2019;Navile;Corticella;CROCE COPERTA;74;208;;56
473;2019;Navile;Corticella;CROCE COPERTA;3;25;;
483;2019;Navile;Corticella;LA DOZZA;3;4;;
484;2019;Navile;Corticella;LA DOZZA;4;4;;
487;2019;Navile;Corticella;LA DOZZA;2;14;;
503;2019;Navile;Lame;LA NOCE;38;145;;
517;2019;Navile;Lame;LAGHETTI DEL ROSARIO;6;6;;
542;2019;Navile;Lame;TIRO A SEGNO;3;3;;112
545;2019;Navile;Lame;PESCAROLA;10;13;;
556;2019;Navile;Lame;BEVERARA;1;1;;
578;2019;Navile;Lame;BEVERARA;1;1;;
580;2019;Navile;Lame;LAZZARETTO;4;4;;
587;2019;Navile;Lame;LAZZARETTO;15;67;;
591;2019;Navile;Lame;BEVERARA;12;19;;
592;2019;Navile;Lame;BEVERARA;32;227;;
601;2019;Navile;Lame;BEVERARA;5;70;;
615;2019;Porto - Saragozza;Marconi;MARCONI-2;34;69;;
620;2019;Porto - Saragozza;Marconi;MARCONI-2;56;131;;
657;2019;Porto - Saragozza;Marconi;MARCONI-2;79;305;;
664;2019;Porto - Saragozza;Marconi;MARCONI-2;214;444;;
684;2019;Porto - Saragozza;Marconi;MARCONI-1;119;381;;
686;2019;Porto - Saragozza;Marconi;MARCONI-1;35;92;;
719;2019;Porto - Saragozza;Saffi;ZANARDI;53;312;;
722;2019;Porto - Saragozza;Saffi;ZANARDI;2;2;;26
735;2019;Porto - Saragozza;Saffi;VELODROMO;11;20;;
737;2019;Porto - Saragozza;Saffi;VELODROMO;7;17;;36
773;2019;Porto - Saragozza;Saffi;VIA VITTORIO VENETO;16;22;;
780;2019;Porto - Saragozza;Saffi;VIA VITTORIO VENETO;45;82;;
782;2019;Porto - Saragozza;Saffi;VIA VITTORIO VENETO;3;4;;37
787;2019;Borgo Panigale - Reno;Barca;BATTINDARNO;15;251;;
811;2019;Borgo Panigale - Reno;Barca;BATTINDARNO;2;2;;
816;2019;Borgo Panigale - Reno;Barca;BATTINDARNO;13;16;;
852;2019;Borgo Panigale - Reno;Barca;BATTINDARNO;15;19;;75
853;2019;Borgo Panigale - Reno;Barca;BATTINDARNO;25;58;;
863;2019;Borgo Panigale - Reno;Barca;CANALE DI RENO;17;34;;
878;2019;Borgo Panigale - Reno;Barca;CANALE DI RENO;21;31;;
885;2019;Borgo Panigale - Reno;Barca;CANALE DI RENO;3;5;;
925;2019;Borgo Panigale - Reno;S. Viola;EMILIA PONENTE;4;23;;347
926;2019;Borgo Panigale - Reno;S. Viola;EMILIA PONENTE;1;1;;
936;2019;San Donato - San Vitale;San Donato;CADRIANO-CALAMOSCO;1;3;;
956;2019;San Donato - San Vitale;San Donato;CADRIANO-CALAMOSCO;5;13;;
962;2019;San Donato - San Vitale;San Donato;FIERA;20;197;;
995;2019;San Donato - San Vitale;San Donato;VIA DEL LAVORO;47;120;;14
1006;2019;San Donato - San Vitale;San Donato;VIA DEL LAVORO;23;47;;
1011;2019;San Donato - San Vitale;San Donato;MICHELINO;18;231;;
1015;2019;San Donato - San Vitale;San Donato;MICHELINO;15;17;;
1032;2019;San Donato - San Vitale;San Donato;VIA MONDO;33;61;;
1036;2019;San Donato - San Vitale;San Donato;MICHELINO;12;20;;
1050;2019;San Donato - San Vitale;San Donato;VIA MONDO;2;467;;
1054;2019;San Donato - San Vitale;San Donato;MICHELINO;5;5;;
1081;2019;San Donato - San Vitale;San Donato;SAN DONNINO;37;55;;211
1082;2019;San Donato - San Vitale;San Donato;SAN DONNINO;7;7;;
1100;2019;San Donato - San Vitale;San Donato;PILASTRO;1;1;;57
1115;2019;San Donato - San Vitale;San Donato;CAAB;11;97;;
1134;2019;Santo Stefano;Colli;PADERNO;3;3;;
1140;2019;Santo Stefano;Colli;OSSERVANZA;6;7;;
1144;2019;Santo Stefano;Colli;OSSERVANZA;21;44;;
1147;2019;Santo Stefano;Colli;OSSERVANZA;11;14;;
1170;2019;Santo Stefano;Colli;SAN MICHELE IN BOSCO;42;158;;61
1181;2019;Santo Stefano;Colli;PADERNO;11;10;;
1186;2019;Santo Stefano;Colli;PADERNO;1;15;;
1191;2019;Santo Stefano;Colli;PADERNO;2;2;;
1197;2019;Santo Stefano;Colli;PADERNO;1;1;;
1208;2019;Santo Stefano;Galvani;GALVANI-1;6;65;;
1212;2019;Santo Stefano;Galvani;GALVANI-1;47;272;;
1213;2019;Santo Stefano;Galvani;GALVANI-1;92;392;;
1230;2019;Santo Stefano;Galvani;GALVANI-1;49;131;;
1232;2019;Santo Stefano;Galvani;GALVANI-2;67;125;;24
1236;2019;Santo Stefano;Galvani;GALVANI-2;27;38;;
1243;2019;Santo Stefano;Galvani;GALVANI-2;15;30;;
1246;2019;Santo Stefano;Galvani;GALVANI-2;44;55;;
1274;2019;Santo Stefano;Galvani;GALVANI-2;102;143;;
1280;2019;Santo Stefano;Galvani;GALVANI-2;35;45;;
1295;2019;Santo Stefano;Galvani;GALVANI-2;30;62;;73
1335;2019;Santo Stefano;Murri;DAGNINI;6;8;;
1341;2019;Santo Stefano;Murri;MEZZOFANTI;19;23;;
1351;2019;Santo Stefano;Murri;DAGNINI;5;5;;
1359;2019;Santo Stefano;Murri;MEZZOFANTI;1;1;;60
1359;2019;Santo Stefano;Murri;MEZZOFANTI;1;1;;135
1364;2019;Santo Stefano;Murri;DAGNINI;19;26;;
1366;2019;Santo Stefano;Murri;DAGNINI;18;32;;
1376;2019;Santo Stefano;Murri;DAGNINI;3;5;;
1379;2019;Santo Stefano;Murri;SIEPELUNGA;18;26;;
1391;2019;Santo Stefano;Murri;SIEPELUNGA;66;136;;
1393;2019;Santo Stefano;Murri;SIEPELUNGA;11;11;;
1394;2019;Santo Stefano;Murri;SIEPELUNGA;11;18;;
1395;2019;Santo Stefano;Murri;SIEPELUNGA;4;4;;
1398;2019;Santo Stefano;Murri;SIEPELUNGA;31;40;;
1405;2019;Santo Stefano;Murri;SIEPELUNGA;7;6;;
1406;2019;Santo Stefano;Murri;SIEPELUNGA;10;10;;
1411;2019;Santo Stefano;Murri;CHIESANUOVA;5;5;;
1413;2019;Santo Stefano;Murri;CHIESANUOVA;45;61;;
1417;2019;Santo Stefano;Murri;CHIESANUOVA;1;0;;90
1422;2019;Santo Stefano;Murri;CHIESANUOVA;17;28;;
1424;2019;Santo Stefano;Murri;CHIESANUOVA;24;38;;
1443;2019;Santo Stefano;Murri;CHIESANUOVA;11;12;;
1446;2019;Santo Stefano;Murri;CHIESANUOVA;27;104;;
1451;2019;Santo Stefano;Irnerio;IRNERIO-2;10;44;;
1452;2019;Santo Stefano;Irnerio;IRNERIO-2;9;23;;50
1460;2019;Santo Stefano;Irnerio;IRNERIO-2;35;391;;172
1466;2019;Santo Stefano;Irnerio;IRNERIO-2;41;192;;
1481;2019;Santo Stefano;Irnerio;IRNERIO-2;44;78;;
1498;2019;Santo Stefano;Irnerio;IRNERIO-2;16;38;;
1500;2019;Santo Stefano;Irnerio;IRNERIO-2;1;1;;
1501;2019;Santo Stefano;Irnerio;IRNERIO-2;24;50;;
1507;2019;Santo Stefano;Irnerio;IRNERIO-1;15;46;;
1514;2019;Santo Stefano;Irnerio;IRNERIO-1;8;19;;
1519;2019;Santo Stefano;Irnerio;IRNERIO-1;51;113;;
1566;2019;San Donato - San Vitale;S. Vitale;CIRENAICA;15;201;;
1574;2019;San Donato - San Vitale;S. Vitale;CIRENAICA;30;232;;
1575;2019;San Donato - San Vitale;S. Vitale;CIRENAICA;1;1;;
1576;2019;San Donato - San Vitale;S. Vitale;CIRENAICA;18;31;;
1589;2019;San Donato - San Vitale;S. Vitale;CIRENAICA;15;20;;
1603;2019;San Donato - San Vitale;S. Vitale;CIRENAICA;35;219;;65
1607;2019;San Donato - San Vitale;S. Vitale;CIRENAICA;19;18;;379
1608;2019;San Donato - San Vitale;S. Vitale;CIRENAICA;9;13;;
1630;2019;San Donato - San Vitale;S. Vitale;MENGOLI;10;21;;63
1632;2019;San Donato - San Vitale;S. Vitale;MENGOLI;38;60;;
1633;2019;San Donato - San Vitale;S. Vitale;MENGOLI;21;35;;
1649;2019;San Donato - San Vitale;S. Vitale;MENGOLI;13;12;;
1651;2019;San Donato - San Vitale;S. Vitale;MENGOLI;21;30;;
1656;2019;San Donato - San Vitale;S. Vitale;MENGOLI;42;77;;
1658;2019;San Donato - San Vitale;S. Vitale;MENGOLI;39;100;;
1679;2019;San Donato - San Vitale;S. Vitale;SCANDELLARA;5;5;;23
1680;2019;San Donato - San Vitale;S. Vitale;SCANDELLARA;2;9;;
1687;2019;San Donato - San Vitale;S. Vitale;VIA LARGA;57;90;;
1712;2019;San Donato - San Vitale;S. Vitale;ROVERI;6;43;;
1719;2019;San Donato - San Vitale;S. Vitale;ROVERI;41;468;;
1726;2019;San Donato - San Vitale;S. Vitale;GUELFA;14;25;;
1734;2019;San Donato - San Vitale;S. Vitale;ROVERI;26;185;;
1748;2019;San Donato - San Vitale;S. Vitale;CROCE DEL BIACCO;15;46;;
1750;2019;San Donato - San Vitale;S. Vitale;CROCE DEL BIACCO;22;45;;
1753;2019;San Donato - San Vitale;S. Vitale;CROCE DEL BIACCO;4;11;;
1755;2019;San Donato - San Vitale;S. Vitale;STRADELLI GUELFI;4;7;;
1757;2019;San Donato - San Vitale;S. Vitale;CROCE DEL BIACCO;8;9;;
1791;2019;Porto - Saragozza;Costa Saragozza;XXI APRILE;17;43;;
1800;2019;Porto - Saragozza;Costa Saragozza;XXI APRILE;21;33;;
1805;2019;Porto - Saragozza;Costa Saragozza;XXI APRILE;25;39;;
1807;2019;Porto - Saragozza;Costa Saragozza;SAN GIUSEPPE;1;1;;
1819;2019;Porto - Saragozza;Costa Saragozza;STADIO-MELONCELLO;2;13;;
1822;2019;Porto - Saragozza;Costa Saragozza;XXI APRILE;18;283;;97
1837;2019;Porto - Saragozza;Costa Saragozza;XXI APRILE;27;38;;62
1845;2019;Porto - Saragozza;Costa Saragozza;XXI APRILE;27;36;;
1847;2019;Porto - Saragozza;Costa Saragozza;XXI APRILE;13;17;;
1848;2019;Porto - Saragozza;Costa Saragozza;XXI APRILE;9;9;;
1853;2019;Porto - Saragozza;Costa Saragozza;XXI APRILE;26;31;;
1859;2019;Porto - Saragozza;Costa Saragozza;XXI APRILE;30;47;;
1864;2019;Porto - Saragozza;Costa Saragozza;SAN GIUSEPPE;4;3;;
1879;2019;Porto - Saragozza;Costa Saragozza;STADIO-MELONCELLO;4;4;;
1882;2019;Porto - Saragozza;Costa Saragozza;SAN LUCA;8;7;;
1883;2019;Porto - Saragozza;Costa Saragozza;SAN LUCA;4;7;;
1896;2019;Porto - Saragozza;Costa Saragozza;RAVONE;6;25;;
1900;2019;Porto - Saragozza;Costa Saragozza;SAN GIUSEPPE;1;1;;
1918;2019;Porto - Saragozza;Costa Saragozza;SAN LUCA;1;2;;
1921;2019;Porto - Saragozza;Costa Saragozza;SAN LUCA;2;2;;
1931;2019;Porto - Saragozza;Malpighi;MALPIGHI-2;6;18;;
1932;2019;Porto - Saragozza;Malpighi;MALPIGHI-2;59;92;;
1940;2019;Porto - Saragozza;Malpighi;MALPIGHI-2;90;151;;
1946;2019;Porto - Saragozza;Malpighi;MALPIGHI-2;25;65;;
1949;2019;Porto - Saragozza;Malpighi;MALPIGHI-1;130;473;;
1951;2019;Porto - Saragozza;Malpighi;MALPIGHI-1;95;243;;
1956;2019;Porto - Saragozza;Malpighi;MALPIGHI-1;55;98;;
1957;2019;Porto - Saragozza;Malpighi;MALPIGHI-1;4;10;;
1961;2019;Porto - Saragozza;Malpighi;MALPIGHI-1;2;3;;
1968;2019;Porto - Saragozza;Malpighi;MALPIGHI-1;52;73;;
1970;2019;Porto - Saragozza;Malpighi;MALPIGHI-1;21;42;;
1980;2019;Porto - Saragozza;Malpighi;MALPIGHI-2;57;88;;42
1990;2019;Porto - Saragozza;Malpighi;MALPIGHI-2;15;23;;
1994;2019;Porto - Saragozza;Malpighi;MALPIGHI-2;15;15;;11
1995;2019;Porto - Saragozza;Malpighi;MALPIGHI-2;12;13;;40
1995;2019;Porto - Saragozza;Malpighi;MALPIGHI-2;12;13;;59
1996;2019;Porto - Saragozza;Malpighi;MALPIGHI-2;1;7;;
2000;2019;Porto - Saragozza;Malpighi;MALPIGHI-2;46;127;;89
2002;2019;Savena;Mazzini;FOSSOLO;11;12;;
2010;2019;Savena;Mazzini;FOSSOLO;17;18;;
1986;2019;Porto - Saragozza;Malpighi;MALPIGHI-2;38;62;;
1988;2019;Porto - Saragozza;Malpighi;MALPIGHI-2;97;226;;
1991;2019;Porto - Saragozza;Malpighi;MALPIGHI-2;129;202;;
1997;2019;Porto - Saragozza;Malpighi;MALPIGHI-2;21;32;;
2000;2019;Porto - Saragozza;Malpighi;MALPIGHI-2;46;127;;40
2001;2019;Savena;Mazzini;FOSSOLO;2;6;;855
2006;2019;Savena;Mazzini;FOSSOLO;17;17;;
2015;2019;Savena;Mazzini;FOSSOLO;22;24;;
2019;2019;Savena;Mazzini;DUE MADONNE;1;1;;
2041;2019;Savena;Mazzini;DUE MADONNE;19;68;;
2047;2019;Savena;Mazzini;DUE MADONNE;12;12;;40
2050;2019;Savena;Mazzini;DUE MADONNE;10;15;;
2051;2019;Savena;Mazzini;LUNGO SAVENA;4;4;;
2055;2019;Savena;Mazzini;PONTEVECCHIO;5;5;;
2058;2019;Savena;Mazzini;PONTEVECCHIO;11;20;;
2070;2019;Savena;Mazzini;BITONE;36;59;;
2085;2019;Savena;Mazzini;BITONE;15;25;;
2091;2019;Savena;Mazzini;BITONE;13;17;;
2100;2019;Savena;Mazzini;BITONE;23;36;;
2109;2019;Savena;Mazzini;BITONE;1;1;;
2112;2019;Savena;Mazzini;BITONE;8;12;;
2117;2019;Savena;Mazzini;BITONE;5;4;;
2125;2019;Savena;Mazzini;VIA ARNO;1;5;;
2128;2019;Savena;Mazzini;VIA ARNO;42;88;;
2138;2019;Savena;Mazzini;VIA ARNO;11;21;;
2155;2019;Savena;Mazzini;VIA ARNO;13;146;;42
2163;2019;Savena;S. Ruffillo;VIA TOSCANA;5;5;;
2167;2019;Savena;S. Ruffillo;VIA TOSCANA;2;2;;
2211;2019;Savena;S. Ruffillo;VIA TOSCANA;12;16;;
2228;2019;Savena;S. Ruffillo;VIA TOSCANA;15;20;;
2236;2019;Savena;S. Ruffillo;VIA TOSCANA;2;2;;
2263;2019;Savena;S. Ruffillo;CORELLI;26;118;;166
2274;2019;Savena;S. Ruffillo;CORELLI;2;2;;
2277;2019;Savena;S. Ruffillo;CORELLI;9;16;;
2289;2019;Savena;S. Ruffillo;MONTE DONATO;7;7;;
2291;2019;Savena;S. Ruffillo;MONTE DONATO;2;3;;
2297;2019;Savena;S. Ruffillo;VIA TOSCANA;4;12;;
2326;2019;Navile;Lame;LA NOCE;20;22;;
2074;2019;Savena;Mazzini;BITONE;3;3;;
2082;2019;Savena;Mazzini;BITONE;8;14;;
2096;2019;Savena;Mazzini;BITONE;21;46;;
2107;2019;Savena;Mazzini;BITONE;8;23;;
2129;2019;Savena;Mazzini;VIA ARNO;22;25;;
2131;2019;Savena;Mazzini;VIA ARNO;13;14;;
2141;2019;Savena;Mazzini;CAVEDONE;2;48;;
2142;2019;Savena;Mazzini;CAVEDONE;7;7;;
2148;2019;Savena;Mazzini;CAVEDONE;16;16;;
2155;2019;Savena;Mazzini;VIA ARNO;13;146;;74
2188;2019;Savena;S. Ruffillo;VIA TOSCANA;1;1;;
2205;2019;Savena;S. Ruffillo;VIA TOSCANA;62;180;;
2215;2019;Savena;S. Ruffillo;VIA TOSCANA;6;11;;
2219;2019;Savena;S. Ruffillo;VIA TOSCANA;8;14;;
2224;2019;Savena;S. Ruffillo;VIA TOSCANA;17;38;;
2251;2019;Savena;S. Ruffillo;CORELLI;2;2;;
2275;2019;Savena;S. Ruffillo;CORELLI;7;8;;
2318;2019;Savena;S. Ruffillo;PONTE SAVENA-LA BASTIA;9;16;;
10;2017;Borgo Panigale - Reno;Borgo Panigale;VIA DEL VIVAIO;2;13;;
14;2017;Borgo Panigale - Reno;Borgo Panigale;VIA DEL VIVAIO;2;2;;
51;2017;Borgo Panigale - Reno;Borgo Panigale;VIA DEL VIVAIO;1;1;;
52;2017;Borgo Panigale - Reno;Borgo Panigale;VIA DEL VIVAIO;2;1;;
76;2017;Borgo Panigale - Reno;Borgo Panigale;DUCATI-VILLAGGIO INA;4;10;;
92;2017;Borgo Panigale - Reno;Borgo Panigale;BORGO CENTRO;1;6;;
107;2017;Borgo Panigale - Reno;Borgo Panigale;BORGO CENTRO;29;60;;
177;2017;Borgo Panigale - Reno;Borgo Panigale;CASTELDEBOLE;19;30;;
185;2017;Borgo Panigale - Reno;Borgo Panigale;RIGOSA;3;3;;
205;2017;Navile;Bolognina;CASERME ROSSE-MANIFATTURA;21;23;;
224;2017;Navile;Bolognina;CNR;8;57;407;
229;2017;Navile;Bolognina;ARCOVEGGIO;17;251;;
245;2017;Navile;Bolognina;ARCOVEGGIO;4;13;7;
255;2017;Navile;Bolognina;ARCOVEGGIO;24;52;;
268;2017;Navile;Bolognina;ARCOVEGGIO;20;31;;
279;2017;Navile;Bolognina;PIAZZA DELL'UNITA';11;15;;
291;2017;Navile;Bolognina;PIAZZA DELL'UNITA';11;22;;
318;2017;Navile;Bolognina;VIA FERRARESE;24;39;;
343;2017;Navile;Bolognina;PIAZZA DELL'UNITA';4;10;62;
358;2017;Navile;Bolognina;PIAZZA DELL'UNITA';33;54;;
375;2017;Navile;Corticella;SAN SAVINO;4;7;;
397;2017;Navile;Corticella;SAN SAVINO;23;42;;
403;2017;Navile;Corticella;SAN SAVINO;14;20;;
539;2017;Navile;Lame;PESCAROLA;15;19;;
558;2017;Navile;Lame;BEVERARA;19;284;;
576;2017;Navile;Lame;BEVERARA;8;9;;
577;2017;Navile;Lame;BEVERARA;7;8;13;
583;2017;Navile;Lame;LAZZARETTO;1;13;;
647;2017;Porto - Saragozza;Marconi;MARCONI-2;43;85;;
698;2017;Porto - Saragozza;Marconi;MARCONI-1;51;69;;
727;2017;Porto - Saragozza;Saffi;ZANARDI;16;62;;
754;2017;Porto - Saragozza;Saffi;VELODROMO;14;25;;
776;2017;Porto - Saragozza;Saffi;VIA VITTORIO VENETO;12;20;;
779;2017;Porto - Saragozza;Saffi;VIA VITTORIO VENETO;25;32;;
813;2017;Borgo Panigale - Reno;Barca;BATTINDARNO;9;12;;
816;2017;Borgo Panigale - Reno;Barca;BATTINDARNO;16;273;;
836;2017;Borgo Panigale - Reno;Barca;VILLAGGIO DELLA BARCA;1;1;;
838;2017;Borgo Panigale - Reno;Barca;VILLAGGIO DELLA BARCA;3;7;;
946;2017;San Donato - San Vitale;San Donato;CADRIANO-CALAMOSCO;1;7;;
960;2017;San Donato - San Vitale;San Donato;FIERA;20;54;;
996;2017;San Donato - San Vitale;San Donato;VIA DEL LAVORO;1;2;;
1007;2017;San Donato - San Vitale;San Donato;VIA DEL LAVORO;7;10;;
1040;2017;San Donato - San Vitale;San Donato;VIA MONDO;2;2;;
1056;2017;San Donato - San Vitale;San Donato;VIA MONDO;21;31;;
1093;2017;San Donato - San Vitale;San Donato;PILASTRO;6;8;;
1095;2017;San Donato - San Vitale;San Donato;PILASTRO;1;3;;
1143;2017;Santo Stefano;Colli;OSSERVANZA;25;29;;
1166;2017;Santo Stefano;Colli;SAN MICHELE IN BOSCO;13;78;;
1172;2017;Santo Stefano;Colli;SAN MICHELE IN BOSCO;13;12;;
1182;2017;Santo Stefano;Colli;PADERNO;1;1;;
1209;2017;Santo Stefano;Galvani;GALVANI-1;32;89;;
1213;2017;Santo Stefano;Galvani;GALVANI-1;145;457;;
1261;2017;Santo Stefano;Galvani;GALVANI-2;58;128;;
1271;2017;Santo Stefano;Galvani;GALVANI-2;27;43;208;
1277;2017;Santo Stefano;Galvani;GALVANI-2;30;58;;
1284;2017;Santo Stefano;Galvani;GALVANI-2;41;54;;
1294;2017;Santo Stefano;Galvani;GALVANI-2;45;80;;
1311;2017;Santo Stefano;Murri;DAGNINI;33;51;;
1313;2017;Santo Stefano;Murri;DAGNINI;29;53;;
1331;2017;Santo Stefano;Murri;DAGNINI;30;44;;
1337;2017;Santo Stefano;Murri;MEZZOFANTI;87;155;;
1339;2017;Santo Stefano;Murri;MEZZOFANTI;100;155;;
1403;2017;Santo Stefano;Murri;SIEPELUNGA;42;78;;
1405;2017;Santo Stefano;Murri;SIEPELUNGA;4;5;;
1436;2017;Santo Stefano;Murri;CHIESANUOVA;4;4;;
1439;2017;Santo Stefano;Murri;CHIESANUOVA;5;7;;
1451;2017;Santo Stefano;Irnerio;IRNERIO-2;11;28;;
1473;2017;Santo Stefano;Irnerio;IRNERIO-2;24;112;;
1474;2017;Santo Stefano;Irnerio;IRNERIO-2;24;28;;
1488;2017;Santo Stefano;Irnerio;IRNERIO-1;9;14;;
1525;2017;Santo Stefano;Irnerio;IRNERIO-1;53;183;;
1528;2017;Santo Stefano;Irnerio;IRNERIO-2;23;69;;
1534;2017;Santo Stefano;Irnerio;IRNERIO-2;30;43;;
1561;2017;San Donato - San Vitale;S. Vitale;CIRENAICA;64;215;;
1583;2017;San Donato - San Vitale;S. Vitale;CIRENAICA;35;40;;
1602;2017;San Donato - San Vitale;S. Vitale;CIRENAICA;4;18;;
1605;2017;San Donato - San Vitale;S. Vitale;CIRENAICA;16;202;;
1640;2017;San Donato - San Vitale;S. Vitale;MENGOLI;12;23;;
1642;2017;San Donato - San Vitale;S. Vitale;MENGOLI;17;18;;
1665;2017;San Donato - San Vitale;S. Vitale;SCANDELLARA;1;4;;
1681;2017;San Donato - San Vitale;S. Vitale;SCANDELLARA;7;10;;
1706;2017;San Donato - San Vitale;S. Vitale;ROVERI;12;47;;
1707;2017;San Donato - San Vitale;S. Vitale;ROVERI;2;58;;
1718;2017;San Donato - San Vitale;S. Vitale;ROVERI;9;58;;
1735;2017;San Donato - San Vitale;S. Vitale;ROVERI;3;9;;
1761;2017;San Donato - San Vitale;S. Vitale;STRADELLI GUELFI;3;19;;
1772;2017;San Donato - San Vitale;S. Vitale;GUELFA;23;36;26;
1791;2017;Porto - Saragozza;Costa Saragozza;XXI APRILE;18;37;;
1813;2017;Porto - Saragozza;Costa Saragozza;STADIO-MELONCELLO;6;10;;
1892;2017;Porto - Saragozza;Costa Saragozza;RAVONE;1;0;;
1897;2017;Porto - Saragozza;Costa Saragozza;RAVONE;3;3;;
1912;2017;Porto - Saragozza;Costa Saragozza;VIA DEL GENIO;1;0;;
1942;2017;Porto - Saragozza;Malpighi;MALPIGHI-2;38;65;;
1947;2017;Porto - Saragozza;Malpighi;MALPIGHI-2;19;59;;
1975;2017;Porto - Saragozza;Malpighi;MALPIGHI-2;79;138;227;
1978;2017;Porto - Saragozza;Malpighi;MALPIGHI-2;27;48;;
1998;2017;Porto - Saragozza;Malpighi;MALPIGHI-2;31;61;;
2000;2017;Porto - Saragozza;Malpighi;MALPIGHI-2;48;129;;
2009;2017;Savena;Mazzini;FOSSOLO;15;19;19;
2013;2017;Savena;Mazzini;FOSSOLO;26;34;;
2026;2017;Savena;Mazzini;PONTEVECCHIO;3;3;80;
2027;2017;Savena;Mazzini;PONTEVECCHIO;16;25;;
2039;2017;Savena;Mazzini;DUE MADONNE;14;16;;
2049;2017;Savena;Mazzini;DUE MADONNE;1;1;;
2054;2017;Savena;Mazzini;PONTEVECCHIO;40;78;;
2080;2017;Savena;Mazzini;BITONE;24;38;;
2082;2017;Savena;Mazzini;BITONE;8;9;;
2092;2017;Savena;Mazzini;BITONE;41;92;;
2097;2017;Savena;Mazzini;BITONE;13;28;;
2124;2017;Savena;Mazzini;VIA ARNO;7;9;;
2167;2017;Savena;S. Ruffillo;VIA TOSCANA;2;3;;
6;2018;Borgo Panigale - Reno;Borgo Panigale;VIA DEL VIVAIO;2;10;;
7;2018;Borgo Panigale - Reno;Borgo Panigale;VIA DEL VIVAIO;1;1;;
8;2018;Borgo Panigale - Reno;Borgo Panigale;VIA DEL VIVAIO;3;2;;
14;2018;Borgo Panigale - Reno;Borgo Panigale;VIA DEL VIVAIO;2;2;;
21;2018;Borgo Panigale - Reno;Borgo Panigale;VIA DEL VIVAIO;5;5;;
28;2018;Borgo Panigale - Reno;Borgo Panigale;AEROPORTO;5;34;;
39;2018;Borgo Panigale - Reno;Borgo Panigale;AEROPORTO;10;19;;
53;2018;Borgo Panigale - Reno;Borgo Panigale;VIA DEL VIVAIO;2;2;;
65;2018;Borgo Panigale - Reno;Borgo Panigale;LA BIRRA;7;27;;
79;2018;Borgo Panigale - Reno;Borgo Panigale;DUCATI-VILLAGGIO INA;31;49;;
81;2018;Borgo Panigale - Reno;Borgo Panigale;DUCATI-VILLAGGIO INA;11;15;;
91;2018;Borgo Panigale - Reno;Borgo Panigale;BORGO CENTRO;1;2;;
99;2018;Borgo Panigale - Reno;Borgo Panigale;BORGO CENTRO;6;9;;
122;2018;Borgo Panigale - Reno;Borgo Panigale;BORGO CENTRO;4;3;;
135;2018;Borgo Panigale - Reno;Borgo Panigale;RIGOSA;1;1;;
136;2018;Borgo Panigale - Reno;Borgo Panigale;DUCATI-VILLAGGIO INA;18;326;;
143;2018;Borgo Panigale - Reno;Borgo Panigale;BORGO CENTRO;54;359;;
146;2018;Borgo Panigale - Reno;Borgo Panigale;TRIUMVIRATO-PIETRA;32;74;;
152;2018;Borgo Panigale - Reno;Borgo Panigale;TRIUMVIRATO-PIETRA;5;7;;
203;2018;Borgo Panigale - Reno;Borgo Panigale;CASTELDEBOLE;8;11;;
238;2018;Navile;Bolognina;ARCOVEGGIO;10;12;;
240;2018;Navile;Bolognina;ARCOVEGGIO;6;27;;
247;2018;Navile;Bolognina;ARCOVEGGIO;24;36;;
261;2018;Navile;Bolognina;ARCOVEGGIO;17;32;;
273;2018;Navile;Bolognina;PIAZZA DELL'UNITA';6;6;;
278;2018;Navile;Bolognina;PIAZZA DELL'UNITA';11;18;;
290;2018;Navile;Bolognina;PIAZZA DELL'UNITA';36;73;;
293;2018;Navile;Bolognina;PIAZZA DELL'UNITA';11;30;;
294;2018;Navile;Bolognina;PIAZZA DELL'UNITA';6;23;;
295;2018;Navile;Bolognina;PIAZZA DELL'UNITA';1;32;;
296;2018;Navile;Bolognina;PIAZZA DELL'UNITA';37;184;;
300;2018;Navile;Bolognina;VIA FERRARESE;8;16;;
305;2018;Navile;Bolognina;VIA FERRARESE;20;192;;
315;2018;Navile;Bolognina;VIA FERRARESE;12;12;;
333;2018;Navile;Bolognina;VIA FERRARESE;44;62;;
358;2018;Navile;Bolognina;PIAZZA DELL'UNITA';35;57;;
373;2018;Navile;Corticella;SAVENA ABBANDONATO;2;53;;
375;2018;Navile;Corticella;SAN SAVINO;3;6;;
394;2018;Navile;Corticella;SAN SAVINO;10;19;;
444;2018;Navile;Corticella;CROCE COPERTA;18;23;;
452;2018;Navile;Corticella;CROCE COPERTA;36;143;;
454;2018;Navile;Corticella;CROCE COPERTA;13;54;;
466;2018;Navile;Corticella;CROCE COPERTA;14;57;;
484;2018;Navile;Corticella;LA DOZZA;4;4;;
491;2018;Navile;Corticella;SAVENA ABBANDONATO;2;4;;
493;2018;Navile;Lame;LAGHETTI DEL ROSARIO;3;3;;
495;2018;Navile;Lame;LAGHETTI DEL ROSARIO;4;4;;
500;2018;Navile;Lame;LA NOCE;6;13;;
503;2018;Navile;Lame;LA NOCE;39;145;;
522;2018;Navile;Lame;LAGHETTI DEL ROSARIO;1;3;;
543;2018;Navile;Lame;PESCAROLA;44;99;;
559;2018;Navile;Lame;BEVERARA;6;9;;
564;2018;Navile;Lame;BEVERARA;8;53;;
571;2018;Navile;Lame;BEVERARA;21;58;;
573;2018;Navile;Lame;BEVERARA;22;36;;
577;2018;Navile;Lame;BEVERARA;7;7;;
600;2018;Navile;Lame;LAZZARETTO;6;763;;
637;2018;Porto - Saragozza;Marconi;MARCONI-2;101;186;;
645;2018;Porto - Saragozza;Marconi;MARCONI-2;61;295;;
647;2018;Porto - Saragozza;Marconi;MARCONI-2;43;80;;
656;2018;Porto - Saragozza;Marconi;MARCONI-2;31;69;;
659;2018;Porto - Saragozza;Marconi;MARCONI-2;2;6;;
665;2018;Porto - Saragozza;Marconi;MARCONI-2;38;116;;
667;2018;Porto - Saragozza;Marconi;MARCONI-2;110;381;;
677;2018;Porto - Saragozza;Marconi;MARCONI-1;68;245;;
679;2018;Porto - Saragozza;Marconi;MARCONI-1;36;78;;
692;2018;Porto - Saragozza;Marconi;MARCONI-1;99;172;;
697;2018;Porto - Saragozza;Marconi;MARCONI-1;77;463;;
698;2018;Porto - Saragozza;Marconi;MARCONI-1;46;65;;
700;2018;Porto - Saragozza;Saffi;PRATI DI CAPRARA-OSPEDALE MAGGIORE;3;140;;
707;2018;Porto - Saragozza;Saffi;ZANARDI;29;65;;
712;2018;Porto - Saragozza;Saffi;ZANARDI;7;9;;
714;2018;Porto - Saragozza;Saffi;ZANARDI;59;148;;
739;2018;Porto - Saragozza;Saffi;VELODROMO;15;43;;
740;2018;Porto - Saragozza;Saffi;VELODROMO;8;37;;
748;2018;Porto - Saragozza;Saffi;VELODROMO;13;35;;
754;2018;Porto - Saragozza;Saffi;VELODROMO;14;23;;
760;2018;Porto - Saragozza;Saffi;VIA VITTORIO VENETO;25;62;;
764;2018;Porto - Saragozza;Saffi;VIA VITTORIO VENETO;43;118;;
771;2018;Porto - Saragozza;Saffi;VIA VITTORIO VENETO;17;20;;
778;2018;Porto - Saragozza;Saffi;VIA VITTORIO VENETO;16;18;;
779;2018;Porto - Saragozza;Saffi;VIA VITTORIO VENETO;27;33;;
781;2018;Porto - Saragozza;Saffi;VIA VITTORIO VENETO;11;24;;
801;2018;Borgo Panigale - Reno;Barca;BATTINDARNO;10;10;;
815;2018;Borgo Panigale - Reno;Barca;BATTINDARNO;18;21;;
819;2018;Borgo Panigale - Reno;Barca;VILLAGGIO DELLA BARCA;8;15;;
837;2018;Borgo Panigale - Reno;Barca;VILLAGGIO DELLA BARCA;3;3;;
852;2018;Borgo Panigale - Reno;Barca;BATTINDARNO;12;14;;
874;2018;Borgo Panigale - Reno;Barca;CANALE DI RENO;11;43;;
875;2018;Borgo Panigale - Reno;Barca;CANALE DI RENO;10;9;;
876;2018;Borgo Panigale - Reno;Barca;CANALE DI RENO;4;6;;
880;2018;Borgo Panigale - Reno;Barca;CANALE DI RENO;10;21;;
887;2018;Borgo Panigale - Reno;Barca;CANALE DI RENO;7;14;;
927;2018;Borgo Panigale - Reno;S. Viola;EMILIA PONENTE;15;14;;
964;2018;San Donato - San Vitale;San Donato;FIERA;3;41;;
973;2018;San Donato - San Vitale;San Donato;FIERA;16;30;;
977;2018;San Donato - San Vitale;San Donato;FIERA;8;55;;
987;2018;San Donato - San Vitale;San Donato;VIA DEL LAVORO;5;9;;
1000;2018;San Donato - San Vitale;San Donato;VIA DEL LAVORO;12;12;;
1005;2018;San Donato - San Vitale;San Donato;VIA DEL LAVORO;32;48;;
1011;2018;San Donato - San Vitale;San Donato;MICHELINO;19;216;;
1022;2018;San Donato - San Vitale;San Donato;MICHELINO;5;6;;
1032;2018;San Donato - San Vitale;San Donato;VIA MONDO;28;53;;
1041;2018;San Donato - San Vitale;San Donato;VIA MONDO;46;101;;
1043;2018;San Donato - San Vitale;San Donato;VIA MONDO;10;14;;
1050;2018;San Donato - San Vitale;San Donato;VIA MONDO;2;35;;
1062;2018;San Donato - San Vitale;San Donato;VIA MONDO;2;3;;
1087;2018;San Donato - San Vitale;San Donato;PILASTRO;1;1;;
1091;2018;San Donato - San Vitale;San Donato;PILASTRO;4;4;;
1104;2018;San Donato - San Vitale;San Donato;PILASTRO;10;17;;
1143;2018;Santo Stefano;Colli;OSSERVANZA;22;22;;
1158;2018;Santo Stefano;Colli;PADERNO;6;9;;
1170;2018;Santo Stefano;Colli;SAN MICHELE IN BOSCO;42;156;;
1178;2018;Santo Stefano;Colli;PADERNO;2;2;;
1205;2018;Santo Stefano;Colli;PADERNO;4;4;;
1207;2018;Santo Stefano;Colli;PADERNO;7;9;;
1216;2018;Santo Stefano;Galvani;GALVANI-1;90;278;;
1219;2018;Santo Stefano;Galvani;GALVANI-1;50;225;;
1277;2018;Santo Stefano;Galvani;GALVANI-2;32;73;;
1307;2018;Santo Stefano;Murri;MEZZOFANTI;64;137;;
1309;2018;Santo Stefano;Murri;MEZZOFANTI;14;19;;
1323;2018;Santo Stefano;Murri;MEZZOFANTI;28;62;;
1333;2018;Santo Stefano;Murri;DAGNINI;19;24;;
1334;2018;Santo Stefano;Murri;DAGNINI;19;53;;
1347;2018;Santo Stefano;Murri;DAGNINI;22;28;;
1362;2018;Santo Stefano;Murri;DAGNINI;3;3;;
1377;2018;Santo Stefano;Murri;GIARDINI MARGHERITA;2;24;;
1378;2018;Santo Stefano;Murri;SIEPELUNGA;42;60;;
1387;2018;Santo Stefano;Murri;SIEPELUNGA;9;21;;
1400;2018;Santo Stefano;Murri;SIEPELUNGA;7;9;;
1419;2018;Santo Stefano;Murri;CHIESANUOVA;23;34;;
1430;2018;Santo Stefano;Murri;CHIESANUOVA;26;44;;
1455;2018;Santo Stefano;Irnerio;IRNERIO-2;11;270;;
1465;2018;Santo Stefano;Irnerio;IRNERIO-2;59;128;;
1467;2018;Santo Stefano;Irnerio;IRNERIO-2;31;215;;
1482;2018;Santo Stefano;Irnerio;IRNERIO-2;29;61;;
1488;2018;Santo Stefano;Irnerio;IRNERIO-1;8;13;;
1495;2018;Santo Stefano;Irnerio;IRNERIO-1;2;10;;
1509;2018;Santo Stefano;Irnerio;IRNERIO-1;2;17;;
1523;2018;Santo Stefano;Irnerio;IRNERIO-1;15;32;;
1524;2018;Santo Stefano;Irnerio;IRNERIO-1;19;95;;
1540;2018;Santo Stefano;Irnerio;IRNERIO-1;15;32;;
1544;2018;Santo Stefano;Irnerio;IRNERIO-1;42;67;;
1566;2018;San Donato - San Vitale;S. Vitale;CIRENAICA;18;197;;
1571;2018;San Donato - San Vitale;S. Vitale;OSPEDALE SANT'ORSOLA;5;13;;
1579;2018;San Donato - San Vitale;S. Vitale;CIRENAICA;23;32;;
1580;2018;San Donato - San Vitale;S. Vitale;CIRENAICA;7;12;;
1590;2018;San Donato - San Vitale;S. Vitale;CIRENAICA;9;9;;
1594;2018;San Donato - San Vitale;S. Vitale;CIRENAICA;11;13;;
1610;2018;San Donato - San Vitale;S. Vitale;SCANDELLARA;3;3;;
1660;2018;San Donato - San Vitale;S. Vitale;MENGOLI;19;30;;
1666;2018;San Donato - San Vitale;S. Vitale;SCANDELLARA;2;2;;
1681;2018;San Donato - San Vitale;S. Vitale;SCANDELLARA;8;11;;
1682;2018;San Donato - San Vitale;S. Vitale;VIA LARGA;2;2;;
1697;2018;San Donato - San Vitale;S. Vitale;ROVERI;5;80;;
1704;2018;San Donato - San Vitale;S. Vitale;ROVERI;13;132;;
1708;2018;San Donato - San Vitale;S. Vitale;ROVERI;21;250;;
1712;2018;San Donato - San Vitale;S. Vitale;ROVERI;7;48;;
1714;2018;San Donato - San Vitale;S. Vitale;ROVERI;23;164;;
1716;2018;San Donato - San Vitale;S. Vitale;ROVERI;12;120;;
1718;2018;San Donato - San Vitale;S. Vitale;ROVERI;7;53;;
1738;2018;San Donato - San Vitale;S. Vitale;CROCE DEL BIACCO;7;24;;
1755;2018;San Donato - San Vitale;S. Vitale;STRADELLI GUELFI;4;7;;
1764;2018;San Donato - San Vitale;S. Vitale;STRADELLI GUELFI;2;3;;
1772;2018;San Donato - San Vitale;S. Vitale;GUELFA;21;31;;
1780;2018;Porto - Saragozza;Costa Saragozza;STADIO-MELONCELLO;6;9;;
1785;2018;Porto - Saragozza;Costa Saragozza;XXI APRILE;6;15;;
1802;2018;Porto - Saragozza;Costa Saragozza;XXI APRILE;2;5;;
1826;2018;Porto - Saragozza;Costa Saragozza;XXI APRILE;1;0;;
1836;2018;Porto - Saragozza;Costa Saragozza;XXI APRILE;23;29;;
1843;2018;Porto - Saragozza;Costa Saragozza;XXI APRILE;9;8;;
1847;2018;Porto - Saragozza;Costa Saragozza;XXI APRILE;14;17;;
1855;2018;Porto - Saragozza;Costa Saragozza;XXI APRILE;14;21;;
1857;2018;Porto - Saragozza;Costa Saragozza;XXI APRILE;7;7;;
1872;2018;Porto - Saragozza;Costa Saragozza;SAN GIUSEPPE;44;103;;
1893;2018;Porto - Saragozza;Costa Saragozza;RAVONE;13;16;;
1896;2018;Porto - Saragozza;Costa Saragozza;RAVONE;7;20;;
1938;2018;Porto - Saragozza;Malpighi;MALPIGHI-2;41;66;;
1941;2018;Porto - Saragozza;Malpighi;MALPIGHI-2;77;137;;
1950;2018;Porto - Saragozza;Malpighi;MALPIGHI-1;78;115;;
1960;2018;Porto - Saragozza;Malpighi;MALPIGHI-1;1;4;;
1964;2018;Porto - Saragozza;Malpighi;MALPIGHI-1;44;101;;
1982;2018;Porto - Saragozza;Malpighi;MALPIGHI-2;44;63;;
1991;2018;Porto - Saragozza;Malpighi;MALPIGHI-2;132;193;;
2001;2018;Savena;Mazzini;FOSSOLO;2;6;;
2022;2018;Savena;Mazzini;PONTEVECCHIO;15;43;;
2026;2018;Savena;Mazzini;PONTEVECCHIO;2;2;;
2028;2018;Savena;Mazzini;BITONE;28;37;;
2035;2018;Savena;Mazzini;FOSSOLO;15;13;;
2036;2018;Savena;Mazzini;FOSSOLO;14;23;;
2053;2018;Savena;Mazzini;PONTEVECCHIO;1;29;;
2063;2018;Savena;Mazzini;PONTEVECCHIO;42;157;;
2069;2018;Savena;Mazzini;PONTEVECCHIO;27;59;;
2096;2018;Savena;Mazzini;BITONE;21;40;;
2101;2018;Savena;Mazzini;BITONE;21;38;;
2109;2018;Savena;Mazzini;BITONE;3;4;;
2123;2018;Savena;Mazzini;VIA ARNO;10;10;;
2144;2018;Savena;Mazzini;CAVEDONE;5;5;;
2151;2018;Savena;Mazzini;VIA ARNO;14;19;;
2167;2018;Savena;S. Ruffillo;VIA TOSCANA;2;2;;
2182;2018;Savena;S. Ruffillo;VIA TOSCANA;4;4;;
2183;2018;Savena;S. Ruffillo;VIA TOSCANA;4;4;;
2187;2018;Savena;S. Ruffillo;VIA TOSCANA;3;4;;
2201;2018;Savena;S. Ruffillo;VIA TOSCANA;12;19;;
2209;2018;Savena;S. Ruffillo;VIA TOSCANA;17;27;;
2213;2018;Savena;S. Ruffillo;VIA TOSCANA;12;11;;
2220;2018;Savena;S. Ruffillo;VIA TOSCANA;10;13;;
2235;2018;Savena;S. Ruffillo;VIA TOSCANA;12;19;;
2274;2018;Savena;S. Ruffillo;CORELLI;2;2;;
2286;2018;Savena;S. Ruffillo;CORELLI;19;22;;
2292;2018;Savena;S. Ruffillo;MONTE DONATO;40;59;;
2303;2018;Savena;S. Ruffillo;CORELLI;4;8;;
2307;2018;Savena;S. Ruffillo;VIA TOSCANA;33;61;;
2320;2018;Savena;S. Ruffillo;PONTE SAVENA-LA BASTIA;16;100;;
2322;2018;Savena;S. Ruffillo;MONTE DONATO;2;2;;
2323;2018;Navile;Corticella;CROCE COPERTA;11;14;;
2324;2018;Navile;Corticella;CROCE COPERTA;29;112;;
2329;2018;Borgo Panigale - Reno;S. Viola;EMILIA PONENTE;30;1215;;
1;2017;Borgo Panigale - Reno;Borgo Panigale;VIA DEL VIVAIO;3;4;;
2;2017;Borgo Panigale - Reno;Borgo Panigale;VIA DEL VIVAIO;7;17;;
4;2017;Borgo Panigale - Reno;Borgo Panigale;VIA DEL VIVAIO;5;7;;
8;2017;Borgo Panigale - Reno;Borgo Panigale;VIA DEL VIVAIO;3;2;;
17;2017;Borgo Panigale - Reno;Borgo Panigale;VIA DEL VIVAIO;5;39;;
63;2017;Borgo Panigale - Reno;Borgo Panigale;LA BIRRA;3;7;;
65;2017;Borgo Panigale - Reno;Borgo Panigale;LA BIRRA;7;30;;
71;2017;Borgo Panigale - Reno;Borgo Panigale;DUCATI-VILLAGGIO INA;6;8;;
101;2017;Borgo Panigale - Reno;Borgo Panigale;BORGO CENTRO;36;81;;
106;2017;Borgo Panigale - Reno;Borgo Panigale;BORGO CENTRO;1;1;;
111;2017;Borgo Panigale - Reno;Borgo Panigale;BORGO CENTRO;9;28;;
127;2017;Borgo Panigale - Reno;Borgo Panigale;TRIUMVIRATO-PIETRA;39;381;7;
128;2017;Borgo Panigale - Reno;Borgo Panigale;RIGOSA;1;1;;
131;2017;Borgo Panigale - Reno;Borgo Panigale;RIGOSA;2;28;;
171;2017;Borgo Panigale - Reno;Borgo Panigale;CASTELDEBOLE;23;26;;
197;2017;Borgo Panigale - Reno;Borgo Panigale;CASTELDEBOLE;7;12;;
198;2017;Borgo Panigale - Reno;Borgo Panigale;CASTELDEBOLE;9;2073;;
206;2017;Navile;Bolognina;CASERME ROSSE-MANIFATTURA;18;22;221;
216;2017;Navile;Bolognina;CASERME ROSSE-MANIFATTURA;4;19;;
232;2017;Navile;Bolognina;ARCOVEGGIO;3;4;;
239;2017;Navile;Bolognina;ARCOVEGGIO;14;19;;
247;2017;Navile;Bolognina;ARCOVEGGIO;27;48;;
250;2017;Navile;Bolognina;EX MERCATO ORTOFRUTTICOLO;29;146;1137;
264;2017;Navile;Bolognina;ARCOVEGGIO;8;11;;
272;2017;Navile;Bolognina;PIAZZA DELL'UNITA';8;15;;
289;2017;Navile;Bolognina;PIAZZA DELL'UNITA';25;68;;
298;2017;Navile;Bolognina;EX MERCATO ORTOFRUTTICOLO;34;104;;
302;2017;Navile;Bolognina;VIA FERRARESE;14;77;;
304;2017;Navile;Bolognina;VIA FERRARESE;10;43;;
307;2017;Navile;Bolognina;VIA FERRARESE;14;32;;
326;2017;Navile;Bolognina;VIA FERRARESE;23;38;;
341;2017;Navile;Bolognina;PIAZZA DELL'UNITA';14;28;;
351;2017;Navile;Bolognina;PIAZZA DELL'UNITA';15;19;;
360;2017;Navile;Bolognina;PIAZZA DELL'UNITA';28;58;;
367;2017;Navile;Bolognina;PIAZZA DELL'UNITA';6;323;141;
377;2017;Navile;Corticella;SAN SAVINO;6;15;25;
382;2017;Navile;Corticella;SAN SAVINO;16;18;;
385;2017;Navile;Corticella;SAN SAVINO;1;1;;
390;2017;Navile;Corticella;SAN SAVINO;3;3;;
391;2017;Navile;Corticella;SAN SAVINO;3;6;;
400;2017;Navile;Corticella;SAN SAVINO;23;35;;
412;2017;Navile;Corticella;SAN SAVINO;17;31;;
417;2017;Navile;Corticella;SAN SAVINO;21;60;;
421;2017;Navile;Corticella;SAVENA ABBANDONATO;7;10;;
432;2017;Navile;Corticella;SAVENA ABBANDONATO;2;4;;
457;2017;Navile;Corticella;CROCE COPERTA;7;19;;
458;2017;Navile;Corticella;CROCE COPERTA;6;26;;
460;2017;Navile;Corticella;CROCE COPERTA;9;19;;
475;2017;Navile;Corticella;MULINO DEL GOMITO;12;97;;
480;2017;Navile;Corticella;LA DOZZA;12;18;;
482;2017;Navile;Corticella;LA DOZZA;1;3;;
493;2017;Navile;Lame;LAGHETTI DEL ROSARIO;2;2;;
495;2017;Navile;Lame;LAGHETTI DEL ROSARIO;3;4;;
500;2017;Navile;Lame;LA NOCE;7;13;;
501;2017;Navile;Lame;LA NOCE;33;73;14;
504;2017;Navile;Lame;LAGHETTI DEL ROSARIO;5;4;;
516;2017;Navile;Lame;LAGHETTI DEL ROSARIO;3;58;;
518;2017;Navile;Lame;LAGHETTI DEL ROSARIO;1;1;;
529;2017;Navile;Lame;TIRO A SEGNO;2;13;;
543;2017;Navile;Lame;PESCAROLA;41;100;;
567;2017;Navile;Lame;LAZZARETTO;1;11;;
585;2017;Navile;Lame;LAZZARETTO;22;46;27;
586;2017;Navile;Lame;LAZZARETTO;5;17;166;
604;2017;Porto - Saragozza;Marconi;MARCONI-2;70;298;56;
613;2017;Porto - Saragozza;Marconi;MARCONI-2;14;52;;
615;2017;Porto - Saragozza;Marconi;MARCONI-2;54;174;29;
629;2017;Porto - Saragozza;Marconi;MARCONI-2;10;14;;
632;2017;Porto - Saragozza;Marconi;MARCONI-2;91;135;;
635;2017;Porto - Saragozza;Marconi;MARCONI-2;3;6;;
656;2017;Porto - Saragozza;Marconi;MARCONI-2;32;66;;
669;2017;Porto - Saragozza;Marconi;MARCONI-2;10;11;;
670;2017;Porto - Saragozza;Marconi;MARCONI-2;20;378;;
671;2017;Porto - Saragozza;Marconi;MARCONI-2;19;51;;
674;2017;Porto - Saragozza;Marconi;MARCONI-2;61;89;;
679;2017;Porto - Saragozza;Marconi;MARCONI-1;39;100;;
701;2017;Porto - Saragozza;Saffi;PRATI DI CAPRARA-OSPEDALE MAGGIORE;7;10;;
704;2017;Porto - Saragozza;Saffi;ZANARDI;7;10;;
722;2017;Porto - Saragozza;Saffi;ZANARDI;5;5;;
730;2017;Porto - Saragozza;Saffi;ZANARDI;11;24;;
745;2017;Porto - Saragozza;Saffi;VELODROMO;28;40;;
755;2017;Porto - Saragozza;Saffi;VELODROMO;4;4;6;
760;2017;Porto - Saragozza;Saffi;VIA VITTORIO VENETO;25;45;;
791;2017;Borgo Panigale - Reno;Barca;BATTINDARNO;2;14;;
801;2017;Borgo Panigale - Reno;Barca;BATTINDARNO;10;11;;
803;2017;Borgo Panigale - Reno;Barca;BATTINDARNO;17;25;;
805;2017;Borgo Panigale - Reno;Barca;BATTINDARNO;4;9;;
819;2017;Borgo Panigale - Reno;Barca;VILLAGGIO DELLA BARCA;8;15;;
820;2017;Borgo Panigale - Reno;Barca;VILLAGGIO DELLA BARCA;6;6;;
830;2017;Borgo Panigale - Reno;Barca;VILLAGGIO DELLA BARCA;2;9;;
850;2017;Borgo Panigale - Reno;Barca;BATTINDARNO;5;54;;
875;2017;Borgo Panigale - Reno;Barca;CANALE DI RENO;8;9;;
885;2017;Borgo Panigale - Reno;Barca;CANALE DI RENO;1;3;;
887;2017;Borgo Panigale - Reno;Barca;CANALE DI RENO;2;5;;
902;2017;Borgo Panigale - Reno;S. Viola;AGUCCHI;29;33;;
906;2017;Borgo Panigale - Reno;S. Viola;AGUCCHI;43;110;;
932;2017;Borgo Panigale - Reno;S. Viola;EMILIA PONENTE;8;8;;
935;2017;San Donato - San Vitale;San Donato;CADRIANO-CALAMOSCO;1;1;;
937;2017;San Donato - San Vitale;San Donato;CADRIANO-CALAMOSCO;10;15;;
962;2017;San Donato - San Vitale;San Donato;FIERA;22;198;;
971;2017;San Donato - San Vitale;San Donato;SAN DONNINO;12;16;;
991;2017;San Donato - San Vitale;San Donato;VIA DEL LAVORO;83;246;;
994;2017;San Donato - San Vitale;San Donato;VIA DEL LAVORO;22;46;;
1006;2017;San Donato - San Vitale;San Donato;VIA DEL LAVORO;22;47;;
1019;2017;San Donato - San Vitale;San Donato;MICHELINO;3;18;;
1025;2017;San Donato - San Vitale;San Donato;VIA DEL LAVORO;1;5;;
1027;2017;San Donato - San Vitale;San Donato;VIA MONDO;5;6;68;
1030;2017;San Donato - San Vitale;San Donato;VIA MONDO;4;4;;
1051;2017;San Donato - San Vitale;San Donato;VIA MONDO;8;7;;
1066;2017;San Donato - San Vitale;San Donato;VIA MONDO;8;8;;
1067;2017;San Donato - San Vitale;San Donato;VIA MONDO;6;8;;
1075;2017;San Donato - San Vitale;San Donato;VIA MONDO;3;3;;
1081;2017;San Donato - San Vitale;San Donato;SAN DONNINO;35;53;89;
1100;2017;San Donato - San Vitale;San Donato;PILASTRO;1;1;31;
1107;2017;San Donato - San Vitale;San Donato;PILASTRO;10;23;;
1109;2017;San Donato - San Vitale;San Donato;PILASTRO;5;5;;
1129;2017;San Donato - San Vitale;San Donato;SCALO MERCI SAN DONATO;1;36;;
1135;2017;Santo Stefano;Colli;PADERNO;3;10;;
1139;2017;Santo Stefano;Colli;OSSERVANZA;90;156;7;
1140;2017;Santo Stefano;Colli;OSSERVANZA;6;8;;
1156;2017;Santo Stefano;Colli;OSSERVANZA;34;83;;
1164;2017;Santo Stefano;Colli;SAN MICHELE IN BOSCO;6;30;;
1173;2017;Santo Stefano;Colli;SAN MICHELE IN BOSCO;3;2;;
1174;2017;Santo Stefano;Colli;SAN MICHELE IN BOSCO;9;13;;
1175;2017;Santo Stefano;Colli;PADERNO;4;3;;
1192;2017;Santo Stefano;Colli;PADERNO;4;8;;
1208;2017;Santo Stefano;Galvani;GALVANI-1;5;47;;
1210;2017;Santo Stefano;Galvani;GALVANI-1;53;161;;
1227;2017;Santo Stefano;Galvani;GALVANI-1;103;311;;
1241;2017;Santo Stefano;Galvani;GALVANI-2;16;20;6;
1245;2017;Santo Stefano;Galvani;GALVANI-2;67;111;77;
1255;2017;Santo Stefano;Galvani;GALVANI-2;45;58;;
1265;2017;Santo Stefano;Galvani;GALVANI-2;82;121;;
1288;2017;Santo Stefano;Galvani;GALVANI-2;15;20;;
1305;2017;Santo Stefano;Murri;MEZZOFANTI;94;172;;
1309;2017;Santo Stefano;Murri;MEZZOFANTI;17;19;36;
1318;2017;Santo Stefano;Murri;MEZZOFANTI;30;50;;
1321;2017;Santo Stefano;Murri;MEZZOFANTI;5;4;;
1322;2017;Santo Stefano;Murri;MEZZOFANTI;8;7;;
1350;2017;Santo Stefano;Murri;DAGNINI;61;102;;
1357;2017;Santo Stefano;Murri;MEZZOFANTI;15;23;;
1361;2017;Santo Stefano;Murri;MEZZOFANTI;27;32;;
1362;2017;Santo Stefano;Murri;DAGNINI;5;5;;
1375;2017;Santo Stefano;Murri;DAGNINI;47;72;40;
1378;2017;Santo Stefano;Murri;SIEPELUNGA;43;65;;
1381;2017;Santo Stefano;Murri;GIARDINI MARGHERITA;1;1;10;
1384;2017;Santo Stefano;Murri;SIEPELUNGA;16;22;;
1389;2017;Santo Stefano;Murri;SIEPELUNGA;6;7;;
1398;2017;Santo Stefano;Murri;SIEPELUNGA;31;36;;
1411;2017;Santo Stefano;Murri;CHIESANUOVA;3;3;;
1422;2017;Santo Stefano;Murri;CHIESANUOVA;23;37;;
1442;2017;Santo Stefano;Murri;CHIESANUOVA;8;12;;
1443;2017;Santo Stefano;Murri;CHIESANUOVA;9;10;;
1452;2017;Santo Stefano;Irnerio;IRNERIO-2;8;25;35;
1460;2017;Santo Stefano;Irnerio;IRNERIO-2;13;385;87;
1467;2017;Santo Stefano;Irnerio;IRNERIO-2;38;208;;
1498;2017;Santo Stefano;Irnerio;IRNERIO-2;13;38;127;
1507;2017;Santo Stefano;Irnerio;IRNERIO-1;14;44;;
1508;2017;Santo Stefano;Irnerio;IRNERIO-1;13;55;;
1514;2017;Santo Stefano;Irnerio;IRNERIO-1;6;22;;
1537;2017;Santo Stefano;Irnerio;IRNERIO-2;16;35;;
1540;2017;Santo Stefano;Irnerio;IRNERIO-1;15;22;3;
1544;2017;Santo Stefano;Irnerio;IRNERIO-1;43;69;34;
1546;2017;Santo Stefano;Irnerio;IRNERIO-1;27;58;;
1573;2017;San Donato - San Vitale;S. Vitale;CIRENAICA;1;1;;
1584;2017;San Donato - San Vitale;S. Vitale;CIRENAICA;22;23;;
1590;2017;San Donato - San Vitale;S. Vitale;CIRENAICA;9;10;;
1617;2017;San Donato - San Vitale;S. Vitale;MENGOLI;8;10;;
1623;2017;San Donato - San Vitale;S. Vitale;MENGOLI;1;4;;
1625;2017;San Donato - San Vitale;S. Vitale;MENGOLI;6;8;;
1629;2017;San Donato - San Vitale;S. Vitale;MENGOLI;4;6;;
1638;2017;San Donato - San Vitale;S. Vitale;MENGOLI;16;19;;
1649;2017;San Donato - San Vitale;S. Vitale;MENGOLI;12;11;;
1654;2017;San Donato - San Vitale;S. Vitale;MENGOLI;17;22;;
1659;2017;San Donato - San Vitale;S. Vitale;MENGOLI;2;2;;
1668;2017;San Donato - San Vitale;S. Vitale;VIA LARGA;1;32;45;
1670;2017;San Donato - San Vitale;S. Vitale;ROVERI;2;102;;
1709;2017;San Donato - San Vitale;S. Vitale;ROVERI;4;42;;
1712;2017;San Donato - San Vitale;S. Vitale;ROVERI;8;51;;
1728;2017;San Donato - San Vitale;S. Vitale;GUELFA;25;44;;
1738;2017;San Donato - San Vitale;S. Vitale;CROCE DEL BIACCO;8;32;;
1742;2017;San Donato - San Vitale;S. Vitale;GUELFA;32;61;;
1748;2017;San Donato - San Vitale;S. Vitale;CROCE DEL BIACCO;15;39;;
1776;2017;San Donato - San Vitale;S. Vitale;GUELFA;22;29;13;
1803;2017;Porto - Saragozza;Costa Saragozza;XXI APRILE;6;5;;
1804;2017;Porto - Saragozza;Costa Saragozza;XXI APRILE;40;71;;
1827;2017;Porto - Saragozza;Costa Saragozza;XXI APRILE;2;2;;
1831;2017;Porto - Saragozza;Costa Saragozza;XXI APRILE;10;11;;
1859;2017;Porto - Saragozza;Costa Saragozza;XXI APRILE;29;39;;
1862;2017;Porto - Saragozza;Costa Saragozza;SAN GIUSEPPE;1;1;;
1893;2017;Porto - Saragozza;Costa Saragozza;RAVONE;11;15;;
1898;2017;Porto - Saragozza;Costa Saragozza;RAVONE;15;15;;
1938;2017;Porto - Saragozza;Malpighi;MALPIGHI-2;34;47;13;
1943;2017;Porto - Saragozza;Malpighi;MALPIGHI-2;21;42;41;
1948;2017;Porto - Saragozza;Malpighi;MALPIGHI-2;10;123;139;
1949;2017;Porto - Saragozza;Malpighi;MALPIGHI-1;91;320;;
1955;2017;Porto - Saragozza;Malpighi;MALPIGHI-1;34;48;;
1960;2017;Porto - Saragozza;Malpighi;MALPIGHI-1;1;4;73;
1972;2017;Porto - Saragozza;Malpighi;MALPIGHI-1;41;82;50;
1974;2017;Porto - Saragozza;Malpighi;MALPIGHI-2;41;53;;
1984;2017;Porto - Saragozza;Malpighi;MALPIGHI-2;68;101;;
1986;2017;Porto - Saragozza;Malpighi;MALPIGHI-2;32;63;;
1997;2017;Porto - Saragozza;Malpighi;MALPIGHI-2;21;34;;
2001;2017;Savena;Mazzini;FOSSOLO;2;4;142;
2031;2017;Savena;Mazzini;BITONE;18;27;;
2033;2017;Savena;Mazzini;FOSSOLO;38;138;;
2057;2017;Savena;Mazzini;PONTEVECCHIO;19;48;;
2084;2017;Savena;Mazzini;BITONE;7;7;11;
2088;2017;Savena;Mazzini;BITONE;3;12;;
2100;2017;Savena;Mazzini;BITONE;17;29;;
2107;2017;Savena;Mazzini;BITONE;9;15;;
2123;2017;Savena;Mazzini;VIA ARNO;10;11;;
2148;2017;Savena;Mazzini;CAVEDONE;13;13;;
2157;2017;Savena;Mazzini;OSPEDALE BELLARIA;7;36;1247;
2163;2017;Savena;S. Ruffillo;VIA TOSCANA;4;5;;
2176;2017;Savena;S. Ruffillo;VIA TOSCANA;9;14;;
2177;2017;Savena;S. Ruffillo;VIA TOSCANA;5;5;;
2189;2017;Savena;S. Ruffillo;VIA TOSCANA;4;4;;
2194;2017;Savena;S. Ruffillo;VIA TOSCANA;5;5;;
2212;2017;Savena;S. Ruffillo;VIA TOSCANA;19;59;;
2220;2017;Savena;S. Ruffillo;VIA TOSCANA;9;13;;
2244;2017;Savena;S. Ruffillo;CORELLI;2;2;;
2300;2017;Savena;S. Ruffillo;VIA TOSCANA;10;11;;
2301;2017;Savena;S. Ruffillo;VIA TOSCANA;2;3;;
2303;2017;Savena;S. Ruffillo;CORELLI;3;6;;
2307;2017;Savena;S. Ruffillo;VIA TOSCANA;36;44;;
6;2019;Borgo Panigale - Reno;Borgo Panigale;VIA DEL VIVAIO;3;15;;
60;2019;Borgo Panigale - Reno;Borgo Panigale;LA BIRRA;17;27;;
69;2019;Borgo Panigale - Reno;Borgo Panigale;DUCATI-VILLAGGIO INA;32;51;;
76;2019;Borgo Panigale - Reno;Borgo Panigale;DUCATI-VILLAGGIO INA;5;11;;
89;2019;Borgo Panigale - Reno;Borgo Panigale;BORGO CENTRO;2;4;;
97;2019;Borgo Panigale - Reno;Borgo Panigale;BORGO CENTRO;17;21;;
110;2019;Borgo Panigale - Reno;Borgo Panigale;BORGO CENTRO;12;39;;
111;2019;Borgo Panigale - Reno;Borgo Panigale;BORGO CENTRO;10;26;;
131;2019;Borgo Panigale - Reno;Borgo Panigale;RIGOSA;1;0;;
140;2019;Borgo Panigale - Reno;Borgo Panigale;BORGO CENTRO;58;92;;
145;2019;Borgo Panigale - Reno;Borgo Panigale;TRIUMVIRATO-PIETRA;103;805;;
149;2019;Borgo Panigale - Reno;Borgo Panigale;TRIUMVIRATO-PIETRA;17;30;;
157;2019;Borgo Panigale - Reno;Borgo Panigale;TRIUMVIRATO-PIETRA;1;22;;
194;2019;Borgo Panigale - Reno;Borgo Panigale;RIGOSA;5;23;;
210;2019;Navile;Bolognina;CASERME ROSSE-MANIFATTURA;8;36;;
215;2019;Navile;Bolognina;CASERME ROSSE-MANIFATTURA;2;2;;
218;2019;Navile;Bolognina;CASERME ROSSE-MANIFATTURA;1;493;;71
219;2019;Navile;Bolognina;CASERME ROSSE-MANIFATTURA;4;4;;
230;2019;Navile;Bolognina;ARCOVEGGIO;26;36;;75
235;2019;Navile;Bolognina;ARCOVEGGIO;5;7;;
237;2019;Navile;Bolognina;ARCOVEGGIO;4;5;;
249;2019;Navile;Bolognina;EX MERCATO ORTOFRUTTICOLO;10;19;;
250;2019;Navile;Bolognina;EX MERCATO ORTOFRUTTICOLO;35;265;;59
258;2019;Navile;Bolognina;ARCOVEGGIO;19;35;;
265;2019;Navile;Bolognina;ARCOVEGGIO;24;38;;
269;2019;Navile;Bolognina;ARCOVEGGIO;38;79;;173
273;2019;Navile;Bolognina;PIAZZA DELL'UNITA';6;7;;11
279;2019;Navile;Bolognina;PIAZZA DELL'UNITA';10;13;;
286;2019;Navile;Bolognina;PIAZZA DELL'UNITA';2;3;;
291;2019;Navile;Bolognina;PIAZZA DELL'UNITA';13;46;;
294;2019;Navile;Bolognina;PIAZZA DELL'UNITA';5;18;;71
307;2019;Navile;Bolognina;VIA FERRARESE;17;44;;
309;2019;Navile;Bolognina;VIA FERRARESE;20;34;;
316;2019;Navile;Bolognina;VIA FERRARESE;24;57;;
319;2019;Navile;Bolognina;VIA FERRARESE;9;10;;
328;2019;Navile;Bolognina;VIA FERRARESE;8;13;;
336;2019;Navile;Bolognina;VIA FERRARESE;14;22;;
339;2019;Navile;Bolognina;VIA FERRARESE;12;848;;
340;2019;Navile;Bolognina;PIAZZA DELL'UNITA';40;60;;
365;2019;Navile;Bolognina;PIAZZA DELL'UNITA';4;38;;
377;2019;Navile;Corticella;SAN SAVINO;7;14;;45
385;2019;Navile;Corticella;SAN SAVINO;1;1;;
400;2019;Navile;Corticella;SAN SAVINO;30;58;;
412;2019;Navile;Corticella;SAN SAVINO;26;41;;
416;2019;Navile;Corticella;SAN SAVINO;8;10;;
417;2019;Navile;Corticella;SAN SAVINO;21;33;;
420;2019;Navile;Corticella;SAVENA ABBANDONATO;1;6;;
421;2019;Navile;Corticella;SAVENA ABBANDONATO;5;7;;
442;2019;Navile;Corticella;CROCE COPERTA;23;33;;43
446;2019;Navile;Corticella;CROCE COPERTA;10;72;;
480;2019;Navile;Corticella;LA DOZZA;15;27;;
496;2019;Navile;Lame;LAGHETTI DEL ROSARIO;6;79;;
509;2019;Navile;Lame;LAGHETTI DEL ROSARIO;3;3;;
521;2019;Navile;Lame;LAGHETTI DEL ROSARIO;3;92;;
548;2019;Navile;Lame;PESCAROLA;4;10;;
584;2019;Navile;Lame;LAZZARETTO;3;3;;896
594;2019;Navile;Lame;BEVERARA;37;497;;60
595;2019;Navile;Lame;BEVERARA;22;41;;
597;2019;Navile;Lame;BEVERARA;1;1;;
608;2019;Porto - Saragozza;Marconi;MARCONI-2;54;216;;
649;2019;Porto - Saragozza;Marconi;MARCONI-2;40;95;;
662;2019;Porto - Saragozza;Marconi;MARCONI-2;102;164;;
679;2019;Porto - Saragozza;Marconi;MARCONI-1;40;90;;
687;2019;Porto - Saragozza;Marconi;MARCONI-1;3;7;;
695;2019;Porto - Saragozza;Marconi;MARCONI-1;33;75;;
763;2019;Porto - Saragozza;Saffi;VIA VITTORIO VENETO;3;893;;
764;2019;Porto - Saragozza;Saffi;VIA VITTORIO VENETO;46;120;;
845;2019;Borgo Panigale - Reno;Barca;VILLAGGIO DELLA BARCA;5;7;;
847;2019;Borgo Panigale - Reno;Barca;VILLAGGIO DELLA BARCA;1;1;;
960;2019;San Donato - San Vitale;San Donato;FIERA;22;59;;
973;2019;San Donato - San Vitale;San Donato;FIERA;17;38;;
980;2019;San Donato - San Vitale;San Donato;VIA DEL LAVORO;5;3;;
985;2019;San Donato - San Vitale;San Donato;VIA DEL LAVORO;52;152;;
999;2019;San Donato - San Vitale;San Donato;VIA DEL LAVORO;18;20;;
1061;2019;San Donato - San Vitale;San Donato;VIA MONDO;18;26;;
1071;2019;San Donato - San Vitale;San Donato;VIA MONDO;21;41;;
1074;2019;San Donato - San Vitale;San Donato;VIA MONDO;19;44;;
1170;2019;Santo Stefano;Colli;SAN MICHELE IN BOSCO;42;158;;
1179;2019;Santo Stefano;Colli;PADERNO;4;4;;
1205;2019;Santo Stefano;Colli;PADERNO;4;4;;
1222;2019;Santo Stefano;Galvani;GALVANI-1;141;359;;
1256;2019;Santo Stefano;Galvani;GALVANI-2;74;226;;
1273;2019;Santo Stefano;Galvani;GALVANI-2;37;82;;
1279;2019;Santo Stefano;Galvani;GALVANI-2;54;94;;232
1296;2019;Santo Stefano;Galvani;GALVANI-2;47;96;;54
1348;2019;Santo Stefano;Murri;DAGNINI;16;20;;
1350;2019;Santo Stefano;Murri;DAGNINI;56;138;;
1386;2019;Santo Stefano;Murri;SIEPELUNGA;23;31;;
1401;2019;Santo Stefano;Murri;SIEPELUNGA;28;41;;
1437;2019;Santo Stefano;Murri;CHIESANUOVA;11;11;;
1462;2019;Santo Stefano;Irnerio;IRNERIO-2;24;32;;
1483;2019;Santo Stefano;Irnerio;IRNERIO-2;45;74;;
1490;2019;Santo Stefano;Irnerio;IRNERIO-1;23;42;;
1503;2019;Santo Stefano;Irnerio;IRNERIO-2;19;51;;
1535;2019;Santo Stefano;Irnerio;IRNERIO-2;17;38;;
1557;2019;San Donato - San Vitale;S. Vitale;CIRENAICA;36;90;;
1568;2019;San Donato - San Vitale;S. Vitale;OSPEDALE SANT'ORSOLA;7;9;;
1585;2019;San Donato - San Vitale;S. Vitale;CIRENAICA;8;13;;
1603;2019;San Donato - San Vitale;S. Vitale;CIRENAICA;35;219;;283
1610;2019;San Donato - San Vitale;S. Vitale;SCANDELLARA;5;6;;
1612;2019;San Donato - San Vitale;S. Vitale;MENGOLI;9;14;;
1627;2019;San Donato - San Vitale;S. Vitale;MENGOLI;28;50;;
1676;2019;San Donato - San Vitale;S. Vitale;SCANDELLARA;6;5;;93
1676;2019;San Donato - San Vitale;S. Vitale;SCANDELLARA;6;5;;384
1684;2019;San Donato - San Vitale;S. Vitale;VIA LARGA;1;1;;
1769;2019;San Donato - San Vitale;S. Vitale;GUELFA;36;172;;
1788;2019;Porto - Saragozza;Costa Saragozza;XXI APRILE;29;41;;
1794;2019;Porto - Saragozza;Costa Saragozza;XXI APRILE;23;125;;
1816;2019;Porto - Saragozza;Costa Saragozza;STADIO-MELONCELLO;16;24;;
1870;2019;Porto - Saragozza;Costa Saragozza;SAN GIUSEPPE;22;33;;
1873;2019;Porto - Saragozza;Costa Saragozza;SAN GIUSEPPE;25;33;;
1901;2019;Porto - Saragozza;Costa Saragozza;SAN GIUSEPPE;5;7;;
1941;2019;Porto - Saragozza;Malpighi;MALPIGHI-2;82;168;;
1958;2019;Porto - Saragozza;Malpighi;MALPIGHI-1;8;10;;
1972;2019;Porto - Saragozza;Malpighi;MALPIGHI-1;58;154;;
8;2019;Borgo Panigale - Reno;Borgo Panigale;VIA DEL VIVAIO;3;2;;
26;2019;Borgo Panigale - Reno;Borgo Panigale;BARGELLINO;6;99;;
38;2019;Borgo Panigale - Reno;Borgo Panigale;AEROPORTO;1;1;;
39;2019;Borgo Panigale - Reno;Borgo Panigale;AEROPORTO;12;17;;
53;2019;Borgo Panigale - Reno;Borgo Panigale;VIA DEL VIVAIO;3;3;;
63;2019;Borgo Panigale - Reno;Borgo Panigale;LA BIRRA;3;6;;
72;2019;Borgo Panigale - Reno;Borgo Panigale;DUCATI-VILLAGGIO INA;1;36;;
82;2019;Borgo Panigale - Reno;Borgo Panigale;DUCATI-VILLAGGIO INA;11;25;;
99;2019;Borgo Panigale - Reno;Borgo Panigale;BORGO CENTRO;4;5;;
130;2019;Borgo Panigale - Reno;Borgo Panigale;RIGOSA;1;1;;
136;2019;Borgo Panigale - Reno;Borgo Panigale;DUCATI-VILLAGGIO INA;18;361;;
141;2019;Borgo Panigale - Reno;Borgo Panigale;BORGO CENTRO;3;26;;
176;2019;Borgo Panigale - Reno;Borgo Panigale;CASTELDEBOLE;12;11;;
178;2019;Borgo Panigale - Reno;Borgo Panigale;CASTELDEBOLE;3;10;;32
198;2019;Borgo Panigale - Reno;Borgo Panigale;CASTELDEBOLE;7;1908;;
213;2019;Navile;Bolognina;CASERME ROSSE-MANIFATTURA;4;11;;
217;2019;Navile;Bolognina;CASERME ROSSE-MANIFATTURA;1;0;;
224;2019;Navile;Bolognina;CNR;8;144;;
230;2019;Navile;Bolognina;ARCOVEGGIO;26;36;;46
234;2019;Navile;Bolognina;ARCOVEGGIO;10;17;;
242;2019;Navile;Bolognina;ARCOVEGGIO;17;22;;
248;2019;Navile;Bolognina;ARCOVEGGIO;16;20;;220
251;2019;Navile;Bolognina;ARCOVEGGIO;24;55;;104
260;2019;Navile;Bolognina;ARCOVEGGIO;13;30;;
261;2019;Navile;Bolognina;ARCOVEGGIO;15;23;;
282;2019;Navile;Bolognina;PIAZZA DELL'UNITA';9;8;;
285;2019;Navile;Bolognina;PIAZZA DELL'UNITA';23;62;;
326;2019;Navile;Bolognina;VIA FERRARESE;21;32;;
330;2019;Navile;Bolognina;VIA FERRARESE;10;14;;
331;2019;Navile;Bolognina;VIA FERRARESE;8;17;;
332;2019;Navile;Bolognina;VIA FERRARESE;32;82;;
337;2019;Navile;Bolognina;VIA FERRARESE;12;34;;
349;2019;Navile;Bolognina;PIAZZA DELL'UNITA';10;10;;
350;2019;Navile;Bolognina;PIAZZA DELL'UNITA';6;9;;
355;2019;Navile;Bolognina;PIAZZA DELL'UNITA';17;33;;
362;2019;Navile;Bolognina;PIAZZA DELL'UNITA';6;10;;
367;2019;Navile;Bolognina;PIAZZA DELL'UNITA';6;24;;1295
368;2019;Navile;Bolognina;PIAZZA DELL'UNITA';3;8;;
378;2019;Navile;Corticella;SAN SAVINO;6;18;;
383;2019;Navile;Corticella;SAN SAVINO;7;10;;
405;2019;Navile;Corticella;SAN SAVINO;20;41;;
409;2019;Navile;Corticella;SAN SAVINO;4;4;;
434;2019;Navile;Corticella;SAVENA ABBANDONATO;1;1;;
464;2019;Navile;Corticella;CROCE COPERTA;5;5;;
476;2019;Navile;Corticella;MULINO DEL GOMITO;2;16;;
485;2019;Navile;Corticella;LA DOZZA;24;69;;51
527;2019;Navile;Lame;TIRO A SEGNO;2;6;;
546;2019;Navile;Lame;PESCAROLA;6;12;;
573;2019;Navile;Lame;BEVERARA;23;38;;
576;2019;Navile;Lame;BEVERARA;10;14;;
594;2019;Navile;Lame;BEVERARA;37;497;;26
618;2019;Porto - Saragozza;Marconi;MARCONI-2;32;118;;
619;2019;Porto - Saragozza;Marconi;MARCONI-2;59;101;;
626;2019;Porto - Saragozza;Marconi;MARCONI-2;72;194;;
659;2019;Porto - Saragozza;Marconi;MARCONI-2;2;8;;
670;2019;Porto - Saragozza;Marconi;MARCONI-2;19;28;;
681;2019;Porto - Saragozza;Marconi;MARCONI-1;96;228;;
690;2019;Porto - Saragozza;Marconi;MARCONI-1;36;114;;
691;2019;Porto - Saragozza;Marconi;MARCONI-1;78;131;;
692;2019;Porto - Saragozza;Marconi;MARCONI-1;96;164;;
698;2019;Porto - Saragozza;Marconi;MARCONI-1;43;59;;
713;2019;Porto - Saragozza;Saffi;ZANARDI;25;75;;
718;2019;Porto - Saragozza;Saffi;ZANARDI;16;47;;
723;2019;Porto - Saragozza;Saffi;ZANARDI;1;1;;70
726;2019;Porto - Saragozza;Saffi;ZANARDI;38;80;;
727;2019;Porto - Saragozza;Saffi;ZANARDI;16;62;;
741;2019;Porto - Saragozza;Saffi;VELODROMO;12;29;;
749;2019;Porto - Saragozza;Saffi;VELODROMO;12;11;;
755;2019;Porto - Saragozza;Saffi;VELODROMO;4;4;;45
761;2019;Porto - Saragozza;Saffi;VIA VITTORIO VENETO;23;33;;359
775;2019;Porto - Saragozza;Saffi;VIA VITTORIO VENETO;15;31;;27
782;2019;Porto - Saragozza;Saffi;VIA VITTORIO VENETO;3;4;;10
785;2019;Borgo Panigale - Reno;Barca;VILLAGGIO DELLA BARCA;9;30;;
789;2019;Borgo Panigale - Reno;Barca;BATTINDARNO;21;32;;
795;2019;Borgo Panigale - Reno;Barca;BATTINDARNO;1;1;;
797;2019;Borgo Panigale - Reno;Barca;BATTINDARNO;4;15;;
800;2019;Borgo Panigale - Reno;Barca;BATTINDARNO;5;3;;
804;2019;Borgo Panigale - Reno;Barca;BATTINDARNO;20;28;;
818;2019;Borgo Panigale - Reno;Barca;VILLAGGIO DELLA BARCA;24;94;;
821;2019;Borgo Panigale - Reno;Barca;VILLAGGIO DELLA BARCA;20;56;;
825;2019;Borgo Panigale - Reno;Barca;VILLAGGIO DELLA BARCA;1;1;;204
829;2019;Borgo Panigale - Reno;Barca;VILLAGGIO DELLA BARCA;8;12;;
849;2019;Borgo Panigale - Reno;Barca;VILLAGGIO DELLA BARCA;5;6;;
852;2019;Borgo Panigale - Reno;Barca;BATTINDARNO;15;19;;226
854;2019;Borgo Panigale - Reno;Barca;VILLAGGIO DELLA BARCA;7;6;;1578
859;2019;Borgo Panigale - Reno;Barca;CANALE DI RENO;11;14;;
874;2019;Borgo Panigale - Reno;Barca;CANALE DI RENO;11;41;;
888;2019;Borgo Panigale - Reno;S. Viola;AGUCCHI;54;288;;
889;2019;Borgo Panigale - Reno;S. Viola;AGUCCHI;1;4;;
893;2019;Borgo Panigale - Reno;S. Viola;AGUCCHI;1;1;;
899;2019;Borgo Panigale - Reno;S. Viola;AGUCCHI;65;459;;39
900;2019;Borgo Panigale - Reno;S. Viola;AGUCCHI;2;4;;
902;2019;Borgo Panigale - Reno;S. Viola;AGUCCHI;34;39;;
903;2019;Borgo Panigale - Reno;S. Viola;AGUCCHI;31;57;;
906;2019;Borgo Panigale - Reno;S. Viola;AGUCCHI;47;113;;
909;2019;Borgo Panigale - Reno;S. Viola;EMILIA PONENTE;25;129;;
911;2019;Borgo Panigale - Reno;S. Viola;EMILIA PONENTE;34;54;;
913;2019;Borgo Panigale - Reno;S. Viola;EMILIA PONENTE;22;47;;
915;2019;Borgo Panigale - Reno;S. Viola;EMILIA PONENTE;7;35;;
917;2019;Borgo Panigale - Reno;S. Viola;EMILIA PONENTE;31;34;;
920;2019;Borgo Panigale - Reno;S. Viola;EMILIA PONENTE;24;36;;
923;2019;Borgo Panigale - Reno;S. Viola;EMILIA PONENTE;41;1498;;43
957;2019;San Donato - San Vitale;San Donato;CADRIANO-CALAMOSCO;3;6;;
964;2019;San Donato - San Vitale;San Donato;FIERA;4;45;;
971;2019;San Donato - San Vitale;San Donato;SAN DONNINO;11;15;;
978;2019;San Donato - San Vitale;San Donato;VIA DEL LAVORO;8;7;;
983;2019;San Donato - San Vitale;San Donato;VIA DEL LAVORO;7;55;;
984;2019;San Donato - San Vitale;San Donato;VIA DEL LAVORO;14;18;;
997;2019;San Donato - San Vitale;San Donato;VIA DEL LAVORO;30;58;;
1013;2019;San Donato - San Vitale;San Donato;MICHELINO;11;26;;
1016;2019;San Donato - San Vitale;San Donato;MICHELINO;18;25;;
1025;2019;San Donato - San Vitale;San Donato;VIA DEL LAVORO;1;2;;
1030;2019;San Donato - San Vitale;San Donato;VIA MONDO;2;2;;
1041;2019;San Donato - San Vitale;San Donato;VIA MONDO;47;101;;
1044;2019;San Donato - San Vitale;San Donato;VIA MONDO;9;43;;
1063;2019;San Donato - San Vitale;San Donato;VIA MONDO;5;7;;
1064;2019;San Donato - San Vitale;San Donato;VIA MONDO;15;29;;38
1068;2019;San Donato - San Vitale;San Donato;VIA MONDO;14;30;;
1073;2019;San Donato - San Vitale;San Donato;VIA MONDO;4;4;;
1083;2019;San Donato - San Vitale;San Donato;SAN DONNINO;2;2;;
1086;2019;San Donato - San Vitale;San Donato;PILASTRO;34;256;;203
1096;2019;San Donato - San Vitale;San Donato;PILASTRO;2;48;;
1105;2019;San Donato - San Vitale;San Donato;PILASTRO;4;16;;
1130;2019;San Donato - San Vitale;San Donato;CAAB;1;7;;
1135;2019;Santo Stefano;Colli;PADERNO;4;18;;100
1141;2019;Santo Stefano;Colli;PADERNO;2;7;;
1143;2019;Santo Stefano;Colli;OSSERVANZA;20;23;;
1151;2019;Santo Stefano;Colli;OSSERVANZA;18;18;;
1155;2019;Santo Stefano;Colli;OSSERVANZA;36;42;;
1157;2019;Santo Stefano;Colli;PADERNO;4;36;;
1159;2019;Santo Stefano;Colli;PADERNO;1;1;;
1162;2019;Santo Stefano;Colli;SAN MICHELE IN BOSCO;71;94;;
1164;2019;Santo Stefano;Colli;SAN MICHELE IN BOSCO;7;43;;
1170;2019;Santo Stefano;Colli;SAN MICHELE IN BOSCO;42;158;;326
1171;2019;Santo Stefano;Colli;SAN MICHELE IN BOSCO;1;1;;
1192;2019;Santo Stefano;Colli;PADERNO;4;12;;
1207;2019;Santo Stefano;Colli;PADERNO;11;15;;
1226;2019;Santo Stefano;Galvani;GALVANI-1;17;50;;
1228;2019;Santo Stefano;Galvani;GALVANI-1;46;148;;
1282;2019;Santo Stefano;Galvani;GALVANI-2;12;17;;
1293;2019;Santo Stefano;Galvani;GALVANI-2;6;8;;
1295;2019;Santo Stefano;Galvani;GALVANI-2;30;62;;425
1298;2019;Santo Stefano;Galvani;GALVANI-2;15;19;;
1299;2019;Santo Stefano;Galvani;GALVANI-2;1;0;;
1315;2019;Santo Stefano;Murri;DAGNINI;36;87;;
1322;2019;Santo Stefano;Murri;MEZZOFANTI;8;7;;
1330;2019;Santo Stefano;Murri;DAGNINI;9;14;;
1331;2019;Santo Stefano;Murri;DAGNINI;31;41;;
1339;2019;Santo Stefano;Murri;MEZZOFANTI;89;146;;
1347;2019;Santo Stefano;Murri;DAGNINI;21;23;;
1352;2019;Santo Stefano;Murri;DAGNINI;1;2;;
1357;2019;Santo Stefano;Murri;MEZZOFANTI;10;18;;28
1367;2019;Santo Stefano;Murri;DAGNINI;9;34;;
1375;2019;Santo Stefano;Murri;DAGNINI;45;62;;
1385;2019;Santo Stefano;Murri;SIEPELUNGA;8;12;;
1387;2019;Santo Stefano;Murri;SIEPELUNGA;7;15;;
1404;2019;Santo Stefano;Murri;SIEPELUNGA;2;9;;
1410;2019;Santo Stefano;Murri;CHIESANUOVA;6;6;;
1421;2019;Santo Stefano;Murri;CHIESANUOVA;15;22;;
1432;2019;Santo Stefano;Murri;CHIESANUOVA;7;7;;
1433;2019;Santo Stefano;Murri;CHIESANUOVA;6;6;;54
1436;2019;Santo Stefano;Murri;CHIESANUOVA;1;1;;
1439;2019;Santo Stefano;Murri;CHIESANUOVA;10;13;;
1452;2019;Santo Stefano;Irnerio;IRNERIO-2;9;23;;42
1453;2019;Santo Stefano;Irnerio;IRNERIO-2;17;151;;
1472;2019;Santo Stefano;Irnerio;IRNERIO-2;2;527;;
1476;2019;Santo Stefano;Irnerio;IRNERIO-2;45;495;;
1482;2019;Santo Stefano;Irnerio;IRNERIO-2;31;64;;
1494;2019;Santo Stefano;Irnerio;IRNERIO-1;16;36;;
1510;2019;Santo Stefano;Irnerio;IRNERIO-1;15;71;;
1511;2019;Santo Stefano;Irnerio;IRNERIO-1;72;130;;
1520;2019;Santo Stefano;Irnerio;IRNERIO-1;65;382;;
1521;2019;Santo Stefano;Irnerio;IRNERIO-1;6;18;;
1539;2019;Santo Stefano;Irnerio;IRNERIO-1;1;2;;
1544;2019;Santo Stefano;Irnerio;IRNERIO-1;49;82;;
1551;2019;Santo Stefano;Irnerio;IRNERIO-2;38;65;;
1564;2019;San Donato - San Vitale;S. Vitale;CIRENAICA;7;25;;
1579;2019;San Donato - San Vitale;S. Vitale;CIRENAICA;20;34;;
1591;2019;San Donato - San Vitale;S. Vitale;CIRENAICA;4;7;;
1597;2019;San Donato - San Vitale;S. Vitale;CIRENAICA;8;8;;
1601;2019;San Donato - San Vitale;S. Vitale;CIRENAICA;12;30;;
1615;2019;San Donato - San Vitale;S. Vitale;MENGOLI;11;15;;
1617;2019;San Donato - San Vitale;S. Vitale;MENGOLI;10;13;;
1618;2019;San Donato - San Vitale;S. Vitale;MENGOLI;26;29;;
1622;2019;San Donato - San Vitale;S. Vitale;MENGOLI;9;12;;
1628;2019;San Donato - San Vitale;S. Vitale;MENGOLI;1;0;;
1646;2019;San Donato - San Vitale;S. Vitale;MENGOLI;8;18;;42
1647;2019;San Donato - San Vitale;S. Vitale;MENGOLI;1;1;;
1653;2019;San Donato - San Vitale;S. Vitale;MENGOLI;37;88;;
1654;2019;San Donato - San Vitale;S. Vitale;MENGOLI;16;21;;
1657;2019;San Donato - San Vitale;S. Vitale;MENGOLI;21;35;;
1661;2019;San Donato - San Vitale;S. Vitale;MENGOLI;9;34;;81
1664;2019;San Donato - San Vitale;S. Vitale;SCANDELLARA;7;8;;
1665;2019;San Donato - San Vitale;S. Vitale;SCANDELLARA;1;4;;
1666;2019;San Donato - San Vitale;S. Vitale;SCANDELLARA;3;2;;
1669;2019;San Donato - San Vitale;S. Vitale;ROVERI;5;22;;
1685;2019;San Donato - San Vitale;S. Vitale;VIA LARGA;8;35;;
1692;2019;San Donato - San Vitale;S. Vitale;ROVERI;83;468;;
1703;2019;San Donato - San Vitale;S. Vitale;ROVERI;20;104;;
1716;2019;San Donato - San Vitale;S. Vitale;ROVERI;11;127;;
1720;2019;San Donato - San Vitale;S. Vitale;GUELFA;6;11;;
1723;2019;San Donato - San Vitale;S. Vitale;GUELFA;9;8;;
1724;2019;San Donato - San Vitale;S. Vitale;GUELFA;15;41;;49
1742;2019;San Donato - San Vitale;S. Vitale;GUELFA;35;70;;
1777;2019;San Donato - San Vitale;S. Vitale;GUELFA;22;43;;
1790;2019;Porto - Saragozza;Costa Saragozza;XXI APRILE;5;5;;
1798;2019;Porto - Saragozza;Costa Saragozza;XXI APRILE;11;34;;
1803;2019;Porto - Saragozza;Costa Saragozza;XXI APRILE;6;5;;
1815;2019;Porto - Saragozza;Costa Saragozza;STADIO-MELONCELLO;40;72;;
1833;2019;Porto - Saragozza;Costa Saragozza;XXI APRILE;11;18;;258
1852;2019;Porto - Saragozza;Costa Saragozza;XXI APRILE;46;63;;23
1888;2019;Porto - Saragozza;Costa Saragozza;RAVONE;2;3;;60
1891;2019;Porto - Saragozza;Costa Saragozza;RAVONE;7;6;;
1912;2019;Porto - Saragozza;Costa Saragozza;VIA DEL GENIO;1;1;;
1913;2019;Porto - Saragozza;Costa Saragozza;SAN LUCA;3;20;;
1916;2019;Porto - Saragozza;Costa Saragozza;SAN LUCA;2;4;;
1947;2019;Porto - Saragozza;Malpighi;MALPIGHI-2;24;64;;
1964;2019;Porto - Saragozza;Malpighi;MALPIGHI-1;50;121;;
1966;2019;Porto - Saragozza;Malpighi;MALPIGHI-1;34;68;;
1976;2019;Porto - Saragozza;Malpighi;MALPIGHI-2;34;262;;1660
1984;2019;Porto - Saragozza;Malpighi;MALPIGHI-2;69;123;;
1985;2019;Porto - Saragozza;Malpighi;MALPIGHI-2;38;55;;
2000;2019;Porto - Saragozza;Malpighi;MALPIGHI-2;46;127;;43
2003;2019;Savena;Mazzini;FOSSOLO;6;21;;71
2007;2019;Savena;Mazzini;FOSSOLO;36;57;;
2016;2019;Savena;Mazzini;FOSSOLO;7;5;;
2020;2019;Savena;Mazzini;PONTEVECCHIO;49;89;;
2033;2019;Savena;Mazzini;FOSSOLO;40;116;;
1983;2019;Porto - Saragozza;Malpighi;MALPIGHI-2;10;23;;
1987;2019;Porto - Saragozza;Malpighi;MALPIGHI-2;4;10;;
2000;2019;Porto - Saragozza;Malpighi;MALPIGHI-2;46;127;;111
2008;2019;Savena;Mazzini;FOSSOLO;56;61;;75
2013;2019;Savena;Mazzini;FOSSOLO;24;31;;
2026;2019;Savena;Mazzini;PONTEVECCHIO;3;3;;72
2027;2019;Savena;Mazzini;PONTEVECCHIO;18;29;;
2028;2019;Savena;Mazzini;BITONE;28;37;;
2049;2019;Savena;Mazzini;DUE MADONNE;2;2;;
2088;2019;Savena;Mazzini;BITONE;2;2;;
2101;2019;Savena;Mazzini;BITONE;28;44;;
2104;2019;Savena;Mazzini;BITONE;7;10;;
2113;2019;Savena;Mazzini;BITONE;15;25;;
2115;2019;Savena;Mazzini;BITONE;5;12;;
2121;2019;Savena;Mazzini;VIA ARNO;13;13;;
2127;2019;Savena;Mazzini;VIA ARNO;14;15;;
2134;2019;Savena;Mazzini;VIA ARNO;44;88;;
2143;2019;Savena;Mazzini;CAVEDONE;13;15;;78
2151;2019;Savena;Mazzini;VIA ARNO;11;19;;
2153;2019;Savena;Mazzini;VIA ARNO;2;2;;
2166;2019;Savena;S. Ruffillo;MONTE DONATO;7;7;;
2189;2019;Savena;S. Ruffillo;VIA TOSCANA;5;5;;
2191;2019;Savena;S. Ruffillo;VIA TOSCANA;1;2;;
2198;2019;Savena;S. Ruffillo;VIA TOSCANA;2;1;;
2203;2019;Savena;S. Ruffillo;VIA TOSCANA;20;47;;
2204;2019;Savena;S. Ruffillo;VIA TOSCANA;2;3;;381
2210;2019;Savena;S. Ruffillo;VIA TOSCANA;14;16;;
2233;2019;Savena;S. Ruffillo;VIA TOSCANA;7;12;;
2250;2019;Savena;S. Ruffillo;CORELLI;1;1;;
2258;2019;Savena;S. Ruffillo;CORELLI;4;6;;
2263;2019;Savena;S. Ruffillo;CORELLI;26;118;;216
2278;2019;Savena;S. Ruffillo;CORELLI;1;0;;
2290;2019;Savena;S. Ruffillo;MONTE DONATO;2;3;;
2293;2019;Savena;S. Ruffillo;MONTE DONATO;4;4;;
2319;2019;Savena;S. Ruffillo;PONTE SAVENA-LA BASTIA;4;5;;
2036;2019;Savena;Mazzini;FOSSOLO;15;24;;
2044;2019;Savena;Mazzini;DUE MADONNE;3;4;;
2056;2019;Savena;Mazzini;PONTEVECCHIO;16;34;;
2062;2019;Savena;Mazzini;PONTEVECCHIO;4;4;;
2075;2019;Savena;Mazzini;BITONE;11;20;;
2097;2019;Savena;Mazzini;BITONE;11;23;;
2105;2019;Savena;Mazzini;BITONE;8;9;;
2116;2019;Savena;Mazzini;BITONE;27;43;;
2118;2019;Savena;Mazzini;BITONE;21;54;;75
2145;2019;Savena;Mazzini;CAVEDONE;28;40;;52
2147;2019;Savena;Mazzini;CAVEDONE;21;25;;78
2149;2019;Savena;Mazzini;VIA ARNO;60;118;;21
2165;2019;Savena;S. Ruffillo;VIA TOSCANA;8;8;;
2179;2019;Savena;S. Ruffillo;VIA TOSCANA;8;10;;
2181;2019;Savena;S. Ruffillo;VIA TOSCANA;5;5;;
2187;2019;Savena;S. Ruffillo;VIA TOSCANA;1;2;;
2204;2019;Savena;S. Ruffillo;VIA TOSCANA;2;3;;390
2226;2019;Savena;S. Ruffillo;CORELLI;9;165;;
2234;2019;Savena;S. Ruffillo;VIA TOSCANA;7;8;;
2235;2019;Savena;S. Ruffillo;VIA TOSCANA;12;22;;
2245;2019;Savena;S. Ruffillo;CORELLI;3;4;;
2252;2019;Savena;S. Ruffillo;CORELLI;17;16;;
2253;2019;Savena;S. Ruffillo;CORELLI;25;42;;23
2261;2019;Savena;S. Ruffillo;CORELLI;6;9;;
2264;2019;Savena;S. Ruffillo;CORELLI;22;25;;
2266;2019;Savena;S. Ruffillo;CORELLI;32;46;;
2276;2019;Savena;S. Ruffillo;CORELLI;12;16;;
2280;2019;Savena;S. Ruffillo;CORELLI;3;3;;
2287;2019;Savena;S. Ruffillo;CORELLI;3;3;;
2292;2019;Savena;S. Ruffillo;MONTE DONATO;42;64;;
2298;2019;Savena;S. Ruffillo;VIA TOSCANA;10;15;;
2303;2019;Savena;S. Ruffillo;CORELLI;5;8;;
2325;2019;Navile;Corticella;SAVENA ABBANDONATO;1;4;;
2327;2019;Navile;Lame;PESCAROLA;9;16;;
2328;2019;Borgo Panigale - Reno;Barca;BATTINDARNO;8;8;;
6;2017;Borgo Panigale - Reno;Borgo Panigale;VIA DEL VIVAIO;2;9;;
15;2017;Borgo Panigale - Reno;Borgo Panigale;VIA DEL VIVAIO;4;6;;
23;2017;Borgo Panigale - Reno;Borgo Panigale;BARGELLINO;85;830;;
34;2017;Borgo Panigale - Reno;Borgo Panigale;AEROPORTO;5;102;92;
45;2017;Borgo Panigale - Reno;Borgo Panigale;AEROPORTO;4;46;;
88;2017;Borgo Panigale - Reno;Borgo Panigale;BORGO CENTRO;22;139;;
109;2017;Borgo Panigale - Reno;Borgo Panigale;BORGO CENTRO;19;27;;
112;2017;Borgo Panigale - Reno;Borgo Panigale;BORGO CENTRO;31;47;76;
122;2017;Borgo Panigale - Reno;Borgo Panigale;BORGO CENTRO;2;2;;
130;2017;Borgo Panigale - Reno;Borgo Panigale;RIGOSA;2;36;;
141;2017;Borgo Panigale - Reno;Borgo Panigale;BORGO CENTRO;2;5;;
153;2017;Borgo Panigale - Reno;Borgo Panigale;TRIUMVIRATO-PIETRA;34;145;;
163;2017;Borgo Panigale - Reno;Borgo Panigale;RIGOSA;1;14;;
165;2017;Borgo Panigale - Reno;Borgo Panigale;RIGOSA;3;3;;
168;2017;Borgo Panigale - Reno;Borgo Panigale;CASTELDEBOLE;3;6;27;
194;2017;Borgo Panigale - Reno;Borgo Panigale;RIGOSA;5;16;;
201;2017;Borgo Panigale - Reno;Borgo Panigale;RIGOSA;1;176;;
209;2017;Navile;Bolognina;CASERME ROSSE-MANIFATTURA;3;7;;
217;2017;Navile;Bolognina;CASERME ROSSE-MANIFATTURA;1;0;;
220;2017;Navile;Bolognina;CASERME ROSSE-MANIFATTURA;3;9;177;
262;2017;Navile;Bolognina;ARCOVEGGIO;25;66;;
293;2017;Navile;Bolognina;PIAZZA DELL'UNITA';9;12;113;
294;2017;Navile;Bolognina;PIAZZA DELL'UNITA';4;21;77;
315;2017;Navile;Bolognina;VIA FERRARESE;12;13;;
331;2017;Navile;Bolognina;VIA FERRARESE;7;12;;
337;2017;Navile;Bolognina;VIA FERRARESE;11;47;;
339;2017;Navile;Bolognina;VIA FERRARESE;12;329;;
349;2017;Navile;Bolognina;PIAZZA DELL'UNITA';6;6;;
352;2017;Navile;Bolognina;PIAZZA DELL'UNITA';45;123;;
354;2017;Navile;Bolognina;PIAZZA DELL'UNITA';8;122;;
361;2017;Navile;Bolognina;PIAZZA DELL'UNITA';4;8;;
363;2017;Navile;Bolognina;PIAZZA DELL'UNITA';6;54;35;
386;2017;Navile;Corticella;SAN SAVINO;3;3;;
396;2017;Navile;Corticella;SAN SAVINO;10;65;;
413;2017;Navile;Corticella;SAN SAVINO;30;43;;
423;2017;Navile;Corticella;SAVENA ABBANDONATO;4;7;;
434;2017;Navile;Corticella;SAVENA ABBANDONATO;1;1;;
436;2017;Navile;Corticella;CROCE COPERTA;16;99;;
445;2017;Navile;Corticella;CROCE COPERTA;3;12;;
461;2017;Navile;Corticella;CROCE COPERTA;27;564;;
468;2017;Navile;Corticella;CROCE COPERTA;23;43;;
498;2017;Navile;Lame;LAGHETTI DEL ROSARIO;1;4;;
522;2017;Navile;Lame;LAGHETTI DEL ROSARIO;1;3;;
552;2017;Navile;Lame;PESCAROLA;19;33;;
555;2017;Navile;Lame;PESCAROLA;1;1;;
557;2017;Navile;Lame;BEVERARA;6;193;;
580;2017;Navile;Lame;LAZZARETTO;3;3;;
597;2017;Navile;Lame;BEVERARA;1;11;;
608;2017;Porto - Saragozza;Marconi;MARCONI-2;81;375;3;
612;2017;Porto - Saragozza;Marconi;MARCONI-2;1;2;66;
618;2017;Porto - Saragozza;Marconi;MARCONI-2;27;108;245;
625;2017;Porto - Saragozza;Marconi;MARCONI-2;6;13;;
626;2017;Porto - Saragozza;Marconi;MARCONI-2;44;140;13;
637;2017;Porto - Saragozza;Marconi;MARCONI-2;104;259;1;
642;2017;Porto - Saragozza;Marconi;MARCONI-2;19;41;;
649;2017;Porto - Saragozza;Marconi;MARCONI-2;47;75;7;
652;2017;Porto - Saragozza;Marconi;MARCONI-2;83;125;;
655;2017;Porto - Saragozza;Marconi;MARCONI-2;2;2;;
685;2017;Porto - Saragozza;Marconi;MARCONI-1;5;103;;
694;2017;Porto - Saragozza;Marconi;MARCONI-1;126;402;;
696;2017;Porto - Saragozza;Marconi;MARCONI-1;71;199;;
697;2017;Porto - Saragozza;Marconi;MARCONI-1;74;362;21;
705;2017;Porto - Saragozza;Saffi;ZANARDI;11;13;;
721;2017;Porto - Saragozza;Saffi;ZANARDI;4;6;;
728;2017;Porto - Saragozza;Saffi;PRATI DI CAPRARA-OSPEDALE MAGGIORE;12;17;;
732;2017;Porto - Saragozza;Saffi;ZANARDI;28;260;;
737;2017;Porto - Saragozza;Saffi;VELODROMO;9;15;53;
738;2017;Porto - Saragozza;Saffi;VELODROMO;23;45;;
741;2017;Porto - Saragozza;Saffi;VELODROMO;13;16;;
748;2017;Porto - Saragozza;Saffi;VELODROMO;11;28;;
761;2017;Porto - Saragozza;Saffi;VIA VITTORIO VENETO;22;55;51;
763;2017;Porto - Saragozza;Saffi;VIA VITTORIO VENETO;2;913;;
772;2017;Porto - Saragozza;Saffi;VIA VITTORIO VENETO;19;38;;
775;2017;Porto - Saragozza;Saffi;VIA VITTORIO VENETO;18;31;;
797;2017;Borgo Panigale - Reno;Barca;BATTINDARNO;5;18;;
800;2017;Borgo Panigale - Reno;Barca;BATTINDARNO;6;4;;
809;2017;Borgo Panigale - Reno;Barca;BATTINDARNO;27;43;;
818;2017;Borgo Panigale - Reno;Barca;VILLAGGIO DELLA BARCA;21;103;;
824;2017;Borgo Panigale - Reno;Barca;VILLAGGIO DELLA BARCA;2;3;;
835;2017;Borgo Panigale - Reno;Barca;VILLAGGIO DELLA BARCA;4;4;;
837;2017;Borgo Panigale - Reno;Barca;VILLAGGIO DELLA BARCA;4;4;;
847;2017;Borgo Panigale - Reno;Barca;VILLAGGIO DELLA BARCA;2;2;;
866;2017;Borgo Panigale - Reno;Barca;CANALE DI RENO;22;33;;
867;2017;Borgo Panigale - Reno;Barca;CANALE DI RENO;1;1;;
888;2017;Borgo Panigale - Reno;S. Viola;AGUCCHI;53;177;;
893;2017;Borgo Panigale - Reno;S. Viola;AGUCCHI;1;1;;
898;2017;Borgo Panigale - Reno;S. Viola;AGUCCHI;5;5;;
900;2017;Borgo Panigale - Reno;S. Viola;AGUCCHI;2;3;;
915;2017;Borgo Panigale - Reno;S. Viola;EMILIA PONENTE;6;12;;
924;2017;Borgo Panigale - Reno;S. Viola;EMILIA PONENTE;13;14;;
952;2017;San Donato - San Vitale;San Donato;CADRIANO-CALAMOSCO;11;33;;
964;2017;San Donato - San Vitale;San Donato;FIERA;4;45;;
965;2017;San Donato - San Vitale;San Donato;FIERA;2;55;;
966;2017;San Donato - San Vitale;San Donato;SAN DONNINO;8;15;;
984;2017;San Donato - San Vitale;San Donato;VIA DEL LAVORO;13;18;;
990;2017;San Donato - San Vitale;San Donato;VIA DEL LAVORO;19;19;12;
992;2017;San Donato - San Vitale;San Donato;VIA DEL LAVORO;4;17;26;
1010;2017;San Donato - San Vitale;San Donato;VIA DEL LAVORO;12;21;;
1016;2017;San Donato - San Vitale;San Donato;MICHELINO;14;18;;
1017;2017;San Donato - San Vitale;San Donato;MICHELINO;9;31;;
1029;2017;San Donato - San Vitale;San Donato;VIA MONDO;19;26;;
1041;2017;San Donato - San Vitale;San Donato;VIA MONDO;57;109;;
1044;2017;San Donato - San Vitale;San Donato;VIA MONDO;8;23;;
1050;2017;San Donato - San Vitale;San Donato;VIA MONDO;2;33;;
1055;2017;San Donato - San Vitale;San Donato;VIA MONDO;30;52;;
1068;2017;San Donato - San Vitale;San Donato;VIA MONDO;15;27;;
1072;2017;San Donato - San Vitale;San Donato;VIA MONDO;2;6;;
1083;2017;San Donato - San Vitale;San Donato;SAN DONNINO;2;2;;
1085;2017;San Donato - San Vitale;San Donato;PILASTRO;3;25;;
1087;2017;San Donato - San Vitale;San Donato;PILASTRO;1;1;;
1090;2017;San Donato - San Vitale;San Donato;PILASTRO;8;8;11;
1092;2017;San Donato - San Vitale;San Donato;PILASTRO;39;91;4;
1113;2017;San Donato - San Vitale;San Donato;CAAB;8;19;;
1116;2017;San Donato - San Vitale;San Donato;CAAB;2;2;;
1136;2017;Santo Stefano;Colli;OSSERVANZA;62;96;42;
1141;2017;Santo Stefano;Colli;PADERNO;2;2;;
1145;2017;Santo Stefano;Colli;OSSERVANZA;30;37;;
1149;2017;Santo Stefano;Colli;PADERNO;2;2;;
1152;2017;Santo Stefano;Colli;OSSERVANZA;14;16;;
1153;2017;Santo Stefano;Colli;OSSERVANZA;5;5;;
1165;2017;Santo Stefano;Colli;SAN MICHELE IN BOSCO;58;89;;
1181;2017;Santo Stefano;Colli;PADERNO;10;10;;
1190;2017;Santo Stefano;Colli;PADERNO;6;6;3;
1218;2017;Santo Stefano;Galvani;GALVANI-1;157;432;71;
1238;2017;Santo Stefano;Galvani;GALVANI-2;36;50;;
1263;2017;Santo Stefano;Galvani;GALVANI-2;66;135;52;
1267;2017;Santo Stefano;Galvani;GALVANI-2;19;23;;
1268;2017;Santo Stefano;Galvani;GALVANI-2;139;268;208;
1269;2017;Santo Stefano;Galvani;GALVANI-2;72;142;;
1303;2017;Santo Stefano;Murri;MEZZOFANTI;63;89;;
1316;2017;Santo Stefano;Murri;DAGNINI;18;28;;
1317;2017;Santo Stefano;Murri;MEZZOFANTI;72;129;;
1319;2017;Santo Stefano;Murri;MEZZOFANTI;45;86;;
1329;2017;Santo Stefano;Murri;DAGNINI;10;11;;
1355;2017;Santo Stefano;Murri;DAGNINI;11;13;;
1360;2017;Santo Stefano;Murri;MEZZOFANTI;12;14;;
1364;2017;Santo Stefano;Murri;DAGNINI;17;27;;
1369;2017;Santo Stefano;Murri;DAGNINI;8;14;;
1374;2017;Santo Stefano;Murri;DAGNINI;15;16;;
1377;2017;Santo Stefano;Murri;GIARDINI MARGHERITA;2;25;17;
1383;2017;Santo Stefano;Murri;SIEPELUNGA;21;20;;
1386;2017;Santo Stefano;Murri;SIEPELUNGA;22;29;;
1388;2017;Santo Stefano;Murri;SIEPELUNGA;13;13;;
1399;2017;Santo Stefano;Murri;SIEPELUNGA;1;1;;
1431;2017;Santo Stefano;Murri;CHIESANUOVA;7;7;;
1446;2017;Santo Stefano;Murri;CHIESANUOVA;25;61;;
1457;2017;Santo Stefano;Irnerio;IRNERIO-2;1;2;;
1475;2017;Santo Stefano;Irnerio;IRNERIO-2;16;36;;
1476;2017;Santo Stefano;Irnerio;IRNERIO-2;43;101;;
1478;2017;Santo Stefano;Irnerio;IRNERIO-2;8;18;;
1479;2017;Santo Stefano;Irnerio;IRNERIO-2;16;21;;
1482;2017;Santo Stefano;Irnerio;IRNERIO-2;26;57;;
1501;2017;Santo Stefano;Irnerio;IRNERIO-2;19;42;;
1516;2017;Santo Stefano;Irnerio;IRNERIO-1;17;117;27;
1517;2017;Santo Stefano;Irnerio;IRNERIO-1;1;1;;
1522;2017;Santo Stefano;Irnerio;IRNERIO-1;105;312;7;
1530;2017;Santo Stefano;Irnerio;IRNERIO-2;9;9;;
1566;2017;San Donato - San Vitale;S. Vitale;CIRENAICA;16;196;;
1599;2017;San Donato - San Vitale;S. Vitale;CIRENAICA;1;1;;
1601;2017;San Donato - San Vitale;S. Vitale;CIRENAICA;15;33;;
1619;2017;San Donato - San Vitale;S. Vitale;MENGOLI;3;6;;
1621;2017;San Donato - San Vitale;S. Vitale;MENGOLI;15;60;;
1626;2017;San Donato - San Vitale;S. Vitale;MENGOLI;12;30;;
1627;2017;San Donato - San Vitale;S. Vitale;MENGOLI;28;47;;
1635;2017;San Donato - San Vitale;S. Vitale;MENGOLI;15;14;;
1636;2017;San Donato - San Vitale;S. Vitale;MENGOLI;16;30;;
1646;2017;San Donato - San Vitale;S. Vitale;MENGOLI;9;21;27;
1650;2017;San Donato - San Vitale;S. Vitale;MENGOLI;15;16;;
1660;2017;San Donato - San Vitale;S. Vitale;MENGOLI;22;31;0;
1674;2017;San Donato - San Vitale;S. Vitale;ROVERI;8;25;;
1691;2017;San Donato - San Vitale;S. Vitale;ROVERI;30;382;178;
1692;2017;San Donato - San Vitale;S. Vitale;ROVERI;79;311;0;
1710;2017;San Donato - San Vitale;S. Vitale;ROVERI;7;113;;
1734;2017;San Donato - San Vitale;S. Vitale;ROVERI;30;192;;
1752;2017;San Donato - San Vitale;S. Vitale;CROCE DEL BIACCO;4;9;66;
1757;2017;San Donato - San Vitale;S. Vitale;CROCE DEL BIACCO;9;11;;
1758;2017;San Donato - San Vitale;S. Vitale;STRADELLI GUELFI;11;11;;
1798;2017;Porto - Saragozza;Costa Saragozza;XXI APRILE;11;36;;
1802;2017;Porto - Saragozza;Costa Saragozza;XXI APRILE;1;1;;
1816;2017;Porto - Saragozza;Costa Saragozza;STADIO-MELONCELLO;18;22;;
1834;2017;Porto - Saragozza;Costa Saragozza;XXI APRILE;9;12;;
1845;2017;Porto - Saragozza;Costa Saragozza;XXI APRILE;34;39;;
1847;2017;Porto - Saragozza;Costa Saragozza;XXI APRILE;10;14;;
1850;2017;Porto - Saragozza;Costa Saragozza;XXI APRILE;20;30;;
1860;2017;Porto - Saragozza;Costa Saragozza;XXI APRILE;23;25;3;
1881;2017;Porto - Saragozza;Costa Saragozza;STADIO-MELONCELLO;17;25;;
1888;2017;Porto - Saragozza;Costa Saragozza;RAVONE;1;2;;
1905;2017;Porto - Saragozza;Costa Saragozza;SAN GIUSEPPE;36;97;;
1913;2017;Porto - Saragozza;Costa Saragozza;SAN LUCA;3;16;;
1920;2017;Porto - Saragozza;Costa Saragozza;SAN LUCA;2;2;;
1921;2017;Porto - Saragozza;Costa Saragozza;SAN LUCA;2;2;;
1926;2017;Porto - Saragozza;Costa Saragozza;SAN LUCA;4;4;;
1935;2017;Porto - Saragozza;Malpighi;MALPIGHI-2;46;87;;
1936;2017;Porto - Saragozza;Malpighi;MALPIGHI-2;44;58;21;
1944;2017;Porto - Saragozza;Malpighi;MALPIGHI-2;32;83;116;
1958;2017;Porto - Saragozza;Malpighi;MALPIGHI-1;6;8;;
1964;2017;Porto - Saragozza;Malpighi;MALPIGHI-1;46;97;;
1976;2017;Porto - Saragozza;Malpighi;MALPIGHI-2;30;216;140;
1987;2017;Porto - Saragozza;Malpighi;MALPIGHI-2;3;7;101;
2007;2017;Savena;Mazzini;FOSSOLO;39;836;;
2010;2017;Savena;Mazzini;FOSSOLO;16;19;;
2012;2017;Savena;Mazzini;FOSSOLO;20;29;;
2032;2017;Savena;Mazzini;FOSSOLO;28;93;;
2037;2017;Savena;Mazzini;FOSSOLO;25;41;;
2059;2017;Savena;Mazzini;PONTEVECCHIO;46;95;;
2071;2017;Savena;Mazzini;BITONE;19;30;;
2073;2017;Savena;Mazzini;BITONE;11;12;;
2095;2017;Savena;Mazzini;BITONE;11;27;;
2105;2017;Savena;Mazzini;BITONE;11;13;;
2108;2017;Savena;Mazzini;BITONE;5;6;;
2109;2017;Savena;Mazzini;BITONE;2;2;;
2111;2017;Savena;Mazzini;BITONE;1;1;;
2112;2017;Savena;Mazzini;BITONE;8;10;;
2130;2017;Savena;Mazzini;VIA ARNO;5;19;;
2155;2017;Savena;Mazzini;VIA ARNO;10;119;323;
2172;2017;Savena;S. Ruffillo;MONTE DONATO;35;45;;
2174;2017;Savena;S. Ruffillo;VIA TOSCANA;1;1;;
2180;2017;Savena;S. Ruffillo;MONTE DONATO;5;5;;
2183;2017;Savena;S. Ruffillo;VIA TOSCANA;3;3;;
2186;2017;Savena;S. Ruffillo;VIA TOSCANA;1;1;;
2193;2017;Savena;S. Ruffillo;VIA TOSCANA;2;2;;
2195;2017;Savena;S. Ruffillo;VIA TOSCANA;13;14;;
2198;2017;Savena;S. Ruffillo;VIA TOSCANA;2;2;;
2202;2017;Savena;S. Ruffillo;VIA TOSCANA;4;7;;
2210;2017;Savena;S. Ruffillo;VIA TOSCANA;12;14;;
2214;2017;Savena;S. Ruffillo;VIA TOSCANA;10;18;;
2219;2017;Savena;S. Ruffillo;VIA TOSCANA;5;9;;
2221;2017;Savena;S. Ruffillo;CORELLI;4;5;;
2229;2017;Savena;S. Ruffillo;VIA TOSCANA;6;8;;
2242;2017;Savena;S. Ruffillo;CORELLI;4;4;;
2248;2017;Savena;S. Ruffillo;VIA TOSCANA;4;6;;
2273;2017;Savena;S. Ruffillo;CORELLI;3;5;73;
2274;2017;Savena;S. Ruffillo;CORELLI;3;4;;
2297;2017;Savena;S. Ruffillo;VIA TOSCANA;4;11;;
2299;2017;Savena;S. Ruffillo;VIA TOSCANA;20;19;;
2320;2017;Savena;S. Ruffillo;PONTE SAVENA-LA BASTIA;16;98;;
2323;2017;Navile;Corticella;CROCE COPERTA;11;19;;
11;2018;Borgo Panigale - Reno;Borgo Panigale;VIA DEL VIVAIO;1;1;;
15;2018;Borgo Panigale - Reno;Borgo Panigale;VIA DEL VIVAIO;3;4;;
24;2018;Borgo Panigale - Reno;Borgo Panigale;BARGELLINO;4;527;;
31;2018;Borgo Panigale - Reno;Borgo Panigale;AEROPORTO;5;25;;
60;2018;Borgo Panigale - Reno;Borgo Panigale;LA BIRRA;13;22;;
63;2018;Borgo Panigale - Reno;Borgo Panigale;LA BIRRA;3;8;;
74;2018;Borgo Panigale - Reno;Borgo Panigale;DUCATI-VILLAGGIO INA;2;5;;
89;2018;Borgo Panigale - Reno;Borgo Panigale;BORGO CENTRO;1;1;;
105;2018;Borgo Panigale - Reno;Borgo Panigale;BORGO CENTRO;7;10;;
108;2018;Borgo Panigale - Reno;Borgo Panigale;BORGO CENTRO;14;25;;
113;2018;Borgo Panigale - Reno;Borgo Panigale;BORGO CENTRO;14;23;;
132;2018;Borgo Panigale - Reno;Borgo Panigale;RIGOSA;1;1;;
144;2018;Borgo Panigale - Reno;Borgo Panigale;BORGO CENTRO;10;19;;
154;2018;Borgo Panigale - Reno;Borgo Panigale;TRIUMVIRATO-PIETRA;45;98;;
169;2018;Borgo Panigale - Reno;Borgo Panigale;CASTELDEBOLE;22;24;;
174;2018;Borgo Panigale - Reno;Borgo Panigale;CASTELDEBOLE;29;73;;
201;2018;Borgo Panigale - Reno;Borgo Panigale;RIGOSA;1;172;;
248;2018;Navile;Bolognina;ARCOVEGGIO;13;14;;
266;2018;Navile;Bolognina;ARCOVEGGIO;5;5;;
277;2018;Navile;Bolognina;PIAZZA DELL'UNITA';12;39;;
279;2018;Navile;Bolognina;PIAZZA DELL'UNITA';10;14;;
286;2018;Navile;Bolognina;PIAZZA DELL'UNITA';3;3;;
325;2018;Navile;Bolognina;VIA FERRARESE;50;68;;
326;2018;Navile;Bolognina;VIA FERRARESE;29;41;;
328;2018;Navile;Bolognina;VIA FERRARESE;9;14;;
345;2018;Navile;Bolognina;PIAZZA DELL'UNITA';14;177;;
360;2018;Navile;Bolognina;PIAZZA DELL'UNITA';31;66;;
396;2018;Navile;Corticella;SAN SAVINO;9;12;;
415;2018;Navile;Corticella;SAN SAVINO;28;50;;
418;2018;Navile;Corticella;SAVENA ABBANDONATO;1;24;;
426;2018;Navile;Corticella;SAVENA ABBANDONATO;1;5;;
429;2018;Navile;Corticella;SAVENA ABBANDONATO;2;3;;
431;2018;Navile;Corticella;SAVENA ABBANDONATO;17;42;;
446;2018;Navile;Corticella;CROCE COPERTA;10;81;;
461;2018;Navile;Corticella;CROCE COPERTA;23;629;;
464;2018;Navile;Corticella;CROCE COPERTA;5;5;;
467;2018;Navile;Corticella;CROCE COPERTA;17;29;;
478;2018;Navile;Corticella;MULINO DEL GOMITO;26;263;;
487;2018;Navile;Corticella;LA DOZZA;2;11;;
488;2018;Navile;Corticella;SAVENA ABBANDONATO;1;30;;
501;2018;Navile;Lame;LA NOCE;34;60;;
530;2018;Navile;Lame;TIRO A SEGNO;3;4;;
541;2018;Navile;Lame;TIRO A SEGNO;1;1;;
545;2018;Navile;Lame;PESCAROLA;12;13;;
574;2018;Navile;Lame;BEVERARA;3;4;;
579;2018;Navile;Lame;LAZZARETTO;23;42;;
589;2018;Navile;Lame;BEVERARA;22;39;;
613;2018;Porto - Saragozza;Marconi;MARCONI-2;15;216;;
617;2018;Porto - Saragozza;Marconi;MARCONI-2;17;187;;
618;2018;Porto - Saragozza;Marconi;MARCONI-2;28;55;;
629;2018;Porto - Saragozza;Marconi;MARCONI-2;10;15;;
663;2018;Porto - Saragozza;Marconi;MARCONI-2;28;49;;
664;2018;Porto - Saragozza;Marconi;MARCONI-2;138;338;;
672;2018;Porto - Saragozza;Marconi;MARCONI-2;26;39;;
674;2018;Porto - Saragozza;Marconi;MARCONI-2;63;121;;
693;2018;Porto - Saragozza;Marconi;MARCONI-1;42;79;;
696;2018;Porto - Saragozza;Marconi;MARCONI-1;81;203;;
702;2018;Porto - Saragozza;Saffi;SCALO RAVONE;6;39;;
703;2018;Porto - Saragozza;Saffi;ZANARDI;16;860;;
755;2018;Porto - Saragozza;Saffi;VELODROMO;4;4;;
776;2018;Porto - Saragozza;Saffi;VIA VITTORIO VENETO;18;22;;
879;2018;Borgo Panigale - Reno;Barca;CANALE DI RENO;17;19;;
885;2018;Borgo Panigale - Reno;Barca;CANALE DI RENO;2;4;;
888;2018;Borgo Panigale - Reno;S. Viola;AGUCCHI;57;308;;
900;2018;Borgo Panigale - Reno;S. Viola;AGUCCHI;1;2;;
903;2018;Borgo Panigale - Reno;S. Viola;AGUCCHI;33;57;;
917;2018;Borgo Panigale - Reno;S. Viola;EMILIA PONENTE;29;32;;
918;2018;Borgo Panigale - Reno;S. Viola;EMILIA PONENTE;32;66;;
957;2018;San Donato - San Vitale;San Donato;CADRIANO-CALAMOSCO;3;4;;
1006;2018;San Donato - San Vitale;San Donato;VIA DEL LAVORO;22;50;;
1007;2018;San Donato - San Vitale;San Donato;VIA DEL LAVORO;7;10;;
1012;2018;San Donato - San Vitale;San Donato;MICHELINO;1;5;;
1017;2018;San Donato - San Vitale;San Donato;MICHELINO;8;33;;
1030;2018;San Donato - San Vitale;San Donato;VIA MONDO;2;2;;
1070;2018;San Donato - San Vitale;San Donato;VIA MONDO;26;49;;
1144;2018;Santo Stefano;Colli;OSSERVANZA;24;47;;
1146;2018;Santo Stefano;Colli;OSSERVANZA;4;4;;
1155;2018;Santo Stefano;Colli;OSSERVANZA;37;44;;
1173;2018;Santo Stefano;Colli;SAN MICHELE IN BOSCO;3;3;;
1177;2018;Santo Stefano;Colli;SAN MICHELE IN BOSCO;3;5;;
1193;2018;Santo Stefano;Colli;PADERNO;6;8;;
1206;2018;Santo Stefano;Colli;PADERNO;5;5;;
1256;2018;Santo Stefano;Galvani;GALVANI-2;72;193;;
1259;2018;Santo Stefano;Galvani;GALVANI-2;12;14;;
1271;2018;Santo Stefano;Galvani;GALVANI-2;22;29;;
1272;2018;Santo Stefano;Galvani;GALVANI-2;61;111;;
1328;2018;Santo Stefano;Murri;DAGNINI;1;2;;
1397;2018;Santo Stefano;Murri;SIEPELUNGA;13;11;;
1462;2018;Santo Stefano;Irnerio;IRNERIO-2;22;30;;
1486;2018;Santo Stefano;Irnerio;IRNERIO-1;66;283;;
1498;2018;Santo Stefano;Irnerio;IRNERIO-2;13;37;;
1501;2018;Santo Stefano;Irnerio;IRNERIO-2;18;32;;
1506;2018;Santo Stefano;Irnerio;IRNERIO-1;49;138;;
1514;2018;Santo Stefano;Irnerio;IRNERIO-1;7;22;;
1525;2018;Santo Stefano;Irnerio;IRNERIO-1;55;176;;
1547;2018;Santo Stefano;Irnerio;IRNERIO-2;43;109;;
1595;2018;San Donato - San Vitale;S. Vitale;CIRENAICA;6;23;;
1616;2018;San Donato - San Vitale;S. Vitale;MENGOLI;21;43;;
1653;2018;San Donato - San Vitale;S. Vitale;MENGOLI;41;136;;
1680;2018;San Donato - San Vitale;S. Vitale;SCANDELLARA;3;8;;
1859;2018;Porto - Saragozza;Costa Saragozza;XXI APRILE;27;35;;
1862;2018;Porto - Saragozza;Costa Saragozza;SAN GIUSEPPE;1;1;;
1863;2018;Porto - Saragozza;Costa Saragozza;SAN GIUSEPPE;6;6;;
1892;2018;Porto - Saragozza;Costa Saragozza;RAVONE;1;1;;
1902;2018;Porto - Saragozza;Costa Saragozza;SAN GIUSEPPE;52;70;;
1905;2018;Porto - Saragozza;Costa Saragozza;SAN GIUSEPPE;38;110;;
1934;2018;Porto - Saragozza;Malpighi;MALPIGHI-2;37;59;;
1994;2018;Porto - Saragozza;Malpighi;MALPIGHI-2;13;13;;
1995;2018;Porto - Saragozza;Malpighi;MALPIGHI-2;10;10;;
2015;2018;Savena;Mazzini;FOSSOLO;24;28;;
2019;2018;Savena;Mazzini;DUE MADONNE;1;9;;
2024;2018;Savena;Mazzini;PONTEVECCHIO;1;3;;
2030;2018;Savena;Mazzini;BITONE;30;37;;
2032;2018;Savena;Mazzini;FOSSOLO;26;74;;
2034;2018;Savena;Mazzini;FOSSOLO;5;7;;
2103;2018;Savena;Mazzini;BITONE;12;22;;
2104;2018;Savena;Mazzini;BITONE;7;7;;
2111;2018;Savena;Mazzini;BITONE;1;1;;
2152;2018;Savena;Mazzini;VIA ARNO;4;4;;
2158;2018;Savena;Mazzini;OSPEDALE BELLARIA;1;1;;
2162;2018;Savena;S. Ruffillo;VIA TOSCANA;3;3;;
2184;2018;Savena;S. Ruffillo;VIA TOSCANA;6;7;;
2188;2018;Savena;S. Ruffillo;VIA TOSCANA;2;2;;
2189;2018;Savena;S. Ruffillo;VIA TOSCANA;4;4;;
2237;2018;Savena;S. Ruffillo;VIA TOSCANA;5;7;;
2271;2018;Savena;S. Ruffillo;CORELLI;8;10;;
2280;2018;Savena;S. Ruffillo;CORELLI;3;2;;
2284;2018;Savena;S. Ruffillo;CORELLI;1;1;;
2290;2018;Savena;S. Ruffillo;MONTE DONATO;3;5;;
2318;2018;Savena;S. Ruffillo;PONTE SAVENA-LA BASTIA;8;9;;
45;2019;Borgo Panigale - Reno;Borgo Panigale;AEROPORTO;3;48;;
50;2019;Borgo Panigale - Reno;Borgo Panigale;RIGOSA;11;95;;
79;2019;Borgo Panigale - Reno;Borgo Panigale;DUCATI-VILLAGGIO INA;27;39;;
93;2019;Borgo Panigale - Reno;Borgo Panigale;BORGO CENTRO;1;2;;
96;2019;Borgo Panigale - Reno;Borgo Panigale;BORGO CENTRO;2;2;;
100;2019;Borgo Panigale - Reno;Borgo Panigale;BORGO CENTRO;10;11;;60
103;2019;Borgo Panigale - Reno;Borgo Panigale;BORGO CENTRO;17;57;;
2177;2018;Savena;S. Ruffillo;VIA TOSCANA;7;7;;
2181;2018;Savena;S. Ruffillo;VIA TOSCANA;4;4;;
2216;2018;Savena;S. Ruffillo;CORELLI;24;36;;
2251;2018;Savena;S. Ruffillo;CORELLI;2;2;;
2256;2018;Savena;S. Ruffillo;CORELLI;14;13;;
2260;2018;Savena;S. Ruffillo;CORELLI;1;1;;
2300;2018;Savena;S. Ruffillo;VIA TOSCANA;11;11;;
2313;2018;Savena;S. Ruffillo;PONTE SAVENA-LA BASTIA;9;19;;
30;2017;Borgo Panigale - Reno;Borgo Panigale;AEROPORTO;3;2;;
102;2017;Borgo Panigale - Reno;Borgo Panigale;BORGO CENTRO;5;24;;
117;2017;Borgo Panigale - Reno;Borgo Panigale;BORGO CENTRO;12;18;;
157;2017;Borgo Panigale - Reno;Borgo Panigale;TRIUMVIRATO-PIETRA;1;20;;
192;2017;Borgo Panigale - Reno;Borgo Panigale;RIGOSA;1;1;;
211;2017;Navile;Bolognina;CASERME ROSSE-MANIFATTURA;12;38;;
242;2017;Navile;Bolognina;ARCOVEGGIO;16;19;;
248;2017;Navile;Bolognina;ARCOVEGGIO;15;19;13;
338;2017;Navile;Bolognina;VIA FERRARESE;8;12;;
345;2017;Navile;Bolognina;PIAZZA DELL'UNITA';11;133;;
368;2017;Navile;Bolognina;PIAZZA DELL'UNITA';2;10;;
376;2017;Navile;Corticella;SAN SAVINO;21;80;;
392;2017;Navile;Corticella;SAN SAVINO;5;11;;
402;2017;Navile;Corticella;SAN SAVINO;22;48;;
414;2017;Navile;Corticella;SAN SAVINO;10;26;6;
424;2017;Navile;Corticella;SAVENA ABBANDONATO;2;2;;
425;2017;Navile;Corticella;SAVENA ABBANDONATO;8;17;;
439;2017;Navile;Corticella;CROCE COPERTA;12;23;;
442;2017;Navile;Corticella;CROCE COPERTA;24;31;16;
470;2017;Navile;Corticella;CROCE COPERTA;11;30;;
472;2017;Navile;Corticella;CROCE COPERTA;99;576;;
474;2017;Navile;Corticella;MULINO DEL GOMITO;24;65;;
513;2017;Navile;Lame;LAGHETTI DEL ROSARIO;1;9;;
563;2017;Navile;Lame;BEVERARA;32;59;;
569;2017;Navile;Lame;BEVERARA;10;15;105;
587;2017;Navile;Lame;LAZZARETTO;17;67;;
594;2017;Navile;Lame;BEVERARA;36;295;;
630;2017;Porto - Saragozza;Marconi;MARCONI-2;61;130;;
668;2017;Porto - Saragozza;Marconi;MARCONI-2;54;96;3;
675;2017;Porto - Saragozza;Marconi;MARCONI-2;35;89;25;
687;2017;Porto - Saragozza;Marconi;MARCONI-1;5;13;;
689;2017;Porto - Saragozza;Marconi;MARCONI-1;1;25;;
695;2017;Porto - Saragozza;Marconi;MARCONI-1;31;85;;
700;2017;Porto - Saragozza;Saffi;PRATI DI CAPRARA-OSPEDALE MAGGIORE;4;142;2817;
740;2017;Porto - Saragozza;Saffi;VELODROMO;7;7;;
749;2017;Porto - Saragozza;Saffi;VELODROMO;9;9;;
778;2017;Porto - Saragozza;Saffi;VIA VITTORIO VENETO;13;15;;
784;2017;Borgo Panigale - Reno;Barca;VILLAGGIO DELLA BARCA;11;61;;
793;2017;Borgo Panigale - Reno;Barca;BATTINDARNO;9;94;61;
802;2017;Borgo Panigale - Reno;Barca;BATTINDARNO;5;6;70;
814;2017;Borgo Panigale - Reno;Barca;BATTINDARNO;17;29;;
869;2017;Borgo Panigale - Reno;Barca;CANALE DI RENO;15;19;;
874;2017;Borgo Panigale - Reno;Barca;CANALE DI RENO;10;41;;
881;2017;Borgo Panigale - Reno;Barca;CANALE DI RENO;13;897;;
929;2017;Borgo Panigale - Reno;S. Viola;EMILIA PONENTE;4;5;;
930;2017;Borgo Panigale - Reno;S. Viola;EMILIA PONENTE;23;40;;
934;2017;San Donato - San Vitale;San Donato;CADRIANO-CALAMOSCO;2;1;;
1079;2017;San Donato - San Vitale;San Donato;SAN DONNINO;8;9;;
1091;2017;San Donato - San Vitale;San Donato;PILASTRO;4;4;;
1130;2017;San Donato - San Vitale;San Donato;CAAB;1;5;38;
1134;2017;Santo Stefano;Colli;PADERNO;4;5;;
1222;2017;Santo Stefano;Galvani;GALVANI-1;145;326;;
1228;2017;Santo Stefano;Galvani;GALVANI-1;40;110;;
1243;2017;Santo Stefano;Galvani;GALVANI-2;15;26;0;
1254;2017;Santo Stefano;Galvani;GALVANI-2;34;118;;
1258;2017;Santo Stefano;Galvani;GALVANI-2;17;26;;
1280;2017;Santo Stefano;Galvani;GALVANI-2;33;43;;
1282;2017;Santo Stefano;Galvani;GALVANI-2;16;24;;
1304;2017;Santo Stefano;Murri;MEZZOFANTI;31;45;;
1320;2017;Santo Stefano;Murri;MEZZOFANTI;11;14;;
1327;2017;Santo Stefano;Murri;DAGNINI;5;5;;
1379;2017;Santo Stefano;Murri;SIEPELUNGA;15;18;;
1380;2017;Santo Stefano;Murri;GIARDINI MARGHERITA;3;18;;
1404;2017;Santo Stefano;Murri;SIEPELUNGA;2;11;;
1407;2017;Santo Stefano;Murri;CHIESANUOVA;16;19;;
1410;2017;Santo Stefano;Murri;CHIESANUOVA;9;9;;
1434;2017;Santo Stefano;Murri;CHIESANUOVA;2;2;;
1435;2017;Santo Stefano;Murri;CHIESANUOVA;3;6;;
1481;2017;Santo Stefano;Irnerio;IRNERIO-2;38;56;;
1564;2017;San Donato - San Vitale;S. Vitale;CIRENAICA;7;20;;
1569;2017;San Donato - San Vitale;S. Vitale;MENGOLI;23;78;;
1592;2017;San Donato - San Vitale;S. Vitale;CIRENAICA;15;22;;
1595;2017;San Donato - San Vitale;S. Vitale;CIRENAICA;4;18;;
1596;2017;San Donato - San Vitale;S. Vitale;CIRENAICA;6;7;;
1724;2017;San Donato - San Vitale;S. Vitale;GUELFA;15;30;;
1759;2017;San Donato - San Vitale;S. Vitale;CROCE DEL BIACCO;8;10;;
1777;2017;San Donato - San Vitale;S. Vitale;GUELFA;22;43;;
1838;2017;Porto - Saragozza;Costa Saragozza;XXI APRILE;16;21;;
1878;2017;Porto - Saragozza;Costa Saragozza;STADIO-MELONCELLO;9;19;;
1884;2017;Porto - Saragozza;Costa Saragozza;STADIO-MELONCELLO;25;42;8;
1891;2017;Porto - Saragozza;Costa Saragozza;RAVONE;8;9;;
2114;2017;Savena;Mazzini;BITONE;21;50;;
2121;2017;Savena;Mazzini;VIA ARNO;15;16;;
2179;2017;Savena;S. Ruffillo;VIA TOSCANA;8;9;;
2197;2017;Savena;S. Ruffillo;MONTE DONATO;25;40;;
2265;2017;Savena;S. Ruffillo;CORELLI;9;10;16;
2267;2017;Savena;S. Ruffillo;CORELLI;9;19;;
2282;2017;Savena;S. Ruffillo;CORELLI;3;3;;
2308;2017;Savena;S. Ruffillo;MONTE DONATO;1;1;;
2310;2017;Savena;S. Ruffillo;MONTE DONATO;3;13;;
2315;2017;Savena;S. Ruffillo;PONTE SAVENA-LA BASTIA;5;6;;
2316;2017;Savena;S. Ruffillo;PONTE SAVENA-LA BASTIA;10;11;;
2322;2017;Savena;S. Ruffillo;MONTE DONATO;4;4;;
2327;2017;Navile;Lame;PESCAROLA;9;16;;
2328;2017;Borgo Panigale - Reno;Barca;BATTINDARNO;13;14;72;
19;2018;Borgo Panigale - Reno;Borgo Panigale;VIA DEL VIVAIO;2;2;;
49;2018;Borgo Panigale - Reno;Borgo Panigale;RIGOSA;1;8;;
52;2018;Borgo Panigale - Reno;Borgo Panigale;VIA DEL VIVAIO;2;2;;
67;2018;Borgo Panigale - Reno;Borgo Panigale;LA BIRRA;4;16;;
80;2018;Borgo Panigale - Reno;Borgo Panigale;DUCATI-VILLAGGIO INA;1;3;;
103;2018;Borgo Panigale - Reno;Borgo Panigale;BORGO CENTRO;18;36;;
116;2018;Borgo Panigale - Reno;Borgo Panigale;BORGO CENTRO;9;33;;
142;2018;Borgo Panigale - Reno;Borgo Panigale;BORGO CENTRO;53;148;;
161;2018;Borgo Panigale - Reno;Borgo Panigale;RIGOSA;5;4;;
192;2018;Borgo Panigale - Reno;Borgo Panigale;RIGOSA;1;1;;
243;2018;Navile;Bolognina;ARCOVEGGIO;10;14;;
246;2018;Navile;Bolognina;ARCOVEGGIO;8;17;;
269;2018;Navile;Bolognina;ARCOVEGGIO;39;73;;
271;2018;Navile;Bolognina;ARCOVEGGIO;8;7;;
288;2018;Navile;Bolognina;PIAZZA DELL'UNITA';13;14;;
308;2018;Navile;Bolognina;VIA FERRARESE;23;44;;
324;2018;Navile;Bolognina;VIA FERRARESE;18;22;;
338;2018;Navile;Bolognina;VIA FERRARESE;8;15;;
339;2018;Navile;Bolognina;VIA FERRARESE;13;343;;
384;2018;Navile;Corticella;SAN SAVINO;3;7;;
401;2018;Navile;Corticella;SAN SAVINO;1;2;;
412;2018;Navile;Corticella;SAN SAVINO;21;34;;
428;2018;Navile;Corticella;SAVENA ABBANDONATO;4;6;;
462;2018;Navile;Corticella;CROCE COPERTA;52;387;;
499;2018;Navile;Lame;LAGHETTI DEL ROSARIO;6;25;;
550;2018;Navile;Lame;PESCAROLA;22;55;;
554;2018;Navile;Lame;PESCAROLA;15;20;;
563;2018;Navile;Lame;BEVERARA;21;47;;
595;2018;Navile;Lame;BEVERARA;13;30;;
596;2018;Navile;Lame;BEVERARA;30;311;;
639;2018;Porto - Saragozza;Marconi;MARCONI-2;5;27;;
641;2018;Porto - Saragozza;Marconi;MARCONI-2;48;136;;
654;2018;Porto - Saragozza;Marconi;MARCONI-2;8;22;;
689;2018;Porto - Saragozza;Marconi;MARCONI-1;1;19;;
724;2018;Porto - Saragozza;Saffi;ZANARDI;27;69;;
747;2018;Porto - Saragozza;Saffi;VELODROMO;14;23;;
751;2018;Porto - Saragozza;Saffi;VELODROMO;7;8;;
766;2018;Porto - Saragozza;Saffi;VIA VITTORIO VENETO;17;18;;
816;2018;Borgo Panigale - Reno;Barca;BATTINDARNO;17;22;;
827;2018;Borgo Panigale - Reno;Barca;VILLAGGIO DELLA BARCA;2;2;;
833;2018;Borgo Panigale - Reno;Barca;VILLAGGIO DELLA BARCA;16;57;;
849;2018;Borgo Panigale - Reno;Barca;VILLAGGIO DELLA BARCA;7;9;;
851;2018;Borgo Panigale - Reno;Barca;BATTINDARNO;10;11;;
877;2018;Borgo Panigale - Reno;Barca;CANALE DI RENO;22;215;;
902;2018;Borgo Panigale - Reno;S. Viola;AGUCCHI;28;32;;
935;2018;San Donato - San Vitale;San Donato;CADRIANO-CALAMOSCO;3;3;;
946;2018;San Donato - San Vitale;San Donato;CADRIANO-CALAMOSCO;3;8;;
1008;2018;San Donato - San Vitale;San Donato;VIA DEL LAVORO;7;14;;
1029;2018;San Donato - San Vitale;San Donato;VIA MONDO;21;30;;
1075;2018;San Donato - San Vitale;San Donato;VIA MONDO;3;3;;
1098;2018;San Donato - San Vitale;San Donato;PILASTRO;4;8;;
1120;2018;San Donato - San Vitale;San Donato;CAAB;4;22;;
1149;2018;Santo Stefano;Colli;PADERNO;2;2;;
1167;2018;Santo Stefano;Colli;SAN MICHELE IN BOSCO;12;11;;
1221;2018;Santo Stefano;Galvani;GALVANI-1;3;238;;
1232;2018;Santo Stefano;Galvani;GALVANI-2;69;113;;
1246;2018;Santo Stefano;Galvani;GALVANI-2;41;59;;
1260;2018;Santo Stefano;Galvani;GALVANI-2;25;33;;
1262;2018;Santo Stefano;Galvani;GALVANI-2;28;45;;
1265;2018;Santo Stefano;Galvani;GALVANI-2;82;112;;
1366;2018;Santo Stefano;Murri;DAGNINI;16;29;;
1398;2018;Santo Stefano;Murri;SIEPELUNGA;31;36;;
1427;2018;Santo Stefano;Murri;CHIESANUOVA;14;20;;
1472;2018;Santo Stefano;Irnerio;IRNERIO-2;2;564;;
1492;2018;Santo Stefano;Irnerio;IRNERIO-1;16;25;;
1493;2018;Santo Stefano;Irnerio;IRNERIO-1;46;124;;
1508;2018;Santo Stefano;Irnerio;IRNERIO-1;15;54;;
1511;2018;Santo Stefano;Irnerio;IRNERIO-1;73;132;;
1517;2018;Santo Stefano;Irnerio;IRNERIO-1;1;1;;
1520;2018;Santo Stefano;Irnerio;IRNERIO-1;62;369;;
1559;2018;San Donato - San Vitale;S. Vitale;CIRENAICA;3;3;;
1562;2018;San Donato - San Vitale;S. Vitale;CIRENAICA;52;86;;
1564;2018;San Donato - San Vitale;S. Vitale;CIRENAICA;7;17;;
1575;2018;San Donato - San Vitale;S. Vitale;CIRENAICA;2;2;;
1596;2018;San Donato - San Vitale;S. Vitale;CIRENAICA;5;4;;
1633;2018;San Donato - San Vitale;S. Vitale;MENGOLI;20;33;;
1656;2018;San Donato - San Vitale;S. Vitale;MENGOLI;39;76;;
1674;2018;San Donato - San Vitale;S. Vitale;ROVERI;8;24;;
1692;2018;San Donato - San Vitale;S. Vitale;ROVERI;84;446;;
1702;2018;San Donato - San Vitale;S. Vitale;ROVERI;4;47;;
1709;2018;San Donato - San Vitale;S. Vitale;ROVERI;4;67;;
1726;2018;San Donato - San Vitale;S. Vitale;GUELFA;8;8;;
1779;2018;San Donato - San Vitale;S. Vitale;GUELFA;48;105;;
1794;2018;Porto - Saragozza;Costa Saragozza;XXI APRILE;23;150;;
1813;2018;Porto - Saragozza;Costa Saragozza;STADIO-MELONCELLO;8;12;;
1873;2018;Porto - Saragozza;Costa Saragozza;SAN GIUSEPPE;24;26;;
1876;2018;Porto - Saragozza;Costa Saragozza;SAN GIUSEPPE;96;221;;
1908;2018;Porto - Saragozza;Costa Saragozza;SAN GIUSEPPE;4;3;;
1912;2018;Porto - Saragozza;Costa Saragozza;VIA DEL GENIO;1;1;;
1913;2018;Porto - Saragozza;Costa Saragozza;SAN LUCA;3;19;;
1924;2018;Porto - Saragozza;Costa Saragozza;SAN LUCA;7;12;;
1935;2018;Porto - Saragozza;Malpighi;MALPIGHI-2;40;81;;
1958;2018;Porto - Saragozza;Malpighi;MALPIGHI-1;7;9;;
1976;2018;Porto - Saragozza;Malpighi;MALPIGHI-2;33;226;;
1978;2018;Porto - Saragozza;Malpighi;MALPIGHI-2;31;67;;
1992;2018;Porto - Saragozza;Malpighi;MALPIGHI-2;67;149;;
1997;2018;Porto - Saragozza;Malpighi;MALPIGHI-2;22;36;;
1998;2018;Porto - Saragozza;Malpighi;MALPIGHI-2;31;74;;
2011;2018;Savena;Mazzini;FOSSOLO;7;19;;
2025;2018;Savena;Mazzini;PONTEVECCHIO;44;59;;
2068;2018;Savena;Mazzini;PONTEVECCHIO;19;23;;
2073;2018;Savena;Mazzini;BITONE;11;12;;
2098;2018;Savena;Mazzini;BITONE;10;11;;
2117;2018;Savena;Mazzini;BITONE;4;4;;
2120;2018;Savena;Mazzini;VIA ARNO;25;46;;
2135;2018;Savena;Mazzini;VIA ARNO;3;4;;
2142;2018;Savena;Mazzini;CAVEDONE;8;9;;
2153;2018;Savena;Mazzini;VIA ARNO;3;3;;
2154;2018;Savena;Mazzini;VIA ARNO;14;27;;
2168;2018;Savena;S. Ruffillo;VIA TOSCANA;2;2;;
2192;2018;Savena;S. Ruffillo;VIA TOSCANA;7;9;;
2193;2018;Savena;S. Ruffillo;VIA TOSCANA;2;2;;
2233;2018;Savena;S. Ruffillo;VIA TOSCANA;6;8;;
2264;2018;Savena;S. Ruffillo;CORELLI;21;21;;
2282;2018;Savena;S. Ruffillo;CORELLI;1;1;;
2299;2018;Savena;S. Ruffillo;VIA TOSCANA;22;22;;
114;2017;Borgo Panigale - Reno;Borgo Panigale;BORGO CENTRO;9;22;;
136;2017;Borgo Panigale - Reno;Borgo Panigale;DUCATI-VILLAGGIO INA;16;379;;
164;2017;Borgo Panigale - Reno;Borgo Panigale;RIGOSA;3;5;;
214;2017;Navile;Bolognina;CASERME ROSSE-MANIFATTURA;2;2;;
243;2017;Navile;Bolognina;ARCOVEGGIO;14;22;;
271;2017;Navile;Bolognina;ARCOVEGGIO;6;7;55;
303;2017;Navile;Bolognina;VIA FERRARESE;13;34;;
305;2017;Navile;Bolognina;VIA FERRARESE;20;745;;
311;2017;Navile;Bolognina;VIA FERRARESE;16;17;;
322;2017;Navile;Bolognina;VIA FERRARESE;29;46;2;
324;2017;Navile;Bolognina;VIA FERRARESE;18;26;;
328;2017;Navile;Bolognina;VIA FERRARESE;8;13;;
342;2017;Navile;Bolognina;PIAZZA DELL'UNITA';12;23;;
356;2017;Navile;Bolognina;PIAZZA DELL'UNITA';45;114;;
357;2017;Navile;Bolognina;PIAZZA DELL'UNITA';13;24;;
366;2017;Navile;Bolognina;PIAZZA DELL'UNITA';5;19;;
369;2017;Navile;Corticella;SAN SAVINO;4;14;;
379;2017;Navile;Corticella;SAN SAVINO;13;20;;
398;2017;Navile;Corticella;SAN SAVINO;23;31;;
429;2017;Navile;Corticella;SAVENA ABBANDONATO;2;2;293;
447;2017;Navile;Corticella;CROCE COPERTA;29;305;;
451;2017;Navile;Corticella;CROCE COPERTA;19;282;;
459;2017;Navile;Corticella;CROCE COPERTA;6;21;;
512;2017;Navile;Lame;LAGHETTI DEL ROSARIO;13;46;;
527;2017;Navile;Lame;TIRO A SEGNO;3;6;;
574;2017;Navile;Lame;BEVERARA;3;4;29;
600;2017;Navile;Lame;LAZZARETTO;6;586;;
641;2017;Porto - Saragozza;Marconi;MARCONI-2;50;179;;
666;2017;Porto - Saragozza;Marconi;MARCONI-2;91;219;;
684;2017;Porto - Saragozza;Marconi;MARCONI-1;118;335;72;
725;2017;Porto - Saragozza;Saffi;ZANARDI;39;480;244;
739;2017;Porto - Saragozza;Saffi;VELODROMO;13;60;;
766;2017;Porto - Saragozza;Saffi;VIA VITTORIO VENETO;17;23;;
821;2017;Borgo Panigale - Reno;Barca;VILLAGGIO DELLA BARCA;18;49;;
843;2017;Borgo Panigale - Reno;Barca;VILLAGGIO DELLA BARCA;5;13;13;
894;2017;Borgo Panigale - Reno;S. Viola;AGUCCHI;28;103;67;
897;2017;Borgo Panigale - Reno;S. Viola;AGUCCHI;5;34;18;
901;2017;Borgo Panigale - Reno;S. Viola;AGUCCHI;14;132;;
919;2017;Borgo Panigale - Reno;S. Viola;EMILIA PONENTE;29;53;;
925;2017;Borgo Panigale - Reno;S. Viola;EMILIA PONENTE;4;32;66;
938;2017;San Donato - San Vitale;San Donato;CADRIANO-CALAMOSCO;3;3;;
973;2017;San Donato - San Vitale;San Donato;FIERA;21;877;6;
976;2017;San Donato - San Vitale;San Donato;FIERA;92;3523;2003;
987;2017;San Donato - San Vitale;San Donato;VIA DEL LAVORO;5;6;;
998;2017;San Donato - San Vitale;San Donato;VIA DEL LAVORO;4;151;;
1002;2017;San Donato - San Vitale;San Donato;VIA DEL LAVORO;8;9;;
1018;2017;San Donato - San Vitale;San Donato;MICHELINO;16;44;;
1023;2017;San Donato - San Vitale;San Donato;MICHELINO;4;7;172;
1054;2017;San Donato - San Vitale;San Donato;MICHELINO;8;9;;
1146;2017;Santo Stefano;Colli;OSSERVANZA;4;4;;
1148;2017;Santo Stefano;Colli;OSSERVANZA;53;72;;
1151;2017;Santo Stefano;Colli;OSSERVANZA;13;13;;
1168;2017;Santo Stefano;Colli;SAN MICHELE IN BOSCO;2;2;;
1169;2017;Santo Stefano;Colli;SAN MICHELE IN BOSCO;5;6;;
1176;2017;Santo Stefano;Colli;PADERNO;4;5;;
1207;2017;Santo Stefano;Colli;PADERNO;9;10;;
1223;2017;Santo Stefano;Galvani;GALVANI-1;79;193;;
1234;2017;Santo Stefano;Galvani;GALVANI-2;59;105;164;
1240;2017;Santo Stefano;Galvani;GALVANI-2;23;29;;
1253;2017;Santo Stefano;Galvani;GALVANI-2;1;2;;
1260;2017;Santo Stefano;Galvani;GALVANI-2;25;29;51;
1264;2017;Santo Stefano;Galvani;GALVANI-2;59;96;;
1276;2017;Santo Stefano;Galvani;GALVANI-2;30;34;;
1279;2017;Santo Stefano;Galvani;GALVANI-2;52;83;24;
1289;2017;Santo Stefano;Galvani;GALVANI-2;41;48;;
1295;2017;Santo Stefano;Galvani;GALVANI-2;27;59;59;
1312;2017;Santo Stefano;Murri;DAGNINI;62;92;;
1358;2017;Santo Stefano;Murri;MEZZOFANTI;14;19;;
1376;2017;Santo Stefano;Murri;DAGNINI;3;6;;
1393;2017;Santo Stefano;Murri;SIEPELUNGA;12;13;;
1419;2017;Santo Stefano;Murri;CHIESANUOVA;23;35;;
1447;2017;Santo Stefano;Irnerio;IRNERIO-2;35;1056;;
1449;2017;Santo Stefano;Irnerio;IRNERIO-2;51;264;37;
1511;2017;Santo Stefano;Irnerio;IRNERIO-1;70;125;;
1521;2017;Santo Stefano;Irnerio;IRNERIO-1;6;12;;
1533;2017;Santo Stefano;Irnerio;IRNERIO-2;9;9;;
1630;2017;San Donato - San Vitale;S. Vitale;MENGOLI;13;25;78;
1637;2017;San Donato - San Vitale;S. Vitale;MENGOLI;45;92;;
1644;2017;San Donato - San Vitale;S. Vitale;MENGOLI;22;27;;
1648;2017;San Donato - San Vitale;S. Vitale;MENGOLI;18;29;;
1686;2017;San Donato - San Vitale;S. Vitale;VIA LARGA;6;52;67;
1708;2017;San Donato - San Vitale;S. Vitale;ROVERI;22;241;;
1720;2017;San Donato - San Vitale;S. Vitale;GUELFA;7;12;;
1746;2017;San Donato - San Vitale;S. Vitale;GUELFA;107;574;;
1760;2017;San Donato - San Vitale;S. Vitale;CROCE DEL BIACCO;54;653;;
1779;2017;San Donato - San Vitale;S. Vitale;GUELFA;47;118;;
1786;2017;Porto - Saragozza;Costa Saragozza;XXI APRILE;11;28;;
1836;2017;Porto - Saragozza;Costa Saragozza;XXI APRILE;27;33;;
1861;2017;Porto - Saragozza;Costa Saragozza;SAN GIUSEPPE;53;58;;
1877;2017;Porto - Saragozza;Costa Saragozza;STADIO-MELONCELLO;41;76;;
1882;2017;Porto - Saragozza;Costa Saragozza;SAN LUCA;8;7;;
1899;2017;Porto - Saragozza;Costa Saragozza;SAN GIUSEPPE;36;44;;
1917;2017;Porto - Saragozza;Costa Saragozza;SAN LUCA;5;5;;
1918;2017;Porto - Saragozza;Costa Saragozza;SAN LUCA;1;0;;
1932;2017;Porto - Saragozza;Malpighi;MALPIGHI-2;48;86;;
1962;2017;Porto - Saragozza;Malpighi;MALPIGHI-1;135;496;;
2048;2017;Savena;Mazzini;DUE MADONNE;16;28;;
2050;2017;Savena;Mazzini;DUE MADONNE;8;11;;
2065;2017;Savena;Mazzini;PONTEVECCHIO;4;6;;
2081;2017;Savena;Mazzini;BITONE;17;26;;
2087;2017;Savena;Mazzini;BITONE;38;59;;
2149;2017;Savena;Mazzini;VIA ARNO;57;104;9;
2158;2017;Savena;Mazzini;OSPEDALE BELLARIA;1;1;;
2160;2017;Savena;S. Ruffillo;MONTE DONATO;3;3;;
2213;2017;Savena;S. Ruffillo;VIA TOSCANA;11;36;;
2215;2017;Savena;S. Ruffillo;VIA TOSCANA;6;11;;
2234;2017;Savena;S. Ruffillo;VIA TOSCANA;9;57;;
2253;2017;Savena;S. Ruffillo;CORELLI;29;46;7;
2261;2017;Savena;S. Ruffillo;CORELLI;8;10;;
2270;2017;Savena;S. Ruffillo;CORELLI;9;20;;
2271;2017;Savena;S. Ruffillo;CORELLI;4;4;;
2289;2017;Savena;S. Ruffillo;MONTE DONATO;6;6;;
2298;2017;Savena;S. Ruffillo;VIA TOSCANA;9;21;;
2330;2017;Borgo Panigale - Reno;S. Viola;EMILIA PONENTE;17;77;;
21;2019;Borgo Panigale - Reno;Borgo Panigale;VIA DEL VIVAIO;6;5;;
34;2019;Borgo Panigale - Reno;Borgo Panigale;AEROPORTO;5;82;;
101;2019;Borgo Panigale - Reno;Borgo Panigale;BORGO CENTRO;31;74;;
150;2019;Borgo Panigale - Reno;Borgo Panigale;TRIUMVIRATO-PIETRA;16;25;;
151;2019;Borgo Panigale - Reno;Borgo Panigale;TRIUMVIRATO-PIETRA;12;27;;
161;2019;Borgo Panigale - Reno;Borgo Panigale;RIGOSA;5;5;;
171;2019;Borgo Panigale - Reno;Borgo Panigale;CASTELDEBOLE;26;28;;
188;2019;Borgo Panigale - Reno;Borgo Panigale;RIGOSA;2;1;;
196;2019;Borgo Panigale - Reno;Borgo Panigale;CASTELDEBOLE;9;14;;
216;2019;Navile;Bolognina;CASERME ROSSE-MANIFATTURA;3;15;;
231;2019;Navile;Bolognina;ARCOVEGGIO;20;71;;
236;2019;Navile;Bolognina;ARCOVEGGIO;7;18;;
238;2019;Navile;Bolognina;ARCOVEGGIO;13;16;;
240;2019;Navile;Bolognina;ARCOVEGGIO;7;31;;
278;2019;Navile;Bolognina;PIAZZA DELL'UNITA';10;17;;
289;2019;Navile;Bolognina;PIAZZA DELL'UNITA';20;70;;
293;2019;Navile;Bolognina;PIAZZA DELL'UNITA';9;11;;
323;2019;Navile;Bolognina;VIA FERRARESE;45;162;;
373;2019;Navile;Corticella;SAVENA ABBANDONATO;2;55;;
374;2019;Navile;Corticella;SAVENA ABBANDONATO;1;1;;
382;2019;Navile;Corticella;SAN SAVINO;17;16;;
404;2019;Navile;Corticella;SAN SAVINO;28;77;;263
413;2019;Navile;Corticella;SAN SAVINO;32;43;;
435;2019;Navile;Corticella;CROCE COPERTA;54;258;;
444;2019;Navile;Corticella;CROCE COPERTA;20;24;;
455;2019;Navile;Corticella;CROCE COPERTA;22;189;;
513;2019;Navile;Lame;LAGHETTI DEL ROSARIO;1;9;;
525;2019;Navile;Lame;TIRO A SEGNO;4;6;;
543;2019;Navile;Lame;PESCAROLA;41;94;;
603;2019;Porto - Saragozza;Marconi;MARCONI-2;53;166;;
634;2019;Porto - Saragozza;Marconi;MARCONI-2;51;174;;
647;2019;Porto - Saragozza;Marconi;MARCONI-2;47;85;;
760;2019;Porto - Saragozza;Saffi;VIA VITTORIO VENETO;22;53;;51
761;2019;Porto - Saragozza;Saffi;VIA VITTORIO VENETO;23;33;;49
768;2019;Porto - Saragozza;Saffi;VIA VITTORIO VENETO;9;14;;
801;2019;Borgo Panigale - Reno;Barca;BATTINDARNO;11;11;;
803;2019;Borgo Panigale - Reno;Barca;BATTINDARNO;19;32;;23
814;2019;Borgo Panigale - Reno;Barca;BATTINDARNO;16;28;;
840;2019;Borgo Panigale - Reno;Barca;VILLAGGIO DELLA BARCA;3;3;;
841;2019;Borgo Panigale - Reno;Barca;VILLAGGIO DELLA BARCA;2;3;;
858;2019;Borgo Panigale - Reno;Barca;CANALE DI RENO;31;1018;;74
870;2019;Borgo Panigale - Reno;Barca;CANALE DI RENO;24;48;;
881;2019;Borgo Panigale - Reno;Barca;CANALE DI RENO;13;24;;
908;2019;Borgo Panigale - Reno;S. Viola;EMILIA PONENTE;76;141;;
924;2019;Borgo Panigale - Reno;S. Viola;EMILIA PONENTE;11;14;;
928;2019;Borgo Panigale - Reno;S. Viola;EMILIA PONENTE;27;41;;
945;2019;San Donato - San Vitale;San Donato;CADRIANO-CALAMOSCO;3;3;;
951;2019;San Donato - San Vitale;San Donato;CADRIANO-CALAMOSCO;1;1;;
959;2019;San Donato - San Vitale;San Donato;FIERA;7;81;;
1001;2019;San Donato - San Vitale;San Donato;VIA DEL LAVORO;8;12;;
1020;2019;San Donato - San Vitale;San Donato;MICHELINO;9;683;;
1029;2019;San Donato - San Vitale;San Donato;VIA MONDO;24;33;;
1055;2019;San Donato - San Vitale;San Donato;VIA MONDO;40;74;;
1058;2019;San Donato - San Vitale;San Donato;VIA MONDO;1;1;;
1059;2019;San Donato - San Vitale;San Donato;VIA MONDO;1;1;;231
1079;2019;San Donato - San Vitale;San Donato;SAN DONNINO;9;9;;
1093;2019;San Donato - San Vitale;San Donato;PILASTRO;7;10;;
1112;2019;San Donato - San Vitale;San Donato;CAAB;1;184;;
1113;2019;San Donato - San Vitale;San Donato;CAAB;8;17;;
1170;2019;Santo Stefano;Colli;SAN MICHELE IN BOSCO;42;158;;54
1229;2019;Santo Stefano;Galvani;GALVANI-1;76;114;;
1257;2019;Santo Stefano;Galvani;GALVANI-2;15;14;;
1262;2019;Santo Stefano;Galvani;GALVANI-2;25;40;;
1269;2019;Santo Stefano;Galvani;GALVANI-2;70;111;;
1311;2019;Santo Stefano;Murri;DAGNINI;35;53;;
1312;2019;Santo Stefano;Murri;DAGNINI;56;96;;
1316;2019;Santo Stefano;Murri;DAGNINI;21;30;;
1332;2019;Santo Stefano;Murri;DAGNINI;27;42;;
1340;2019;Santo Stefano;Murri;MEZZOFANTI;25;33;;
1368;2019;Santo Stefano;Murri;DAGNINI;9;11;;
1377;2019;Santo Stefano;Murri;GIARDINI MARGHERITA;2;26;;247
1389;2019;Santo Stefano;Murri;SIEPELUNGA;14;49;;
1402;2019;Santo Stefano;Murri;SIEPELUNGA;24;41;;
1414;2019;Santo Stefano;Murri;CHIESANUOVA;26;37;;87
1419;2019;Santo Stefano;Murri;CHIESANUOVA;20;32;;
1512;2019;Santo Stefano;Irnerio;IRNERIO-1;18;22;;
1531;2019;Santo Stefano;Irnerio;IRNERIO-2;24;42;;
1558;2019;San Donato - San Vitale;S. Vitale;CIRENAICA;45;255;;42
1559;2019;San Donato - San Vitale;S. Vitale;CIRENAICA;3;4;;
1561;2019;San Donato - San Vitale;S. Vitale;CIRENAICA;75;220;;
1572;2019;San Donato - San Vitale;S. Vitale;CIRENAICA;13;14;;
1584;2019;San Donato - San Vitale;S. Vitale;CIRENAICA;24;28;;
1596;2019;San Donato - San Vitale;S. Vitale;CIRENAICA;5;4;;
1616;2019;San Donato - San Vitale;S. Vitale;MENGOLI;22;55;;
1696;2019;San Donato - San Vitale;S. Vitale;ROVERI;20;108;;
1730;2019;San Donato - San Vitale;S. Vitale;GUELFA;19;28;;
1744;2019;San Donato - San Vitale;S. Vitale;GUELFA;27;35;;
1804;2019;Porto - Saragozza;Costa Saragozza;XXI APRILE;38;75;;
1866;2019;Porto - Saragozza;Costa Saragozza;SAN GIUSEPPE;8;8;;
1872;2019;Porto - Saragozza;Costa Saragozza;SAN GIUSEPPE;50;112;;
1944;2019;Porto - Saragozza;Malpighi;MALPIGHI-2;34;80;;
1979;2019;Porto - Saragozza;Malpighi;MALPIGHI-2;17;38;;
1992;2019;Porto - Saragozza;Malpighi;MALPIGHI-2;64;141;;
1998;2019;Porto - Saragozza;Malpighi;MALPIGHI-2;34;82;;
2003;2019;Savena;Mazzini;FOSSOLO;6;21;;362
2005;2019;Savena;Mazzini;LUNGO SAVENA;3;65;;
2022;2019;Savena;Mazzini;PONTEVECCHIO;13;40;;
2030;2019;Savena;Mazzini;BITONE;29;38;;
2040;2019;Savena;Mazzini;DUE MADONNE;23;30;;
2063;2019;Savena;Mazzini;PONTEVECCHIO;39;146;;
2065;2019;Savena;Mazzini;PONTEVECCHIO;4;6;;
2077;2019;Savena;Mazzini;BITONE;3;4;;
2084;2019;Savena;Mazzini;BITONE;9;9;;77
2087;2019;Savena;Mazzini;BITONE;40;62;;
2090;2019;Savena;Mazzini;BITONE;11;17;;
2102;2019;Savena;Mazzini;BITONE;12;78;;
2126;2019;Savena;Mazzini;VIA ARNO;38;57;;
2133;2019;Savena;Mazzini;VIA ARNO;1;5;;
2143;2019;Savena;Mazzini;CAVEDONE;13;15;;202
2152;2019;Savena;Mazzini;VIA ARNO;3;3;;
2154;2019;Savena;Mazzini;VIA ARNO;15;26;;
2157;2019;Savena;Mazzini;OSPEDALE BELLARIA;7;105;;
2171;2019;Savena;S. Ruffillo;VIA TOSCANA;22;33;;
2177;2019;Savena;S. Ruffillo;VIA TOSCANA;5;5;;
2182;2019;Savena;S. Ruffillo;VIA TOSCANA;6;6;;
2197;2019;Savena;S. Ruffillo;MONTE DONATO;22;40;;
2206;2019;Savena;S. Ruffillo;VIA TOSCANA;11;10;;
2207;2019;Savena;S. Ruffillo;VIA TOSCANA;29;38;;
2220;2019;Savena;S. Ruffillo;VIA TOSCANA;8;12;;
2223;2019;Savena;S. Ruffillo;VIA TOSCANA;19;31;;
2254;2019;Savena;S. Ruffillo;CORELLI;31;56;;
2270;2019;Savena;S. Ruffillo;CORELLI;11;22;;
2273;2019;Savena;S. Ruffillo;CORELLI;4;6;;317
2299;2019;Savena;S. Ruffillo;VIA TOSCANA;26;25;;
2306;2019;Savena;S. Ruffillo;VIA TOSCANA;5;5;;
2316;2019;Savena;S. Ruffillo;PONTE SAVENA-LA BASTIA;10;11;;
2317;2019;Savena;S. Ruffillo;PONTE SAVENA-LA BASTIA;1;2;;
2324;2019;Navile;Corticella;CROCE COPERTA;25;111;;
2329;2019;Borgo Panigale - Reno;S. Viola;EMILIA PONENTE;28;1176;;
2034;2019;Savena;Mazzini;FOSSOLO;6;8;;52
2066;2019;Savena;Mazzini;PONTEVECCHIO;7;8;;
2092;2019;Savena;Mazzini;BITONE;51;101;;
2110;2019;Savena;Mazzini;BITONE;6;7;;
2122;2019;Savena;Mazzini;VIA ARNO;17;27;;
2136;2019;Savena;Mazzini;VIA ARNO;29;51;;
2161;2019;Savena;S. Ruffillo;VIA TOSCANA;1;2;;
2168;2019;Savena;S. Ruffillo;VIA TOSCANA;3;3;;
2196;2019;Savena;S. Ruffillo;MONTE DONATO;2;2;;
2238;2019;Savena;S. Ruffillo;VIA TOSCANA;8;22;;
2256;2019;Savena;S. Ruffillo;CORELLI;12;11;;
2285;2019;Savena;S. Ruffillo;CORELLI;2;6;;
2301;2019;Savena;S. Ruffillo;VIA TOSCANA;1;2;;
2310;2019;Savena;S. Ruffillo;MONTE DONATO;3;10;;
2331;2019;San Donato - San Vitale;S. Vitale;VIA LARGA;13;14;;
2333;2019;Savena;Mazzini;FOSSOLO;25;53;;
7;2017;Borgo Panigale - Reno;Borgo Panigale;VIA DEL VIVAIO;1;1;;
26;2017;Borgo Panigale - Reno;Borgo Panigale;BARGELLINO;3;69;;
33;2017;Borgo Panigale - Reno;Borgo Panigale;AEROPORTO;2;10;;
42;2017;Borgo Panigale - Reno;Borgo Panigale;AEROPORTO;1;2;;
64;2017;Borgo Panigale - Reno;Borgo Panigale;LA BIRRA;4;6;;
80;2017;Borgo Panigale - Reno;Borgo Panigale;DUCATI-VILLAGGIO INA;1;4;;
87;2017;Borgo Panigale - Reno;Borgo Panigale;BORGO CENTRO;6;6;;
95;2017;Borgo Panigale - Reno;Borgo Panigale;BORGO CENTRO;3;5;;
100;2017;Borgo Panigale - Reno;Borgo Panigale;BORGO CENTRO;7;8;;
104;2017;Borgo Panigale - Reno;Borgo Panigale;BORGO CENTRO;10;12;;
110;2017;Borgo Panigale - Reno;Borgo Panigale;BORGO CENTRO;12;30;;
113;2017;Borgo Panigale - Reno;Borgo Panigale;BORGO CENTRO;20;31;52;
137;2017;Borgo Panigale - Reno;Borgo Panigale;DUCATI-VILLAGGIO INA;60;1820;;
161;2017;Borgo Panigale - Reno;Borgo Panigale;RIGOSA;4;3;;
191;2017;Borgo Panigale - Reno;Borgo Panigale;RIGOSA;1;1;;
203;2017;Borgo Panigale - Reno;Borgo Panigale;CASTELDEBOLE;7;10;;
218;2017;Navile;Bolognina;CASERME ROSSE-MANIFATTURA;1;34;11;
221;2017;Navile;Bolognina;CASERME ROSSE-MANIFATTURA;7;93;;
252;2017;Navile;Bolognina;ARCOVEGGIO;11;20;;
259;2017;Navile;Bolognina;ARCOVEGGIO;6;9;;
283;2017;Navile;Bolognina;PIAZZA DELL'UNITA';14;16;;
284;2017;Navile;Bolognina;PIAZZA DELL'UNITA';4;5;;
332;2017;Navile;Bolognina;VIA FERRARESE;30;82;;
365;2017;Navile;Bolognina;PIAZZA DELL'UNITA';7;13;;
387;2017;Navile;Corticella;SAN SAVINO;3;3;;
435;2017;Navile;Corticella;CROCE COPERTA;50;222;;
438;2017;Navile;Corticella;CROCE COPERTA;33;217;;
440;2017;Navile;Corticella;CROCE COPERTA;2;515;;
444;2017;Navile;Corticella;CROCE COPERTA;16;21;;
446;2017;Navile;Corticella;CROCE COPERTA;11;85;;
471;2017;Navile;Corticella;CROCE COPERTA;8;114;;
487;2017;Navile;Corticella;LA DOZZA;2;10;;
502;2017;Navile;Lame;LA NOCE;3;7;;
584;2017;Navile;Lame;LAZZARETTO;3;3;133;
601;2017;Navile;Lame;BEVERARA;5;66;;
619;2017;Porto - Saragozza;Marconi;MARCONI-2;57;97;110;
804;2017;Borgo Panigale - Reno;Barca;BATTINDARNO;19;23;;
811;2017;Borgo Panigale - Reno;Barca;BATTINDARNO;1;1;;
829;2017;Borgo Panigale - Reno;Barca;VILLAGGIO DELLA BARCA;6;11;;
839;2017;Borgo Panigale - Reno;Barca;VILLAGGIO DELLA BARCA;19;41;;
848;2017;Borgo Panigale - Reno;Barca;VILLAGGIO DELLA BARCA;3;3;;
852;2017;Borgo Panigale - Reno;Barca;BATTINDARNO;13;14;17;
876;2017;Borgo Panigale - Reno;Barca;CANALE DI RENO;4;4;;
921;2017;Borgo Panigale - Reno;S. Viola;EMILIA PONENTE;31;46;;
969;2017;San Donato - San Vitale;San Donato;SAN DONNINO;10;21;;
988;2017;San Donato - San Vitale;San Donato;VIA DEL LAVORO;49;67;;
999;2017;San Donato - San Vitale;San Donato;VIA DEL LAVORO;11;14;;
1031;2017;San Donato - San Vitale;San Donato;VIA MONDO;7;11;3;
1035;2017;San Donato - San Vitale;San Donato;MICHELINO;17;24;;
1065;2017;San Donato - San Vitale;San Donato;VIA MONDO;2;2;;
1071;2017;San Donato - San Vitale;San Donato;VIA MONDO;21;29;;
1101;2017;San Donato - San Vitale;San Donato;PILASTRO;17;92;;
1120;2017;San Donato - San Vitale;San Donato;CAAB;4;21;;
1127;2017;San Donato - San Vitale;San Donato;CAAB;1;1;;
1159;2017;Santo Stefano;Colli;PADERNO;1;1;;
1167;2017;Santo Stefano;Colli;SAN MICHELE IN BOSCO;11;10;;
1171;2017;Santo Stefano;Colli;SAN MICHELE IN BOSCO;2;2;;
1187;2017;Santo Stefano;Colli;PADERNO;7;7;;
1239;2017;Santo Stefano;Galvani;GALVANI-2;42;58;2;
1246;2017;Santo Stefano;Galvani;GALVANI-2;39;51;;
1274;2017;Santo Stefano;Galvani;GALVANI-2;94;132;;
1310;2017;Santo Stefano;Murri;MEZZOFANTI;38;153;;
808;2018;Borgo Panigale - Reno;Barca;BATTINDARNO;24;56;;
860;2018;Borgo Panigale - Reno;Barca;CANALE DI RENO;5;8;;
865;2018;Borgo Panigale - Reno;Barca;CANALE DI RENO;22;600;;
866;2018;Borgo Panigale - Reno;Barca;CANALE DI RENO;23;34;;
868;2018;Borgo Panigale - Reno;Barca;CANALE DI RENO;33;63;;
914;2018;Borgo Panigale - Reno;S. Viola;EMILIA PONENTE;11;22;;
915;2018;Borgo Panigale - Reno;S. Viola;EMILIA PONENTE;6;24;;
980;2018;San Donato - San Vitale;San Donato;VIA DEL LAVORO;4;2;;
982;2018;San Donato - San Vitale;San Donato;VIA DEL LAVORO;18;67;;
999;2018;San Donato - San Vitale;San Donato;VIA DEL LAVORO;15;16;;
1013;2018;San Donato - San Vitale;San Donato;MICHELINO;11;21;;
1014;2018;San Donato - San Vitale;San Donato;MICHELINO;14;22;;
1015;2018;San Donato - San Vitale;San Donato;MICHELINO;12;13;;
1018;2018;San Donato - San Vitale;San Donato;MICHELINO;16;60;;
1031;2018;San Donato - San Vitale;San Donato;VIA MONDO;10;13;;
1060;2018;San Donato - San Vitale;San Donato;VIA MONDO;16;21;;
1108;2018;San Donato - San Vitale;San Donato;PILASTRO;6;8;;
1113;2018;San Donato - San Vitale;San Donato;CAAB;8;15;;
1123;2018;San Donato - San Vitale;San Donato;CAAB;14;483;;
1126;2018;San Donato - San Vitale;San Donato;CAAB;19;104;;
1166;2018;Santo Stefano;Colli;SAN MICHELE IN BOSCO;12;74;;
1187;2018;Santo Stefano;Colli;PADERNO;7;8;;
1204;2018;Santo Stefano;Colli;PADERNO;1;2;;
1217;2018;Santo Stefano;Galvani;GALVANI-1;3;4;;
1243;2018;Santo Stefano;Galvani;GALVANI-2;17;31;;
1250;2018;Santo Stefano;Galvani;GALVANI-2;26;59;;
1279;2018;Santo Stefano;Galvani;GALVANI-2;52;83;;
1302;2018;Santo Stefano;Murri;MEZZOFANTI;13;17;;
1308;2018;Santo Stefano;Murri;MEZZOFANTI;31;70;;
1312;2018;Santo Stefano;Murri;DAGNINI;54;88;;
1325;2018;Santo Stefano;Murri;MEZZOFANTI;21;34;;
1329;2018;Santo Stefano;Murri;DAGNINI;10;11;;
1386;2018;Santo Stefano;Murri;SIEPELUNGA;22;30;;
1437;2018;Santo Stefano;Murri;CHIESANUOVA;10;10;;
1444;2018;Santo Stefano;Murri;CHIESANUOVA;14;31;;
1448;2018;Santo Stefano;Irnerio;IRNERIO-2;42;208;;
1476;2018;Santo Stefano;Irnerio;IRNERIO-2;42;95;;
1478;2018;Santo Stefano;Irnerio;IRNERIO-2;22;42;;
1491;2018;Santo Stefano;Irnerio;IRNERIO-1;7;7;;
1513;2018;Santo Stefano;Irnerio;IRNERIO-1;2;14;;
1533;2018;Santo Stefano;Irnerio;IRNERIO-2;10;11;;
1592;2018;San Donato - San Vitale;S. Vitale;CIRENAICA;17;24;;
1606;2018;San Donato - San Vitale;S. Vitale;CIRENAICA;3;31;;
1608;2018;San Donato - San Vitale;S. Vitale;CIRENAICA;8;14;;
1615;2018;San Donato - San Vitale;S. Vitale;MENGOLI;11;14;;
1624;2018;San Donato - San Vitale;S. Vitale;MENGOLI;6;7;;
1625;2018;San Donato - San Vitale;S. Vitale;MENGOLI;6;7;;
1632;2018;San Donato - San Vitale;S. Vitale;MENGOLI;39;807;;
1646;2018;San Donato - San Vitale;S. Vitale;MENGOLI;8;18;;
1676;2018;San Donato - San Vitale;S. Vitale;SCANDELLARA;7;6;;
1731;2018;San Donato - San Vitale;S. Vitale;GUELFA;9;10;;
1766;2018;San Donato - San Vitale;S. Vitale;CROCE DEL BIACCO;12;34;;
1784;2018;Porto - Saragozza;Costa Saragozza;XXI APRILE;1;2;;
1786;2018;Porto - Saragozza;Costa Saragozza;XXI APRILE;11;27;;
1824;2018;Porto - Saragozza;Costa Saragozza;XXI APRILE;27;40;;
1830;2018;Porto - Saragozza;Costa Saragozza;XXI APRILE;5;3;;
1834;2018;Porto - Saragozza;Costa Saragozza;XXI APRILE;11;16;;
1850;2018;Porto - Saragozza;Costa Saragozza;XXI APRILE;19;28;;
1861;2018;Porto - Saragozza;Costa Saragozza;SAN GIUSEPPE;55;68;;
1870;2018;Porto - Saragozza;Costa Saragozza;SAN GIUSEPPE;28;45;;
1898;2018;Porto - Saragozza;Costa Saragozza;RAVONE;16;14;;
1916;2018;Porto - Saragozza;Costa Saragozza;SAN LUCA;2;5;;
1921;2018;Porto - Saragozza;Costa Saragozza;SAN LUCA;3;3;;
1955;2018;Porto - Saragozza;Malpighi;MALPIGHI-1;31;43;;
1967;2018;Porto - Saragozza;Malpighi;MALPIGHI-1;39;134;;
1973;2018;Porto - Saragozza;Malpighi;MALPIGHI-2;29;42;;
1974;2018;Porto - Saragozza;Malpighi;MALPIGHI-2;45;58;;
1986;2018;Porto - Saragozza;Malpighi;MALPIGHI-2;36;65;;
2018;2018;Savena;Mazzini;FOSSOLO;36;269;;
2039;2018;Savena;Mazzini;DUE MADONNE;14;14;;
2040;2018;Savena;Mazzini;DUE MADONNE;20;22;;
2055;2018;Savena;Mazzini;PONTEVECCHIO;6;5;;
2067;2018;Savena;Mazzini;PONTEVECCHIO;17;21;;
2075;2018;Savena;Mazzini;BITONE;10;16;;
2124;2018;Savena;Mazzini;VIA ARNO;7;11;;
2165;2018;Savena;S. Ruffillo;VIA TOSCANA;7;7;;
2204;2018;Savena;S. Ruffillo;VIA TOSCANA;1;1;;
2218;2018;Savena;S. Ruffillo;VIA TOSCANA;19;38;;
2265;2018;Savena;S. Ruffillo;CORELLI;9;9;;
2266;2018;Savena;S. Ruffillo;CORELLI;31;45;;
2317;2018;Savena;S. Ruffillo;PONTE SAVENA-LA BASTIA;1;2;;
2328;2018;Borgo Panigale - Reno;Barca;BATTINDARNO;10;11;;
Non disponibile;2018;Non Georeferenziato *;Non Georeferenziato *;Non Georeferenziato *;5635;26095;;
1102;2018;San Donato - San Vitale;San Donato;PILASTRO;2;2;;
1125;2018;San Donato - San Vitale;San Donato;CAAB;33;423;;
1145;2018;Santo Stefano;Colli;OSSERVANZA;33;42;;
1175;2018;Santo Stefano;Colli;PADERNO;4;3;;
1276;2018;Santo Stefano;Galvani;GALVANI-2;36;42;;
1285;2018;Santo Stefano;Galvani;GALVANI-2;51;101;;
1317;2018;Santo Stefano;Murri;MEZZOFANTI;60;78;;
1322;2018;Santo Stefano;Murri;MEZZOFANTI;8;7;;
1327;2018;Santo Stefano;Murri;DAGNINI;4;4;;
1357;2018;Santo Stefano;Murri;MEZZOFANTI;14;23;;
1388;2018;Santo Stefano;Murri;SIEPELUNGA;15;16;;
1415;2018;Santo Stefano;Murri;CHIESANUOVA;3;4;;
1445;2018;Santo Stefano;Murri;CHIESANUOVA;21;37;;
1456;2018;Santo Stefano;Irnerio;IRNERIO-2;1;1;;
1485;2018;Santo Stefano;Irnerio;IRNERIO-2;14;17;;
1512;2018;Santo Stefano;Irnerio;IRNERIO-1;17;20;;
1522;2018;Santo Stefano;Irnerio;IRNERIO-1;107;305;;
1534;2018;Santo Stefano;Irnerio;IRNERIO-2;29;44;;
1555;2018;San Donato - San Vitale;S. Vitale;CIRENAICA;25;32;;
1565;2018;San Donato - San Vitale;S. Vitale;CIRENAICA;11;35;;
1584;2018;San Donato - San Vitale;S. Vitale;CIRENAICA;25;28;;
1651;2018;San Donato - San Vitale;S. Vitale;MENGOLI;22;34;;
1719;2018;San Donato - San Vitale;S. Vitale;ROVERI;40;463;;
1837;2018;Porto - Saragozza;Costa Saragozza;XXI APRILE;29;37;;
1851;2018;Porto - Saragozza;Costa Saragozza;XXI APRILE;17;30;;
1894;2018;Porto - Saragozza;Costa Saragozza;RAVONE;5;5;;
1900;2018;Porto - Saragozza;Costa Saragozza;SAN GIUSEPPE;1;1;;
1932;2018;Porto - Saragozza;Malpighi;MALPIGHI-2;50;78;;
1937;2018;Porto - Saragozza;Malpighi;MALPIGHI-2;56;153;;
2021;2018;Savena;Mazzini;PONTEVECCHIO;10;12;;
2041;2018;Savena;Mazzini;DUE MADONNE;18;67;;
2071;2018;Savena;Mazzini;BITONE;19;28;;
2079;2018;Savena;Mazzini;BITONE;19;42;;
2174;2018;Savena;S. Ruffillo;VIA TOSCANA;1;1;;
2179;2018;Savena;S. Ruffillo;VIA TOSCANA;8;9;;
2186;2018;Savena;S. Ruffillo;VIA TOSCANA;1;1;;
2207;2018;Savena;S. Ruffillo;VIA TOSCANA;33;36;;
2226;2018;Savena;S. Ruffillo;CORELLI;10;181;;
2230;2018;Savena;S. Ruffillo;VIA TOSCANA;3;4;;
2258;2018;Savena;S. Ruffillo;CORELLI;4;6;;
2259;2018;Savena;S. Ruffillo;CORELLI;12;13;;
2287;2018;Savena;S. Ruffillo;CORELLI;2;2;;
2310;2018;Savena;S. Ruffillo;MONTE DONATO;4;13;;
2330;2018;Borgo Panigale - Reno;S. Viola;EMILIA PONENTE;12;80;;
72;2017;Borgo Panigale - Reno;Borgo Panigale;DUCATI-VILLAGGIO INA;2;34;;
96;2017;Borgo Panigale - Reno;Borgo Panigale;BORGO CENTRO;2;2;;
118;2017;Borgo Panigale - Reno;Borgo Panigale;BORGO CENTRO;3;3;;
126;2017;Borgo Panigale - Reno;Borgo Panigale;TRIUMVIRATO-PIETRA;2;17;;
142;2017;Borgo Panigale - Reno;Borgo Panigale;BORGO CENTRO;47;136;9;
281;2017;Navile;Bolognina;PIAZZA DELL'UNITA';62;240;;
301;2017;Navile;Bolognina;VIA FERRARESE;19;33;;
340;2017;Navile;Bolognina;PIAZZA DELL'UNITA';27;41;;
359;2017;Navile;Bolognina;PIAZZA DELL'UNITA';23;57;;
431;2017;Navile;Corticella;SAVENA ABBANDONATO;15;41;;
455;2017;Navile;Corticella;CROCE COPERTA;21;183;;
481;2017;Navile;Corticella;LA DOZZA;7;7;;
484;2017;Navile;Corticella;LA DOZZA;4;4;;
499;2017;Navile;Lame;LAGHETTI DEL ROSARIO;6;20;;
509;2017;Navile;Lame;LAGHETTI DEL ROSARIO;3;3;;
544;2017;Navile;Lame;PESCAROLA;1;1;;
547;2017;Navile;Lame;PESCAROLA;26;56;26;
646;2017;Porto - Saragozza;Marconi;MARCONI-2;60;206;;
672;2017;Porto - Saragozza;Marconi;MARCONI-2;25;32;;
682;2017;Porto - Saragozza;Marconi;MARCONI-1;43;80;71;
715;2017;Porto - Saragozza;Saffi;ZANARDI;12;15;;
753;2017;Porto - Saragozza;Saffi;VELODROMO;4;5;;
798;2017;Borgo Panigale - Reno;Barca;BATTINDARNO;18;17;;
823;2017;Borgo Panigale - Reno;Barca;VILLAGGIO DELLA BARCA;6;11;;
831;2017;Borgo Panigale - Reno;Barca;VILLAGGIO DELLA BARCA;5;5;;
840;2017;Borgo Panigale - Reno;Barca;VILLAGGIO DELLA BARCA;2;2;;
878;2017;Borgo Panigale - Reno;Barca;CANALE DI RENO;16;29;;
879;2017;Borgo Panigale - Reno;Barca;CANALE DI RENO;19;21;;
911;2017;Borgo Panigale - Reno;S. Viola;EMILIA PONENTE;30;47;;
926;2017;Borgo Panigale - Reno;S. Viola;EMILIA PONENTE;2;3;;
931;2017;Borgo Panigale - Reno;S. Viola;EMILIA PONENTE;34;47;;
959;2017;San Donato - San Vitale;San Donato;FIERA;2;12;;
970;2017;San Donato - San Vitale;San Donato;SAN DONNINO;5;12;;
977;2017;San Donato - San Vitale;San Donato;FIERA;8;39;;
980;2017;San Donato - San Vitale;San Donato;VIA DEL LAVORO;3;2;;
983;2017;San Donato - San Vitale;San Donato;VIA DEL LAVORO;7;47;;
1004;2017;San Donato - San Vitale;San Donato;VIA DEL LAVORO;21;38;;
1013;2017;San Donato - San Vitale;San Donato;MICHELINO;10;20;;
1052;2017;San Donato - San Vitale;San Donato;MICHELINO;13;14;58;
1060;2017;San Donato - San Vitale;San Donato;VIA MONDO;18;23;;
1073;2017;San Donato - San Vitale;San Donato;VIA MONDO;2;2;;
1102;2017;San Donato - San Vitale;San Donato;PILASTRO;2;5;;
1114;2017;San Donato - San Vitale;San Donato;CAAB;1;1;;
1144;2017;Santo Stefano;Colli;OSSERVANZA;25;50;;
1150;2017;Santo Stefano;Colli;OSSERVANZA;2;2;;
1179;2017;Santo Stefano;Colli;PADERNO;5;5;;
1197;2017;Santo Stefano;Colli;PADERNO;1;1;;
1211;2017;Santo Stefano;Galvani;GALVANI-1;53;235;;
1235;2017;Santo Stefano;Galvani;GALVANI-2;63;96;;
1249;2017;Santo Stefano;Galvani;GALVANI-2;35;84;;
1272;2017;Santo Stefano;Galvani;GALVANI-2;58;104;;
1278;2017;Santo Stefano;Galvani;GALVANI-2;54;154;;
1334;2017;Santo Stefano;Murri;DAGNINI;16;45;;
1371;2017;Santo Stefano;Murri;DAGNINI;27;43;;
1392;2017;Santo Stefano;Murri;SIEPELUNGA;19;18;;
1402;2017;Santo Stefano;Murri;SIEPELUNGA;19;48;;
1414;2017;Santo Stefano;Murri;CHIESANUOVA;22;29;13;
1466;2017;Santo Stefano;Irnerio;IRNERIO-2;33;69;;
1535;2017;Santo Stefano;Irnerio;IRNERIO-2;21;48;;
1541;2017;Santo Stefano;Irnerio;IRNERIO-1;6;9;;
1570;2017;San Donato - San Vitale;S. Vitale;MENGOLI;16;36;;
1577;2017;San Donato - San Vitale;S. Vitale;CIRENAICA;4;7;;
1597;2017;San Donato - San Vitale;S. Vitale;CIRENAICA;6;6;;
1618;2017;San Donato - San Vitale;S. Vitale;MENGOLI;17;20;;
1702;2017;San Donato - San Vitale;S. Vitale;ROVERI;3;48;;
1743;2017;San Donato - San Vitale;S. Vitale;GUELFA;7;8;;
1749;2017;San Donato - San Vitale;S. Vitale;CROCE DEL BIACCO;23;40;;
1750;2017;San Donato - San Vitale;S. Vitale;CROCE DEL BIACCO;23;43;;
1753;2017;San Donato - San Vitale;S. Vitale;CROCE DEL BIACCO;4;9;;
1876;2017;Porto - Saragozza;Costa Saragozza;SAN GIUSEPPE;92;225;;
1941;2017;Porto - Saragozza;Malpighi;MALPIGHI-2;75;139;;
1965;2017;Porto - Saragozza;Malpighi;MALPIGHI-1;32;89;;
1994;2017;Porto - Saragozza;Malpighi;MALPIGHI-2;16;15;;
2070;2017;Savena;Mazzini;BITONE;37;64;;
2106;2017;Savena;Mazzini;BITONE;6;16;;
2133;2017;Savena;Mazzini;VIA ARNO;1;4;;
2153;2017;Savena;Mazzini;VIA ARNO;4;4;;
2165;2017;Savena;S. Ruffillo;VIA TOSCANA;5;5;;
2191;2017;Savena;S. Ruffillo;VIA TOSCANA;2;3;;
2203;2017;Savena;S. Ruffillo;VIA TOSCANA;18;30;;
2239;2017;Savena;S. Ruffillo;VIA TOSCANA;8;10;;
2252;2017;Savena;S. Ruffillo;CORELLI;16;16;;
2259;2017;Savena;S. Ruffillo;CORELLI;13;12;;
1;2018;Borgo Panigale - Reno;Borgo Panigale;VIA DEL VIVAIO;3;4;;
34;2018;Borgo Panigale - Reno;Borgo Panigale;AEROPORTO;4;71;;
77;2018;Borgo Panigale - Reno;Borgo Panigale;DUCATI-VILLAGGIO INA;9;9;;
112;2018;Borgo Panigale - Reno;Borgo Panigale;BORGO CENTRO;30;42;;
131;2018;Borgo Panigale - Reno;Borgo Panigale;RIGOSA;2;35;;
177;2018;Borgo Panigale - Reno;Borgo Panigale;CASTELDEBOLE;21;37;;
200;2018;Borgo Panigale - Reno;Borgo Panigale;RIGOSA;3;154;;
250;2018;Navile;Bolognina;EX MERCATO ORTOFRUTTICOLO;34;247;;
280;2018;Navile;Bolognina;PIAZZA DELL'UNITA';4;4;;
301;2018;Navile;Bolognina;VIA FERRARESE;13;25;;
332;2018;Navile;Bolognina;VIA FERRARESE;32;83;;
340;2018;Navile;Bolognina;PIAZZA DELL'UNITA';25;49;;
349;2018;Navile;Bolognina;PIAZZA DELL'UNITA';10;10;;
377;2018;Navile;Corticella;SAN SAVINO;8;16;;
392;2018;Navile;Corticella;SAN SAVINO;6;9;;
409;2018;Navile;Corticella;SAN SAVINO;5;5;;
423;2018;Navile;Corticella;SAVENA ABBANDONATO;4;7;;
430;2018;Navile;Corticella;MULINO DEL GOMITO;3;5;;
434;2018;Navile;Corticella;SAVENA ABBANDONATO;1;1;;
475;2018;Navile;Corticella;MULINO DEL GOMITO;13;129;;
476;2018;Navile;Corticella;MULINO DEL GOMITO;2;15;;
485;2018;Navile;Corticella;LA DOZZA;30;79;;
551;2018;Navile;Lame;PESCAROLA;11;24;;
592;2018;Navile;Lame;BEVERARA;31;269;;
631;2018;Porto - Saragozza;Marconi;MARCONI-2;1;0;;
649;2018;Porto - Saragozza;Marconi;MARCONI-2;45;84;;
657;2018;Porto - Saragozza;Marconi;MARCONI-2;74;310;;
673;2018;Porto - Saragozza;Marconi;MARCONI-2;32;59;;
682;2018;Porto - Saragozza;Marconi;MARCONI-1;38;70;;
687;2018;Porto - Saragozza;Marconi;MARCONI-1;3;7;;
713;2018;Porto - Saragozza;Saffi;ZANARDI;23;64;;
722;2018;Porto - Saragozza;Saffi;ZANARDI;3;3;;
737;2018;Porto - Saragozza;Saffi;VELODROMO;7;18;;
741;2018;Porto - Saragozza;Saffi;VELODROMO;14;21;;
761;2018;Porto - Saragozza;Saffi;VIA VITTORIO VENETO;24;57;;
800;2018;Borgo Panigale - Reno;Barca;BATTINDARNO;5;2;;
818;2018;Borgo Panigale - Reno;Barca;VILLAGGIO DELLA BARCA;23;103;;
831;2018;Borgo Panigale - Reno;Barca;VILLAGGIO DELLA BARCA;5;5;;
842;2018;Borgo Panigale - Reno;Barca;VILLAGGIO DELLA BARCA;4;4;;
850;2018;Borgo Panigale - Reno;Barca;BATTINDARNO;5;12;;
878;2018;Borgo Panigale - Reno;Barca;CANALE DI RENO;17;28;;
891;2018;Borgo Panigale - Reno;S. Viola;AGUCCHI;1;1;;
904;2018;Borgo Panigale - Reno;S. Viola;AGUCCHI;53;160;;
912;2018;Borgo Panigale - Reno;S. Viola;EMILIA PONENTE;28;38;;
916;2018;Borgo Panigale - Reno;S. Viola;EMILIA PONENTE;16;35;;
937;2018;San Donato - San Vitale;San Donato;CADRIANO-CALAMOSCO;9;15;;
986;2018;San Donato - San Vitale;San Donato;VIA DEL LAVORO;41;134;;
989;2018;San Donato - San Vitale;San Donato;VIA DEL LAVORO;9;1146;;
1047;2018;San Donato - San Vitale;San Donato;VIA MONDO;8;21;;
1051;2018;San Donato - San Vitale;San Donato;VIA MONDO;8;7;;
1085;2018;San Donato - San Vitale;San Donato;PILASTRO;4;27;;
1114;2018;San Donato - San Vitale;San Donato;CAAB;1;1;;
1116;2018;San Donato - San Vitale;San Donato;CAAB;2;2;;
1135;2018;Santo Stefano;Colli;PADERNO;3;11;;
1153;2018;Santo Stefano;Colli;OSSERVANZA;7;7;;
1168;2018;Santo Stefano;Colli;SAN MICHELE IN BOSCO;3;2;;
1174;2018;Santo Stefano;Colli;SAN MICHELE IN BOSCO;7;10;;
1233;2018;Santo Stefano;Galvani;GALVANI-2;63;103;;
1247;2018;Santo Stefano;Galvani;GALVANI-2;31;90;;
1257;2018;Santo Stefano;Galvani;GALVANI-2;27;26;;
1261;2018;Santo Stefano;Galvani;GALVANI-2;63;145;;
1263;2018;Santo Stefano;Galvani;GALVANI-2;64;132;;
1268;2018;Santo Stefano;Galvani;GALVANI-2;132;276;;
1270;2018;Santo Stefano;Galvani;GALVANI-2;92;127;;
1275;2018;Santo Stefano;Galvani;GALVANI-2;33;48;;
1278;2018;Santo Stefano;Galvani;GALVANI-2;52;137;;
1282;2018;Santo Stefano;Galvani;GALVANI-2;14;22;;
1289;2018;Santo Stefano;Galvani;GALVANI-2;39;43;;
1311;2018;Santo Stefano;Murri;DAGNINI;33;51;;
1314;2018;Santo Stefano;Murri;DAGNINI;68;123;;
1330;2018;Santo Stefano;Murri;DAGNINI;10;14;;
1337;2018;Santo Stefano;Murri;MEZZOFANTI;95;164;;
1355;2018;Santo Stefano;Murri;DAGNINI;8;10;;
1372;2018;Santo Stefano;Murri;DAGNINI;73;164;;
1424;2018;Santo Stefano;Murri;CHIESANUOVA;22;34;;
1436;2018;Santo Stefano;Murri;CHIESANUOVA;3;3;;
1480;2018;Santo Stefano;Irnerio;IRNERIO-2;40;152;;
1494;2018;Santo Stefano;Irnerio;IRNERIO-1;16;33;;
1597;2018;San Donato - San Vitale;S. Vitale;CIRENAICA;6;6;;
1600;2018;San Donato - San Vitale;S. Vitale;CIRENAICA;30;36;;
1612;2018;San Donato - San Vitale;S. Vitale;MENGOLI;12;17;;
1643;2018;San Donato - San Vitale;S. Vitale;MENGOLI;10;12;;
1657;2018;San Donato - San Vitale;S. Vitale;MENGOLI;30;44;;
1658;2018;San Donato - San Vitale;S. Vitale;MENGOLI;35;147;;
1687;2018;San Donato - San Vitale;S. Vitale;VIA LARGA;59;167;;
1696;2018;San Donato - San Vitale;S. Vitale;ROVERI;14;105;;
1701;2018;San Donato - San Vitale;S. Vitale;ROVERI;14;370;;
1721;2018;San Donato - San Vitale;S. Vitale;GUELFA;9;9;;
1742;2018;San Donato - San Vitale;S. Vitale;GUELFA;32;48;;
1783;2018;Porto - Saragozza;Costa Saragozza;XXI APRILE;6;10;;
1796;2018;Porto - Saragozza;Costa Saragozza;XXI APRILE;13;19;;
1827;2018;Porto - Saragozza;Costa Saragozza;XXI APRILE;2;2;;
1856;2018;Porto - Saragozza;Costa Saragozza;XXI APRILE;22;19;;
1886;2018;Porto - Saragozza;Costa Saragozza;RAVONE;16;17;;
1909;2018;Porto - Saragozza;Costa Saragozza;SAN GIUSEPPE;5;7;;
1914;2018;Porto - Saragozza;Costa Saragozza;SAN LUCA;7;9;;
1945;2018;Porto - Saragozza;Malpighi;MALPIGHI-2;73;90;;
1965;2018;Porto - Saragozza;Malpighi;MALPIGHI-1;30;96;;
1983;2018;Porto - Saragozza;Malpighi;MALPIGHI-2;10;19;;
2007;2018;Savena;Mazzini;FOSSOLO;38;69;;
2031;2018;Savena;Mazzini;BITONE;19;29;;
2070;2018;Savena;Mazzini;BITONE;36;62;;
2108;2018;Savena;Mazzini;BITONE;6;7;;
2132;2018;Savena;Mazzini;VIA ARNO;16;13;;
2136;2018;Savena;Mazzini;VIA ARNO;29;50;;
2149;2018;Savena;Mazzini;VIA ARNO;55;106;;
2160;2018;Savena;S. Ruffillo;MONTE DONATO;3;3;;
2170;2018;Savena;S. Ruffillo;VIA TOSCANA;17;20;;
2223;2018;Savena;S. Ruffillo;VIA TOSCANA;15;30;;
2273;2018;Savena;S. Ruffillo;CORELLI;4;5;;
2277;2018;Savena;S. Ruffillo;CORELLI;9;13;;
2278;2018;Savena;S. Ruffillo;CORELLI;1;0;;
2297;2018;Savena;S. Ruffillo;VIA TOSCANA;4;11;;
2314;2018;Savena;S. Ruffillo;PONTE SAVENA-LA BASTIA;3;17;;
2316;2018;Savena;S. Ruffillo;PONTE SAVENA-LA BASTIA;10;11;;
2327;2018;Navile;Lame;PESCAROLA;9;16;;
24;2017;Borgo Panigale - Reno;Borgo Panigale;BARGELLINO;5;492;;
31;2017;Borgo Panigale - Reno;Borgo Panigale;AEROPORTO;6;42;;
53;2017;Borgo Panigale - Reno;Borgo Panigale;VIA DEL VIVAIO;2;2;;
54;2017;Borgo Panigale - Reno;Borgo Panigale;VIA DEL VIVAIO;1;2;;
58;2017;Borgo Panigale - Reno;Borgo Panigale;LA BIRRA;12;116;16;
59;2017;Borgo Panigale - Reno;Borgo Panigale;LA BIRRA;11;22;;
81;2017;Borgo Panigale - Reno;Borgo Panigale;DUCATI-VILLAGGIO INA;7;11;;
97;2017;Borgo Panigale - Reno;Borgo Panigale;BORGO CENTRO;11;13;;
116;2017;Borgo Panigale - Reno;Borgo Panigale;BORGO CENTRO;9;32;;
152;2017;Borgo Panigale - Reno;Borgo Panigale;TRIUMVIRATO-PIETRA;5;7;;
155;2017;Borgo Panigale - Reno;Borgo Panigale;TRIUMVIRATO-PIETRA;21;34;;
172;2017;Borgo Panigale - Reno;Borgo Panigale;RIGOSA;5;17;;
233;2017;Navile;Bolognina;ARCOVEGGIO;7;5;;
241;2017;Navile;Bolognina;ARCOVEGGIO;20;31;;
244;2017;Navile;Bolognina;ARCOVEGGIO;4;9;307;
276;2017;Navile;Bolognina;PIAZZA DELL'UNITA';18;27;;
362;2017;Navile;Bolognina;PIAZZA DELL'UNITA';9;12;;
395;2017;Navile;Corticella;SAN SAVINO;22;41;;
430;2017;Navile;Corticella;MULINO DEL GOMITO;5;36;;
454;2017;Navile;Corticella;CROCE COPERTA;14;91;;
494;2017;Navile;Lame;LAGHETTI DEL ROSARIO;5;9;;
517;2017;Navile;Lame;LAGHETTI DEL ROSARIO;4;3;;
521;2017;Navile;Lame;LAGHETTI DEL ROSARIO;3;73;;
548;2017;Navile;Lame;PESCAROLA;5;11;;
550;2017;Navile;Lame;PESCAROLA;25;59;;
564;2017;Navile;Lame;BEVERARA;10;51;;
579;2017;Navile;Lame;LAZZARETTO;20;46;;
598;2017;Navile;Lame;BEVERARA;35;481;;
620;2017;Porto - Saragozza;Marconi;MARCONI-2;67;215;;
636;2017;Porto - Saragozza;Marconi;MARCONI-2;68;224;165;
645;2017;Porto - Saragozza;Marconi;MARCONI-2;58;286;;
654;2017;Porto - Saragozza;Marconi;MARCONI-2;8;24;;
665;2017;Porto - Saragozza;Marconi;MARCONI-2;40;131;;
678;2017;Porto - Saragozza;Marconi;MARCONI-1;1;9;;
714;2017;Porto - Saragozza;Saffi;ZANARDI;66;167;;
723;2017;Porto - Saragozza;Saffi;ZANARDI;2;2;147;
731;2017;Porto - Saragozza;Saffi;ZANARDI;18;23;;
733;2017;Porto - Saragozza;Saffi;ZANARDI;31;59;;
742;2017;Porto - Saragozza;Saffi;VELODROMO;3;4;;
746;2017;Porto - Saragozza;Saffi;VELODROMO;37;49;;
751;2017;Porto - Saragozza;Saffi;VELODROMO;7;6;;
789;2017;Borgo Panigale - Reno;Barca;BATTINDARNO;23;43;;
806;2017;Borgo Panigale - Reno;Barca;BATTINDARNO;34;55;;
891;2017;Borgo Panigale - Reno;S. Viola;AGUCCHI;2;11;;
896;2017;Borgo Panigale - Reno;S. Viola;AGUCCHI;4;4;;
899;2017;Borgo Panigale - Reno;S. Viola;AGUCCHI;60;308;;
903;2017;Borgo Panigale - Reno;S. Viola;AGUCCHI;34;61;;
912;2017;Borgo Panigale - Reno;S. Viola;EMILIA PONENTE;23;27;13;
949;2017;San Donato - San Vitale;San Donato;CADRIANO-CALAMOSCO;2;2;;
985;2017;San Donato - San Vitale;San Donato;VIA DEL LAVORO;46;83;;
989;2017;San Donato - San Vitale;San Donato;VIA DEL LAVORO;8;391;;
1001;2017;San Donato - San Vitale;San Donato;VIA DEL LAVORO;6;13;;
1020;2017;San Donato - San Vitale;San Donato;MICHELINO;10;698;;
1021;2017;San Donato - San Vitale;San Donato;MICHELINO;6;9;;
1058;2017;San Donato - San Vitale;San Donato;VIA MONDO;3;3;;
1061;2017;San Donato - San Vitale;San Donato;VIA MONDO;17;26;;
1096;2017;San Donato - San Vitale;San Donato;PILASTRO;1;45;5;
1098;2017;San Donato - San Vitale;San Donato;PILASTRO;4;6;;
1124;2017;San Donato - San Vitale;San Donato;CAAB;25;699;;
1132;2017;Santo Stefano;Colli;OSSERVANZA;69;86;7;
1142;2017;Santo Stefano;Colli;OSSERVANZA;14;84;;
1155;2017;Santo Stefano;Colli;OSSERVANZA;34;47;;
1191;2017;Santo Stefano;Colli;PADERNO;1;1;;
1193;2017;Santo Stefano;Colli;PADERNO;6;8;;
1205;2017;Santo Stefano;Colli;PADERNO;3;3;;
1215;2017;Santo Stefano;Galvani;GALVANI-1;25;211;;
1224;2017;Santo Stefano;Galvani;GALVANI-1;53;108;;
1226;2017;Santo Stefano;Galvani;GALVANI-1;18;29;5;
1232;2017;Santo Stefano;Galvani;GALVANI-2;67;114;4;
1464;2017;Santo Stefano;Irnerio;IRNERIO-2;21;33;439;
1471;2017;Santo Stefano;Irnerio;IRNERIO-2;19;529;;
1483;2017;Santo Stefano;Irnerio;IRNERIO-2;45;66;;
1502;2017;Santo Stefano;Irnerio;IRNERIO-2;2;3;4882;
1552;2017;Santo Stefano;Irnerio;IRNERIO-2;25;52;;
1556;2017;San Donato - San Vitale;S. Vitale;CIRENAICA;53;114;186;
1560;2017;San Donato - San Vitale;S. Vitale;CIRENAICA;46;154;63;
1575;2017;San Donato - San Vitale;S. Vitale;CIRENAICA;2;2;;
1603;2017;San Donato - San Vitale;S. Vitale;CIRENAICA;31;127;;
1615;2017;San Donato - San Vitale;S. Vitale;MENGOLI;10;15;;
1632;2017;San Donato - San Vitale;S. Vitale;MENGOLI;39;752;;
1655;2017;San Donato - San Vitale;S. Vitale;MENGOLI;17;18;;
1667;2017;San Donato - San Vitale;S. Vitale;VIA LARGA;1;113;;
1685;2017;San Donato - San Vitale;S. Vitale;VIA LARGA;9;219;;
1693;2017;San Donato - San Vitale;S. Vitale;ROVERI;18;216;;
1701;2017;San Donato - San Vitale;S. Vitale;ROVERI;15;379;;
1703;2017;San Donato - San Vitale;S. Vitale;ROVERI;24;98;0;
1751;2017;San Donato - San Vitale;S. Vitale;CROCE DEL BIACCO;3;10;;
1796;2017;Porto - Saragozza;Costa Saragozza;XXI APRILE;13;17;;
1797;2017;Porto - Saragozza;Costa Saragozza;XXI APRILE;31;57;;
1825;2017;Porto - Saragozza;Costa Saragozza;XXI APRILE;8;23;;
1832;2017;Porto - Saragozza;Costa Saragozza;XXI APRILE;10;9;;
1865;2017;Porto - Saragozza;Costa Saragozza;SAN GIUSEPPE;3;4;;
1910;2017;Porto - Saragozza;Costa Saragozza;VIA DEL GENIO;1;1;;
1950;2017;Porto - Saragozza;Malpighi;MALPIGHI-1;70;107;;
1951;2017;Porto - Saragozza;Malpighi;MALPIGHI-1;87;171;51;
1956;2017;Porto - Saragozza;Malpighi;MALPIGHI-1;56;94;;
1968;2017;Porto - Saragozza;Malpighi;MALPIGHI-1;48;69;;
1970;2017;Porto - Saragozza;Malpighi;MALPIGHI-1;24;37;;
1973;2017;Porto - Saragozza;Malpighi;MALPIGHI-2;28;42;370;
1985;2017;Porto - Saragozza;Malpighi;MALPIGHI-2;27;42;;
1996;2017;Porto - Saragozza;Malpighi;MALPIGHI-2;2;11;85;
2004;2017;Savena;Mazzini;FOSSOLO;39;94;;
2011;2017;Savena;Mazzini;FOSSOLO;4;16;;
2018;2017;Savena;Mazzini;FOSSOLO;35;127;;
2019;2017;Savena;Mazzini;DUE MADONNE;2;10;13;
2035;2017;Savena;Mazzini;FOSSOLO;15;16;;
2051;2017;Savena;Mazzini;LUNGO SAVENA;3;3;;
2061;2017;Savena;Mazzini;PONTEVECCHIO;1;13;;
2063;2017;Savena;Mazzini;PONTEVECCHIO;38;142;93;
2120;2017;Savena;Mazzini;VIA ARNO;27;70;;
2135;2017;Savena;Mazzini;VIA ARNO;3;5;;
2143;2017;Savena;Mazzini;CAVEDONE;10;10;42;
2166;2017;Savena;S. Ruffillo;MONTE DONATO;5;5;;
2168;2017;Savena;S. Ruffillo;VIA TOSCANA;2;2;;
2200;2017;Savena;S. Ruffillo;VIA TOSCANA;5;5;;
2211;2017;Savena;S. Ruffillo;VIA TOSCANA;16;19;;
2235;2017;Savena;S. Ruffillo;VIA TOSCANA;14;25;;
2246;2017;Savena;S. Ruffillo;CORELLI;4;4;;
2249;2017;Savena;S. Ruffillo;CORELLI;2;2;;
2251;2017;Savena;S. Ruffillo;CORELLI;2;2;;
2268;2017;Savena;S. Ruffillo;CORELLI;8;8;;
2283;2017;Savena;S. Ruffillo;CORELLI;1;1;;
2293;2017;Savena;S. Ruffillo;MONTE DONATO;5;6;;
2311;2017;Savena;S. Ruffillo;PONTE SAVENA-LA BASTIA;10;14;;
2329;2017;Borgo Panigale - Reno;S. Viola;EMILIA PONENTE;34;1124;;
67;2019;Borgo Panigale - Reno;Borgo Panigale;LA BIRRA;4;16;;
90;2019;Borgo Panigale - Reno;Borgo Panigale;BORGO CENTRO;4;5;;
94;2019;Borgo Panigale - Reno;Borgo Panigale;BORGO CENTRO;1;1;;
107;2019;Borgo Panigale - Reno;Borgo Panigale;BORGO CENTRO;33;62;;
118;2019;Borgo Panigale - Reno;Borgo Panigale;BORGO CENTRO;3;3;;
143;2019;Borgo Panigale - Reno;Borgo Panigale;BORGO CENTRO;59;300;;
256;2019;Navile;Bolognina;ARCOVEGGIO;26;46;;
257;2019;Navile;Bolognina;ARCOVEGGIO;33;69;;
263;2019;Navile;Bolognina;ARCOVEGGIO;25;107;;
311;2019;Navile;Bolognina;VIA FERRARESE;11;13;;
318;2019;Navile;Bolognina;VIA FERRARESE;24;35;;
322;2019;Navile;Bolognina;VIA FERRARESE;33;50;;
325;2019;Navile;Bolognina;VIA FERRARESE;46;68;;60
338;2019;Navile;Bolognina;VIA FERRARESE;6;14;;
366;2019;Navile;Bolognina;PIAZZA DELL'UNITA';5;14;;
390;2019;Navile;Corticella;SAN SAVINO;2;2;;
437;2019;Navile;Corticella;CROCE COPERTA;11;82;;
470;2019;Navile;Corticella;CROCE COPERTA;13;34;;
486;2019;Navile;Corticella;LA DOZZA;5;6;;
488;2019;Navile;Corticella;SAVENA ABBANDONATO;1;31;;
493;2019;Navile;Lame;LAGHETTI DEL ROSARIO;3;3;;
562;2019;Navile;Lame;BEVERARA;14;272;;
570;2019;Navile;Lame;BEVERARA;14;400;;
571;2019;Navile;Lame;BEVERARA;25;68;;
697;2019;Porto - Saragozza;Marconi;MARCONI-1;76;476;;
702;2019;Porto - Saragozza;Saffi;SCALO RAVONE;7;39;;
710;2019;Porto - Saragozza;Saffi;ZANARDI;1;1;;
711;2019;Porto - Saragozza;Saffi;ZANARDI;7;7;;
720;2019;Porto - Saragozza;Saffi;ZANARDI;22;112;;
721;2019;Porto - Saragozza;Saffi;ZANARDI;4;6;;
724;2019;Porto - Saragozza;Saffi;ZANARDI;29;65;;
725;2019;Porto - Saragozza;Saffi;ZANARDI;40;351;;71
730;2019;Porto - Saragozza;Saffi;ZANARDI;11;25;;
732;2019;Porto - Saragozza;Saffi;ZANARDI;34;389;;
743;2019;Porto - Saragozza;Saffi;VELODROMO;22;159;;
759;2019;Porto - Saragozza;Saffi;VELODROMO;11;11;;
784;2019;Borgo Panigale - Reno;Barca;VILLAGGIO DELLA BARCA;10;76;;
788;2019;Borgo Panigale - Reno;Barca;BATTINDARNO;22;45;;
798;2019;Borgo Panigale - Reno;Barca;BATTINDARNO;15;14;;
832;2019;Borgo Panigale - Reno;Barca;VILLAGGIO DELLA BARCA;3;7;;
856;2019;Borgo Panigale - Reno;Barca;CANALE DI RENO;14;26;;
882;2019;Borgo Panigale - Reno;Barca;CANALE DI RENO;2;16;;
897;2019;Borgo Panigale - Reno;S. Viola;AGUCCHI;5;22;;56
901;2019;Borgo Panigale - Reno;S. Viola;AGUCCHI;24;267;;
934;2019;San Donato - San Vitale;San Donato;CADRIANO-CALAMOSCO;2;1;;
986;2019;San Donato - San Vitale;San Donato;VIA DEL LAVORO;48;164;;
987;2019;San Donato - San Vitale;San Donato;VIA DEL LAVORO;2;4;;
992;2019;San Donato - San Vitale;San Donato;VIA DEL LAVORO;3;15;;100
1000;2019;San Donato - San Vitale;San Donato;VIA DEL LAVORO;11;13;;
1038;2019;San Donato - San Vitale;San Donato;VIA MONDO;11;31;;
1060;2019;San Donato - San Vitale;San Donato;VIA MONDO;15;19;;
1066;2019;San Donato - San Vitale;San Donato;VIA MONDO;10;11;;
1069;2019;San Donato - San Vitale;San Donato;MICHELINO;4;7;;
1085;2019;San Donato - San Vitale;San Donato;PILASTRO;5;28;;
1090;2019;San Donato - San Vitale;San Donato;PILASTRO;10;10;;
1092;2019;San Donato - San Vitale;San Donato;PILASTRO;31;161;;
1116;2019;San Donato - San Vitale;San Donato;CAAB;3;4;;
1124;2019;San Donato - San Vitale;San Donato;CAAB;24;589;;
1129;2019;San Donato - San Vitale;San Donato;SCALO MERCI SAN DONATO;1;127;;
1149;2019;Santo Stefano;Colli;PADERNO;2;2;;
1158;2019;Santo Stefano;Colli;PADERNO;5;9;;
1163;2019;Santo Stefano;Colli;SAN MICHELE IN BOSCO;9;17;;
1170;2019;Santo Stefano;Colli;SAN MICHELE IN BOSCO;42;158;;47
1170;2019;Santo Stefano;Colli;SAN MICHELE IN BOSCO;42;158;;32
1184;2019;Santo Stefano;Colli;PADERNO;1;1;;
1203;2019;Santo Stefano;Colli;PADERNO;8;16;;
1277;2019;Santo Stefano;Galvani;GALVANI-2;34;70;;
1278;2019;Santo Stefano;Galvani;GALVANI-2;52;125;;
1290;2019;Santo Stefano;Galvani;GALVANI-2;25;136;;
1317;2019;Santo Stefano;Murri;MEZZOFANTI;60;75;;
1361;2019;Santo Stefano;Murri;MEZZOFANTI;28;31;;
1399;2019;Santo Stefano;Murri;SIEPELUNGA;1;1;;
1435;2019;Santo Stefano;Murri;CHIESANUOVA;4;6;;
1441;2019;Santo Stefano;Murri;CHIESANUOVA;45;59;;
1442;2019;Santo Stefano;Murri;CHIESANUOVA;6;6;;
1465;2019;Santo Stefano;Irnerio;IRNERIO-2;57;130;;
1468;2019;Santo Stefano;Irnerio;IRNERIO-2;64;542;;
1486;2019;Santo Stefano;Irnerio;IRNERIO-1;67;309;;
1489;2019;Santo Stefano;Irnerio;IRNERIO-1;3;7;;
1548;2019;Santo Stefano;Irnerio;IRNERIO-2;35;91;;
1550;2019;Santo Stefano;Irnerio;IRNERIO-2;50;126;;207
1565;2019;San Donato - San Vitale;S. Vitale;CIRENAICA;11;35;;
1605;2019;San Donato - San Vitale;S. Vitale;CIRENAICA;16;215;;
1609;2019;San Donato - San Vitale;S. Vitale;CIRENAICA;4;14;;
1614;2019;San Donato - San Vitale;S. Vitale;MENGOLI;14;45;;
1621;2019;San Donato - San Vitale;S. Vitale;MENGOLI;12;32;;
1640;2019;San Donato - San Vitale;S. Vitale;MENGOLI;12;22;;
1695;2019;San Donato - San Vitale;S. Vitale;ROVERI;7;141;;
1717;2019;San Donato - San Vitale;S. Vitale;ROVERI;16;160;;
1746;2019;San Donato - San Vitale;S. Vitale;GUELFA;122;474;;
1760;2019;San Donato - San Vitale;S. Vitale;CROCE DEL BIACCO;52;1082;;
1793;2019;Porto - Saragozza;Costa Saragozza;XXI APRILE;56;91;;
1801;2019;Porto - Saragozza;Costa Saragozza;XXI APRILE;4;13;;19
1808;2019;Porto - Saragozza;Costa Saragozza;SAN GIUSEPPE;1;1;;
1840;2019;Porto - Saragozza;Costa Saragozza;XXI APRILE;2;0;;
1861;2019;Porto - Saragozza;Costa Saragozza;SAN GIUSEPPE;57;64;;
1867;2019;Porto - Saragozza;Costa Saragozza;SAN GIUSEPPE;29;32;;249
1868;2019;Porto - Saragozza;Costa Saragozza;SAN GIUSEPPE;43;92;;
1869;2019;Porto - Saragozza;Costa Saragozza;SAN GIUSEPPE;9;16;;
1881;2019;Porto - Saragozza;Costa Saragozza;STADIO-MELONCELLO;14;21;;
1897;2019;Porto - Saragozza;Costa Saragozza;RAVONE;3;4;;
1914;2019;Porto - Saragozza;Costa Saragozza;SAN LUCA;9;11;;
1937;2019;Porto - Saragozza;Malpighi;MALPIGHI-2;64;130;;
1967;2019;Porto - Saragozza;Malpighi;MALPIGHI-1;44;148;;
4;2019;Borgo Panigale - Reno;Borgo Panigale;VIA DEL VIVAIO;5;6;;
14;2019;Borgo Panigale - Reno;Borgo Panigale;VIA DEL VIVAIO;3;23;;
17;2019;Borgo Panigale - Reno;Borgo Panigale;VIA DEL VIVAIO;5;41;;
33;2019;Borgo Panigale - Reno;Borgo Panigale;AEROPORTO;2;13;;
54;2019;Borgo Panigale - Reno;Borgo Panigale;VIA DEL VIVAIO;5;14;;
59;2019;Borgo Panigale - Reno;Borgo Panigale;LA BIRRA;10;20;;
68;2019;Borgo Panigale - Reno;Borgo Panigale;DUCATI-VILLAGGIO INA;3;2;;
77;2019;Borgo Panigale - Reno;Borgo Panigale;DUCATI-VILLAGGIO INA;11;11;;254
87;2019;Borgo Panigale - Reno;Borgo Panigale;BORGO CENTRO;6;7;;
108;2019;Borgo Panigale - Reno;Borgo Panigale;BORGO CENTRO;12;22;;
114;2019;Borgo Panigale - Reno;Borgo Panigale;BORGO CENTRO;12;37;;
117;2019;Borgo Panigale - Reno;Borgo Panigale;BORGO CENTRO;13;18;;
147;2019;Borgo Panigale - Reno;Borgo Panigale;TRIUMVIRATO-PIETRA;25;31;;
174;2019;Borgo Panigale - Reno;Borgo Panigale;CASTELDEBOLE;30;77;;
177;2019;Borgo Panigale - Reno;Borgo Panigale;CASTELDEBOLE;22;39;;38
209;2019;Navile;Bolognina;CASERME ROSSE-MANIFATTURA;2;3;;
230;2019;Navile;Bolognina;ARCOVEGGIO;26;36;;17
243;2019;Navile;Bolognina;ARCOVEGGIO;15;24;;
246;2019;Navile;Bolognina;ARCOVEGGIO;9;20;;
272;2019;Navile;Bolognina;PIAZZA DELL'UNITA';10;17;;
276;2019;Navile;Bolognina;PIAZZA DELL'UNITA';19;31;;
281;2019;Navile;Bolognina;PIAZZA DELL'UNITA';61;327;;
287;2019;Navile;Bolognina;PIAZZA DELL'UNITA';11;12;;
296;2019;Navile;Bolognina;PIAZZA DELL'UNITA';36;158;;
298;2019;Navile;Bolognina;EX MERCATO ORTOFRUTTICOLO;36;68;;
300;2019;Navile;Bolognina;VIA FERRARESE;6;14;;
301;2019;Navile;Bolognina;VIA FERRARESE;15;29;;
314;2019;Navile;Bolognina;VIA FERRARESE;4;7;;
333;2019;Navile;Bolognina;VIA FERRARESE;47;80;;75
343;2019;Navile;Bolognina;PIAZZA DELL'UNITA';3;16;;
351;2019;Navile;Bolognina;PIAZZA DELL'UNITA';16;23;;
360;2019;Navile;Bolognina;PIAZZA DELL'UNITA';29;66;;
394;2019;Navile;Corticella;SAN SAVINO;9;22;;
401;2019;Navile;Corticella;SAN SAVINO;1;2;;
406;2019;Navile;Corticella;SAN SAVINO;3;11;;
432;2019;Navile;Corticella;SAVENA ABBANDONATO;2;5;;
436;2019;Navile;Corticella;CROCE COPERTA;18;185;;
438;2019;Navile;Corticella;CROCE COPERTA;30;382;;
462;2019;Navile;Corticella;CROCE COPERTA;48;341;;
471;2019;Navile;Corticella;CROCE COPERTA;10;161;;
472;2019;Navile;Corticella;CROCE COPERTA;92;540;;
474;2019;Navile;Corticella;MULINO DEL GOMITO;28;87;;
482;2019;Navile;Corticella;LA DOZZA;1;3;;
490;2019;Navile;Corticella;SAVENA ABBANDONATO;2;2;;
502;2019;Navile;Lame;LA NOCE;4;8;;
551;2019;Navile;Lame;PESCAROLA;8;18;;
552;2019;Navile;Lame;PESCAROLA;16;31;;24
552;2019;Navile;Lame;PESCAROLA;16;31;;72
555;2019;Navile;Lame;PESCAROLA;1;1;;
557;2019;Navile;Lame;BEVERARA;3;60;;
567;2019;Navile;Lame;LAZZARETTO;1;10;;
577;2019;Navile;Lame;BEVERARA;6;6;;96
588;2019;Navile;Lame;BEVERARA;28;219;;
613;2019;Porto - Saragozza;Marconi;MARCONI-2;15;213;;
631;2019;Porto - Saragozza;Marconi;MARCONI-2;1;0;;
644;2019;Porto - Saragozza;Marconi;MARCONI-2;36;253;;
656;2019;Porto - Saragozza;Marconi;MARCONI-2;34;74;;
677;2019;Porto - Saragozza;Marconi;MARCONI-1;73;224;;
678;2019;Porto - Saragozza;Marconi;MARCONI-1;1;1;;
689;2019;Porto - Saragozza;Marconi;MARCONI-1;1;18;;
696;2019;Porto - Saragozza;Marconi;MARCONI-1;73;175;;
703;2019;Porto - Saragozza;Saffi;ZANARDI;17;1104;;
705;2019;Porto - Saragozza;Saffi;ZANARDI;11;16;;
715;2019;Porto - Saragozza;Saffi;ZANARDI;10;13;;
729;2019;Porto - Saragozza;Saffi;ZANARDI;22;32;;
737;2019;Porto - Saragozza;Saffi;VELODROMO;7;17;;60
737;2019;Porto - Saragozza;Saffi;VELODROMO;7;17;;76
739;2019;Porto - Saragozza;Saffi;VELODROMO;17;54;;
747;2019;Porto - Saragozza;Saffi;VELODROMO;16;25;;
753;2019;Porto - Saragozza;Saffi;VELODROMO;2;2;;
756;2019;Porto - Saragozza;Saffi;VELODROMO;2;2;;
776;2019;Porto - Saragozza;Saffi;VIA VITTORIO VENETO;21;28;;
782;2019;Porto - Saragozza;Saffi;VIA VITTORIO VENETO;3;4;;224
808;2019;Borgo Panigale - Reno;Barca;BATTINDARNO;26;67;;
809;2019;Borgo Panigale - Reno;Barca;BATTINDARNO;32;57;;
824;2019;Borgo Panigale - Reno;Barca;VILLAGGIO DELLA BARCA;2;3;;
826;2019;Borgo Panigale - Reno;Barca;VILLAGGIO DELLA BARCA;5;7;;
848;2019;Borgo Panigale - Reno;Barca;VILLAGGIO DELLA BARCA;3;3;;
854;2019;Borgo Panigale - Reno;Barca;VILLAGGIO DELLA BARCA;7;6;;
862;2019;Borgo Panigale - Reno;Barca;CANALE DI RENO;27;99;;
867;2019;Borgo Panigale - Reno;Barca;CANALE DI RENO;1;1;;
868;2019;Borgo Panigale - Reno;Barca;CANALE DI RENO;32;62;;
869;2019;Borgo Panigale - Reno;Barca;CANALE DI RENO;15;22;;
873;2019;Borgo Panigale - Reno;Barca;CANALE DI RENO;10;14;;
877;2019;Borgo Panigale - Reno;Barca;CANALE DI RENO;24;214;;
886;2019;Borgo Panigale - Reno;Barca;CANALE DI RENO;2;44;;
887;2019;Borgo Panigale - Reno;Barca;CANALE DI RENO;7;14;;
899;2019;Borgo Panigale - Reno;S. Viola;AGUCCHI;65;459;;20
904;2019;Borgo Panigale - Reno;S. Viola;AGUCCHI;59;127;;
905;2019;Borgo Panigale - Reno;S. Viola;AGUCCHI;32;53;;
930;2019;Borgo Panigale - Reno;S. Viola;EMILIA PONENTE;23;49;;
935;2019;San Donato - San Vitale;San Donato;CADRIANO-CALAMOSCO;3;3;;
941;2019;San Donato - San Vitale;San Donato;CADRIANO-CALAMOSCO;3;3;;
942;2019;San Donato - San Vitale;San Donato;CADRIANO-CALAMOSCO;1;1;;
948;2019;San Donato - San Vitale;San Donato;CADRIANO-CALAMOSCO;17;178;;
954;2019;San Donato - San Vitale;San Donato;CADRIANO-CALAMOSCO;1;1;;
969;2019;San Donato - San Vitale;San Donato;SAN DONNINO;9;42;;
970;2019;San Donato - San Vitale;San Donato;SAN DONNINO;6;14;;
974;2019;San Donato - San Vitale;San Donato;FIERA;19;154;;
1003;2019;San Donato - San Vitale;San Donato;VIA DEL LAVORO;57;99;;
1019;2019;San Donato - San Vitale;San Donato;MICHELINO;4;13;;
1021;2019;San Donato - San Vitale;San Donato;MICHELINO;6;10;;
1023;2019;San Donato - San Vitale;San Donato;MICHELINO;6;12;;1546
1024;2019;San Donato - San Vitale;San Donato;MICHELINO;62;181;;56
1027;2019;San Donato - San Vitale;San Donato;VIA MONDO;7;7;;44
1031;2019;San Donato - San Vitale;San Donato;VIA MONDO;8;12;;
1033;2019;San Donato - San Vitale;San Donato;MICHELINO;24;43;;
1042;2019;San Donato - San Vitale;San Donato;VIA MONDO;19;64;;
1051;2019;San Donato - San Vitale;San Donato;VIA MONDO;9;9;;
1052;2019;San Donato - San Vitale;San Donato;MICHELINO;19;21;;50
1065;2019;San Donato - San Vitale;San Donato;VIA MONDO;4;4;;
1086;2019;San Donato - San Vitale;San Donato;PILASTRO;34;256;;59
1098;2019;San Donato - San Vitale;San Donato;PILASTRO;5;4;;
1100;2019;San Donato - San Vitale;San Donato;PILASTRO;1;1;;75
1125;2019;San Donato - San Vitale;San Donato;CAAB;38;496;;
1137;2019;Santo Stefano;Colli;OSSERVANZA;10;9;;
1142;2019;Santo Stefano;Colli;OSSERVANZA;14;90;;
1146;2019;Santo Stefano;Colli;OSSERVANZA;2;2;;
1156;2019;Santo Stefano;Colli;OSSERVANZA;25;77;;
1166;2019;Santo Stefano;Colli;SAN MICHELE IN BOSCO;14;86;;
1187;2019;Santo Stefano;Colli;PADERNO;5;6;;
1204;2019;Santo Stefano;Colli;PADERNO;1;1;;
1215;2019;Santo Stefano;Galvani;GALVANI-1;24;195;;
1235;2019;Santo Stefano;Galvani;GALVANI-2;69;141;;
1247;2019;Santo Stefano;Galvani;GALVANI-2;34;111;;
1251;2019;Santo Stefano;Galvani;GALVANI-2;34;79;;
1254;2019;Santo Stefano;Galvani;GALVANI-2;10;43;;
1255;2019;Santo Stefano;Galvani;GALVANI-2;38;53;;
1259;2019;Santo Stefano;Galvani;GALVANI-2;12;13;;
1283;2019;Santo Stefano;Galvani;GALVANI-2;23;58;;
1285;2019;Santo Stefano;Galvani;GALVANI-2;48;92;;
1287;2019;Santo Stefano;Galvani;GALVANI-2;32;34;;
1289;2019;Santo Stefano;Galvani;GALVANI-2;40;41;;
1302;2019;Santo Stefano;Murri;MEZZOFANTI;11;11;;
1303;2019;Santo Stefano;Murri;MEZZOFANTI;60;83;;
1305;2019;Santo Stefano;Murri;MEZZOFANTI;95;172;;
1318;2019;Santo Stefano;Murri;MEZZOFANTI;32;588;;
1320;2019;Santo Stefano;Murri;MEZZOFANTI;10;10;;
1329;2019;Santo Stefano;Murri;DAGNINI;14;15;;
1337;2019;Santo Stefano;Murri;MEZZOFANTI;99;164;;
1338;2019;Santo Stefano;Murri;MEZZOFANTI;68;155;;45
1342;2019;Santo Stefano;Murri;MEZZOFANTI;9;9;;
1349;2019;Santo Stefano;Murri;DAGNINI;16;17;;
1358;2019;Santo Stefano;Murri;MEZZOFANTI;16;22;;
1362;2019;Santo Stefano;Murri;DAGNINI;5;5;;
1373;2019;Santo Stefano;Murri;DAGNINI;29;39;;
1378;2019;Santo Stefano;Murri;SIEPELUNGA;47;56;;
1382;2019;Santo Stefano;Murri;SIEPELUNGA;9;17;;
1416;2019;Santo Stefano;Murri;CHIESANUOVA;8;12;;
1431;2019;Santo Stefano;Murri;CHIESANUOVA;7;10;;
1434;2019;Santo Stefano;Murri;CHIESANUOVA;4;4;;
1467;2019;Santo Stefano;Irnerio;IRNERIO-2;33;198;;
1488;2019;Santo Stefano;Irnerio;IRNERIO-1;9;11;;
1502;2019;Santo Stefano;Irnerio;IRNERIO-2;2;0;;
1515;2019;Santo Stefano;Irnerio;IRNERIO-1;11;41;;
1532;2019;Santo Stefano;Irnerio;IRNERIO-2;35;56;;
1537;2019;Santo Stefano;Irnerio;IRNERIO-2;19;34;;
1540;2019;Santo Stefano;Irnerio;IRNERIO-1;16;20;;
1550;2019;Santo Stefano;Irnerio;IRNERIO-2;50;126;;
1567;2019;San Donato - San Vitale;S. Vitale;MENGOLI;31;48;;
1577;2019;San Donato - San Vitale;S. Vitale;CIRENAICA;3;8;;28
1586;2019;San Donato - San Vitale;S. Vitale;CIRENAICA;7;8;;
1602;2019;San Donato - San Vitale;S. Vitale;CIRENAICA;3;17;;
1613;2019;San Donato - San Vitale;S. Vitale;MENGOLI;20;34;;
1619;2019;San Donato - San Vitale;S. Vitale;MENGOLI;3;4;;
1648;2019;San Donato - San Vitale;S. Vitale;MENGOLI;18;35;;
1652;2019;San Donato - San Vitale;S. Vitale;MENGOLI;10;19;;
1668;2019;San Donato - San Vitale;S. Vitale;VIA LARGA;3;103;;
1670;2019;San Donato - San Vitale;S. Vitale;ROVERI;3;102;;
1674;2019;San Donato - San Vitale;S. Vitale;ROVERI;12;50;;
1689;2019;San Donato - San Vitale;S. Vitale;VIA LARGA;35;241;;
1704;2019;San Donato - San Vitale;S. Vitale;ROVERI;17;152;;
1706;2019;San Donato - San Vitale;S. Vitale;ROVERI;10;53;;
1711;2019;San Donato - San Vitale;S. Vitale;ROVERI;23;157;;
1722;2019;San Donato - San Vitale;S. Vitale;GUELFA;29;50;;27
1728;2019;San Donato - San Vitale;S. Vitale;GUELFA;24;48;;
1733;2019;San Donato - San Vitale;S. Vitale;ROVERI;55;1001;;
1739;2019;San Donato - San Vitale;S. Vitale;CROCE DEL BIACCO;10;26;;
1741;2019;San Donato - San Vitale;S. Vitale;ROVERI;60;717;;
1756;2019;San Donato - San Vitale;S. Vitale;CROCE DEL BIACCO;9;19;;
1758;2019;San Donato - San Vitale;S. Vitale;STRADELLI GUELFI;13;16;;
1761;2019;San Donato - San Vitale;S. Vitale;STRADELLI GUELFI;3;16;;
1766;2019;San Donato - San Vitale;S. Vitale;CROCE DEL BIACCO;12;34;;
1772;2019;San Donato - San Vitale;S. Vitale;GUELFA;20;29;;74
1774;2019;San Donato - San Vitale;S. Vitale;GUELFA;12;32;;
1779;2019;San Donato - San Vitale;S. Vitale;GUELFA;44;103;;
1782;2019;Porto - Saragozza;Costa Saragozza;STADIO-MELONCELLO;7;29;;
1783;2019;Porto - Saragozza;Costa Saragozza;XXI APRILE;4;9;;
1811;2019;Porto - Saragozza;Costa Saragozza;SAN GIUSEPPE;35;50;;
1813;2019;Porto - Saragozza;Costa Saragozza;STADIO-MELONCELLO;7;10;;
1843;2019;Porto - Saragozza;Costa Saragozza;XXI APRILE;5;5;;
1860;2019;Porto - Saragozza;Costa Saragozza;XXI APRILE;30;33;;
1865;2019;Porto - Saragozza;Costa Saragozza;SAN GIUSEPPE;6;6;;
1871;2019;Porto - Saragozza;Costa Saragozza;SAN GIUSEPPE;31;52;;
1880;2019;Porto - Saragozza;Costa Saragozza;STADIO-MELONCELLO;74;104;;
1892;2019;Porto - Saragozza;Costa Saragozza;RAVONE;2;2;;
1902;2019;Porto - Saragozza;Costa Saragozza;SAN GIUSEPPE;52;79;;
1910;2019;Porto - Saragozza;Costa Saragozza;VIA DEL GENIO;1;1;;
1920;2019;Porto - Saragozza;Costa Saragozza;SAN LUCA;1;1;;
1930;2019;Porto - Saragozza;Malpighi;MALPIGHI-2;4;4;;
1935;2019;Porto - Saragozza;Malpighi;MALPIGHI-2;37;80;;
1950;2019;Porto - Saragozza;Malpighi;MALPIGHI-1;78;212;;
1952;2019;Porto - Saragozza;Malpighi;MALPIGHI-1;139;273;;
1954;2019;Porto - Saragozza;Malpighi;MALPIGHI-1;1;8;;
1969;2019;Porto - Saragozza;Malpighi;MALPIGHI-1;23;35;;
1973;2019;Porto - Saragozza;Malpighi;MALPIGHI-2;34;140;;
1987;2019;Porto - Saragozza;Malpighi;MALPIGHI-2;4;10;;1104
1993;2019;Porto - Saragozza;Malpighi;MALPIGHI-2;6;15;;60
2009;2019;Savena;Mazzini;FOSSOLO;17;20;;25
2021;2019;Savena;Mazzini;PONTEVECCHIO;12;17;;
2060;2019;Savena;Mazzini;PONTEVECCHIO;4;5;;37
2064;2019;Savena;Mazzini;PONTEVECCHIO;17;34;;
2069;2019;Savena;Mazzini;PONTEVECCHIO;28;56;;
2093;2019;Savena;Mazzini;BITONE;16;36;;197
2120;2019;Savena;Mazzini;VIA ARNO;26;47;;
2135;2019;Savena;Mazzini;VIA ARNO;3;4;;
2149;2019;Savena;Mazzini;VIA ARNO;60;118;;25
2164;2019;Savena;S. Ruffillo;VIA TOSCANA;10;10;;
2170;2019;Savena;S. Ruffillo;VIA TOSCANA;19;21;;
2218;2019;Savena;S. Ruffillo;VIA TOSCANA;19;30;;75
2243;2019;Savena;S. Ruffillo;VIA TOSCANA;11;18;;
2246;2019;Savena;S. Ruffillo;CORELLI;5;5;;
2249;2019;Savena;S. Ruffillo;CORELLI;2;2;;
2269;2019;Savena;S. Ruffillo;CORELLI;15;26;;
2272;2019;Savena;S. Ruffillo;CORELLI;20;43;;
2300;2019;Savena;S. Ruffillo;VIA TOSCANA;9;10;;
2311;2019;Savena;S. Ruffillo;PONTE SAVENA-LA BASTIA;8;10;;
2322;2019;Savena;S. Ruffillo;MONTE DONATO;2;2;;
13;2017;Borgo Panigale - Reno;Borgo Panigale;LAVINO DI MEZZO;40;99;;
19;2017;Borgo Panigale - Reno;Borgo Panigale;VIA DEL VIVAIO;1;1;;
147;2017;Borgo Panigale - Reno;Borgo Panigale;TRIUMVIRATO-PIETRA;21;26;;
148;2017;Borgo Panigale - Reno;Borgo Panigale;TRIUMVIRATO-PIETRA;14;17;9;
154;2017;Borgo Panigale - Reno;Borgo Panigale;TRIUMVIRATO-PIETRA;45;99;;
182;2017;Borgo Panigale - Reno;Borgo Panigale;CASTELDEBOLE;21;33;;
190;2017;Borgo Panigale - Reno;Borgo Panigale;RIGOSA;1;13;;
212;2017;Navile;Bolognina;CASERME ROSSE-MANIFATTURA;6;7;;
246;2017;Navile;Bolognina;ARCOVEGGIO;9;16;;
251;2017;Navile;Bolognina;ARCOVEGGIO;23;57;41;
256;2017;Navile;Bolognina;ARCOVEGGIO;28;45;;
270;2017;Navile;Bolognina;ARCOVEGGIO;22;29;;
282;2017;Navile;Bolognina;PIAZZA DELL'UNITA';8;9;;
287;2017;Navile;Bolognina;PIAZZA DELL'UNITA';13;14;;
319;2017;Navile;Bolognina;VIA FERRARESE;9;11;;
347;2017;Navile;Bolognina;PIAZZA DELL'UNITA';32;69;;
371;2017;Navile;Corticella;SAN SAVINO;15;54;;
378;2017;Navile;Corticella;SAN SAVINO;5;17;;
426;2017;Navile;Corticella;SAVENA ABBANDONATO;1;4;;
441;2017;Navile;Corticella;CROCE COPERTA;4;59;;
462;2017;Navile;Corticella;CROCE COPERTA;43;456;;
497;2017;Navile;Lame;LAGHETTI DEL ROSARIO;4;6;;
534;2017;Navile;Lame;PESCAROLA;1;4;;
545;2017;Navile;Lame;PESCAROLA;14;15;;
588;2017;Navile;Lame;BEVERARA;30;215;;
591;2017;Navile;Lame;BEVERARA;12;19;;
610;2017;Porto - Saragozza;Marconi;MARCONI-2;65;150;463;
614;2017;Porto - Saragozza;Marconi;MARCONI-2;56;131;71;
638;2017;Porto - Saragozza;Marconi;MARCONI-2;57;125;;
651;2017;Porto - Saragozza;Marconi;MARCONI-2;55;135;;
659;2017;Porto - Saragozza;Marconi;MARCONI-2;3;7;;
673;2017;Porto - Saragozza;Marconi;MARCONI-2;28;51;;
734;2017;Porto - Saragozza;Saffi;VELODROMO;5;39;;
736;2017;Porto - Saragozza;Saffi;VELODROMO;65;180;2;
750;2017;Porto - Saragozza;Saffi;VELODROMO;23;37;;
767;2017;Porto - Saragozza;Saffi;VIA VITTORIO VENETO;8;10;;
770;2017;Porto - Saragozza;Saffi;VIA VITTORIO VENETO;18;33;;
777;2017;Porto - Saragozza;Saffi;VIA VITTORIO VENETO;18;20;;
780;2017;Porto - Saragozza;Saffi;VIA VITTORIO VENETO;37;83;;
841;2017;Borgo Panigale - Reno;Barca;VILLAGGIO DELLA BARCA;2;3;;
871;2017;Borgo Panigale - Reno;Barca;CANALE DI RENO;3;3;9;
948;2017;San Donato - San Vitale;San Donato;CADRIANO-CALAMOSCO;15;247;;
979;2017;San Donato - San Vitale;San Donato;VIA DEL LAVORO;19;32;351;
1014;2017;San Donato - San Vitale;San Donato;MICHELINO;14;26;;
1062;2017;San Donato - San Vitale;San Donato;VIA MONDO;2;3;;
1074;2017;San Donato - San Vitale;San Donato;VIA MONDO;17;38;;
1111;2017;San Donato - San Vitale;San Donato;SCALO MERCI SAN DONATO;3;2;;
1121;2017;San Donato - San Vitale;San Donato;CAAB;8;91;;
1162;2017;Santo Stefano;Colli;SAN MICHELE IN BOSCO;58;190;;
1185;2017;Santo Stefano;Colli;PADERNO;1;1;;
1214;2017;Santo Stefano;Galvani;GALVANI-1;63;251;0;
1216;2017;Santo Stefano;Galvani;GALVANI-1;95;280;;
1230;2017;Santo Stefano;Galvani;GALVANI-1;53;84;;
1233;2017;Santo Stefano;Galvani;GALVANI-2;64;107;;
1250;2017;Santo Stefano;Galvani;GALVANI-2;36;86;;
1283;2017;Santo Stefano;Galvani;GALVANI-2;26;54;;
1306;2017;Santo Stefano;Murri;MEZZOFANTI;1;3;;
1314;2017;Santo Stefano;Murri;DAGNINI;64;106;;
1323;2017;Santo Stefano;Murri;MEZZOFANTI;28;69;;
1335;2017;Santo Stefano;Murri;DAGNINI;7;7;;
1340;2017;Santo Stefano;Murri;MEZZOFANTI;27;39;;
1341;2017;Santo Stefano;Murri;MEZZOFANTI;17;21;;
1344;2017;Santo Stefano;Murri;MEZZOFANTI;33;48;;
1345;2017;Santo Stefano;Murri;MEZZOFANTI;15;17;;
1354;2017;Santo Stefano;Murri;DAGNINI;10;12;;
1370;2017;Santo Stefano;Murri;DAGNINI;29;52;;
1395;2017;Santo Stefano;Murri;SIEPELUNGA;3;3;;
1415;2017;Santo Stefano;Murri;CHIESANUOVA;3;4;;
1417;2017;Santo Stefano;Murri;CHIESANUOVA;1;0;;
1418;2017;Santo Stefano;Murri;CHIESANUOVA;32;52;;
1425;2017;Santo Stefano;Murri;CHIESANUOVA;24;50;;
1437;2017;Santo Stefano;Murri;CHIESANUOVA;11;11;;
1441;2017;Santo Stefano;Murri;CHIESANUOVA;45;61;;
1448;2017;Santo Stefano;Irnerio;IRNERIO-2;54;450;125;
1455;2017;Santo Stefano;Irnerio;IRNERIO-2;11;202;;
1477;2017;Santo Stefano;Irnerio;IRNERIO-2;20;35;;
1484;2017;Santo Stefano;Irnerio;IRNERIO-2;11;18;378;
1492;2017;Santo Stefano;Irnerio;IRNERIO-1;18;28;;
1493;2017;Santo Stefano;Irnerio;IRNERIO-1;44;124;;
1494;2017;Santo Stefano;Irnerio;IRNERIO-1;16;34;;
1497;2017;Santo Stefano;Irnerio;IRNERIO-1;49;261;15;
1503;2017;Santo Stefano;Irnerio;IRNERIO-2;16;63;;
1509;2017;Santo Stefano;Irnerio;IRNERIO-1;2;15;;
1512;2017;Santo Stefano;Irnerio;IRNERIO-1;17;20;;
1515;2017;Santo Stefano;Irnerio;IRNERIO-1;10;40;;
1579;2017;San Donato - San Vitale;S. Vitale;CIRENAICA;20;28;;
1581;2017;San Donato - San Vitale;S. Vitale;CIRENAICA;7;10;;
1589;2017;San Donato - San Vitale;S. Vitale;CIRENAICA;14;19;;
1610;2017;San Donato - San Vitale;S. Vitale;SCANDELLARA;3;3;;
1613;2017;San Donato - San Vitale;S. Vitale;MENGOLI;14;23;;
1614;2017;San Donato - San Vitale;S. Vitale;MENGOLI;15;32;;
1628;2017;San Donato - San Vitale;S. Vitale;MENGOLI;1;1;97;
1641;2017;San Donato - San Vitale;S. Vitale;MENGOLI;7;10;;
1656;2017;San Donato - San Vitale;S. Vitale;MENGOLI;40;80;;
1661;2017;San Donato - San Vitale;S. Vitale;MENGOLI;11;37;148;
1664;2017;San Donato - San Vitale;S. Vitale;SCANDELLARA;5;6;;
1669;2017;San Donato - San Vitale;S. Vitale;ROVERI;5;20;;
1679;2017;San Donato - San Vitale;S. Vitale;SCANDELLARA;7;8;28;
1680;2017;San Donato - San Vitale;S. Vitale;SCANDELLARA;3;8;;
1711;2017;San Donato - San Vitale;S. Vitale;ROVERI;24;154;;
1725;2017;San Donato - San Vitale;S. Vitale;GUELFA;15;145;;
1732;2017;San Donato - San Vitale;S. Vitale;VIA LARGA;13;1140;;
1744;2017;San Donato - San Vitale;S. Vitale;GUELFA;30;43;;
1756;2017;San Donato - San Vitale;S. Vitale;CROCE DEL BIACCO;12;76;;
1783;2017;Porto - Saragozza;Costa Saragozza;XXI APRILE;5;9;;
1784;2017;Porto - Saragozza;Costa Saragozza;XXI APRILE;1;3;;
1794;2017;Porto - Saragozza;Costa Saragozza;XXI APRILE;20;21;;
1824;2017;Porto - Saragozza;Costa Saragozza;XXI APRILE;25;41;;
1829;2017;Porto - Saragozza;Costa Saragozza;XXI APRILE;4;4;;
1839;2017;Porto - Saragozza;Costa Saragozza;XXI APRILE;3;3;;
1844;2017;Porto - Saragozza;Costa Saragozza;XXI APRILE;4;4;;
1856;2017;Porto - Saragozza;Costa Saragozza;XXI APRILE;7;8;;
1879;2017;Porto - Saragozza;Costa Saragozza;STADIO-MELONCELLO;2;2;;
1890;2017;Porto - Saragozza;Costa Saragozza;RAVONE;7;6;;
1904;2017;Porto - Saragozza;Costa Saragozza;SAN GIUSEPPE;7;8;;
1939;2017;Porto - Saragozza;Malpighi;MALPIGHI-2;23;35;38;
1952;2017;Porto - Saragozza;Malpighi;MALPIGHI-1;137;270;;
1967;2017;Porto - Saragozza;Malpighi;MALPIGHI-1;46;140;;
1980;2017;Porto - Saragozza;Malpighi;MALPIGHI-2;52;68;;
2014;2017;Savena;Mazzini;FOSSOLO;20;22;;
2022;2017;Savena;Mazzini;PONTEVECCHIO;16;43;;
2028;2017;Savena;Mazzini;BITONE;31;39;;
2030;2017;Savena;Mazzini;BITONE;25;33;;
2044;2017;Savena;Mazzini;DUE MADONNE;4;5;;
2060;2017;Savena;Mazzini;PONTEVECCHIO;3;2;;
2078;2017;Savena;Mazzini;BITONE;44;211;;
2086;2017;Savena;Mazzini;BITONE;27;59;;
2093;2017;Savena;Mazzini;BITONE;15;35;35;
2094;2017;Savena;Mazzini;BITONE;7;8;;
2119;2017;Savena;Mazzini;VIA ARNO;14;19;;
2132;2017;Savena;Mazzini;VIA ARNO;17;15;;
2134;2017;Savena;Mazzini;VIA ARNO;46;87;;
2142;2017;Savena;Mazzini;CAVEDONE;8;8;;
2150;2017;Savena;Mazzini;VIA ARNO;1;1;;
2154;2017;Savena;Mazzini;VIA ARNO;15;28;;
2175;2017;Savena;S. Ruffillo;VIA TOSCANA;6;5;;
2230;2017;Savena;S. Ruffillo;VIA TOSCANA;4;4;;
2245;2017;Savena;S. Ruffillo;CORELLI;4;5;;
2257;2017;Savena;S. Ruffillo;CORELLI;14;21;;
2264;2017;Savena;S. Ruffillo;CORELLI;18;17;;
2276;2017;Savena;S. Ruffillo;CORELLI;13;17;;
2284;2017;Savena;S. Ruffillo;CORELLI;1;1;;
2286;2017;Savena;S. Ruffillo;CORELLI;19;22;;
2302;2017;Savena;S. Ruffillo;VIA TOSCANA;2;3;;
2304;2017;Savena;S. Ruffillo;CORELLI;1;1;;
2309;2017;Savena;S. Ruffillo;MONTE DONATO;1;2;;
2325;2017;Navile;Corticella;SAVENA ABBANDONATO;1;4;;
26;2018;Borgo Panigale - Reno;Borgo Panigale;BARGELLINO;5;92;;
33;2018;Borgo Panigale - Reno;Borgo Panigale;AEROPORTO;2;11;;
42;2018;Borgo Panigale - Reno;Borgo Panigale;AEROPORTO;2;3;;
45;2018;Borgo Panigale - Reno;Borgo Panigale;AEROPORTO;5;35;;
59;2018;Borgo Panigale - Reno;Borgo Panigale;LA BIRRA;9;20;;
62;2018;Borgo Panigale - Reno;Borgo Panigale;LA BIRRA;16;20;;
100;2018;Borgo Panigale - Reno;Borgo Panigale;BORGO CENTRO;8;9;;
114;2018;Borgo Panigale - Reno;Borgo Panigale;BORGO CENTRO;10;22;;
115;2018;Borgo Panigale - Reno;Borgo Panigale;BORGO CENTRO;18;71;;
117;2018;Borgo Panigale - Reno;Borgo Panigale;BORGO CENTRO;13;21;;
127;2018;Borgo Panigale - Reno;Borgo Panigale;TRIUMVIRATO-PIETRA;43;408;;
150;2018;Borgo Panigale - Reno;Borgo Panigale;TRIUMVIRATO-PIETRA;26;33;;
171;2018;Borgo Panigale - Reno;Borgo Panigale;CASTELDEBOLE;24;27;;
199;2018;Borgo Panigale - Reno;Borgo Panigale;RIGOSA;4;10;;
212;2018;Navile;Bolognina;CASERME ROSSE-MANIFATTURA;7;8;;
214;2018;Navile;Bolognina;CASERME ROSSE-MANIFATTURA;2;2;;
219;2018;Navile;Bolognina;CASERME ROSSE-MANIFATTURA;3;3;;
232;2018;Navile;Bolognina;ARCOVEGGIO;3;4;;
251;2018;Navile;Bolognina;ARCOVEGGIO;23;55;;
265;2018;Navile;Bolognina;ARCOVEGGIO;24;36;;
267;2018;Navile;Bolognina;ARCOVEGGIO;6;12;;
272;2018;Navile;Bolognina;PIAZZA DELL'UNITA';12;20;;
275;2018;Navile;Bolognina;PIAZZA DELL'UNITA';25;42;;
284;2018;Navile;Bolognina;PIAZZA DELL'UNITA';5;6;;
311;2018;Navile;Bolognina;VIA FERRARESE;18;20;;
322;2018;Navile;Bolognina;VIA FERRARESE;32;48;;
344;2018;Navile;Bolognina;PIAZZA DELL'UNITA';3;4;;
357;2018;Navile;Bolognina;PIAZZA DELL'UNITA';15;28;;
387;2018;Navile;Corticella;SAN SAVINO;4;4;;
395;2018;Navile;Corticella;SAN SAVINO;22;74;;
399;2018;Navile;Corticella;SAN SAVINO;24;45;;
400;2018;Navile;Corticella;SAN SAVINO;22;39;;
443;2018;Navile;Corticella;CROCE COPERTA;4;309;;
451;2018;Navile;Corticella;CROCE COPERTA;18;300;;
472;2018;Navile;Corticella;CROCE COPERTA;82;444;;
486;2018;Navile;Corticella;LA DOZZA;3;4;;
492;2018;Navile;Lame;LAGHETTI DEL ROSARIO;1;8;;
497;2018;Navile;Lame;LAGHETTI DEL ROSARIO;5;6;;
498;2018;Navile;Lame;LAGHETTI DEL ROSARIO;1;6;;
516;2018;Navile;Lame;LAGHETTI DEL ROSARIO;3;55;;
518;2018;Navile;Lame;LAGHETTI DEL ROSARIO;1;1;;
539;2018;Navile;Lame;PESCAROLA;15;17;;
542;2018;Navile;Lame;TIRO A SEGNO;2;2;;
544;2018;Navile;Lame;PESCAROLA;1;1;;
556;2018;Navile;Lame;BEVERARA;2;2;;
562;2018;Navile;Lame;BEVERARA;14;266;;
585;2018;Navile;Lame;LAZZARETTO;25;50;;
603;2018;Porto - Saragozza;Marconi;MARCONI-2;62;153;;
615;2018;Porto - Saragozza;Marconi;MARCONI-2;26;60;;
620;2018;Porto - Saragozza;Marconi;MARCONI-2;67;123;;
630;2018;Porto - Saragozza;Marconi;MARCONI-2;70;123;;
634;2018;Porto - Saragozza;Marconi;MARCONI-2;55;145;;
635;2018;Porto - Saragozza;Marconi;MARCONI-2;3;2;;
646;2018;Porto - Saragozza;Marconi;MARCONI-2;57;243;;
668;2018;Porto - Saragozza;Marconi;MARCONI-2;53;93;;
675;2018;Porto - Saragozza;Marconi;MARCONI-2;32;61;;
680;2018;Porto - Saragozza;Marconi;MARCONI-1;11;35;;
718;2018;Porto - Saragozza;Saffi;ZANARDI;16;55;;
719;2018;Porto - Saragozza;Saffi;ZANARDI;48;99;;
728;2018;Porto - Saragozza;Saffi;PRATI DI CAPRARA-OSPEDALE MAGGIORE;14;22;;
733;2018;Porto - Saragozza;Saffi;ZANARDI;33;60;;
734;2018;Porto - Saragozza;Saffi;VELODROMO;3;33;;
743;2018;Porto - Saragozza;Saffi;VELODROMO;25;170;;
752;2018;Porto - Saragozza;Saffi;VELODROMO;10;37;;
753;2018;Porto - Saragozza;Saffi;VELODROMO;3;3;;
757;2018;Porto - Saragozza;Saffi;VELODROMO;2;2;;
763;2018;Porto - Saragozza;Saffi;VIA VITTORIO VENETO;2;918;;
770;2018;Porto - Saragozza;Saffi;VIA VITTORIO VENETO;18;35;;
773;2018;Porto - Saragozza;Saffi;VIA VITTORIO VENETO;14;21;;
787;2018;Borgo Panigale - Reno;Barca;BATTINDARNO;16;240;;
788;2018;Borgo Panigale - Reno;Barca;BATTINDARNO;17;38;;
793;2018;Borgo Panigale - Reno;Barca;BATTINDARNO;7;93;;
807;2018;Borgo Panigale - Reno;Barca;BATTINDARNO;18;25;;
823;2018;Borgo Panigale - Reno;Barca;VILLAGGIO DELLA BARCA;6;10;;
845;2018;Borgo Panigale - Reno;Barca;VILLAGGIO DELLA BARCA;4;7;;
870;2018;Borgo Panigale - Reno;Barca;CANALE DI RENO;26;48;;
906;2018;Borgo Panigale - Reno;S. Viola;AGUCCHI;46;122;;
928;2018;Borgo Panigale - Reno;S. Viola;EMILIA PONENTE;27;35;;
965;2018;San Donato - San Vitale;San Donato;FIERA;2;44;;
969;2018;San Donato - San Vitale;San Donato;SAN DONNINO;9;21;;
974;2018;San Donato - San Vitale;San Donato;FIERA;18;127;;
985;2018;San Donato - San Vitale;San Donato;VIA DEL LAVORO;53;112;;
994;2018;San Donato - San Vitale;San Donato;VIA DEL LAVORO;25;98;;
1001;2018;San Donato - San Vitale;San Donato;VIA DEL LAVORO;7;12;;
1002;2018;San Donato - San Vitale;San Donato;VIA DEL LAVORO;8;9;;
1019;2018;San Donato - San Vitale;San Donato;MICHELINO;4;12;;
1021;2018;San Donato - San Vitale;San Donato;MICHELINO;4;6;;
1065;2018;San Donato - San Vitale;San Donato;VIA MONDO;4;4;;
1073;2018;San Donato - San Vitale;San Donato;VIA MONDO;3;3;;
1081;2018;San Donato - San Vitale;San Donato;SAN DONNINO;37;58;;
1083;2018;San Donato - San Vitale;San Donato;SAN DONNINO;2;2;;
1118;2018;San Donato - San Vitale;San Donato;CAAB;20;90;;
1137;2018;Santo Stefano;Colli;OSSERVANZA;9;10;;
1151;2018;Santo Stefano;Colli;OSSERVANZA;15;16;;
1163;2018;Santo Stefano;Colli;SAN MICHELE IN BOSCO;12;45;;
1184;2018;Santo Stefano;Colli;PADERNO;1;1;;
1200;2018;Santo Stefano;Colli;PADERNO;5;5;;
1202;2018;Santo Stefano;Colli;PADERNO;2;2;;
1254;2018;Santo Stefano;Galvani;GALVANI-2;6;47;;
1267;2018;Santo Stefano;Galvani;GALVANI-2;20;22;;
1287;2018;Santo Stefano;Galvani;GALVANI-2;33;31;;
1294;2018;Santo Stefano;Galvani;GALVANI-2;45;81;;
1361;2018;Santo Stefano;Murri;MEZZOFANTI;28;32;;
1363;2018;Santo Stefano;Murri;DAGNINI;3;3;;
1367;2018;Santo Stefano;Murri;DAGNINI;12;38;;
1384;2018;Santo Stefano;Murri;SIEPELUNGA;15;20;;
1438;2018;Santo Stefano;Murri;CHIESANUOVA;12;26;;
1449;2018;Santo Stefano;Irnerio;IRNERIO-2;45;139;;
1451;2018;Santo Stefano;Irnerio;IRNERIO-2;12;30;;
1516;2018;Santo Stefano;Irnerio;IRNERIO-1;23;124;;
1527;2018;Santo Stefano;Irnerio;IRNERIO-1;85;203;;
1554;2018;Santo Stefano;Irnerio;IRNERIO-2;65;202;;
1572;2018;San Donato - San Vitale;S. Vitale;CIRENAICA;13;16;;
1619;2018;San Donato - San Vitale;S. Vitale;MENGOLI;2;5;;
1622;2018;San Donato - San Vitale;S. Vitale;MENGOLI;9;11;;
1650;2018;San Donato - San Vitale;S. Vitale;MENGOLI;16;16;;
1685;2018;San Donato - San Vitale;S. Vitale;VIA LARGA;8;33;;
1706;2018;San Donato - San Vitale;S. Vitale;ROVERI;9;46;;
1770;2018;San Donato - San Vitale;S. Vitale;GUELFA;13;15;;
1793;2018;Porto - Saragozza;Costa Saragozza;XXI APRILE;56;92;;
1798;2018;Porto - Saragozza;Costa Saragozza;XXI APRILE;10;35;;
1806;2018;Porto - Saragozza;Costa Saragozza;SAN GIUSEPPE;40;77;;
1811;2018;Porto - Saragozza;Costa Saragozza;SAN GIUSEPPE;33;47;;
1832;2018;Porto - Saragozza;Costa Saragozza;XXI APRILE;9;10;;
1918;2018;Porto - Saragozza;Costa Saragozza;SAN LUCA;1;2;;
1920;2018;Porto - Saragozza;Costa Saragozza;SAN LUCA;2;2;;
1931;2018;Porto - Saragozza;Malpighi;MALPIGHI-2;7;18;;
1943;2018;Porto - Saragozza;Malpighi;MALPIGHI-2;24;53;;
1946;2018;Porto - Saragozza;Malpighi;MALPIGHI-2;25;54;;
1953;2018;Porto - Saragozza;Malpighi;MALPIGHI-1;86;269;;
1968;2018;Porto - Saragozza;Malpighi;MALPIGHI-1;57;88;;
1977;2018;Porto - Saragozza;Malpighi;MALPIGHI-2;13;11;;
1980;2018;Porto - Saragozza;Malpighi;MALPIGHI-2;53;77;;
2115;2018;Savena;Mazzini;BITONE;8;12;;
2161;2018;Savena;S. Ruffillo;VIA TOSCANA;1;2;;
2196;2018;Savena;S. Ruffillo;MONTE DONATO;2;2;;
2200;2018;Savena;S. Ruffillo;VIA TOSCANA;4;4;;
2206;2018;Savena;S. Ruffillo;VIA TOSCANA;11;11;;
2229;2018;Savena;S. Ruffillo;VIA TOSCANA;5;8;;
2262;2018;Savena;S. Ruffillo;CORELLI;21;24;;
2268;2018;Savena;S. Ruffillo;CORELLI;9;10;;
11;2019;Borgo Panigale - Reno;Borgo Panigale;VIA DEL VIVAIO;2;2;;
12;2019;Borgo Panigale - Reno;Borgo Panigale;LAVINO DI MEZZO;13;23;;
27;2019;Borgo Panigale - Reno;Borgo Panigale;AEROPORTO;2;2;;
58;2019;Borgo Panigale - Reno;Borgo Panigale;LA BIRRA;11;18;;146
77;2019;Borgo Panigale - Reno;Borgo Panigale;DUCATI-VILLAGGIO INA;11;11;;481
81;2019;Borgo Panigale - Reno;Borgo Panigale;DUCATI-VILLAGGIO INA;12;18;;
92;2019;Borgo Panigale - Reno;Borgo Panigale;BORGO CENTRO;1;5;;
95;2019;Borgo Panigale - Reno;Borgo Panigale;BORGO CENTRO;4;6;;
104;2019;Borgo Panigale - Reno;Borgo Panigale;BORGO CENTRO;10;21;;
109;2019;Borgo Panigale - Reno;Borgo Panigale;BORGO CENTRO;18;28;;
113;2019;Borgo Panigale - Reno;Borgo Panigale;BORGO CENTRO;14;25;;
124;2019;Borgo Panigale - Reno;Borgo Panigale;TRIUMVIRATO-PIETRA;39;142;;
132;2019;Borgo Panigale - Reno;Borgo Panigale;RIGOSA;2;2;;
134;2019;Borgo Panigale - Reno;Borgo Panigale;RIGOSA;8;9;;
135;2019;Borgo Panigale - Reno;Borgo Panigale;RIGOSA;1;1;;
142;2019;Borgo Panigale - Reno;Borgo Panigale;BORGO CENTRO;55;166;;76
152;2019;Borgo Panigale - Reno;Borgo Panigale;TRIUMVIRATO-PIETRA;6;8;;
153;2019;Borgo Panigale - Reno;Borgo Panigale;TRIUMVIRATO-PIETRA;34;149;;
183;2019;Borgo Panigale - Reno;Borgo Panigale;CASTELDEBOLE;10;17;;
192;2019;Borgo Panigale - Reno;Borgo Panigale;RIGOSA;1;1;;
205;2019;Navile;Bolognina;CASERME ROSSE-MANIFATTURA;19;22;;
211;2019;Navile;Bolognina;CASERME ROSSE-MANIFATTURA;11;24;;
214;2019;Navile;Bolognina;CASERME ROSSE-MANIFATTURA;1;1;;
220;2019;Navile;Bolognina;CASERME ROSSE-MANIFATTURA;3;9;;
226;2019;Navile;Bolognina;CNR;2;7;;
229;2019;Navile;Bolognina;ARCOVEGGIO;16;242;;
230;2019;Navile;Bolognina;ARCOVEGGIO;26;36;;50
250;2019;Navile;Bolognina;EX MERCATO ORTOFRUTTICOLO;35;265;;25
251;2019;Navile;Bolognina;ARCOVEGGIO;24;55;;60
251;2019;Navile;Bolognina;ARCOVEGGIO;24;55;;78
271;2019;Navile;Bolognina;ARCOVEGGIO;7;10;;377
277;2019;Navile;Bolognina;PIAZZA DELL'UNITA';10;38;;
290;2019;Navile;Bolognina;PIAZZA DELL'UNITA';36;67;;
294;2019;Navile;Bolognina;PIAZZA DELL'UNITA';5;18;;223
312;2019;Navile;Bolognina;VIA FERRARESE;1;1;;
317;2019;Navile;Bolognina;VIA FERRARESE;24;39;;
348;2019;Navile;Bolognina;PIAZZA DELL'UNITA';38;52;;
352;2019;Navile;Bolognina;PIAZZA DELL'UNITA';48;168;;
356;2019;Navile;Bolognina;PIAZZA DELL'UNITA';48;196;;
358;2019;Navile;Bolognina;PIAZZA DELL'UNITA';41;66;;
369;2019;Navile;Corticella;SAN SAVINO;6;17;;
371;2019;Navile;Corticella;SAN SAVINO;13;25;;
375;2019;Navile;Corticella;SAN SAVINO;4;3;;
377;2019;Navile;Corticella;SAN SAVINO;7;14;;168
384;2019;Navile;Corticella;SAN SAVINO;3;8;;
391;2019;Navile;Corticella;SAN SAVINO;1;3;;
407;2019;Navile;Corticella;SAN SAVINO;7;9;;78
445;2019;Navile;Corticella;CROCE COPERTA;3;12;;
465;2019;Navile;Corticella;CROCE COPERTA;9;14;;
466;2019;Navile;Corticella;CROCE COPERTA;17;65;;
468;2019;Navile;Corticella;CROCE COPERTA;21;40;;
477;2019;Navile;Corticella;SAVENA ABBANDONATO;4;16;;
485;2019;Navile;Corticella;LA DOZZA;24;69;;124
495;2019;Navile;Lame;LAGHETTI DEL ROSARIO;4;4;;
498;2019;Navile;Lame;LAGHETTI DEL ROSARIO;1;9;;
504;2019;Navile;Lame;LAGHETTI DEL ROSARIO;4;4;;
512;2019;Navile;Lame;LAGHETTI DEL ROSARIO;13;43;;
516;2019;Navile;Lame;LAGHETTI DEL ROSARIO;2;52;;
518;2019;Navile;Lame;LAGHETTI DEL ROSARIO;1;1;;
547;2019;Navile;Lame;PESCAROLA;24;53;;60
564;2019;Navile;Lame;BEVERARA;8;49;;
579;2019;Navile;Lame;LAZZARETTO;19;37;;
596;2019;Navile;Lame;BEVERARA;31;319;;
610;2019;Porto - Saragozza;Marconi;MARCONI-2;70;163;;
612;2019;Porto - Saragozza;Marconi;MARCONI-2;1;2;;74
617;2019;Porto - Saragozza;Marconi;MARCONI-2;20;201;;
627;2019;Porto - Saragozza;Marconi;MARCONI-2;93;214;;1030
639;2019;Porto - Saragozza;Marconi;MARCONI-2;5;23;;
641;2019;Porto - Saragozza;Marconi;MARCONI-2;50;143;;
645;2019;Porto - Saragozza;Marconi;MARCONI-2;69;356;;
650;2019;Porto - Saragozza;Marconi;MARCONI-2;116;463;;
652;2019;Porto - Saragozza;Marconi;MARCONI-2;70;131;;
680;2019;Porto - Saragozza;Marconi;MARCONI-1;11;30;;
683;2019;Porto - Saragozza;Marconi;MARCONI-1;67;105;;
685;2019;Porto - Saragozza;Marconi;MARCONI-1;5;128;;
700;2019;Porto - Saragozza;Saffi;PRATI DI CAPRARA-OSPEDALE MAGGIORE;4;133;;
712;2019;Porto - Saragozza;Saffi;ZANARDI;5;7;;
714;2019;Porto - Saragozza;Saffi;ZANARDI;57;151;;
733;2019;Porto - Saragozza;Saffi;ZANARDI;39;67;;
738;2019;Porto - Saragozza;Saffi;VELODROMO;24;39;;
742;2019;Porto - Saragozza;Saffi;VELODROMO;2;3;;
745;2019;Porto - Saragozza;Saffi;VELODROMO;28;37;;
748;2019;Porto - Saragozza;Saffi;VELODROMO;13;34;;
754;2019;Porto - Saragozza;Saffi;VELODROMO;13;17;;
772;2019;Porto - Saragozza;Saffi;VIA VITTORIO VENETO;20;45;;
779;2019;Porto - Saragozza;Saffi;VIA VITTORIO VENETO;19;26;;
781;2019;Porto - Saragozza;Saffi;VIA VITTORIO VENETO;9;22;;
782;2019;Porto - Saragozza;Saffi;VIA VITTORIO VENETO;3;4;;283
791;2019;Borgo Panigale - Reno;Barca;BATTINDARNO;1;14;;
813;2019;Borgo Panigale - Reno;Barca;BATTINDARNO;6;10;;
827;2019;Borgo Panigale - Reno;Barca;VILLAGGIO DELLA BARCA;5;5;;
850;2019;Borgo Panigale - Reno;Barca;BATTINDARNO;5;8;;
872;2019;Borgo Panigale - Reno;Barca;CANALE DI RENO;14;14;;
880;2019;Borgo Panigale - Reno;Barca;CANALE DI RENO;9;19;;
894;2019;Borgo Panigale - Reno;S. Viola;AGUCCHI;27;64;;127
894;2019;Borgo Panigale - Reno;S. Viola;AGUCCHI;27;64;;310
922;2019;Borgo Panigale - Reno;S. Viola;EMILIA PONENTE;20;45;;
923;2019;Borgo Panigale - Reno;S. Viola;EMILIA PONENTE;41;1498;;4
923;2019;Borgo Panigale - Reno;S. Viola;EMILIA PONENTE;41;1498;;99
929;2019;Borgo Panigale - Reno;S. Viola;EMILIA PONENTE;7;9;;
938;2019;San Donato - San Vitale;San Donato;CADRIANO-CALAMOSCO;3;3;;
965;2019;San Donato - San Vitale;San Donato;FIERA;1;31;;
966;2019;San Donato - San Vitale;San Donato;SAN DONNINO;9;24;;
977;2019;San Donato - San Vitale;San Donato;FIERA;7;49;;
990;2019;San Donato - San Vitale;San Donato;VIA DEL LAVORO;20;24;;39
994;2019;San Donato - San Vitale;San Donato;VIA DEL LAVORO;26;101;;
995;2019;San Donato - San Vitale;San Donato;VIA DEL LAVORO;47;120;;23
998;2019;San Donato - San Vitale;San Donato;VIA DEL LAVORO;4;146;;
1005;2019;San Donato - San Vitale;San Donato;VIA DEL LAVORO;35;48;;
1022;2019;San Donato - San Vitale;San Donato;MICHELINO;6;7;;
1023;2019;San Donato - San Vitale;San Donato;MICHELINO;6;12;;58
1034;2019;San Donato - San Vitale;San Donato;MICHELINO;11;17;;
1037;2019;San Donato - San Vitale;San Donato;MICHELINO;13;31;;
1052;2019;San Donato - San Vitale;San Donato;MICHELINO;19;21;;120
1056;2019;San Donato - San Vitale;San Donato;VIA MONDO;27;48;;
1057;2019;San Donato - San Vitale;San Donato;VIA MONDO;8;12;;
1059;2019;San Donato - San Vitale;San Donato;VIA MONDO;1;1;;43
1072;2019;San Donato - San Vitale;San Donato;VIA MONDO;2;6;;
1086;2019;San Donato - San Vitale;San Donato;PILASTRO;34;256;;116
1088;2019;San Donato - San Vitale;San Donato;SCALO MERCI SAN DONATO;2;27;;
1119;2019;San Donato - San Vitale;San Donato;CAAB;3;4;;
1127;2019;San Donato - San Vitale;San Donato;CAAB;1;1;;
1150;2019;Santo Stefano;Colli;OSSERVANZA;1;1;;
1153;2019;Santo Stefano;Colli;OSSERVANZA;7;7;;
1167;2019;Santo Stefano;Colli;SAN MICHELE IN BOSCO;12;12;;
1168;2019;Santo Stefano;Colli;SAN MICHELE IN BOSCO;4;4;;
1172;2019;Santo Stefano;Colli;SAN MICHELE IN BOSCO;9;9;;
1177;2019;Santo Stefano;Colli;SAN MICHELE IN BOSCO;2;2;;
1178;2019;Santo Stefano;Colli;PADERNO;2;2;;
1193;2019;Santo Stefano;Colli;PADERNO;6;9;;
1209;2019;Santo Stefano;Galvani;GALVANI-1;37;119;;
1211;2019;Santo Stefano;Galvani;GALVANI-1;58;211;;
1216;2019;Santo Stefano;Galvani;GALVANI-1;96;295;;
1217;2019;Santo Stefano;Galvani;GALVANI-1;4;11;;
1227;2019;Santo Stefano;Galvani;GALVANI-1;106;335;;
1237;2019;Santo Stefano;Galvani;GALVANI-2;42;61;;
1239;2019;Santo Stefano;Galvani;GALVANI-2;41;55;;
1245;2019;Santo Stefano;Galvani;GALVANI-2;67;116;;74
1245;2019;Santo Stefano;Galvani;GALVANI-2;67;116;;480
1264;2019;Santo Stefano;Galvani;GALVANI-2;58;93;;
1265;2019;Santo Stefano;Galvani;GALVANI-2;80;136;;
1275;2019;Santo Stefano;Galvani;GALVANI-2;33;46;;
1284;2019;Santo Stefano;Galvani;GALVANI-2;36;53;;
1286;2019;Santo Stefano;Galvani;GALVANI-2;34;145;;
1294;2019;Santo Stefano;Galvani;GALVANI-2;42;71;;
1314;2019;Santo Stefano;Murri;DAGNINI;67;143;;
1319;2019;Santo Stefano;Murri;MEZZOFANTI;41;105;;
1324;2019;Santo Stefano;Murri;MEZZOFANTI;15;15;;
1326;2019;Santo Stefano;Murri;DAGNINI;7;6;;
1327;2019;Santo Stefano;Murri;DAGNINI;4;4;;
1328;2019;Santo Stefano;Murri;DAGNINI;1;2;;243
1343;2019;Santo Stefano;Murri;MEZZOFANTI;14;14;;
1363;2019;Santo Stefano;Murri;DAGNINI;3;4;;
1370;2019;Santo Stefano;Murri;DAGNINI;31;50;;
1381;2019;Santo Stefano;Murri;GIARDINI MARGHERITA;2;2;;75
1400;2019;Santo Stefano;Murri;SIEPELUNGA;10;11;;
1418;2019;Santo Stefano;Murri;CHIESANUOVA;28;48;;
1420;2019;Santo Stefano;Murri;CHIESANUOVA;20;27;;
1423;2019;Santo Stefano;Murri;CHIESANUOVA;29;55;;
1427;2019;Santo Stefano;Murri;CHIESANUOVA;17;30;;
1430;2019;Santo Stefano;Murri;CHIESANUOVA;30;53;;
1438;2019;Santo Stefano;Murri;CHIESANUOVA;13;27;;
1445;2019;Santo Stefano;Murri;CHIESANUOVA;16;33;;
1447;2019;Santo Stefano;Irnerio;IRNERIO-2;25;502;;
1450;2019;Santo Stefano;Irnerio;IRNERIO-2;10;770;;
1470;2019;Santo Stefano;Irnerio;IRNERIO-2;38;107;;
1473;2019;Santo Stefano;Irnerio;IRNERIO-2;21;215;;
1475;2019;Santo Stefano;Irnerio;IRNERIO-2;17;47;;
1487;2019;Santo Stefano;Irnerio;IRNERIO-1;20;56;;
1496;2019;Santo Stefano;Irnerio;IRNERIO-1;34;107;;
1497;2019;Santo Stefano;Irnerio;IRNERIO-1;56;331;;
1508;2019;Santo Stefano;Irnerio;IRNERIO-1;16;84;;
1517;2019;Santo Stefano;Irnerio;IRNERIO-1;1;2;;
1530;2019;Santo Stefano;Irnerio;IRNERIO-2;9;9;;
1546;2019;Santo Stefano;Irnerio;IRNERIO-1;26;47;;
1550;2019;Santo Stefano;Irnerio;IRNERIO-2;50;126;;410
1556;2019;San Donato - San Vitale;S. Vitale;CIRENAICA;42;97;;
1560;2019;San Donato - San Vitale;S. Vitale;CIRENAICA;57;157;;
1580;2019;San Donato - San Vitale;S. Vitale;CIRENAICA;11;16;;
1582;2019;San Donato - San Vitale;S. Vitale;CIRENAICA;6;8;;
1587;2019;San Donato - San Vitale;S. Vitale;CIRENAICA;13;24;;
1592;2019;San Donato - San Vitale;S. Vitale;CIRENAICA;14;24;;
1594;2019;San Donato - San Vitale;S. Vitale;CIRENAICA;10;12;;
1598;2019;San Donato - San Vitale;S. Vitale;CIRENAICA;2;2;;
1606;2019;San Donato - San Vitale;S. Vitale;CIRENAICA;3;31;;28
1611;2019;San Donato - San Vitale;S. Vitale;MENGOLI;50;122;;
1630;2019;San Donato - San Vitale;S. Vitale;MENGOLI;10;21;;330
1636;2019;San Donato - San Vitale;S. Vitale;MENGOLI;18;36;;
1660;2019;San Donato - San Vitale;S. Vitale;MENGOLI;20;44;;
1662;2019;San Donato - San Vitale;S. Vitale;MENGOLI;14;68;;
1679;2019;San Donato - San Vitale;S. Vitale;SCANDELLARA;5;5;;73
1699;2019;San Donato - San Vitale;S. Vitale;ROVERI;10;498;;
1709;2019;San Donato - San Vitale;S. Vitale;ROVERI;4;51;;
1714;2019;San Donato - San Vitale;S. Vitale;ROVERI;27;176;;
1715;2019;San Donato - San Vitale;S. Vitale;ROVERI;13;2575;;
1721;2019;San Donato - San Vitale;S. Vitale;GUELFA;6;7;;
1740;2019;San Donato - San Vitale;S. Vitale;ROVERI;31;228;;
1743;2019;San Donato - San Vitale;S. Vitale;GUELFA;9;10;;
1745;2019;San Donato - San Vitale;S. Vitale;GUELFA;86;168;;
1751;2019;San Donato - San Vitale;S. Vitale;CROCE DEL BIACCO;2;13;;
1763;2019;San Donato - San Vitale;S. Vitale;STRADELLI GUELFI;10;38;;
1780;2019;Porto - Saragozza;Costa Saragozza;STADIO-MELONCELLO;7;9;;
1789;2019;Porto - Saragozza;Costa Saragozza;XXI APRILE;16;45;;53
1797;2019;Porto - Saragozza;Costa Saragozza;XXI APRILE;32;65;;
1799;2019;Porto - Saragozza;Costa Saragozza;XXI APRILE;11;16;;
1809;2019;Porto - Saragozza;Costa Saragozza;SAN GIUSEPPE;12;18;;
1817;2019;Porto - Saragozza;Costa Saragozza;STADIO-MELONCELLO;4;6;;
1836;2019;Porto - Saragozza;Costa Saragozza;XXI APRILE;28;36;;
1858;2019;Porto - Saragozza;Costa Saragozza;XXI APRILE;8;8;;
1863;2019;Porto - Saragozza;Costa Saragozza;SAN GIUSEPPE;8;8;;
1875;2019;Porto - Saragozza;Costa Saragozza;SAN GIUSEPPE;33;59;;430
1884;2019;Porto - Saragozza;Costa Saragozza;STADIO-MELONCELLO;23;45;;144
1885;2019;Porto - Saragozza;Costa Saragozza;RAVONE;1;1;;
1890;2019;Porto - Saragozza;Costa Saragozza;RAVONE;11;11;;
1898;2019;Porto - Saragozza;Costa Saragozza;RAVONE;20;20;;
1899;2019;Porto - Saragozza;Costa Saragozza;SAN GIUSEPPE;37;41;;
1907;2019;Porto - Saragozza;Costa Saragozza;SAN GIUSEPPE;16;17;;
1926;2019;Porto - Saragozza;Costa Saragozza;SAN LUCA;5;5;;
1934;2019;Porto - Saragozza;Malpighi;MALPIGHI-2;37;68;;
1939;2019;Porto - Saragozza;Malpighi;MALPIGHI-2;28;48;;
1945;2019;Porto - Saragozza;Malpighi;MALPIGHI-2;75;106;;1410
1955;2019;Porto - Saragozza;Malpighi;MALPIGHI-1;35;51;;
1962;2019;Porto - Saragozza;Malpighi;MALPIGHI-1;138;629;;
1965;2019;Porto - Saragozza;Malpighi;MALPIGHI-1;34;107;;
1975;2019;Porto - Saragozza;Malpighi;MALPIGHI-2;88;164;;601
1977;2019;Porto - Saragozza;Malpighi;MALPIGHI-2;12;11;;
1989;2019;Porto - Saragozza;Malpighi;MALPIGHI-2;23;26;;
1995;2019;Porto - Saragozza;Malpighi;MALPIGHI-2;12;13;;98
2004;2019;Savena;Mazzini;FOSSOLO;38;113;;
2011;2019;Savena;Mazzini;FOSSOLO;9;21;;31
2025;2019;Savena;Mazzini;PONTEVECCHIO;44;62;;
2043;2019;Savena;Mazzini;DUE MADONNE;2;1;;
2053;2019;Savena;Mazzini;PONTEVECCHIO;2;31;;
2054;2019;Savena;Mazzini;PONTEVECCHIO;40;86;;
2061;2019;Savena;Mazzini;PONTEVECCHIO;2;15;;
2073;2019;Savena;Mazzini;BITONE;11;11;;
2079;2019;Savena;Mazzini;BITONE;20;46;;15
2083;2019;Savena;Mazzini;BITONE;11;18;;
2086;2019;Savena;Mazzini;BITONE;30;64;;
2108;2019;Savena;Mazzini;BITONE;5;7;;
2114;2019;Savena;Mazzini;BITONE;25;49;;
2118;2019;Savena;Mazzini;BITONE;21;54;;364
2119;2019;Savena;Mazzini;VIA ARNO;18;22;;
2130;2019;Savena;Mazzini;VIA ARNO;7;19;;
2132;2019;Savena;Mazzini;VIA ARNO;15;15;;
2140;2019;Savena;Mazzini;CAVEDONE;5;11;;
2143;2019;Savena;Mazzini;CAVEDONE;13;15;;50
2159;2019;Savena;S. Ruffillo;MONTE DONATO;9;22;;
2160;2019;Savena;S. Ruffillo;MONTE DONATO;3;3;;
2162;2019;Savena;S. Ruffillo;VIA TOSCANA;3;3;;
2180;2019;Savena;S. Ruffillo;MONTE DONATO;5;4;;
2183;2019;Savena;S. Ruffillo;VIA TOSCANA;3;3;;
2184;2019;Savena;S. Ruffillo;VIA TOSCANA;5;6;;
2194;2019;Savena;S. Ruffillo;VIA TOSCANA;6;7;;
2213;2019;Savena;S. Ruffillo;VIA TOSCANA;12;13;;
2230;2019;Savena;S. Ruffillo;VIA TOSCANA;4;5;;
2259;2019;Savena;S. Ruffillo;CORELLI;9;10;;
2265;2019;Savena;S. Ruffillo;CORELLI;6;7;;103
2267;2019;Savena;S. Ruffillo;CORELLI;12;27;;
2273;2019;Savena;S. Ruffillo;CORELLI;4;6;;71
2284;2019;Savena;S. Ruffillo;CORELLI;2;2;;
2307;2019;Savena;S. Ruffillo;VIA TOSCANA;32;64;;
2312;2019;Savena;S. Ruffillo;PONTE SAVENA-LA BASTIA;13;19;;
2332;2019;San Donato - San Vitale;S. Vitale;CROCE DEL BIACCO;11;24;;
2;2018;Borgo Panigale - Reno;Borgo Panigale;VIA DEL VIVAIO;6;17;;
82;2018;Borgo Panigale - Reno;Borgo Panigale;DUCATI-VILLAGGIO INA;12;24;;
87;2018;Borgo Panigale - Reno;Borgo Panigale;BORGO CENTRO;7;6;;
88;2018;Borgo Panigale - Reno;Borgo Panigale;BORGO CENTRO;19;144;;
94;2018;Borgo Panigale - Reno;Borgo Panigale;BORGO CENTRO;1;1;;
111;2018;Borgo Panigale - Reno;Borgo Panigale;BORGO CENTRO;10;27;;
120;2018;Borgo Panigale - Reno;Borgo Panigale;BORGO CENTRO;12;224;;
129;2018;Borgo Panigale - Reno;Borgo Panigale;RIGOSA;1;2;;
134;2018;Borgo Panigale - Reno;Borgo Panigale;RIGOSA;8;20;;
145;2018;Borgo Panigale - Reno;Borgo Panigale;TRIUMVIRATO-PIETRA;109;792;;
151;2018;Borgo Panigale - Reno;Borgo Panigale;TRIUMVIRATO-PIETRA;11;28;;
172;2018;Borgo Panigale - Reno;Borgo Panigale;RIGOSA;7;16;;
175;2018;Borgo Panigale - Reno;Borgo Panigale;RIGOSA;1;2;;
176;2018;Borgo Panigale - Reno;Borgo Panigale;CASTELDEBOLE;16;17;;
188;2018;Borgo Panigale - Reno;Borgo Panigale;RIGOSA;2;1;;
198;2018;Borgo Panigale - Reno;Borgo Panigale;CASTELDEBOLE;10;2054;;
205;2018;Navile;Bolognina;CASERME ROSSE-MANIFATTURA;21;25;;
218;2018;Navile;Bolognina;CASERME ROSSE-MANIFATTURA;1;35;;
231;2018;Navile;Bolognina;ARCOVEGGIO;18;42;;
242;2018;Navile;Bolognina;ARCOVEGGIO;13;17;;
252;2018;Navile;Bolognina;ARCOVEGGIO;15;22;;
254;2018;Navile;Bolognina;ARCOVEGGIO;20;21;;
274;2018;Navile;Bolognina;PIAZZA DELL'UNITA';14;17;;
313;2018;Navile;Bolognina;VIA FERRARESE;11;12;;
331;2018;Navile;Bolognina;VIA FERRARESE;7;13;;
350;2018;Navile;Bolognina;PIAZZA DELL'UNITA';5;8;;
352;2018;Navile;Bolognina;PIAZZA DELL'UNITA';43;146;;
374;2018;Navile;Corticella;SAVENA ABBANDONATO;1;1;;
378;2018;Navile;Corticella;SAN SAVINO;5;17;;
383;2018;Navile;Corticella;SAN SAVINO;7;10;;
386;2018;Navile;Corticella;SAN SAVINO;3;3;;
388;2018;Navile;Corticella;SAN SAVINO;1;1;;
404;2018;Navile;Corticella;SAN SAVINO;30;80;;
405;2018;Navile;Corticella;SAN SAVINO;21;43;;
407;2018;Navile;Corticella;SAN SAVINO;8;10;;
414;2018;Navile;Corticella;SAN SAVINO;10;21;;
424;2018;Navile;Corticella;SAVENA ABBANDONATO;4;5;;
441;2018;Navile;Corticella;CROCE COPERTA;5;57;;
445;2018;Navile;Corticella;CROCE COPERTA;2;9;;
460;2018;Navile;Corticella;CROCE COPERTA;7;14;;
480;2018;Navile;Corticella;LA DOZZA;11;13;;
496;2018;Navile;Lame;LAGHETTI DEL ROSARIO;5;72;;
514;2018;Navile;Lame;LAGHETTI DEL ROSARIO;1;0;;
548;2018;Navile;Lame;PESCAROLA;6;12;;
567;2018;Navile;Lame;LAZZARETTO;1;11;;
584;2018;Navile;Lame;LAZZARETTO;4;4;;
597;2018;Navile;Lame;BEVERARA;1;9;;
601;2018;Navile;Lame;BEVERARA;5;68;;
614;2018;Porto - Saragozza;Marconi;MARCONI-2;53;127;;
643;2018;Porto - Saragozza;Marconi;MARCONI-2;24;36;;
644;2018;Porto - Saragozza;Marconi;MARCONI-2;33;206;;
650;2018;Porto - Saragozza;Marconi;MARCONI-2;116;384;;
669;2018;Porto - Saragozza;Marconi;MARCONI-2;9;10;;
676;2018;Porto - Saragozza;Marconi;MARCONI-1;59;579;;
685;2018;Porto - Saragozza;Marconi;MARCONI-1;4;102;;
688;2018;Porto - Saragozza;Marconi;MARCONI-1;5;26;;
704;2018;Porto - Saragozza;Saffi;ZANARDI;9;16;;
711;2018;Porto - Saragozza;Saffi;ZANARDI;6;6;;
716;2018;Porto - Saragozza;Saffi;ZANARDI;2;2;;
717;2018;Porto - Saragozza;Saffi;ZANARDI;4;4;;
721;2018;Porto - Saragozza;Saffi;ZANARDI;4;6;;
726;2018;Porto - Saragozza;Saffi;ZANARDI;35;41;;
742;2018;Porto - Saragozza;Saffi;VELODROMO;4;5;;
744;2018;Porto - Saragozza;Saffi;VELODROMO;12;256;;
746;2018;Porto - Saragozza;Saffi;VELODROMO;34;78;;
750;2018;Porto - Saragozza;Saffi;VELODROMO;22;33;;
777;2018;Porto - Saragozza;Saffi;VIA VITTORIO VENETO;16;18;;
784;2018;Borgo Panigale - Reno;Barca;VILLAGGIO DELLA BARCA;11;68;;
789;2018;Borgo Panigale - Reno;Barca;BATTINDARNO;20;35;;
795;2018;Borgo Panigale - Reno;Barca;BATTINDARNO;1;1;;
796;2018;Borgo Panigale - Reno;Barca;BATTINDARNO;7;8;;
797;2018;Borgo Panigale - Reno;Barca;BATTINDARNO;4;16;;
802;2018;Borgo Panigale - Reno;Barca;BATTINDARNO;4;3;;
821;2018;Borgo Panigale - Reno;Barca;VILLAGGIO DELLA BARCA;16;49;;
830;2018;Borgo Panigale - Reno;Barca;VILLAGGIO DELLA BARCA;1;1;;
835;2018;Borgo Panigale - Reno;Barca;VILLAGGIO DELLA BARCA;3;3;;
840;2018;Borgo Panigale - Reno;Barca;VILLAGGIO DELLA BARCA;2;1;;
843;2018;Borgo Panigale - Reno;Barca;VILLAGGIO DELLA BARCA;5;12;;
848;2018;Borgo Panigale - Reno;Barca;VILLAGGIO DELLA BARCA;4;4;;
855;2018;Borgo Panigale - Reno;Barca;CANALE DI RENO;1;3;;
862;2018;Borgo Panigale - Reno;Barca;CANALE DI RENO;24;58;;
873;2018;Borgo Panigale - Reno;Barca;CANALE DI RENO;11;15;;
901;2018;Borgo Panigale - Reno;S. Viola;AGUCCHI;21;293;;
909;2018;Borgo Panigale - Reno;S. Viola;EMILIA PONENTE;22;133;;
920;2018;Borgo Panigale - Reno;S. Viola;EMILIA PONENTE;24;40;;
952;2018;San Donato - San Vitale;San Donato;CADRIANO-CALAMOSCO;11;35;;
979;2018;San Donato - San Vitale;San Donato;VIA DEL LAVORO;18;31;;
991;2018;San Donato - San Vitale;San Donato;VIA DEL LAVORO;80;229;;
1003;2018;San Donato - San Vitale;San Donato;VIA DEL LAVORO;55;102;;
1010;2018;San Donato - San Vitale;San Donato;VIA DEL LAVORO;13;23;;
1023;2018;San Donato - San Vitale;San Donato;MICHELINO;3;9;;
1040;2018;San Donato - San Vitale;San Donato;VIA MONDO;3;3;;
1042;2018;San Donato - San Vitale;San Donato;VIA MONDO;21;52;;
1053;2018;San Donato - San Vitale;San Donato;MICHELINO;19;29;;
1055;2018;San Donato - San Vitale;San Donato;VIA MONDO;31;52;;
1063;2018;San Donato - San Vitale;San Donato;VIA MONDO;5;8;;
1072;2018;San Donato - San Vitale;San Donato;VIA MONDO;2;6;;
1074;2018;San Donato - San Vitale;San Donato;VIA MONDO;21;45;;
1079;2018;San Donato - San Vitale;San Donato;SAN DONNINO;11;11;;
1109;2018;San Donato - San Vitale;San Donato;PILASTRO;6;6;;
1129;2018;San Donato - San Vitale;San Donato;SCALO MERCI SAN DONATO;1;21;;
1150;2018;Santo Stefano;Colli;OSSERVANZA;1;1;;
1162;2018;Santo Stefano;Colli;SAN MICHELE IN BOSCO;68;95;;
1298;2018;Santo Stefano;Galvani;GALVANI-2;15;19;;
1304;2018;Santo Stefano;Murri;MEZZOFANTI;32;47;;
1313;2018;Santo Stefano;Murri;DAGNINI;28;53;;
1316;2018;Santo Stefano;Murri;DAGNINI;20;30;;
1335;2018;Santo Stefano;Murri;DAGNINI;7;9;;
1346;2018;Santo Stefano;Murri;DAGNINI;11;14;;
1371;2018;Santo Stefano;Murri;DAGNINI;30;47;;
1402;2018;Santo Stefano;Murri;SIEPELUNGA;19;38;;
1414;2018;Santo Stefano;Murri;CHIESANUOVA;22;26;;
1426;2018;Santo Stefano;Murri;CHIESANUOVA;49;69;;
1433;2018;Santo Stefano;Murri;CHIESANUOVA;7;7;;
1450;2018;Santo Stefano;Irnerio;IRNERIO-2;9;816;;
1588;2018;San Donato - San Vitale;S. Vitale;CIRENAICA;10;19;;
1601;2018;San Donato - San Vitale;S. Vitale;CIRENAICA;15;35;;
1609;2018;San Donato - San Vitale;S. Vitale;CIRENAICA;2;13;;
1645;2018;San Donato - San Vitale;S. Vitale;MENGOLI;5;8;;
1750;2018;San Donato - San Vitale;S. Vitale;CROCE DEL BIACCO;24;41;;
1825;2018;Porto - Saragozza;Costa Saragozza;XXI APRILE;7;15;;
1853;2018;Porto - Saragozza;Costa Saragozza;XXI APRILE;27;30;;
1858;2018;Porto - Saragozza;Costa Saragozza;XXI APRILE;7;7;;
1860;2018;Porto - Saragozza;Costa Saragozza;XXI APRILE;30;34;;
1869;2018;Porto - Saragozza;Costa Saragozza;SAN GIUSEPPE;10;24;;
1948;2018;Porto - Saragozza;Malpighi;MALPIGHI-2;11;157;;
1952;2018;Porto - Saragozza;Malpighi;MALPIGHI-1;128;263;;
1969;2018;Porto - Saragozza;Malpighi;MALPIGHI-1;21;34;;
2002;2018;Savena;Mazzini;FOSSOLO;12;13;;
2013;2018;Savena;Mazzini;FOSSOLO;28;42;;
2038;2018;Savena;Mazzini;DUE MADONNE;17;32;;
2054;2018;Savena;Mazzini;PONTEVECCHIO;44;86;;
2061;2018;Savena;Mazzini;PONTEVECCHIO;2;14;;
2122;2018;Savena;Mazzini;VIA ARNO;17;25;;
2155;2018;Savena;Mazzini;VIA ARNO;13;125;;
2205;2018;Savena;S. Ruffillo;VIA TOSCANA;55;133;;
2238;2018;Savena;S. Ruffillo;VIA TOSCANA;10;24;;
2254;2018;Savena;S. Ruffillo;CORELLI;30;55;;
2332;2018;San Donato - San Vitale;S. Vitale;CROCE DEL BIACCO;10;20;;
89;2017;Borgo Panigale - Reno;Borgo Panigale;BORGO CENTRO;1;1;;
174;2017;Borgo Panigale - Reno;Borgo Panigale;CASTELDEBOLE;25;71;;
186;2017;Borgo Panigale - Reno;Borgo Panigale;RIGOSA;6;10;;
196;2017;Borgo Panigale - Reno;Borgo Panigale;CASTELDEBOLE;10;13;;
199;2017;Borgo Panigale - Reno;Borgo Panigale;RIGOSA;6;12;;
202;2017;Borgo Panigale - Reno;Borgo Panigale;RIGOSA;2;2;;
215;2017;Navile;Bolognina;CASERME ROSSE-MANIFATTURA;1;1;;
236;2017;Navile;Bolognina;ARCOVEGGIO;6;6;;
286;2017;Navile;Bolognina;PIAZZA DELL'UNITA';5;9;;
350;2017;Navile;Bolognina;PIAZZA DELL'UNITA';5;7;;
437;2017;Navile;Corticella;CROCE COPERTA;12;68;;
448;2017;Navile;Corticella;CROCE COPERTA;30;1194;;
450;2017;Navile;Corticella;CROCE COPERTA;9;85;;
466;2017;Navile;Corticella;CROCE COPERTA;16;68;;
490;2017;Navile;Corticella;SAVENA ABBANDONATO;1;1;;
536;2017;Navile;Lame;PESCAROLA;5;7;;
683;2017;Porto - Saragozza;Marconi;MARCONI-1;63;110;;
713;2017;Porto - Saragozza;Saffi;ZANARDI;24;65;2;
743;2017;Porto - Saragozza;Saffi;VELODROMO;23;131;;
744;2017;Porto - Saragozza;Saffi;VELODROMO;14;254;;
759;2017;Porto - Saragozza;Saffi;VELODROMO;12;12;;
773;2017;Porto - Saragozza;Saffi;VIA VITTORIO VENETO;15;22;;
781;2017;Porto - Saragozza;Saffi;VIA VITTORIO VENETO;12;22;;
854;2017;Borgo Panigale - Reno;Barca;VILLAGGIO DELLA BARCA;9;11;239;
856;2017;Borgo Panigale - Reno;Barca;CANALE DI RENO;9;18;;
859;2017;Borgo Panigale - Reno;Barca;CANALE DI RENO;11;10;;
997;2017;San Donato - San Vitale;San Donato;VIA DEL LAVORO;34;67;;
1032;2017;San Donato - San Vitale;San Donato;VIA MONDO;26;54;;
1088;2017;San Donato - San Vitale;San Donato;SCALO MERCI SAN DONATO;3;73;;
1104;2017;San Donato - San Vitale;San Donato;PILASTRO;12;18;;
1112;2017;San Donato - San Vitale;San Donato;CAAB;2;182;;
1183;2017;Santo Stefano;Colli;PADERNO;16;32;;
1225;2017;Santo Stefano;Galvani;GALVANI-1;16;25;;
1293;2017;Santo Stefano;Galvani;GALVANI-2;7;9;;
1326;2017;Santo Stefano;Murri;DAGNINI;8;8;;
1330;2017;Santo Stefano;Murri;DAGNINI;9;11;;
1338;2017;Santo Stefano;Murri;MEZZOFANTI;76;214;;
1347;2017;Santo Stefano;Murri;DAGNINI;24;27;;
1352;2017;Santo Stefano;Murri;DAGNINI;1;2;;
1426;2017;Santo Stefano;Murri;CHIESANUOVA;43;64;;
1444;2017;Santo Stefano;Murri;CHIESANUOVA;14;30;;
1456;2017;Santo Stefano;Irnerio;IRNERIO-2;1;2;;
1470;2017;Santo Stefano;Irnerio;IRNERIO-2;36;103;;
1480;2017;Santo Stefano;Irnerio;IRNERIO-2;44;132;;
1485;2017;Santo Stefano;Irnerio;IRNERIO-2;12;15;;
1520;2017;Santo Stefano;Irnerio;IRNERIO-1;68;347;;
1524;2017;Santo Stefano;Irnerio;IRNERIO-1;19;59;;
1532;2017;Santo Stefano;Irnerio;IRNERIO-2;34;56;;
1559;2017;San Donato - San Vitale;S. Vitale;CIRENAICA;1;1;;
1624;2017;San Donato - San Vitale;S. Vitale;MENGOLI;5;7;;
1689;2017;San Donato - San Vitale;S. Vitale;VIA LARGA;38;62;;
1696;2017;San Donato - San Vitale;S. Vitale;ROVERI;14;101;;
1716;2017;San Donato - San Vitale;S. Vitale;ROVERI;10;113;;
1731;2017;San Donato - San Vitale;S. Vitale;GUELFA;10;10;;
1740;2017;San Donato - San Vitale;S. Vitale;ROVERI;28;270;;
1826;2017;Porto - Saragozza;Costa Saragozza;XXI APRILE;1;0;;
1894;2017;Porto - Saragozza;Costa Saragozza;RAVONE;5;5;;
1925;2017;Porto - Saragozza;Costa Saragozza;SAN LUCA;5;6;;
1930;2017;Porto - Saragozza;Malpighi;MALPIGHI-2;2;2;;
1934;2017;Porto - Saragozza;Malpighi;MALPIGHI-2;33;62;;
1953;2017;Porto - Saragozza;Malpighi;MALPIGHI-1;80;277;;
2024;2017;Savena;Mazzini;PONTEVECCHIO;1;3;49;
2101;2017;Savena;Mazzini;BITONE;21;41;;
2110;2017;Savena;Mazzini;BITONE;6;6;;
2178;2017;Savena;S. Ruffillo;VIA TOSCANA;3;5;;
2228;2017;Savena;S. Ruffillo;VIA TOSCANA;12;12;;
2260;2017;Savena;S. Ruffillo;CORELLI;1;1;;
2262;2017;Savena;S. Ruffillo;CORELLI;21;23;;
2;2019;Borgo Panigale - Reno;Borgo Panigale;VIA DEL VIVAIO;6;19;;
22;2019;Borgo Panigale - Reno;Borgo Panigale;BARGELLINO;30;379;;
30;2019;Borgo Panigale - Reno;Borgo Panigale;AEROPORTO;3;2;;
66;2019;Borgo Panigale - Reno;Borgo Panigale;LA BIRRA;1;2;;
70;2019;Borgo Panigale - Reno;Borgo Panigale;DUCATI-VILLAGGIO INA;4;4;;
71;2019;Borgo Panigale - Reno;Borgo Panigale;DUCATI-VILLAGGIO INA;5;7;;
74;2019;Borgo Panigale - Reno;Borgo Panigale;DUCATI-VILLAGGIO INA;2;5;;
122;2019;Borgo Panigale - Reno;Borgo Panigale;BORGO CENTRO;4;3;;
129;2019;Borgo Panigale - Reno;Borgo Panigale;RIGOSA;1;16;;
148;2019;Borgo Panigale - Reno;Borgo Panigale;TRIUMVIRATO-PIETRA;17;21;;72
168;2019;Borgo Panigale - Reno;Borgo Panigale;CASTELDEBOLE;3;5;;68
178;2019;Borgo Panigale - Reno;Borgo Panigale;CASTELDEBOLE;3;10;;104
197;2019;Borgo Panigale - Reno;Borgo Panigale;CASTELDEBOLE;6;10;;
201;2019;Borgo Panigale - Reno;Borgo Panigale;RIGOSA;1;169;;
220;2019;Navile;Bolognina;CASERME ROSSE-MANIFATTURA;3;9;;243
221;2019;Navile;Bolognina;CASERME ROSSE-MANIFATTURA;9;108;;
255;2019;Navile;Bolognina;ARCOVEGGIO;24;48;;
267;2019;Navile;Bolognina;ARCOVEGGIO;8;14;;
269;2019;Navile;Bolognina;ARCOVEGGIO;38;79;;18
288;2019;Navile;Bolognina;PIAZZA DELL'UNITA';11;15;;
313;2019;Navile;Bolognina;VIA FERRARESE;10;13;;
341;2019;Navile;Bolognina;PIAZZA DELL'UNITA';12;25;;
342;2019;Navile;Bolognina;PIAZZA DELL'UNITA';19;30;;
344;2019;Navile;Bolognina;PIAZZA DELL'UNITA';6;7;;
357;2019;Navile;Bolognina;PIAZZA DELL'UNITA';13;25;;
367;2019;Navile;Bolognina;PIAZZA DELL'UNITA';6;24;;537
367;2019;Navile;Bolognina;PIAZZA DELL'UNITA';6;24;;256
370;2019;Navile;Corticella;SAN SAVINO;2;3;;
376;2019;Navile;Corticella;SAN SAVINO;21;73;;
386;2019;Navile;Corticella;SAN SAVINO;3;3;;
395;2019;Navile;Corticella;SAN SAVINO;21;99;;
396;2019;Navile;Corticella;SAN SAVINO;9;77;;
403;2019;Navile;Corticella;SAN SAVINO;16;21;;
410;2019;Navile;Corticella;SAN SAVINO;8;22;;
415;2019;Navile;Corticella;SAN SAVINO;26;56;;
419;2019;Navile;Corticella;SAVENA ABBANDONATO;3;3;;
424;2019;Navile;Corticella;SAVENA ABBANDONATO;4;3;;
440;2019;Navile;Corticella;CROCE COPERTA;2;452;;
448;2019;Navile;Corticella;CROCE COPERTA;29;1319;;
450;2019;Navile;Corticella;CROCE COPERTA;10;83;;
452;2019;Navile;Corticella;CROCE COPERTA;41;98;;
457;2019;Navile;Corticella;CROCE COPERTA;5;18;;
460;2019;Navile;Corticella;CROCE COPERTA;6;11;;
463;2019;Navile;Corticella;CROCE COPERTA;74;208;;103
463;2019;Navile;Corticella;CROCE COPERTA;74;208;;247
481;2019;Navile;Corticella;LA DOZZA;10;11;;
499;2019;Navile;Lame;LAGHETTI DEL ROSARIO;6;32;;
500;2019;Navile;Lame;LA NOCE;6;13;;
530;2019;Navile;Lame;TIRO A SEGNO;3;3;;
534;2019;Navile;Lame;PESCAROLA;1;5;;
536;2019;Navile;Lame;PESCAROLA;6;9;;
547;2019;Navile;Lame;PESCAROLA;24;53;;51
575;2019;Navile;Lame;BEVERARA;19;21;;
583;2019;Navile;Lame;LAZZARETTO;1;14;;
585;2019;Navile;Lame;LAZZARETTO;24;47;;
604;2019;Porto - Saragozza;Marconi;MARCONI-2;68;324;;
614;2019;Porto - Saragozza;Marconi;MARCONI-2;54;421;;
630;2019;Porto - Saragozza;Marconi;MARCONI-2;61;151;;
636;2019;Porto - Saragozza;Marconi;MARCONI-2;55;129;;
642;2019;Porto - Saragozza;Marconi;MARCONI-2;16;40;;
643;2019;Porto - Saragozza;Marconi;MARCONI-2;21;31;;
646;2019;Porto - Saragozza;Marconi;MARCONI-2;62;228;;
651;2019;Porto - Saragozza;Marconi;MARCONI-2;52;98;;
655;2019;Porto - Saragozza;Marconi;MARCONI-2;2;2;;
663;2019;Porto - Saragozza;Marconi;MARCONI-2;30;49;;
669;2019;Porto - Saragozza;Marconi;MARCONI-2;12;17;;
673;2019;Porto - Saragozza;Marconi;MARCONI-2;34;64;;
674;2019;Porto - Saragozza;Marconi;MARCONI-2;62;187;;
676;2019;Porto - Saragozza;Marconi;MARCONI-1;57;126;;
694;2019;Porto - Saragozza;Marconi;MARCONI-1;141;636;;
707;2019;Porto - Saragozza;Saffi;ZANARDI;33;63;;
717;2019;Porto - Saragozza;Saffi;ZANARDI;3;3;;
723;2019;Porto - Saragozza;Saffi;ZANARDI;1;1;;63
736;2019;Porto - Saragozza;Saffi;VELODROMO;64;355;;
740;2019;Porto - Saragozza;Saffi;VELODROMO;8;40;;
752;2019;Porto - Saragozza;Saffi;VELODROMO;8;22;;
760;2019;Porto - Saragozza;Saffi;VIA VITTORIO VENETO;22;53;;118
761;2019;Porto - Saragozza;Saffi;VIA VITTORIO VENETO;23;33;;212
765;2019;Porto - Saragozza;Saffi;VIA VITTORIO VENETO;25;25;;
771;2019;Porto - Saragozza;Saffi;VIA VITTORIO VENETO;21;31;;
786;2019;Borgo Panigale - Reno;Barca;BATTINDARNO;12;14;;42
790;2019;Borgo Panigale - Reno;Barca;BATTINDARNO;17;18;;
815;2019;Borgo Panigale - Reno;Barca;BATTINDARNO;16;18;;77
830;2019;Borgo Panigale - Reno;Barca;VILLAGGIO DELLA BARCA;1;1;;
831;2019;Borgo Panigale - Reno;Barca;VILLAGGIO DELLA BARCA;5;5;;
833;2019;Borgo Panigale - Reno;Barca;VILLAGGIO DELLA BARCA;14;52;;
837;2019;Borgo Panigale - Reno;Barca;VILLAGGIO DELLA BARCA;3;3;;
858;2019;Borgo Panigale - Reno;Barca;CANALE DI RENO;31;1018;;57
865;2019;Borgo Panigale - Reno;Barca;CANALE DI RENO;21;601;;
896;2019;Borgo Panigale - Reno;S. Viola;AGUCCHI;4;4;;
898;2019;Borgo Panigale - Reno;S. Viola;AGUCCHI;5;5;;
914;2019;Borgo Panigale - Reno;S. Viola;EMILIA PONENTE;11;23;;
932;2019;Borgo Panigale - Reno;S. Viola;EMILIA PONENTE;10;10;;
976;2019;San Donato - San Vitale;San Donato;FIERA;103;3507;;
989;2019;San Donato - San Vitale;San Donato;VIA DEL LAVORO;10;294;;14
991;2019;San Donato - San Vitale;San Donato;VIA DEL LAVORO;72;176;;
1004;2019;San Donato - San Vitale;San Donato;VIA DEL LAVORO;28;67;;
1008;2019;San Donato - San Vitale;San Donato;VIA DEL LAVORO;6;14;;
1017;2019;San Donato - San Vitale;San Donato;MICHELINO;8;32;;
1027;2019;San Donato - San Vitale;San Donato;VIA MONDO;7;7;;206
1047;2019;San Donato - San Vitale;San Donato;VIA MONDO;11;18;;
1084;2019;San Donato - San Vitale;San Donato;SAN DONNINO;1;7;;
1095;2019;San Donato - San Vitale;San Donato;PILASTRO;1;3;;
1101;2019;San Donato - San Vitale;San Donato;PILASTRO;17;108;;
1104;2019;San Donato - San Vitale;San Donato;PILASTRO;10;16;;
1106;2019;San Donato - San Vitale;San Donato;PILASTRO;6;9;;
1107;2019;San Donato - San Vitale;San Donato;PILASTRO;10;17;;
1114;2019;San Donato - San Vitale;San Donato;CAAB;1;1;;
1126;2019;San Donato - San Vitale;San Donato;CAAB;19;81;;
1128;2019;San Donato - San Vitale;San Donato;CAAB;5;66;;
1154;2019;Santo Stefano;Colli;OSSERVANZA;17;19;;
1174;2019;Santo Stefano;Colli;SAN MICHELE IN BOSCO;7;10;;
1200;2019;Santo Stefano;Colli;PADERNO;5;5;;
1206;2019;Santo Stefano;Colli;PADERNO;3;3;;
1231;2019;Santo Stefano;Galvani;GALVANI-1;64;98;;11
1234;2019;Santo Stefano;Galvani;GALVANI-2;61;112;;
1238;2019;Santo Stefano;Galvani;GALVANI-2;44;73;;
1281;2019;Santo Stefano;Galvani;GALVANI-2;21;51;;
1308;2019;Santo Stefano;Murri;MEZZOFANTI;32;71;;
1310;2019;Santo Stefano;Murri;MEZZOFANTI;34;94;;
1328;2019;Santo Stefano;Murri;DAGNINI;1;2;;74
1359;2019;Santo Stefano;Murri;MEZZOFANTI;1;1;;195
1372;2019;Santo Stefano;Murri;DAGNINI;67;154;;41
1383;2019;Santo Stefano;Murri;SIEPELUNGA;11;12;;
1388;2019;Santo Stefano;Murri;SIEPELUNGA;16;17;;
1390;2019;Santo Stefano;Murri;SIEPELUNGA;46;52;;
1392;2019;Santo Stefano;Murri;SIEPELUNGA;19;20;;
1440;2019;Santo Stefano;Murri;CHIESANUOVA;26;43;;
1452;2019;Santo Stefano;Irnerio;IRNERIO-2;9;23;;100
1460;2019;Santo Stefano;Irnerio;IRNERIO-2;35;391;;405
1463;2019;Santo Stefano;Irnerio;IRNERIO-2;51;69;;
1464;2019;Santo Stefano;Irnerio;IRNERIO-2;22;44;;
1471;2019;Santo Stefano;Irnerio;IRNERIO-2;22;153;;
1477;2019;Santo Stefano;Irnerio;IRNERIO-2;37;60;;
1479;2019;Santo Stefano;Irnerio;IRNERIO-2;34;47;;
1480;2019;Santo Stefano;Irnerio;IRNERIO-2;48;157;;
1484;2019;Santo Stefano;Irnerio;IRNERIO-2;9;27;;
1493;2019;Santo Stefano;Irnerio;IRNERIO-1;44;123;;
1495;2019;Santo Stefano;Irnerio;IRNERIO-1;2;9;;
1524;2019;Santo Stefano;Irnerio;IRNERIO-1;20;112;;
1527;2019;Santo Stefano;Irnerio;IRNERIO-1;95;251;;72
1528;2019;Santo Stefano;Irnerio;IRNERIO-2;26;68;;
1541;2019;Santo Stefano;Irnerio;IRNERIO-1;8;13;;
1549;2019;Santo Stefano;Irnerio;IRNERIO-2;31;65;;
1552;2019;Santo Stefano;Irnerio;IRNERIO-2;29;57;;12
1554;2019;Santo Stefano;Irnerio;IRNERIO-2;66;187;;
1562;2019;San Donato - San Vitale;S. Vitale;CIRENAICA;52;85;;
1588;2019;San Donato - San Vitale;S. Vitale;CIRENAICA;9;19;;
1595;2019;San Donato - San Vitale;S. Vitale;CIRENAICA;6;29;;
1599;2019;San Donato - San Vitale;S. Vitale;CIRENAICA;3;4;;
1600;2019;San Donato - San Vitale;S. Vitale;CIRENAICA;30;35;;
1606;2019;San Donato - San Vitale;S. Vitale;CIRENAICA;3;31;;26
1625;2019;San Donato - San Vitale;S. Vitale;MENGOLI;4;6;;
1635;2019;San Donato - San Vitale;S. Vitale;MENGOLI;15;18;;
1641;2019;San Donato - San Vitale;S. Vitale;MENGOLI;7;8;;
1645;2019;San Donato - San Vitale;S. Vitale;MENGOLI;5;8;;
1661;2019;San Donato - San Vitale;S. Vitale;MENGOLI;9;34;;1432
1676;2019;San Donato - San Vitale;S. Vitale;SCANDELLARA;6;5;;319
1681;2019;San Donato - San Vitale;S. Vitale;SCANDELLARA;7;10;;
1701;2019;San Donato - San Vitale;S. Vitale;ROVERI;12;370;;
1702;2019;San Donato - San Vitale;S. Vitale;ROVERI;5;54;;
1710;2019;San Donato - San Vitale;S. Vitale;ROVERI;8;132;;
1718;2019;San Donato - San Vitale;S. Vitale;ROVERI;8;62;;
1729;2019;San Donato - San Vitale;S. Vitale;GUELFA;10;12;;
1776;2019;San Donato - San Vitale;S. Vitale;GUELFA;24;43;;38
1785;2019;Porto - Saragozza;Costa Saragozza;XXI APRILE;6;15;;
1792;2019;Porto - Saragozza;Costa Saragozza;XXI APRILE;30;40;;
1796;2019;Porto - Saragozza;Costa Saragozza;XXI APRILE;11;15;;
1802;2019;Porto - Saragozza;Costa Saragozza;XXI APRILE;3;5;;
1812;2019;Porto - Saragozza;Costa Saragozza;STADIO-MELONCELLO;33;64;;
1814;2019;Porto - Saragozza;Costa Saragozza;STADIO-MELONCELLO;8;8;;
1818;2019;Porto - Saragozza;Costa Saragozza;STADIO-MELONCELLO;23;69;;59
1818;2019;Porto - Saragozza;Costa Saragozza;STADIO-MELONCELLO;23;69;;75
1822;2019;Porto - Saragozza;Costa Saragozza;XXI APRILE;18;283;;41
1824;2019;Porto - Saragozza;Costa Saragozza;XXI APRILE;29;40;;
1831;2019;Porto - Saragozza;Costa Saragozza;XXI APRILE;12;15;;
1833;2019;Porto - Saragozza;Costa Saragozza;XXI APRILE;11;18;;50
1834;2019;Porto - Saragozza;Costa Saragozza;XXI APRILE;12;17;;
1835;2019;Porto - Saragozza;Costa Saragozza;XXI APRILE;19;50;;
1850;2019;Porto - Saragozza;Costa Saragozza;XXI APRILE;19;28;;
1857;2019;Porto - Saragozza;Costa Saragozza;XXI APRILE;6;6;;
1862;2019;Porto - Saragozza;Costa Saragozza;SAN GIUSEPPE;1;1;;
1887;2019;Porto - Saragozza;Costa Saragozza;RAVONE;18;21;;73
1889;2019;Porto - Saragozza;Costa Saragozza;RAVONE;5;5;;
1894;2019;Porto - Saragozza;Costa Saragozza;RAVONE;4;4;;
1906;2019;Porto - Saragozza;Costa Saragozza;SAN GIUSEPPE;23;28;;
1908;2019;Porto - Saragozza;Costa Saragozza;SAN GIUSEPPE;4;3;;
1909;2019;Porto - Saragozza;Costa Saragozza;SAN GIUSEPPE;5;7;;
1917;2019;Porto - Saragozza;Costa Saragozza;SAN LUCA;9;10;;
1943;2019;Porto - Saragozza;Malpighi;MALPIGHI-2;27;53;;
1953;2019;Porto - Saragozza;Malpighi;MALPIGHI-1;92;271;;
1959;2019;Porto - Saragozza;Malpighi;MALPIGHI-1;31;37;;
1975;2019;Porto - Saragozza;Malpighi;MALPIGHI-2;88;164;;219
1982;2019;Porto - Saragozza;Malpighi;MALPIGHI-2;42;62;;
1995;2019;Porto - Saragozza;Malpighi;MALPIGHI-2;12;13;;81
2003;2019;Savena;Mazzini;FOSSOLO;6;21;;519
2009;2019;Savena;Mazzini;FOSSOLO;17;20;;42
2012;2019;Savena;Mazzini;FOSSOLO;28;37;;
2014;2019;Savena;Mazzini;FOSSOLO;25;34;;
2031;2019;Savena;Mazzini;BITONE;21;36;;
2038;2019;Savena;Mazzini;DUE MADONNE;16;21;;
2048;2019;Savena;Mazzini;DUE MADONNE;19;32;;
2057;2019;Savena;Mazzini;PONTEVECCHIO;17;49;;
2059;2019;Savena;Mazzini;PONTEVECCHIO;40;76;;
2068;2019;Savena;Mazzini;PONTEVECCHIO;24;26;;
2071;2019;Savena;Mazzini;BITONE;17;24;;
2080;2019;Savena;Mazzini;BITONE;21;90;;
2099;2019;Savena;Mazzini;BITONE;30;51;;
2123;2019;Savena;Mazzini;VIA ARNO;8;10;;
2144;2019;Savena;Mazzini;CAVEDONE;4;5;;
2155;2019;Savena;Mazzini;VIA ARNO;13;146;;407
2172;2019;Savena;S. Ruffillo;MONTE DONATO;31;36;;
2175;2019;Savena;S. Ruffillo;VIA TOSCANA;4;3;;
2199;2019;Savena;S. Ruffillo;VIA TOSCANA;11;13;;
2201;2019;Savena;S. Ruffillo;VIA TOSCANA;12;21;;
2209;2019;Savena;S. Ruffillo;VIA TOSCANA;22;39;;
2222;2019;Savena;S. Ruffillo;VIA TOSCANA;20;23;;
2232;2019;Savena;S. Ruffillo;VIA TOSCANA;30;64;;
2237;2019;Savena;S. Ruffillo;VIA TOSCANA;6;8;;
2239;2019;Savena;S. Ruffillo;VIA TOSCANA;9;9;;
2257;2019;Savena;S. Ruffillo;CORELLI;13;16;;
2271;2019;Savena;S. Ruffillo;CORELLI;10;12;;
2295;2019;Savena;S. Ruffillo;VIA TOSCANA;13;41;;
2296;2019;Savena;S. Ruffillo;VIA TOSCANA;8;17;;
2302;2019;Savena;S. Ruffillo;VIA TOSCANA;3;4;;
2304;2019;Savena;S. Ruffillo;CORELLI;1;1;;
2305;2019;Savena;S. Ruffillo;VIA TOSCANA;7;18;;
2309;2019;Savena;S. Ruffillo;MONTE DONATO;1;2;;
2314;2019;Savena;S. Ruffillo;PONTE SAVENA-LA BASTIA;2;16;;
2330;2019;Borgo Panigale - Reno;S. Viola;EMILIA PONENTE;12;94;;
4;2018;Borgo Panigale - Reno;Borgo Panigale;VIA DEL VIVAIO;5;8;;
17;2018;Borgo Panigale - Reno;Borgo Panigale;VIA DEL VIVAIO;5;39;;
38;2018;Borgo Panigale - Reno;Borgo Panigale;AEROPORTO;1;1;;
51;2018;Borgo Panigale - Reno;Borgo Panigale;VIA DEL VIVAIO;2;2;;
68;2018;Borgo Panigale - Reno;Borgo Panigale;DUCATI-VILLAGGIO INA;3;30;;
71;2018;Borgo Panigale - Reno;Borgo Panigale;DUCATI-VILLAGGIO INA;5;7;;
78;2018;Borgo Panigale - Reno;Borgo Panigale;DUCATI-VILLAGGIO INA;31;372;;
90;2018;Borgo Panigale - Reno;Borgo Panigale;BORGO CENTRO;6;7;;
93;2018;Borgo Panigale - Reno;Borgo Panigale;BORGO CENTRO;2;4;;
96;2018;Borgo Panigale - Reno;Borgo Panigale;BORGO CENTRO;2;2;;
101;2018;Borgo Panigale - Reno;Borgo Panigale;BORGO CENTRO;35;74;;
102;2018;Borgo Panigale - Reno;Borgo Panigale;BORGO CENTRO;6;25;;
124;2018;Borgo Panigale - Reno;Borgo Panigale;TRIUMVIRATO-PIETRA;41;145;;
157;2018;Borgo Panigale - Reno;Borgo Panigale;TRIUMVIRATO-PIETRA;1;21;;
164;2018;Borgo Panigale - Reno;Borgo Panigale;RIGOSA;2;7;;
183;2018;Borgo Panigale - Reno;Borgo Panigale;CASTELDEBOLE;10;13;;
206;2018;Navile;Bolognina;CASERME ROSSE-MANIFATTURA;19;23;;
213;2018;Navile;Bolognina;CASERME ROSSE-MANIFATTURA;3;9;;
220;2018;Navile;Bolognina;CASERME ROSSE-MANIFATTURA;3;9;;
226;2018;Navile;Bolognina;CNR;2;7;;
234;2018;Navile;Bolognina;ARCOVEGGIO;9;14;;
241;2018;Navile;Bolognina;ARCOVEGGIO;19;29;;
255;2018;Navile;Bolognina;ARCOVEGGIO;22;50;;
257;2018;Navile;Bolognina;ARCOVEGGIO;34;78;;
281;2018;Navile;Bolognina;PIAZZA DELL'UNITA';63;280;;
283;2018;Navile;Bolognina;PIAZZA DELL'UNITA';13;13;;
303;2018;Navile;Bolognina;VIA FERRARESE;15;33;;
323;2018;Navile;Bolognina;VIA FERRARESE;49;132;;
330;2018;Navile;Bolognina;VIA FERRARESE;11;19;;
342;2018;Navile;Bolognina;PIAZZA DELL'UNITA';14;24;;
343;2018;Navile;Bolognina;PIAZZA DELL'UNITA';2;2;;
347;2018;Navile;Bolognina;PIAZZA DELL'UNITA';38;73;;
348;2018;Navile;Bolognina;PIAZZA DELL'UNITA';36;49;;
356;2018;Navile;Bolognina;PIAZZA DELL'UNITA';49;277;;
363;2018;Navile;Bolognina;PIAZZA DELL'UNITA';8;58;;
367;2018;Navile;Bolognina;PIAZZA DELL'UNITA';4;19;;
369;2018;Navile;Corticella;SAN SAVINO;6;16;;
370;2018;Navile;Corticella;SAN SAVINO;2;3;;
371;2018;Navile;Corticella;SAN SAVINO;13;23;;
391;2018;Navile;Corticella;SAN SAVINO;1;4;;
403;2018;Navile;Corticella;SAN SAVINO;15;22;;
410;2018;Navile;Corticella;SAN SAVINO;8;24;;
417;2018;Navile;Corticella;SAN SAVINO;23;34;;
425;2018;Navile;Corticella;SAVENA ABBANDONATO;8;17;;
435;2018;Navile;Corticella;CROCE COPERTA;49;241;;
436;2018;Navile;Corticella;CROCE COPERTA;17;127;;
439;2018;Navile;Corticella;CROCE COPERTA;11;22;;
440;2018;Navile;Corticella;CROCE COPERTA;2;600;;
442;2018;Navile;Corticella;CROCE COPERTA;23;39;;
447;2018;Navile;Corticella;CROCE COPERTA;31;297;;
448;2018;Navile;Corticella;CROCE COPERTA;29;1244;;
449;2018;Navile;Corticella;CROCE COPERTA;82;536;;
459;2018;Navile;Corticella;CROCE COPERTA;4;18;;
465;2018;Navile;Corticella;CROCE COPERTA;9;14;;
469;2018;Navile;Corticella;CROCE COPERTA;32;56;;
477;2018;Navile;Corticella;SAVENA ABBANDONATO;4;15;;
481;2018;Navile;Corticella;LA DOZZA;12;12;;
494;2018;Navile;Lame;LAGHETTI DEL ROSARIO;4;8;;
504;2018;Navile;Lame;LAGHETTI DEL ROSARIO;5;5;;
509;2018;Navile;Lame;LAGHETTI DEL ROSARIO;3;3;;
517;2018;Navile;Lame;LAGHETTI DEL ROSARIO;6;5;;
547;2018;Navile;Lame;PESCAROLA;22;47;;
552;2018;Navile;Lame;PESCAROLA;17;30;;
553;2018;Navile;Lame;PESCAROLA;9;11;;
576;2018;Navile;Lame;BEVERARA;11;15;;
580;2018;Navile;Lame;LAZZARETTO;3;3;;
591;2018;Navile;Lame;BEVERARA;11;18;;
594;2018;Navile;Lame;BEVERARA;41;487;;
610;2018;Porto - Saragozza;Marconi;MARCONI-2;65;135;;
626;2018;Porto - Saragozza;Marconi;MARCONI-2;39;82;;
632;2018;Porto - Saragozza;Marconi;MARCONI-2;91;133;;
638;2018;Porto - Saragozza;Marconi;MARCONI-2;53;113;;
651;2018;Porto - Saragozza;Marconi;MARCONI-2;51;83;;
725;2018;Porto - Saragozza;Saffi;ZANARDI;38;420;;
727;2018;Porto - Saragozza;Saffi;ZANARDI;15;67;;
735;2018;Porto - Saragozza;Saffi;VELODROMO;8;13;;
756;2018;Porto - Saragozza;Saffi;VELODROMO;3;4;;
775;2018;Porto - Saragozza;Saffi;VIA VITTORIO VENETO;15;47;;
785;2018;Borgo Panigale - Reno;Barca;VILLAGGIO DELLA BARCA;9;27;;
790;2018;Borgo Panigale - Reno;Barca;BATTINDARNO;17;19;;
798;2018;Borgo Panigale - Reno;Barca;BATTINDARNO;18;17;;
803;2018;Borgo Panigale - Reno;Barca;BATTINDARNO;20;28;;
805;2018;Borgo Panigale - Reno;Barca;BATTINDARNO;7;15;;
806;2018;Borgo Panigale - Reno;Barca;BATTINDARNO;35;55;;
809;2018;Borgo Panigale - Reno;Barca;BATTINDARNO;26;38;;
811;2018;Borgo Panigale - Reno;Barca;BATTINDARNO;1;1;;
813;2018;Borgo Panigale - Reno;Barca;BATTINDARNO;10;11;;
832;2018;Borgo Panigale - Reno;Barca;VILLAGGIO DELLA BARCA;1;1;;
836;2018;Borgo Panigale - Reno;Barca;VILLAGGIO DELLA BARCA;3;3;;
841;2018;Borgo Panigale - Reno;Barca;VILLAGGIO DELLA BARCA;2;3;;
847;2018;Borgo Panigale - Reno;Barca;VILLAGGIO DELLA BARCA;2;2;;
853;2018;Borgo Panigale - Reno;Barca;BATTINDARNO;21;46;;
872;2018;Borgo Panigale - Reno;Barca;CANALE DI RENO;13;16;;
886;2018;Borgo Panigale - Reno;Barca;CANALE DI RENO;2;45;;
951;2018;San Donato - San Vitale;San Donato;CADRIANO-CALAMOSCO;1;1;;
983;2018;San Donato - San Vitale;San Donato;VIA DEL LAVORO;6;46;;
1027;2018;San Donato - San Vitale;San Donato;VIA MONDO;5;6;;
1033;2018;San Donato - San Vitale;San Donato;MICHELINO;21;58;;
1035;2018;San Donato - San Vitale;San Donato;MICHELINO;14;22;;
1036;2018;San Donato - San Vitale;San Donato;MICHELINO;13;18;;
1064;2018;San Donato - San Vitale;San Donato;VIA MONDO;15;30;;
1071;2018;San Donato - San Vitale;San Donato;VIA MONDO;20;32;;
1090;2018;San Donato - San Vitale;San Donato;PILASTRO;9;10;;
1092;2018;San Donato - San Vitale;San Donato;PILASTRO;33;65;;
1097;2018;San Donato - San Vitale;San Donato;PILASTRO;7;12;;
1107;2018;San Donato - San Vitale;San Donato;PILASTRO;9;13;;
1119;2018;San Donato - San Vitale;San Donato;CAAB;3;4;;
1124;2018;San Donato - San Vitale;San Donato;CAAB;21;483;;
1130;2018;San Donato - San Vitale;San Donato;CAAB;1;5;;
1136;2018;Santo Stefano;Colli;OSSERVANZA;61;103;;
1139;2018;Santo Stefano;Colli;OSSERVANZA;91;195;;
1141;2018;Santo Stefano;Colli;PADERNO;2;7;;
1142;2018;Santo Stefano;Colli;OSSERVANZA;14;87;;
1148;2018;Santo Stefano;Colli;OSSERVANZA;52;70;;
1157;2018;Santo Stefano;Colli;PADERNO;4;38;;
1159;2018;Santo Stefano;Colli;PADERNO;1;2;;
1171;2018;Santo Stefano;Colli;SAN MICHELE IN BOSCO;3;3;;
1172;2018;Santo Stefano;Colli;SAN MICHELE IN BOSCO;11;10;;
1181;2018;Santo Stefano;Colli;PADERNO;10;10;;
1208;2018;Santo Stefano;Galvani;GALVANI-1;6;58;;
1214;2018;Santo Stefano;Galvani;GALVANI-1;65;236;;
1225;2018;Santo Stefano;Galvani;GALVANI-1;16;21;;
1226;2018;Santo Stefano;Galvani;GALVANI-1;19;45;;
1227;2018;Santo Stefano;Galvani;GALVANI-1;110;320;;
1236;2018;Santo Stefano;Galvani;GALVANI-2;28;40;;
1237;2018;Santo Stefano;Galvani;GALVANI-2;40;66;;
1239;2018;Santo Stefano;Galvani;GALVANI-2;48;60;;
1264;2018;Santo Stefano;Galvani;GALVANI-2;65;103;;
1269;2018;Santo Stefano;Galvani;GALVANI-2;72;143;;
1300;2018;Santo Stefano;Murri;MEZZOFANTI;82;211;;
1305;2018;Santo Stefano;Murri;MEZZOFANTI;91;166;;
1320;2018;Santo Stefano;Murri;MEZZOFANTI;11;11;;
1339;2018;Santo Stefano;Murri;MEZZOFANTI;98;155;;
1343;2018;Santo Stefano;Murri;MEZZOFANTI;13;14;;
1369;2018;Santo Stefano;Murri;DAGNINI;8;12;;
1379;2018;Santo Stefano;Murri;SIEPELUNGA;18;21;;
1380;2018;Santo Stefano;Murri;GIARDINI MARGHERITA;2;8;;
1418;2018;Santo Stefano;Murri;CHIESANUOVA;27;43;;
1422;2018;Santo Stefano;Murri;CHIESANUOVA;21;34;;
1425;2018;Santo Stefano;Murri;CHIESANUOVA;23;42;;
1434;2018;Santo Stefano;Murri;CHIESANUOVA;2;2;;
1435;2018;Santo Stefano;Murri;CHIESANUOVA;4;6;;
1439;2018;Santo Stefano;Murri;CHIESANUOVA;11;15;;
1447;2018;Santo Stefano;Irnerio;IRNERIO-2;26;662;;
1460;2018;Santo Stefano;Irnerio;IRNERIO-2;29;413;;
1461;2018;Santo Stefano;Irnerio;IRNERIO-2;12;14;;
1464;2018;Santo Stefano;Irnerio;IRNERIO-2;21;39;;
1466;2018;Santo Stefano;Irnerio;IRNERIO-2;43;179;;
1473;2018;Santo Stefano;Irnerio;IRNERIO-2;23;215;;
1474;2018;Santo Stefano;Irnerio;IRNERIO-2;22;32;;
1496;2018;Santo Stefano;Irnerio;IRNERIO-1;29;98;;
1518;2018;Santo Stefano;Irnerio;IRNERIO-1;53;253;;
1545;2018;Santo Stefano;Irnerio;IRNERIO-1;35;54;;
1550;2018;Santo Stefano;Irnerio;IRNERIO-2;49;145;;
1573;2018;San Donato - San Vitale;S. Vitale;CIRENAICA;1;1;;
1576;2018;San Donato - San Vitale;S. Vitale;CIRENAICA;22;34;;
1607;2018;San Donato - San Vitale;S. Vitale;CIRENAICA;22;22;;
1627;2018;San Donato - San Vitale;S. Vitale;MENGOLI;26;52;;
1652;2018;San Donato - San Vitale;S. Vitale;MENGOLI;11;20;;
1665;2018;San Donato - San Vitale;S. Vitale;SCANDELLARA;1;4;;
1668;2018;San Donato - San Vitale;S. Vitale;VIA LARGA;3;88;;
1688;2018;San Donato - San Vitale;S. Vitale;VIA LARGA;11;18;;
1691;2018;San Donato - San Vitale;S. Vitale;ROVERI;23;394;;
1695;2018;San Donato - San Vitale;S. Vitale;ROVERI;8;139;;
1703;2018;San Donato - San Vitale;S. Vitale;ROVERI;21;95;;
1715;2018;San Donato - San Vitale;S. Vitale;ROVERI;13;2665;;
1720;2018;San Donato - San Vitale;S. Vitale;GUELFA;9;15;;
1725;2018;San Donato - San Vitale;S. Vitale;GUELFA;17;148;;
1746;2018;San Donato - San Vitale;S. Vitale;GUELFA;120;578;;
1756;2018;San Donato - San Vitale;S. Vitale;CROCE DEL BIACCO;10;14;;
1758;2018;San Donato - San Vitale;S. Vitale;STRADELLI GUELFI;12;21;;
1771;2018;San Donato - San Vitale;S. Vitale;GUELFA;8;12;;
1774;2018;San Donato - San Vitale;S. Vitale;GUELFA;11;28;;
1803;2018;Porto - Saragozza;Costa Saragozza;XXI APRILE;8;7;;
1807;2018;Porto - Saragozza;Costa Saragozza;SAN GIUSEPPE;1;1;;
1809;2018;Porto - Saragozza;Costa Saragozza;SAN GIUSEPPE;10;17;;
1812;2018;Porto - Saragozza;Costa Saragozza;STADIO-MELONCELLO;30;71;;
1814;2018;Porto - Saragozza;Costa Saragozza;STADIO-MELONCELLO;9;10;;
1815;2018;Porto - Saragozza;Costa Saragozza;STADIO-MELONCELLO;42;79;;
1818;2018;Porto - Saragozza;Costa Saragozza;STADIO-MELONCELLO;22;49;;
1819;2018;Porto - Saragozza;Costa Saragozza;STADIO-MELONCELLO;3;11;;
1820;2018;Porto - Saragozza;Costa Saragozza;STADIO-MELONCELLO;18;22;;
1831;2018;Porto - Saragozza;Costa Saragozza;XXI APRILE;11;12;;
1835;2018;Porto - Saragozza;Costa Saragozza;XXI APRILE;18;38;;
1839;2018;Porto - Saragozza;Costa Saragozza;XXI APRILE;3;3;;
1840;2018;Porto - Saragozza;Costa Saragozza;XXI APRILE;2;1;;
1864;2018;Porto - Saragozza;Costa Saragozza;SAN GIUSEPPE;4;4;;
1865;2018;Porto - Saragozza;Costa Saragozza;SAN GIUSEPPE;3;4;;
1881;2018;Porto - Saragozza;Costa Saragozza;STADIO-MELONCELLO;15;22;;
1883;2018;Porto - Saragozza;Costa Saragozza;SAN LUCA;4;6;;
1884;2018;Porto - Saragozza;Costa Saragozza;STADIO-MELONCELLO;25;42;;
1947;2018;Porto - Saragozza;Malpighi;MALPIGHI-2;23;61;;
1956;2018;Porto - Saragozza;Malpighi;MALPIGHI-1;52;92;;
1961;2018;Porto - Saragozza;Malpighi;MALPIGHI-1;3;4;;
2014;2018;Savena;Mazzini;FOSSOLO;18;20;;
2047;2018;Savena;Mazzini;DUE MADONNE;10;15;;
2048;2018;Savena;Mazzini;DUE MADONNE;17;27;;
2085;2018;Savena;Mazzini;BITONE;16;25;;
2086;2018;Savena;Mazzini;BITONE;32;65;;
2090;2018;Savena;Mazzini;BITONE;10;14;;
2093;2018;Savena;Mazzini;BITONE;15;35;;
2105;2018;Savena;Mazzini;BITONE;10;11;;
2110;2018;Savena;Mazzini;BITONE;5;6;;
2113;2018;Savena;Mazzini;BITONE;13;23;;
2114;2018;Savena;Mazzini;BITONE;24;50;;
2125;2018;Savena;Mazzini;VIA ARNO;1;1;;
2128;2018;Savena;Mazzini;VIA ARNO;40;79;;
2133;2018;Savena;Mazzini;VIA ARNO;1;4;;
2145;2018;Savena;Mazzini;CAVEDONE;24;36;;
2164;2018;Savena;S. Ruffillo;VIA TOSCANA;12;12;;
2172;2018;Savena;S. Ruffillo;MONTE DONATO;34;33;;
2175;2018;Savena;S. Ruffillo;VIA TOSCANA;4;3;;
2246;2018;Savena;S. Ruffillo;CORELLI;6;6;;
2248;2018;Savena;S. Ruffillo;VIA TOSCANA;3;5;;
2275;2018;Savena;S. Ruffillo;CORELLI;8;9;;
28;2017;Borgo Panigale - Reno;Borgo Panigale;AEROPORTO;5;37;;
43;2017;Borgo Panigale - Reno;Borgo Panigale;AEROPORTO;2;2;;
68;2017;Borgo Panigale - Reno;Borgo Panigale;DUCATI-VILLAGGIO INA;1;1;;
69;2017;Borgo Panigale - Reno;Borgo Panigale;DUCATI-VILLAGGIO INA;32;52;;
78;2017;Borgo Panigale - Reno;Borgo Panigale;DUCATI-VILLAGGIO INA;29;369;20;
129;2017;Borgo Panigale - Reno;Borgo Panigale;RIGOSA;2;26;;
135;2017;Borgo Panigale - Reno;Borgo Panigale;RIGOSA;2;2;;
249;2017;Navile;Bolognina;EX MERCATO ORTOFRUTTICOLO;16;195;;
260;2017;Navile;Bolognina;ARCOVEGGIO;13;18;;
261;2017;Navile;Bolognina;ARCOVEGGIO;19;45;;
308;2017;Navile;Bolognina;VIA FERRARESE;27;52;;
317;2017;Navile;Bolognina;VIA FERRARESE;24;32;;
325;2017;Navile;Bolognina;VIA FERRARESE;43;59;;
327;2017;Navile;Bolognina;VIA FERRARESE;16;33;;
514;2017;Navile;Lame;LAGHETTI DEL ROSARIO;1;0;;
559;2017;Navile;Lame;BEVERARA;5;8;;
661;2017;Porto - Saragozza;Marconi;MARCONI-2;52;104;;
662;2017;Porto - Saragozza;Marconi;MARCONI-2;107;254;;
676;2017;Porto - Saragozza;Marconi;MARCONI-1;58;538;;
677;2017;Porto - Saragozza;Marconi;MARCONI-1;59;250;;
686;2017;Porto - Saragozza;Marconi;MARCONI-1;29;104;;
691;2017;Porto - Saragozza;Marconi;MARCONI-1;81;160;;
692;2017;Porto - Saragozza;Marconi;MARCONI-1;91;166;;
783;2017;Porto - Saragozza;Saffi;VIA VITTORIO VENETO;86;133;10;
788;2017;Borgo Panigale - Reno;Barca;BATTINDARNO;20;48;;
790;2017;Borgo Panigale - Reno;Barca;BATTINDARNO;18;25;;
834;2017;Borgo Panigale - Reno;Barca;VILLAGGIO DELLA BARCA;2;2;;
845;2017;Borgo Panigale - Reno;Barca;VILLAGGIO DELLA BARCA;3;4;;
905;2017;Borgo Panigale - Reno;S. Viola;AGUCCHI;29;48;;
916;2017;Borgo Panigale - Reno;S. Viola;EMILIA PONENTE;17;34;;
954;2017;San Donato - San Vitale;San Donato;CADRIANO-CALAMOSCO;1;1;;
956;2017;San Donato - San Vitale;San Donato;CADRIANO-CALAMOSCO;4;10;;
974;2017;San Donato - San Vitale;San Donato;FIERA;12;155;;
986;2017;San Donato - San Vitale;San Donato;VIA DEL LAVORO;39;127;;
1000;2017;San Donato - San Vitale;San Donato;VIA DEL LAVORO;11;12;;
1015;2017;San Donato - San Vitale;San Donato;MICHELINO;13;13;;
1034;2017;San Donato - San Vitale;San Donato;MICHELINO;8;13;;
1064;2017;San Donato - San Vitale;San Donato;VIA MONDO;18;36;10;
1099;2017;San Donato - San Vitale;San Donato;PILASTRO;12;75;;
1118;2017;San Donato - San Vitale;San Donato;CAAB;12;67;;
1259;2017;Santo Stefano;Galvani;GALVANI-2;77;127;;
1275;2017;Santo Stefano;Galvani;GALVANI-2;34;45;;
1286;2017;Santo Stefano;Galvani;GALVANI-2;36;147;0;
1346;2017;Santo Stefano;Murri;DAGNINI;11;14;;
1401;2017;Santo Stefano;Murri;SIEPELUNGA;28;37;;
1420;2017;Santo Stefano;Murri;CHIESANUOVA;18;20;;
1487;2017;Santo Stefano;Irnerio;IRNERIO-1;21;58;;
1510;2017;Santo Stefano;Irnerio;IRNERIO-1;15;51;;
1513;2017;Santo Stefano;Irnerio;IRNERIO-1;2;158;;
1539;2017;Santo Stefano;Irnerio;IRNERIO-1;2;4;;
1542;2017;Santo Stefano;Irnerio;IRNERIO-1;81;111;12;
1550;2017;Santo Stefano;Irnerio;IRNERIO-2;47;73;134;
1563;2017;San Donato - San Vitale;S. Vitale;CIRENAICA;29;96;26;
1653;2017;San Donato - San Vitale;S. Vitale;MENGOLI;37;73;;
1666;2017;San Donato - San Vitale;S. Vitale;SCANDELLARA;4;7;;
1698;2017;San Donato - San Vitale;S. Vitale;ROVERI;18;94;;
1705;2017;San Donato - San Vitale;S. Vitale;ROVERI;20;192;;
1726;2017;San Donato - San Vitale;S. Vitale;GUELFA;8;8;;
1733;2017;San Donato - San Vitale;S. Vitale;ROVERI;55;1079;;
1763;2017;San Donato - San Vitale;S. Vitale;STRADELLI GUELFI;9;36;;
1764;2017;San Donato - San Vitale;S. Vitale;STRADELLI GUELFI;2;3;;
1799;2017;Porto - Saragozza;Costa Saragozza;XXI APRILE;17;24;;
1811;2017;Porto - Saragozza;Costa Saragozza;SAN GIUSEPPE;33;66;55;
1812;2017;Porto - Saragozza;Costa Saragozza;STADIO-MELONCELLO;32;72;;
1815;2017;Porto - Saragozza;Costa Saragozza;STADIO-MELONCELLO;43;79;;
1852;2017;Porto - Saragozza;Costa Saragozza;XXI APRILE;44;60;10;
1857;2017;Porto - Saragozza;Costa Saragozza;XXI APRILE;6;6;;
1869;2017;Porto - Saragozza;Costa Saragozza;SAN GIUSEPPE;10;23;;
1870;2017;Porto - Saragozza;Costa Saragozza;SAN GIUSEPPE;25;39;;
1909;2017;Porto - Saragozza;Costa Saragozza;SAN GIUSEPPE;3;3;;
1914;2017;Porto - Saragozza;Costa Saragozza;SAN LUCA;9;13;;
1933;2017;Porto - Saragozza;Malpighi;MALPIGHI-2;60;87;;
1945;2017;Porto - Saragozza;Malpighi;MALPIGHI-2;71;79;258;
1979;2017;Porto - Saragozza;Malpighi;MALPIGHI-2;13;32;;
2003;2017;Savena;Mazzini;FOSSOLO;6;20;78;
2008;2017;Savena;Mazzini;FOSSOLO;53;59;11;
2020;2017;Savena;Mazzini;PONTEVECCHIO;52;88;;
2043;2017;Savena;Mazzini;DUE MADONNE;2;2;;
2083;2017;Savena;Mazzini;BITONE;9;11;;
2116;2017;Savena;Mazzini;BITONE;26;40;;
2151;2017;Savena;Mazzini;VIA ARNO;11;14;;
2181;2017;Savena;S. Ruffillo;VIA TOSCANA;4;8;;
2182;2017;Savena;S. Ruffillo;VIA TOSCANA;3;3;;
2187;2017;Savena;S. Ruffillo;VIA TOSCANA;2;3;;
2207;2017;Savena;S. Ruffillo;VIA TOSCANA;32;35;;
2208;2017;Savena;S. Ruffillo;VIA TOSCANA;13;33;;
2222;2017;Savena;S. Ruffillo;VIA TOSCANA;17;27;;
