{"type":"FeatureCollection","features":[{"type":"Feature","geometry":{"coordinates":[[[11.283367074415116,44.546593260185034],[11.282820891820135,44.54690898227239],[11.282772965911352,44.54693538179665],[11.282853894210378,44.54739300904551],[11.282861370266827,44.5474483330738],[11.282872047724432,44.5475101919269],[11.282882383106292,44.54757199460169],[11.282714104480943,44.5477197421826],[11.282683073086165,44.547748090469646],[11.282618045538428,44.54780559351046],[11.282502833815363,44.547907429084326],[11.282430528292611,44.54797134329354],[11.282350484544493,44.548042128051655],[11.282156195265935,44.548184111085035],[11.281997533342372,44.54830003048608],[11.281789265215993,44.54845224011759],[11.281714995251097,44.54850651542681],[11.281296720348005,44.54789967892767],[11.281069769231632,44.547547039157045],[11.28102141223669,44.547471907122166],[11.280348215669669,44.54642614717609],[11.280248422380607,44.546458650153525],[11.280224573782359,44.5464224142428],[11.279319505935163,44.54672816492347],[11.27871213326823,44.54693591552071],[11.27854545341337,44.546992933648816],[11.278826469773147,44.54741943619927],[11.277788898574602,44.54774052230394],[11.27695493954558,44.546306943424916],[11.276955374547214,44.5463067997104],[11.27719824745098,44.546227351136594],[11.278076395068597,44.54594007851747],[11.278059588795063,44.545910066396814],[11.27805856119169,44.5459082503888],[11.27814599448764,44.545878696747316],[11.27761964525783,44.54496187670822],[11.27720896808781,44.544244673341],[11.277239372222137,44.54419731670418],[11.27725726801822,44.54416943898255],[11.277431010448607,44.5439719054274],[11.27743140874909,44.54397178945083],[11.27750531019534,44.54395005937857],[11.277628324381446,44.54391396260824],[11.277879716737182,44.54384020322526],[11.277955761326043,44.54381791695186],[11.277913936359496,44.54375514871272],[11.277967770017836,44.54373466502162],[11.277772485386846,44.54343707616521],[11.27689963965754,44.54208500651893],[11.27689954564752,44.54208485535105],[11.276454577752563,44.54139555653959],[11.275722737527191,44.5402847780849],[11.27561897547651,44.54032990568241],[11.275617892877522,44.54032828880277],[11.274737360193086,44.54065073608598],[11.274464661773957,44.540256124275814],[11.273677259531231,44.539117100238556],[11.273571036772026,44.53915041865501],[11.273529333416953,44.539089914975],[11.27321714001744,44.53920973520348],[11.27316880797296,44.53917683011997],[11.273145014071769,44.53916055921369],[11.273128293388218,44.539086711294765],[11.273054520884884,44.5389797087525],[11.27296367930237,44.53884810000723],[11.272797210205553,44.538620004354854],[11.272514667393875,44.53823284879104],[11.2724921963481,44.53820203932598],[11.272322490345337,44.53797961597254],[11.272266358953717,44.537906030251605],[11.272608142507671,44.53747418082307],[11.272891095444628,44.53710066781318],[11.27314283770616,44.53664975059454],[11.273646321304295,44.535896573327534],[11.274227772930066,44.53475122034187],[11.27493371151583,44.5330412468074],[11.275349499180484,44.532245192663254],[11.276807904612713,44.52890881366735],[11.276856552852404,44.52838205863883],[11.276890071015867,44.52827046072056],[11.276982324419336,44.52796325423274],[11.277333998337056,44.527305453892765],[11.2776699286581,44.526698515846604],[11.277948156614633,44.52597839582803],[11.278689282876915,44.52452992114489],[11.27885312975058,44.524486102941516],[11.278897457122499,44.52447497313444],[11.27914363855843,44.524089799519814],[11.279446581317568,44.52401648371725],[11.279606871461699,44.52378448306839],[11.27986348245925,44.523443617220465],[11.280453892446726,44.522862367755344],[11.281070594877288,44.52240370875316],[11.281603423255191,44.522000594085846],[11.282046772968412,44.52175333541855],[11.282362757244082,44.52159550523104],[11.282331349459117,44.52154429646202],[11.283215043901771,44.52114751855145],[11.284316103278188,44.520720835132266],[11.284240488110797,44.52062388724949],[11.284392773102521,44.52056731073685],[11.284606091779441,44.52048802345974],[11.28462895644045,44.5205144384961],[11.284868692371388,44.520791519378996],[11.285086416087974,44.52104012416322],[11.285494876094813,44.52151959758229],[11.285651743503287,44.521701729428955],[11.285798437159551,44.52187145219047],[11.28594488372638,44.52204126973188],[11.286041411700435,44.52215575776465],[11.286279912496449,44.5224382258603],[11.286566268308418,44.52277141856179],[11.286769370264832,44.52300390127277],[11.286838462566894,44.52307803960504],[11.28691746265805,44.523157750044554],[11.28701840873184,44.52325159589102],[11.287132720119128,44.52334932404604],[11.287360558341245,44.52352471103325],[11.28749262978871,44.52361641134977],[11.2875885191313,44.52367330350832],[11.287791465618534,44.5237914010536],[11.287879330130785,44.52383680448955],[11.287912323309483,44.523853788242086],[11.287951521527084,44.52387401457518],[11.28800468794916,44.52390066783262],[11.28815744063507,44.52397608135914],[11.288548279046578,44.52412658348677],[11.291326426485321,44.52424804233118],[11.2936051517522,44.52437851472819],[11.293713922510506,44.52438061446073],[11.293825217916828,44.52438195215778],[11.296370779100704,44.524527604998354],[11.2964590944586,44.52453081579653],[11.29667848705804,44.524545910568825],[11.296856031084396,44.52454771294068],[11.297170316543324,44.524560150216075],[11.297534385087967,44.52457003623673],[11.298506893275393,44.52461444899962],[11.299315145748286,44.52465094487107],[11.299920074400651,44.524677442660646],[11.30011811220562,44.52468611911878],[11.301408522842893,44.52474775090857],[11.302048995050688,44.524765409523916],[11.30277026609144,44.524805948600935],[11.304051141803424,44.524870731668685],[11.304251515754064,44.524880857220566],[11.30492557939009,44.52492312777814],[11.305561154474892,44.52496298480473],[11.305860302752457,44.52498173555584],[11.306784458682417,44.52513471586667],[11.306806074047989,44.52516679627248],[11.306822280341862,44.525196699333385],[11.30683340697215,44.525221294510885],[11.306857264364398,44.52526171097158],[11.306907503969223,44.525348479548065],[11.306940915624981,44.5254144591995],[11.30698135192247,44.52550376651858],[11.306983645611952,44.52553858703123],[11.306982950533495,44.5255703800711],[11.306975726253773,44.52562453235146],[11.306988997667437,44.52567029416908],[11.307021071844849,44.52571195793553],[11.307043274863467,44.525744251480745],[11.307058557277875,44.525775289492714],[11.307073113235642,44.52580482075384],[11.307086985786,44.525832979432586],[11.307099238663541,44.52585740777909],[11.307118156775307,44.525893512757875],[11.30713562589485,44.52591778166153],[11.307176591624751,44.52596694484987],[11.307197511825802,44.52601231798388],[11.30723372131761,44.5260971823531],[11.307242017422348,44.5261514260677],[11.307283477132062,44.52618823674016],[11.307323263041331,44.52622918639008],[11.307337196716887,44.52626748967093],[11.30734374542396,44.5263259188699],[11.307351811284539,44.52638038328953],[11.307359708042256,44.526414316318004],[11.307369392987788,44.52645369575218],[11.307376452487695,44.5264823612078],[11.307383798720496,44.526510957849304],[11.307394794579821,44.52655867414872],[11.307394058319494,44.52659802115475],[11.307389774541756,44.52663517122487],[11.307384844178015,44.52666965160534],[11.307385635837372,44.52671072322339],[11.30737803007422,44.52675967075681],[11.307365437545227,44.52680885412398],[11.307316023334932,44.526804847495534],[11.307276603174886,44.526782408691176],[11.30720816648998,44.526762924010484],[11.307171618911882,44.52677402461208],[11.30715197711961,44.526804364059444],[11.30716995375733,44.52683605879983],[11.307200957030576,44.52686237680644],[11.307253167501932,44.526883332776215],[11.307298970980613,44.526889275939574],[11.307344423878744,44.5268959013616],[11.307379958734511,44.526901853991305],[11.307417420331598,44.52691357430627],[11.307461227452373,44.52693651855321],[11.307509920333855,44.52697578466554],[11.307536761634001,44.52700632788129],[11.307531974746052,44.52705622672632],[11.307536479263764,44.52709475659084],[11.307555742346185,44.52713065646061],[11.3075641595216,44.52717043060551],[11.307575015179358,44.527214908800524],[11.30759468453271,44.52727574650315],[11.30759566280298,44.527307838806166],[11.307598206602416,44.52733623542632],[11.30760282966543,44.52736756985671],[11.307633879945467,44.52741322425963],[11.307647221534518,44.527444490471986],[11.307655080747407,44.52747714587206],[11.307660596784052,44.527512288329255],[11.307667492637046,44.52756674936118],[11.307673856938159,44.52760106444022],[11.30769103747229,44.52763967113717],[11.307711491406419,44.52768563875625],[11.307720302852978,44.52771149598438],[11.307736496968777,44.527747430854326],[11.307740071104453,44.52779107495553],[11.307750712167211,44.52783393700984],[11.30776024196767,44.52787606531469],[11.30776718204285,44.527906794736815],[11.307771081111001,44.52794273509173],[11.30777686235416,44.52797885345662],[11.307786638065956,44.528024019646814],[11.307797638440148,44.528064506762114],[11.30780864771047,44.528096936419324],[11.30781966870245,44.52814049298271],[11.307821223467778,44.52817411305977],[11.307820742673389,44.528207495210225],[11.307823562876061,44.528236831500614],[11.3078293942771,44.528280907095926],[11.307833612759493,44.52831282585462],[11.307839413342132,44.528356758031265],[11.307840207537886,44.52838705353966],[11.307841972591756,44.52845370869881],[11.307842674580447,44.528480396050945],[11.307845783153528,44.52852340137317],[11.307849778186174,44.52855284894813],[11.30785361349295,44.528581120418814],[11.30786810270704,44.52864142360797],[11.30787171251497,44.52867609144236],[11.307872913756293,44.528706495752814],[11.307869999824641,44.52874932574721],[11.307868143164336,44.52877655096403],[11.307863251248783,44.528822193730356],[11.307857288745817,44.52886016996859],[11.307842824288768,44.528906249330724],[11.307836210920216,44.52895546489694],[11.307831655260006,44.528995285220006],[11.307840019194362,44.52904803307384],[11.307837353987447,44.52908473630776],[11.30783426025332,44.52911123031895],[11.307821766997458,44.52919414423976],[11.30781177105093,44.52925139543747],[11.30783167451832,44.52929328699791],[11.30785401774358,44.52933640759094],[11.307851316983347,44.529389730235565],[11.307862042395643,44.529422930835956],[11.307883644471275,44.52944442429464],[11.307913828570106,44.52947480980162],[11.307936050264727,44.52949924355681],[11.30796029846475,44.529525913978866],[11.308009713264132,44.529572556352306],[11.30797469366284,44.529603575947725],[11.30765237233494,44.52988829777918],[11.307649573507927,44.52989072202676],[11.307523538519638,44.529999508783966],[11.307081253695618,44.530377372495764],[11.30660726074962,44.53080655047975],[11.30648843880423,44.530914200053424],[11.306479167717482,44.53092259769329],[11.306478632515047,44.53092306763662],[11.30632913987861,44.53105846139471],[11.306326573836458,44.53106072786317],[11.306071301237544,44.53129052541103],[11.30569829977731,44.531624221991244],[11.304790200547174,44.53241971353007],[11.303530014763334,44.53279919284153],[11.302560467632388,44.53308118637989],[11.301761474679829,44.53331300062357],[11.301692675693468,44.533329503104405],[11.301250792065055,44.53343547734323],[11.300961961578,44.53352538327106],[11.300550505311168,44.53360444506455],[11.300539387042859,44.533606559664044],[11.300490021001059,44.533616052920856],[11.300488672000554,44.5336163141726],[11.300318353506349,44.533650715121254],[11.299302872094465,44.533860055830665],[11.29850966760925,44.53405725997197],[11.2979205552998,44.534189214171114],[11.29701332857811,44.53438015070156],[11.2968380406526,44.53441791436685],[11.29668454160928,44.534446777005954],[11.290748597435373,44.53556764398],[11.292639481173467,44.53851775973118],[11.292677641391558,44.53857729228337],[11.292695099033644,44.538604525418926],[11.292756992061566,44.53870107683054],[11.292929240612366,44.53896986268159],[11.292947490358962,44.53899834922321],[11.291686104154147,44.54021200402228],[11.291363972214343,44.540538699467334],[11.290499767384274,44.541415136316665],[11.289545663541816,44.54244255050357],[11.289501372335243,44.542477045260576],[11.286716337497104,44.54464577038735],[11.286638448673362,44.544706405181756],[11.285491922092174,44.545323532255054],[11.28528610505997,44.545534323685274],[11.285249855347375,44.545571446575245],[11.283905709942182,44.54631131088812],[11.283855463967866,44.5463343723386],[11.283367074415116,44.546593260185034]]],"type":"Polygon"},"properties":{"codice_area_statistica":4,"geo_point_2d":{"lon":11.287740256471414,"lat":44.532953509506775},"area_statistica":"AEROPORTO","cod_quar":11,"quartiere":"Borgo Panigale - Reno","cod_zona":"C","zona":"Borgo Panigale"}},{"type":"Feature","geometry":{"coordinates":[[[11.339097106289293,44.52735101185703],[11.339011382030643,44.52751482315397],[11.338989214129443,44.52767307392204],[11.339036077422904,44.52774876131351],[11.339371591733345,44.52814042843739],[11.33954932888279,44.528367016815416],[11.33997890806174,44.52894617664419],[11.340494396229586,44.52956570529195],[11.340804732259501,44.529848629514234],[11.34135467229432,44.53031057848891],[11.341489660592767,44.53040409181755],[11.341686805714346,44.53057319359126],[11.341884682154534,44.53074292819836],[11.341793021159164,44.530757016075206],[11.341280562680176,44.530857652264025],[11.34113965996142,44.53087909635252],[11.339935289884897,44.531105105138266],[11.339162702010151,44.53125021578821],[11.338436185821925,44.53139532268659],[11.33807700325571,44.531454021544974],[11.337681003994485,44.53152836342969],[11.337563519509063,44.53155042183168],[11.33706772361996,44.53164353185429],[11.33679822647966,44.53169413373046],[11.335619046646546,44.531899424573744],[11.335526471088524,44.531932899582756],[11.335443720408804,44.53194989692435],[11.335157986011172,44.532005562455076],[11.334968539838297,44.53182060051701],[11.33481544549566,44.53167067082003],[11.334701084956194,44.53158168811114],[11.334676081325105,44.531558486814944],[11.334454325288554,44.53135228164317],[11.334267749027273,44.53117509203636],[11.334046327436766,44.53096332465286],[11.333709103848145,44.530640546366214],[11.333512247513445,44.53045951452283],[11.333307473318987,44.53026832726868],[11.33313672091562,44.530104298135306],[11.332971004490386,44.5299456483658],[11.33284917427299,44.52982955674469],[11.332696099938355,44.52969466698478],[11.332493400245484,44.52950360689923],[11.332349690491464,44.52936681483577],[11.332296864224634,44.52931653467521],[11.332144403416619,44.52917456463353],[11.331921699477782,44.528965276942984],[11.331735104163958,44.52878816453098],[11.331639292504034,44.528693524327174],[11.331583196977704,44.528642968510326],[11.331485922826898,44.528548565105346],[11.331443403534976,44.52851085763703],[11.33141357539781,44.52848432418029],[11.33136572872712,44.528438947291725],[11.331275410547974,44.5283538993209],[11.331239445750276,44.52831739029225],[11.331165133439857,44.528248679060894],[11.331116815425911,44.52820346473476],[11.330995505254231,44.52808791863576],[11.330875542311405,44.527976792151975],[11.330677105677523,44.52779102525361],[11.33055651143978,44.527676346311075],[11.330441991434263,44.52757101390698],[11.330416632395067,44.52754638751212],[11.330393991841508,44.52752460443303],[11.330298992392072,44.52753507819125],[11.330253198896715,44.5275389208267],[11.330211703475516,44.52754734802618],[11.32919433569191,44.52660093193756],[11.329122898725116,44.52653446533667],[11.327557161546013,44.52500606212108],[11.327482879240563,44.524949888385144],[11.3273478532521,44.52484759066246],[11.32730545132946,44.52481458756551],[11.327275723666588,44.52478763684362],[11.326934879150011,44.52447855085609],[11.32622662028321,44.5236817215086],[11.325354292839583,44.52251094209197],[11.32519216873883,44.522285579760876],[11.324840945132964,44.52169886208139],[11.324529649263683,44.52119864595935],[11.324258852077689,44.52058487440865],[11.323968170452284,44.519805724954466],[11.323802677920064,44.519327952504966],[11.323682269066847,44.51864441794596],[11.323645111878104,44.51845613865485],[11.3234821069182,44.517629997112714],[11.323231196784674,44.5165108555518],[11.322984771967546,44.51500194618712],[11.32294850829013,44.51475973205036],[11.322905462536847,44.514179420697594],[11.322900404653154,44.513795123265076],[11.322953888510085,44.513280699848025],[11.323111844174372,44.51333592107447],[11.32312753562009,44.51324797980551],[11.323149917521922,44.513136225637176],[11.323184711630992,44.51299045924925],[11.323220569903906,44.512856275493355],[11.323255006045954,44.512736011621044],[11.323302534833545,44.512581766672504],[11.323358765527045,44.51243374541464],[11.323417851113586,44.51229551482349],[11.32346546953435,44.512182787795766],[11.323530790062843,44.51204380005688],[11.323611534774107,44.5118817038269],[11.323687477944919,44.51174473240308],[11.323771061910682,44.51160723628157],[11.323861272183096,44.51146363650276],[11.323944863301286,44.51133868067546],[11.324050356528776,44.51118869287928],[11.324130103705567,44.51108352178451],[11.324235328060183,44.51095115730603],[11.324329883055139,44.5108352415965],[11.324419761727867,44.51073240272608],[11.324496664835088,44.51064970566786],[11.324607154713076,44.510533681304935],[11.324724144243087,44.510415967025274],[11.324840255391779,44.51031065804331],[11.324981031219844,44.510182736295015],[11.325126267426798,44.51006322194276],[11.32527788173766,44.50994149789126],[11.325462447065474,44.50980496835685],[11.325660586232587,44.50965926744633],[11.325857870711978,44.50952910402807],[11.326048061053857,44.50940057924619],[11.326258714841053,44.50926814414123],[11.326652048543094,44.50914129411266],[11.32675283286387,44.5090881953537],[11.326823117477618,44.50904922204282],[11.327171980546348,44.50888204490692],[11.327387552395638,44.508792035577216],[11.327918715965222,44.50858088875207],[11.328109534598774,44.508507497436895],[11.328315758445953,44.508435862183966],[11.328525743665264,44.508366760577374],[11.329037390349516,44.50822011392759],[11.32909491847044,44.5082036268192],[11.329353568175165,44.50814064279683],[11.329506817200372,44.50810321579954],[11.329616216283704,44.50807982723135],[11.329701965923903,44.5080912119915],[11.329797155826109,44.50811850060999],[11.32998811302763,44.50777503527472],[11.330143678702152,44.507758203024935],[11.331463821008379,44.50757053433686],[11.331951837652468,44.507505191282384],[11.33235521137978,44.50744959686089],[11.332709777619927,44.50740075103758],[11.332508178687277,44.50782705494864],[11.33247684400189,44.50788546468771],[11.332372847085722,44.50798840034503],[11.3322567794495,44.50811736587631],[11.332160533103742,44.5082506166772],[11.332099833093892,44.50837141986342],[11.332081968130268,44.50846316989577],[11.332084499223464,44.50856161527547],[11.332075139244118,44.5086555862353],[11.332095175048494,44.508723569417945],[11.332120122157255,44.50879766403123],[11.33217138419008,44.508850533125326],[11.332273598084775,44.5091944314739],[11.332278505999678,44.50925847448481],[11.332284150967226,44.509320809953635],[11.332266969630709,44.509422439854994],[11.332211395363068,44.509505561646435],[11.33210811165489,44.509599020772455],[11.331972092897034,44.509718670806826],[11.331753387309146,44.509882987955656],[11.3315510153894,44.51003354824791],[11.33138691555977,44.510202132902265],[11.331247617527556,44.510380950876105],[11.331162325767474,44.510503219014225],[11.331102259268075,44.51059616376332],[11.331095397987927,44.51070645925547],[11.331031734241604,44.51080448284896],[11.330883373669865,44.51092710236269],[11.330808287696465,44.51099173448006],[11.330758281985476,44.51105589047766],[11.330717654859242,44.51121389574932],[11.330718939377189,44.511293119091796],[11.33082821155354,44.51149104197987],[11.33092177850263,44.51162480908835],[11.331030783438868,44.51172198954525],[11.331167453208858,44.51180650550148],[11.331335736372543,44.51188366875247],[11.331532796425753,44.51197635858941],[11.33164534640889,44.512021071131926],[11.331821671215641,44.512111501230386],[11.331908535222981,44.51216800040458],[11.331997676436595,44.512240891670615],[11.332071056722864,44.5123182820405],[11.332144628085528,44.51244207666602],[11.33220383589971,44.51261957689574],[11.332234873291297,44.51272769372923],[11.33228924587844,44.51285463528054],[11.332363609407155,44.513036714156094],[11.332442023979905,44.51316675642516],[11.332603123558663,44.51344018535205],[11.332695891190948,44.51363034132789],[11.332830855727755,44.513877476344526],[11.332939765298745,44.51406600586276],[11.333099427477965,44.51439722384588],[11.333243767376967,44.51462666575151],[11.333286864615527,44.51471847520047],[11.333335206244753,44.51480076976054],[11.333439722111553,44.515067296723345],[11.33347405248388,44.51527291559115],[11.333479285844412,44.5155876910821],[11.33347398816738,44.51583094045053],[11.333430997499594,44.51621197922591],[11.333410104329278,44.51653480586754],[11.33340223404605,44.516948706223346],[11.33343098739835,44.51706472857849],[11.333421404687803,44.51729614609993],[11.333486854868076,44.51746556867267],[11.333581463118236,44.517581208045414],[11.333720645433798,44.51773512420406],[11.333783648542768,44.517798816603985],[11.333885290537609,44.51791033278839],[11.333931650070861,44.51798732906407],[11.333968979974763,44.518077986763956],[11.333990022130314,44.51824347360983],[11.333997386358861,44.51833144904154],[11.334018737790348,44.518432219195006],[11.334040460544585,44.518590796150825],[11.334110283729604,44.518771328094374],[11.33417171625637,44.518938041592946],[11.334234837300682,44.51914669943129],[11.334271482154204,44.51937829698451],[11.334315053864023,44.519587363522845],[11.334332682838228,44.519721231080325],[11.334376819097962,44.5201349680566],[11.334465544672117,44.52022037034053],[11.3347042221567,44.52058002035457],[11.334776887343452,44.520690165781076],[11.334815443715456,44.52073995350779],[11.334837369231778,44.52080055135009],[11.334844476135206,44.52085622180202],[11.334874612115215,44.52093932912626],[11.334901276998174,44.52099634602846],[11.334964198630932,44.52110668162181],[11.33502224251686,44.52121712595667],[11.335093109128513,44.52134299940524],[11.335147055563338,44.52141167463511],[11.335173120186925,44.521453030309374],[11.33523827316357,44.521558089616306],[11.335273288488768,44.52164109700832],[11.335303634413163,44.52172943039513],[11.335372481238958,44.52186581494469],[11.335413268143405,44.52197137263132],[11.33544549567578,44.522106768816606],[11.335487026746145,44.522287284473705],[11.335498616519548,44.522337659682385],[11.335541634326464,44.52243794119166],[11.335586324359136,44.522580050318616],[11.335638750544518,44.52273247110167],[11.335682104791175,44.5228414691369],[11.335733460577414,44.52290666808135],[11.335790823815929,44.522999687985646],[11.335860079281113,44.52308547853726],[11.335922029759969,44.523171418528975],[11.336004584292013,44.52328484474523],[11.336075513226435,44.52335141648818],[11.33613844039864,44.52340071400936],[11.336289403627434,44.523517970485806],[11.336535119913052,44.523687356637645],[11.33665435489153,44.523803524560165],[11.336751073304022,44.523965517112956],[11.336782886779357,44.52409045139236],[11.336806628001774,44.52419635747929],[11.336837408736596,44.524295151482015],[11.336859547396179,44.52442202127977],[11.336894022899472,44.524613177763804],[11.336926742500475,44.524699715590195],[11.33696572229991,44.524759972851484],[11.337003629923684,44.52479405464272],[11.337059254066569,44.52484350115583],[11.337126378258239,44.52487528326568],[11.337210526787416,44.524906698767516],[11.33736373785503,44.524957631032464],[11.337482348256414,44.5249970641586],[11.3375763811814,44.52503176097258],[11.337644081851312,44.52507919539934],[11.337675433946728,44.525130894152745],[11.337683937593754,44.525160374392044],[11.337678990513554,44.52521977546255],[11.33765735454407,44.525288241761],[11.33762931974566,44.5253795165003],[11.337605510692114,44.52545500425991],[11.337592852375991,44.525504102277935],[11.337610182989325,44.52557177060656],[11.337629547327122,44.52562893632881],[11.337668946757942,44.525699645703256],[11.337708415757932,44.52577209112954],[11.337743088537056,44.52584638125749],[11.337809646188726,44.525986295110116],[11.337860743538926,44.52610559463857],[11.337872860389714,44.526142337933],[11.337893022759767,44.52620402454323],[11.33790863032253,44.52624183066223],[11.33795753831039,44.52634666288265],[11.338035288796764,44.52649894190841],[11.338072064219274,44.52654839585929],[11.338151621835781,44.52663104813288],[11.338316037631376,44.52672314328774],[11.338516778678226,44.52679777633104],[11.33883516463489,44.52690016620248],[11.33903840974517,44.52698010353196],[11.3391195642651,44.527036272933785],[11.339176889788664,44.527105480120944],[11.33916955237352,44.52716706382274],[11.339097106289293,44.52735101185703]]],"type":"Polygon"},"properties":{"codice_area_statistica":28,"geo_point_2d":{"lon":11.33066214451934,"lat":44.520055562184545},"area_statistica":"BEVERARA","cod_quar":12,"quartiere":"Navile","cod_zona":"I","zona":"Lame"}},{"type":"Feature","geometry":{"coordinates":[[[11.281792639967588,44.52067911698574],[11.279886979846868,44.52125983034992],[11.279089734321328,44.52151014049579],[11.276878160976706,44.52234069081225],[11.274968061466232,44.52304400723579],[11.273696346549398,44.52351220631985],[11.273624474827498,44.523394362962584],[11.273353398871711,44.52297761383796],[11.273251504331844,44.52282097293958],[11.272993234275107,44.52240720882774],[11.27295089233889,44.52234094685407],[11.272603438215157,44.52178265698773],[11.272384990899415,44.52143164768405],[11.271922515913447,44.52073787005837],[11.271872109395837,44.520657012973736],[11.271292516116745,44.51975780241011],[11.270883167377697,44.51905591434268],[11.270852858351262,44.51894105043128],[11.27069270757903,44.51868469229819],[11.269939915531111,44.51752698100122],[11.269615468175699,44.517058681864526],[11.269142690745285,44.51631942728835],[11.268723740342866,44.51565214774013],[11.26821879651342,44.51491276320852],[11.267820952403875,44.51453011809215],[11.26774142355914,44.51434500274623],[11.267954934085012,44.51422072089701],[11.268210653170991,44.51409993923773],[11.26907870254899,44.51366902945223],[11.269484050167511,44.51346559795867],[11.273245967094173,44.51159694952087],[11.273835231903162,44.51130284811676],[11.27446156996204,44.51097259790533],[11.274383687645383,44.510878056172416],[11.274353393020228,44.510805000706036],[11.274329855007274,44.51072937092287],[11.274514248845803,44.51000139523318],[11.274632037544848,44.50985638453173],[11.274764815652325,44.50975032623192],[11.274954920817855,44.50965129068818],[11.275044148116422,44.50961486159698],[11.275423426982005,44.50944819079178],[11.275727794193871,44.509319238474866],[11.27590290646214,44.509287254307814],[11.276096331753978,44.50928746704641],[11.276588824383552,44.509371264226],[11.276964030952618,44.50943028297644],[11.277085760188305,44.509465737724696],[11.277179124513529,44.50951552309907],[11.277267050672123,44.509585888729724],[11.27732286456041,44.50956018927961],[11.27751156433609,44.50947332198075],[11.277617766524411,44.509424434750045],[11.277719370975989,44.509377664735965],[11.277751704622512,44.50936219235379],[11.277958307142173,44.509255026402975],[11.27886772633208,44.510178085449816],[11.279796995520744,44.511148697366025],[11.280547565122358,44.51180395565824],[11.28116787509677,44.51229459827586],[11.282243026249429,44.51307768603586],[11.282986616216776,44.51360443892465],[11.283403236462007,44.51392201712595],[11.283448774683237,44.51395401961807],[11.283637260633848,44.51409211162194],[11.283825988970364,44.51423090966419],[11.283882127796288,44.514275627586436],[11.283917318086448,44.514302642436945],[11.283980699252858,44.51434723341735],[11.28401741023063,44.51437452389853],[11.285164337892665,44.515082155625805],[11.285645398824304,44.515403855103095],[11.285978671660953,44.51562672012048],[11.286327395227746,44.51584083030203],[11.287393309543306,44.51635422920926],[11.287919753023083,44.51653612713497],[11.2885641948983,44.51673852358248],[11.288811241399058,44.51679998247222],[11.289847043775442,44.51705767718708],[11.29054128443264,44.51717140557859],[11.291746303780343,44.51727105955714],[11.293351658536928,44.517241007255926],[11.293370012049277,44.51728129409764],[11.293537027895702,44.51716769328603],[11.294529792864747,44.5170166206333],[11.296191190464157,44.516530799586974],[11.296974978591004,44.51634631425967],[11.297572476759944,44.5161965959386],[11.297614769692975,44.5161893348866],[11.297871578391446,44.51642144626467],[11.298124421873895,44.51663906173605],[11.297593676149969,44.51678220894898],[11.297369220670804,44.51684274927011],[11.297272935838667,44.51687048829984],[11.293616485923017,44.51792906376498],[11.292070029577573,44.51837660123184],[11.291063810357608,44.518668587461406],[11.290854523473135,44.518729323667486],[11.290035737760688,44.518968934456794],[11.289173054332547,44.51918633710076],[11.287841993736665,44.519528560948835],[11.28682108926533,44.519826070529156],[11.286045258611445,44.52006479214237],[11.285439882533549,44.52026161009634],[11.285199346148968,44.52034437862401],[11.284964892215992,44.52041859850283],[11.284920122047584,44.520365524297304],[11.284606091779441,44.52048802345974],[11.284392773102521,44.52056731073685],[11.284006533604634,44.52013890134151],[11.283923392843157,44.5200325610991],[11.281792639967588,44.52067911698574]]],"type":"Polygon"},"properties":{"codice_area_statistica":8,"geo_point_2d":{"lon":11.278559451234376,"lat":44.516569574097254},"area_statistica":"BORGO CENTRO","cod_quar":11,"quartiere":"Borgo Panigale - Reno","cod_zona":"C","zona":"Borgo Panigale"}},{"type":"Feature","geometry":{"coordinates":[[[11.421389741221146,44.525601572772146],[11.421340804089528,44.525653565199704],[11.421269566897681,44.52573195793002],[11.421114231545001,44.52587965340599],[11.421077172975037,44.52591978950281],[11.421056542910566,44.52594185115256],[11.421029650421387,44.52597586594962],[11.42102232907793,44.52598504177151],[11.421000994740602,44.526016832082554],[11.421000875717338,44.52601699665258],[11.421000674272449,44.52601729800871],[11.420976337680571,44.52605650706119],[11.420967097194735,44.52607069298158],[11.420952676773101,44.52609258690098],[11.42095063713106,44.52610896075616],[11.420947817688482,44.52613020351576],[11.420947738076162,44.52614225059457],[11.420947230515214,44.526169782105356],[11.420953798884552,44.52622776315538],[11.420956993822344,44.52625748477814],[11.42096250173361,44.52633269215991],[11.420970370357042,44.526443301448914],[11.420979053907358,44.526529847685076],[11.420989202140934,44.52663381876654],[11.421002178970026,44.52677992472518],[11.42099811104126,44.52680899915973],[11.420997479618581,44.526810768045735],[11.420987232002913,44.526838308078176],[11.42090213208018,44.52696181819542],[11.420837552914229,44.52705546376644],[11.420688794607948,44.527267837385814],[11.42058413594501,44.52741349414563],[11.420579050653146,44.52742045290992],[11.420555031690432,44.527446088313575],[11.420499790256462,44.5275048309147],[11.420488000550929,44.52752553466777],[11.420458125336202,44.52757718551398],[11.420443212703793,44.527615762491024],[11.420429975845543,44.52765712172467],[11.420425671489559,44.527681105715594],[11.420423509198175,44.527692701814004],[11.420421207520072,44.52773434231682],[11.420422075667467,44.527751041609974],[11.420422922829829,44.5277714864013],[11.4204311563068,44.52778947892483],[11.42043811244681,44.52780519388484],[11.420447861480284,44.52781754569322],[11.420463415799658,44.52783757959668],[11.420481880611344,44.527851925199116],[11.420510966755044,44.52787476902582],[11.420543765746677,44.52789944264939],[11.42056252863997,44.52791369189237],[11.420588062694714,44.527930687357326],[11.420626871748972,44.52795674593385],[11.420672821762077,44.52798991810529],[11.420688872734123,44.52800158709589],[11.420736106868617,44.52804053864239],[11.420793923357477,44.52808825927222],[11.420847350955519,44.5281439501671],[11.420869361896287,44.52817097708623],[11.420888433582462,44.528194798419136],[11.420911928860926,44.52823031024385],[11.420920377309288,44.52825803891012],[11.420920156913947,44.52830737745476],[11.420907149896223,44.52833970232633],[11.420878834646722,44.52837585384389],[11.420852842278142,44.52840884121469],[11.420824678192032,44.52844378317345],[11.420803199156284,44.528470283017555],[11.4207706534178,44.52850426459115],[11.420766515414378,44.52850857453426],[11.42076640672291,44.52850868486967],[11.420718802374171,44.52855464405783],[11.420680916876792,44.52857790880077],[11.420680771954448,44.52857805591457],[11.420647527348558,44.52859456935858],[11.42061304536271,44.52860673380284],[11.420580346020746,44.528616969902984],[11.420541737762527,44.52862644004416],[11.420490010265615,44.52863091288248],[11.420421214040928,44.528641374211034],[11.420387126862343,44.528646364200895],[11.420367382542508,44.52864913251866],[11.42033291205619,44.5286582357739],[11.420311332624282,44.52866895621726],[11.420285345615744,44.528698135273515],[11.420277462929073,44.52870653072383],[11.420276482085281,44.52870746077631],[11.42027645032672,44.52870760549018],[11.420267988315276,44.52871659838777],[11.420265780565419,44.52875048571104],[11.420265358386086,44.52875214212558],[11.420265058024363,44.52885848638415],[11.420262695631834,44.52891536944807],[11.420249632098527,44.5289505942552],[11.420228341158483,44.52898498522025],[11.420225685318663,44.52898922770758],[11.420210074562595,44.529006411431844],[11.420186519773788,44.52903233399446],[11.420145805886817,44.5290748249133],[11.420112940527574,44.52911660026181],[11.42007624315907,44.52916126563365],[11.420034935600711,44.52922740074001],[11.41998954211218,44.529308827727775],[11.419966401242057,44.52935568135297],[11.419933277264391,44.529343834061095],[11.419872675432826,44.52931638273138],[11.41976607457482,44.52919261615124],[11.419742868179279,44.529151615430436],[11.41949071372473,44.52870346694956],[11.419477853856781,44.52869136104889],[11.41947782572838,44.52869128962488],[11.419287181588029,44.52851184078348],[11.419287117228512,44.528511806137416],[11.419272161805514,44.52849771905764],[11.418307129179212,44.52790777846726],[11.417633469544308,44.52749585959763],[11.417577213765957,44.527461446056996],[11.417423995986981,44.52736749966694],[11.417004969751206,44.527113057957884],[11.416513684839126,44.52680928912623],[11.416480143580706,44.526788519145704],[11.416473785502165,44.526784494573874],[11.416427322485443,44.526755571755],[11.416146468250053,44.52659601430847],[11.415737659423467,44.52636318277994],[11.415052282927654,44.5259878037281],[11.414420658135947,44.525701218931204],[11.414404068029109,44.52570842977009],[11.414322299222365,44.525659808095355],[11.413688405291317,44.525387572246025],[11.413428617957821,44.5252916606511],[11.41267839504275,44.52503595861099],[11.412114071964886,44.52482446900971],[11.412028422416551,44.52479150207513],[11.411578861018102,44.52461849229302],[11.411194970694556,44.52446054119278],[11.41110125313418,44.524420190853604],[11.410987446174564,44.5243708661088],[11.410668511132851,44.524210622995355],[11.41051864945738,44.52413135154879],[11.410269387250667,44.52400082977346],[11.409872575843485,44.5237930299016],[11.409657969444178,44.52370148532774],[11.40934560187404,44.523594124805996],[11.408837064715863,44.52345040987647],[11.408282433553419,44.523305117446526],[11.407784082837546,44.52315104603916],[11.40725889373772,44.52294689015333],[11.406279573420354,44.52254468034998],[11.40566307976768,44.52227154676332],[11.405387682597546,44.522144562898326],[11.405190428570146,44.52205360749784],[11.404698021756671,44.52178545215094],[11.404553027790046,44.52170241524742],[11.403368934389704,44.5210537999182],[11.402240406153371,44.520464779038484],[11.40216868844984,44.52042392232946],[11.402072752560878,44.52038102748843],[11.401902152326143,44.52032047423042],[11.401761434771737,44.52027853040746],[11.401624869561982,44.52024025310852],[11.401439801248214,44.52019382246006],[11.401336545316706,44.52016874398562],[11.401187792516001,44.52013548489571],[11.400242160957598,44.51992018137833],[11.400082516339495,44.519874456280945],[11.399985150717605,44.519842032691],[11.399883529454602,44.519801272107046],[11.399570745013799,44.51966840727428],[11.399402747599785,44.51959329245185],[11.39903359677006,44.519425870836315],[11.39863879490863,44.5192428994837],[11.397571775777687,44.51869151168023],[11.397074120936708,44.51843741441127],[11.396637657747657,44.518212404811266],[11.396012781081819,44.51790198022138],[11.395901998604593,44.517838947010986],[11.395791260520312,44.517777911326064],[11.394426020263012,44.517062973588],[11.394018784608244,44.5168497103181],[11.393734797812913,44.516700993116444],[11.393157932028721,44.51640568755473],[11.393686481419426,44.51606238414994],[11.393613176901633,44.516006773112],[11.393543789746074,44.51597030933288],[11.393582349862262,44.515879583307154],[11.393629549683862,44.51587998896937],[11.393674881266557,44.51587471716875],[11.394033657599833,44.51582699681849],[11.394220719907716,44.51579943275622],[11.394219107218959,44.51574410089584],[11.394224330804985,44.515707296938196],[11.394242967855801,44.515663144636804],[11.39426084647053,44.51563856178016],[11.39429102532228,44.51560863448262],[11.39431799230639,44.51558875837547],[11.394389621718254,44.5155604913253],[11.395240144874473,44.515267871831725],[11.39537860643294,44.51521712680708],[11.395404197061724,44.51517811289315],[11.395442707435226,44.515146110915744],[11.39547799463373,44.51512786944529],[11.396539115491585,44.5147524083549],[11.396582795503889,44.51481488726484],[11.396704660500058,44.514776444461795],[11.39741019845219,44.51455390381049],[11.397578018228815,44.51449845235827],[11.398591167909323,44.514164140106814],[11.39932629267714,44.51392159239405],[11.401254254910203,44.51326036197277],[11.403118326482517,44.51263532888373],[11.404154042730319,44.51222109855145],[11.405240678987784,44.511747080214924],[11.406396267547763,44.51126663752287],[11.407930277561908,44.51074011127151],[11.40807984370781,44.510689476660104],[11.408363803577425,44.51062243058707],[11.40853070443067,44.5105900829434],[11.408688431860163,44.510564716553205],[11.40896346764187,44.51053575805449],[11.409687364543766,44.51049295808111],[11.41010989489645,44.51048402868263],[11.41041973814354,44.51048092530067],[11.4107302186854,44.510493274007814],[11.411029178408734,44.51051790162645],[11.411309298221521,44.510551523881134],[11.411497631566588,44.51058007156275],[11.41164780715785,44.51060283523509],[11.411953141778765,44.51066515448243],[11.412301837715264,44.51073585620696],[11.412352446672987,44.51066228010248],[11.41259404274549,44.510712008669586],[11.413752543301337,44.51095049093134],[11.41494292268122,44.51120361832806],[11.41504089868161,44.51120103235065],[11.415627521447691,44.51131914771808],[11.416001692004041,44.5114075471904],[11.416070609090003,44.51142543500062],[11.416160603164757,44.51145070886066],[11.416307368202546,44.51149495565448],[11.416755568723211,44.51163355023471],[11.417404041254134,44.51186584970199],[11.417646552279763,44.51196180328594],[11.418157927662703,44.5121428967193],[11.41889823815486,44.512414284735954],[11.419465072927188,44.51262497677],[11.420145873034679,44.51287511163221],[11.421262416689945,44.51328983070545],[11.422005178856034,44.5135616866292],[11.4227166421837,44.51382528947411],[11.423412522674846,44.514064911812255],[11.42344853157869,44.514075526544985],[11.42370675982072,44.51415166098991],[11.42396549461197,44.51422907145639],[11.424084631973601,44.51426183147279],[11.424500627645262,44.51435408612212],[11.424655502133954,44.51438724780899],[11.425038718692944,44.51445967094798],[11.425282305422321,44.51448699496593],[11.42562364536594,44.5145174537433],[11.425941471255145,44.5145358166703],[11.426233546635773,44.514540042888875],[11.426529764218662,44.514523123344766],[11.426665941876086,44.51450897524629],[11.426818641555974,44.514492756236606],[11.427134742715875,44.51444080659263],[11.427171464909526,44.51443312980833],[11.427236645921715,44.514418149972634],[11.42729598831013,44.51440194387284],[11.427373782208194,44.51438165432448],[11.427455553856868,44.51436019982693],[11.427535102482475,44.514336721960674],[11.42758891730994,44.514320723286],[11.427630980463393,44.51430956581395],[11.427668047627796,44.51429717320016],[11.427710388958854,44.51428302093649],[11.427773386826347,44.51426395505541],[11.427825389302493,44.51424673445852],[11.427882351429114,44.51422472702287],[11.42793138880763,44.51420882079828],[11.427984360512605,44.51418464755085],[11.428045628836744,44.51416029780125],[11.428141759736757,44.51412107242963],[11.428213983783893,44.51408514632859],[11.428273525292289,44.51405255084521],[11.428320173999893,44.51402761169578],[11.428417809853265,44.513973139767906],[11.428486048295976,44.51393486759676],[11.428535457244282,44.513906718742945],[11.428632301075078,44.51385136322639],[11.428739548005213,44.51378597350117],[11.428791893351727,44.51374947070997],[11.428836620973886,44.51371827944274],[11.428868037823557,44.513690738342085],[11.428910737158638,44.513654944888614],[11.428946941418987,44.51362392594041],[11.42897402565878,44.5136035440047],[11.429002548265043,44.51355117240498],[11.429011578054284,44.513505067254236],[11.429098967648109,44.51346746749144],[11.429161714219246,44.51343633377087],[11.429209473351147,44.51341119057429],[11.429267512625948,44.51337880658996],[11.429308651771752,44.51335452444041],[11.429350899795665,44.513329678523306],[11.429409087945379,44.51329179974298],[11.429467345637931,44.51325256907023],[11.429513480039695,44.51322133859203],[11.429557743776995,44.51319050801285],[11.429607439217657,44.51315444835587],[11.42964538600603,44.51312571475271],[11.429675121656132,44.513099514582],[11.429721796416652,44.51305737943195],[11.429760206839552,44.51302497188366],[11.429799496457319,44.51298950274554],[11.429840302010849,44.51295115651855],[11.429882892297325,44.512907622826305],[11.429920391192695,44.512865097755935],[11.429964403271445,44.51281914809063],[11.430009489066924,44.51276876430091],[11.430051210704226,44.51271917231545],[11.430085134182482,44.512679018955915],[11.430131226221897,44.51262258198662],[11.430192381955099,44.5125380964399],[11.430226538643401,44.512488125292315],[11.430255047578568,44.512441515295535],[11.430278211737614,44.51240555206929],[11.430310542579198,44.5123570601772],[11.43034360968806,44.51230207076309],[11.430371655307852,44.51225340001388],[11.430398946250996,44.51220080220851],[11.430419105628289,44.51215733178399],[11.430447854556837,44.51209532226488],[11.430478106638626,44.51203012983947],[11.430503480193519,44.51196864230249],[11.430525071417426,44.51190696521921],[11.430542753049046,44.5118571647203],[11.430561078213012,44.511792586331254],[11.430574523796242,44.511728660996354],[11.430586705180861,44.51167366610177],[11.430599798721568,44.51160127685791],[11.430611250849626,44.51151694916948],[11.430619132925615,44.511455383928826],[11.43062213276047,44.511412557930214],[11.430632173990649,44.511328188260144],[11.43063319434431,44.51128223551262],[11.430633043064859,44.511236244695354],[11.430634550377418,44.5111575302932],[11.430635155968247,44.511102511803685],[11.430631325351136,44.511055780099724],[11.43062781113058,44.51102875724782],[11.430618436232647,44.510960339418816],[11.430606764968417,44.510900838000275],[11.430599239782842,44.51084392205404],[11.430586409050317,44.51078648890088],[11.430571012906196,44.51072514924833],[11.430562656516129,44.51066942132903],[11.430553439532565,44.510638378728274],[11.430537276343589,44.510585517802284],[11.430519979322437,44.51052656828242],[11.430502464229807,44.510468424629934],[11.430487123343967,44.51042474679588],[11.430460877525633,44.51036389021194],[11.43043383417315,44.51030351873525],[11.430412697090556,44.510255084918356],[11.430387389933754,44.51020620873393],[11.430358369877773,44.51015578213381],[11.43032633913705,44.51010253880931],[11.430300104704488,44.51005556388068],[11.43026174658372,44.509998404102696],[11.430217282852306,44.50994659578144],[11.430168511987851,44.50989830911279],[11.430130453277435,44.50984834495799],[11.429955618406128,44.50962233075577],[11.429886056750442,44.50953693689673],[11.429808359463713,44.50945738778249],[11.42963543296519,44.509283277193276],[11.429513432949015,44.509172090600934],[11.429390389157973,44.50906604854422],[11.42935945668145,44.509042219919706],[11.429292578079062,44.50899077123904],[11.430453032371119,44.50856079158383],[11.431055997087553,44.509321874248464],[11.431229989857588,44.50954147688253],[11.431230016493478,44.50954151232543],[11.43173436347533,44.51019667005309],[11.431734390111835,44.51019670549585],[11.431768623795298,44.51024117801815],[11.431768650431845,44.5102412134609],[11.43201512020046,44.51056554595122],[11.43201514683731,44.51056558139391],[11.432203681513316,44.510813680836506],[11.432203708150398,44.51081371627915],[11.43246455307383,44.5111867783686],[11.432464580085592,44.51118682280573],[11.432594593901987,44.51140174287089],[11.432594620913955,44.511401787308],[11.432884803681947,44.511894065139636],[11.432884830694377,44.511894109576666],[11.432980661905106,44.512047018946134],[11.433213294487244,44.512418195867475],[11.433213321125704,44.512418231309844],[11.433410250444167,44.51270993814136],[11.433512477237912,44.51286136932201],[11.43351250425129,44.51286141375885],[11.433681746362923,44.513112073569985],[11.433681773001997,44.51311210901222],[11.433714394127367,44.51315977520436],[11.432605790860062,44.513521559831425],[11.426985778684942,44.5153567782567],[11.426985831210153,44.5153568311552],[11.428677661608049,44.51748526632619],[11.429511636417743,44.51853428449348],[11.429511690070127,44.518534364374425],[11.430379742446197,44.519619011963094],[11.430311762352927,44.51969599066704],[11.430309768578915,44.519698274749175],[11.43000993407153,44.5198254902277],[11.429970128201761,44.51984199304034],[11.429194029456426,44.52014459472383],[11.428719373898423,44.520342064845835],[11.42806529332656,44.520612552257724],[11.427566198156807,44.52080771063292],[11.427328893339505,44.520419778237006],[11.427287002398522,44.52035128645239],[11.426799614378348,44.519580147853034],[11.426794206945628,44.51957144032499],[11.426473136375671,44.51905020376235],[11.426464009559362,44.51905373771677],[11.426360902745436,44.519093668092964],[11.425975125432023,44.51921552474492],[11.425238043519528,44.51945681823597],[11.424736066908428,44.51962165089789],[11.424727542598319,44.51962515390959],[11.42472224729868,44.519627327974334],[11.424725824128862,44.519658940942826],[11.424738426456681,44.51984891495558],[11.42473615743803,44.519868525677175],[11.424730314112063,44.51991722751565],[11.424702506881005,44.51998851515252],[11.42468973627143,44.520020988513004],[11.424401058582623,44.520474429406086],[11.424318367394141,44.52067986815001],[11.424289392163523,44.520815521641985],[11.424274729360857,44.52103075969851],[11.424316282424689,44.521254940684585],[11.424416393515342,44.52152569041935],[11.424444108180452,44.52158769643273],[11.424444135937836,44.52158775886097],[11.424467267955974,44.52163909516432],[11.424488873860975,44.52166820960006],[11.424491716376364,44.52167211934502],[11.424687460746332,44.52193521995319],[11.424697499422297,44.52194727717499],[11.425334852670428,44.52272902112239],[11.425380514210579,44.52276710393491],[11.425381123541761,44.522767838198625],[11.425336543703885,44.52288736683803],[11.425334858597038,44.522888302895865],[11.425262464823588,44.522924986956234],[11.425217838120965,44.522947604226715],[11.425003606899551,44.52301172544452],[11.424988015916334,44.5230162788555],[11.424686149504254,44.52310128355449],[11.424455421488586,44.5231602896198],[11.424167148708708,44.52323934162322],[11.423844356698224,44.523326859073514],[11.423666915674298,44.52337789009018],[11.423012123927855,44.523549164581546],[11.422875049209221,44.52358772422998],[11.42270511521195,44.52363805425395],[11.422390836067231,44.523745552589645],[11.422035012644104,44.523865103718066],[11.421832738574015,44.523933394509605],[11.421583513720883,44.52401080127553],[11.42151423008882,44.52402424444357],[11.421416708212114,44.52402433265939],[11.421305605572208,44.524018587143296],[11.421293727200643,44.52408995914576],[11.421287673296181,44.52414428283007],[11.421280470906016,44.52422554845878],[11.42128277403643,44.52423678878572],[11.421282757837606,44.5242370051902],[11.421282867740894,44.52423722792236],[11.421285200864512,44.524248584645996],[11.421306882838932,44.52428896023352],[11.421308237637872,44.52429189332988],[11.421324601939524,44.52431994920995],[11.421334420162797,44.52433701681033],[11.421383504099843,44.52442825161228],[11.42144527136444,44.52452794979758],[11.421524424636639,44.52465544805748],[11.421577093435292,44.52481493596722],[11.421598185157716,44.52488659882573],[11.42159514420301,44.525119549923325],[11.421593020539486,44.525153624558605],[11.421581286752447,44.525186282611386],[11.421550897469695,44.525256750961006],[11.421550405087144,44.52525731956366],[11.421528868131533,44.525307281390226],[11.421434809365268,44.525504514685785],[11.421429672500787,44.52551568776996],[11.421389741221146,44.525601572772146]]],"type":"Polygon"},"properties":{"codice_area_statistica":45,"geo_point_2d":{"lon":11.413703521666584,"lat":44.517910050512995},"area_statistica":"CAAB","cod_quar":14,"quartiere":"San Donato - San Vitale","cod_zona":"Q","zona":"San Donato"}},{"type":"Feature","geometry":{"coordinates":[[[11.399307630902397,44.54174295704178],[11.398696071417323,44.54194712239313],[11.397945466885826,44.54219676039982],[11.397861743242187,44.542224608467926],[11.397837901980493,44.54223258137667],[11.397757749789896,44.542259427085945],[11.397131526818704,44.54247063493683],[11.39675685995851,44.54260003634729],[11.396031581472567,44.54285158765741],[11.395504753588112,44.54303088383576],[11.395494276818694,44.543034479642884],[11.395445171942196,44.54297836217492],[11.395202466095787,44.542603206962845],[11.394862548583987,44.54204364867492],[11.394524407543656,44.54150268726769],[11.394505147938956,44.54150912296688],[11.394485539865672,44.54151565599779],[11.39442361270796,44.54153632844073],[11.39439887501399,44.54149512968333],[11.394312160891312,44.54128124827611],[11.39414963857348,44.54092876962017],[11.394000011528416,44.54059510560352],[11.393858877365377,44.54029078252349],[11.393600925178152,44.539801404427024],[11.39330037628166,44.53927994259271],[11.393125874421507,44.53899020903139],[11.393098480963545,44.538947427194564],[11.393019191275629,44.538823576317704],[11.392505501220418,44.53808761208642],[11.392149012230568,44.537568345827154],[11.391879357489803,44.53718531260023],[11.391545778789416,44.53672914013336],[11.391243455140227,44.536354045830194],[11.391180284242763,44.536274157378045],[11.39085546020602,44.53586338821572],[11.390756026814403,44.535737643963586],[11.389915265145696,44.53467817878179],[11.389472484440642,44.534155317991335],[11.388931683980465,44.53351872534246],[11.388619183286837,44.53316753152251],[11.388083159270133,44.53259742650344],[11.387893845043603,44.532400756568265],[11.387794134160519,44.5322971616885],[11.387590270239045,44.532084726075624],[11.387366645071808,44.53188729648903],[11.386894371830897,44.5315221274182],[11.386405160511913,44.53116979698682],[11.385919808174398,44.53081720372396],[11.385482255288338,44.530515626106116],[11.385159885410863,44.53027471183792],[11.384941862475666,44.53011270237275],[11.384833760111386,44.530016347175334],[11.384752119743087,44.529922950034404],[11.38466168805765,44.529820130787655],[11.384176938410155,44.52917651952339],[11.384038255100734,44.52901412050757],[11.382272223385046,44.52741381667155],[11.381276451448068,44.52650874584831],[11.380644686229713,44.52597114803557],[11.380455109153864,44.52581781823189],[11.379981097932523,44.52543115831341],[11.379528430173332,44.52506845736813],[11.379473000306367,44.52502405096953],[11.379120133698724,44.52472971284498],[11.379083785602969,44.52469095825716],[11.379059743765072,44.52465341459132],[11.379048151987805,44.52461999568139],[11.37903029905594,44.524588570786506],[11.378962736580766,44.524575007627625],[11.378913752342202,44.52455845552126],[11.37882359471876,44.52450516682086],[11.378747698375914,44.524447943835476],[11.378687160249227,44.52439580228648],[11.378554916870074,44.52427716766472],[11.378473402779989,44.524204037028284],[11.378214927857762,44.5239870326309],[11.377869589947299,44.523719055217164],[11.377641185103448,44.523546336788314],[11.377549435762365,44.52349097362957],[11.377458214516372,44.523450129500965],[11.377402434676837,44.523433844311974],[11.377340971336361,44.52342230476957],[11.377273412991405,44.52341529437095],[11.37720407900402,44.523415054812176],[11.37712195705018,44.5234184574684],[11.377026948412956,44.523428025079504],[11.376919135314726,44.52343557259014],[11.376860945668943,44.52343830567176],[11.376777332699199,44.523441559075174],[11.376668106383196,44.5234400432058],[11.376576859704674,44.52343815290223],[11.376489826170516,44.52343187159711],[11.376428433970737,44.52342547953589],[11.376371516194597,44.523423594592735],[11.37630704261447,44.52342033648102],[11.376229737783696,44.52341811065365],[11.376023421280538,44.52339478548996],[11.375913203552116,44.523372601690454],[11.375807761209304,44.52333849805582],[11.375690700798145,44.52329193353077],[11.375607478261312,44.52325279397897],[11.37554079982326,44.523219134719454],[11.375428550791609,44.523162143879375],[11.375029593720472,44.52288382236618],[11.374650988901816,44.522616662334286],[11.37461757152294,44.522597894005436],[11.374300836592102,44.52243707114536],[11.374214413031993,44.52238630284587],[11.374144388636457,44.52233714695769],[11.374093478750579,44.52228953803501],[11.373837275074333,44.521944469214525],[11.373753174264467,44.52187279336132],[11.373778114632676,44.521841819115785],[11.373811852433926,44.52179725712898],[11.373857692438476,44.521718242788324],[11.373938169322205,44.52158676147601],[11.373980738107825,44.521503430874176],[11.374017691587245,44.521386889615364],[11.374028329691352,44.5212866770982],[11.374017626823447,44.52120443637072],[11.373997260553677,44.52112592561006],[11.373959686511002,44.52104601721529],[11.37391533953034,44.52098027562648],[11.373849234559168,44.52089962815231],[11.372428094604834,44.51948807225087],[11.372229447455224,44.51931265379716],[11.372089102789353,44.519190353843605],[11.372006271076307,44.51910546156244],[11.371895767325169,44.51899818771052],[11.371839599362474,44.518945537552234],[11.371763095091007,44.518872054886174],[11.37185873631145,44.51883824365386],[11.372641679887064,44.51841282487398],[11.373090872643303,44.518139595708405],[11.373500606915448,44.51788228249667],[11.373828732447919,44.51765390665183],[11.374028124952787,44.51751228205025],[11.3746535480135,44.51704028716838],[11.374919172214074,44.51682688322454],[11.37505545318517,44.51671855590415],[11.375115577624832,44.51666514413706],[11.375341360739553,44.51647087935083],[11.375567585902841,44.516248525953976],[11.376113351898804,44.51573044916192],[11.376153386725822,44.51568708774792],[11.376455618888986,44.515359648034504],[11.3765986084163,44.515206049388894],[11.376663191799247,44.51513612330429],[11.376723565967996,44.515075314383445],[11.37692987090556,44.51482437577659],[11.377076408443807,44.51464175943145],[11.377120577491777,44.514587787595225],[11.377171409708982,44.51452564670399],[11.378294370577825,44.51309450816538],[11.378566378357032,44.512750587606725],[11.37907809207049,44.51208416861724],[11.379131662333087,44.51201459667318],[11.37942579758022,44.5116541522718],[11.379581435921809,44.51146275449163],[11.379947964086073,44.510997414216256],[11.380154418212685,44.51071188770853],[11.38036719337145,44.51041511084485],[11.380473241279073,44.510247126270436],[11.380561254661544,44.51009939534823],[11.380642536618529,44.509926021409925],[11.380692758799325,44.509823452136146],[11.380758392347825,44.50969431895398],[11.380781660492476,44.509650918461396],[11.380939444463316,44.50972028719866],[11.38110786557578,44.50979505143082],[11.381657682680295,44.510031745850625],[11.381986118893932,44.51017124744272],[11.382082729506378,44.510210796241026],[11.382747268944996,44.5105218831426],[11.382864077267882,44.51057603494338],[11.382936886531773,44.51061683607393],[11.383584997046942,44.510974021028744],[11.384286098985495,44.511395760097734],[11.384405349462469,44.511466829120835],[11.385083824645076,44.511877656645055],[11.385429987148076,44.51208449511583],[11.3861459988307,44.512515759881666],[11.386278316403637,44.512590289841995],[11.38668467590105,44.512855318934086],[11.387223049659001,44.513198077670026],[11.387276245299251,44.513229509412675],[11.387941865648273,44.51362279058211],[11.388589153478284,44.51401767579271],[11.389135831292036,44.51433496348818],[11.389396674939373,44.51447582228113],[11.389739114612858,44.514669320693244],[11.390122159917517,44.51486438954504],[11.390581084515084,44.515096542991095],[11.390976939676603,44.51530442139139],[11.392280248736549,44.515956528428525],[11.392559005237763,44.51611197577542],[11.393157932028721,44.51640568755473],[11.393734797812913,44.516700993116444],[11.394018784608244,44.5168497103181],[11.394426020263012,44.517062973588],[11.395791260520312,44.517777911326064],[11.395901998604593,44.517838947010986],[11.396012781081819,44.51790198022138],[11.396637657747657,44.518212404811266],[11.397074120936708,44.51843741441127],[11.397571775777687,44.51869151168023],[11.39863879490863,44.5192428994837],[11.39903359677006,44.519425870836315],[11.399402747599785,44.51959329245185],[11.399570745013799,44.51966840727428],[11.399883529454602,44.519801272107046],[11.399985150717605,44.519842032691],[11.400082516339495,44.519874456280945],[11.400242160957598,44.51992018137833],[11.401187792516001,44.52013548489571],[11.401336545316706,44.52016874398562],[11.401439801248214,44.52019382246006],[11.401624869561982,44.52024025310852],[11.401761434771737,44.52027853040746],[11.401902152326143,44.52032047423042],[11.402072752560878,44.52038102748843],[11.40216868844984,44.52042392232946],[11.402240406153371,44.520464779038484],[11.403368934389704,44.5210537999182],[11.404553027790046,44.52170241524742],[11.404698021756671,44.52178545215094],[11.405190428570146,44.52205360749784],[11.405387682597546,44.522144562898326],[11.40566307976768,44.52227154676332],[11.406279573420354,44.52254468034998],[11.40725889373772,44.52294689015333],[11.407784082837546,44.52315104603916],[11.408282433553419,44.523305117446526],[11.408837064715863,44.52345040987647],[11.40934560187404,44.523594124805996],[11.409657969444178,44.52370148532774],[11.409872575843485,44.5237930299016],[11.410269387250667,44.52400082977346],[11.41051864945738,44.52413135154879],[11.410668511132851,44.524210622995355],[11.410987446174564,44.5243708661088],[11.41110125313418,44.524420190853604],[11.411194970694556,44.52446054119278],[11.411578861018102,44.52461849229302],[11.412028422416551,44.52479150207513],[11.412114071964886,44.52482446900971],[11.41267839504275,44.52503595861099],[11.413428617957821,44.5252916606511],[11.413688405291317,44.525387572246025],[11.414322299222365,44.525659808095355],[11.414404068029109,44.52570842977009],[11.414388391986295,44.525715225161335],[11.413972860174827,44.52589555678048],[11.413052149350943,44.526283011624436],[11.412510942247541,44.526509386786536],[11.411429808824394,44.52695535943545],[11.410809476126166,44.52720872217076],[11.41055027160103,44.52729352660213],[11.410110876866062,44.52747161127957],[11.40925007766604,44.52782569436044],[11.40830507445805,44.52821699047365],[11.407488230713993,44.52855044430937],[11.40747543941116,44.52855581852433],[11.40746426860664,44.528560510378135],[11.407906895446075,44.52908963365732],[11.408106145846377,44.52931562511031],[11.408273323951295,44.529528933109404],[11.408273473764055,44.52952920902713],[11.408417561221459,44.52972363952295],[11.408603920920488,44.53000834648958],[11.408848793787792,44.530320572440125],[11.408855289495271,44.53032885272747],[11.408860456915171,44.53033544156202],[11.40910701343417,44.530630139496566],[11.409270218096804,44.5308680617393],[11.409490257418353,44.53122520188386],[11.4101344335246,44.53232956339934],[11.411264358025461,44.534183942382526],[11.411295081679627,44.53421780004645],[11.412710509850985,44.53647862824112],[11.412830273757852,44.536654445704706],[11.413082140726617,44.537057601888414],[11.413385610597192,44.53754799920251],[11.413436150815453,44.537628493464446],[11.41343619077367,44.53762854663471],[11.413649384276773,44.537972265312995],[11.413649423863632,44.53797230948853],[11.413924385741044,44.538420492116394],[11.413924413124219,44.53842054555243],[11.41433438157033,44.53907067931964],[11.414334421158475,44.53907072349489],[11.414582079362132,44.53946715932542],[11.414582120066624,44.539467230484526],[11.414831560376733,44.539869236618514],[11.41489955556813,44.540010713083696],[11.414797801693505,44.54004212392154],[11.4142540823898,44.54021061094512],[11.41375485495403,44.540370835513585],[11.413153696057101,44.54055797876264],[11.412644423561138,44.540722912081954],[11.412117273911273,44.5408927221566],[11.411442445575426,44.54110617002305],[11.411141129761429,44.54120143496764],[11.410818094840733,44.541303909715886],[11.410187451754553,44.54150178785063],[11.409408438176834,44.54174555631869],[11.40898127220182,44.54187948196694],[11.408545613846654,44.54201752830687],[11.408031541751143,44.54218085880698],[11.407465725840938,44.542348654261225],[11.407310090084938,44.54239019732582],[11.407303368617846,44.54239204055289],[11.407295016998521,44.54239434127652],[11.407265754512224,44.54240238547295],[11.40669242091089,44.542578770983624],[11.406360949199659,44.54268704654864],[11.40635913630802,44.54268765192481],[11.406085930437195,44.54277081469637],[11.40604958502965,44.54271665646776],[11.405822405605566,44.54239061142602],[11.405413488050778,44.541827227417876],[11.405096464322785,44.541370386039574],[11.404656634485194,44.54073428003091],[11.404426308619701,44.54040785726246],[11.40374402344477,44.54059910842732],[11.402070782384403,44.54105970944654],[11.401379018881011,44.541263884468556],[11.401097450620318,44.540829062379075],[11.400990107804157,44.54066478271539],[11.40063193322049,44.54017656536193],[11.400064293128583,44.54041946150039],[11.39920736349359,44.540777888174084],[11.398749821454478,44.540977115059796],[11.398749861032412,44.540977159240676],[11.399307630902397,44.54174295704178]]],"type":"Polygon"},"properties":{"codice_area_statistica":41,"geo_point_2d":{"lon":11.394404018255463,"lat":44.527036749094236},"area_statistica":"CADRIANO-CALAMOSCO","cod_quar":14,"quartiere":"San Donato - San Vitale","cod_zona":"Q","zona":"San Donato"}},{"type":"Feature","geometry":{"coordinates":[[[11.356510364877382,44.49885685478309],[11.35639207214637,44.49978877671171],[11.356380814795493,44.499977631058464],[11.35627123504889,44.50076969791137],[11.356239594689177,44.50094751267255],[11.356319994046046,44.50099326066698],[11.357314816286078,44.50152211244064],[11.357891511471575,44.50181329153285],[11.358021137079906,44.50188465112103],[11.358373793806967,44.502065825686856],[11.358517483271221,44.50213965793884],[11.357844705947146,44.502407545865736],[11.357276531244887,44.50263391055042],[11.356523777992892,44.50293432098832],[11.355366189170661,44.50339627709856],[11.354445678369528,44.503764107369854],[11.353678227982249,44.50407357063175],[11.353592187501306,44.50410586335653],[11.3532886279562,44.50422649938541],[11.353052432188255,44.50431527234021],[11.352897334065828,44.504371773524625],[11.352668679999654,44.504447606585074],[11.352498281409435,44.50450216292035],[11.352321065114811,44.50455298838695],[11.352166831776662,44.50459537273156],[11.351973566576492,44.50464847290674],[11.351681194292649,44.50472588687959],[11.351487894846628,44.504764708860804],[11.351327168780621,44.504793947025334],[11.351181135429046,44.50481911026442],[11.351022189550399,44.50484570058758],[11.35083970616014,44.504871965187476],[11.35061888412478,44.50490304311526],[11.35042935621051,44.50493119861679],[11.35019079895954,44.504961407534076],[11.350155541276559,44.504965878487255],[11.349491766064649,44.505105803278624],[11.349013489137054,44.505202791044134],[11.348296646861039,44.50534241447294],[11.348035088243247,44.50539072808469],[11.347758082851088,44.505441906515266],[11.347391807792143,44.50550588514158],[11.347304087539408,44.50552029254777],[11.346943671868075,44.505579837018146],[11.346617977144536,44.50563595682971],[11.346256367336116,44.50569399323847],[11.345970407440893,44.505740291929236],[11.345898949443134,44.50575274358326],[11.345742841981021,44.50578122177373],[11.345731229164636,44.50574074178542],[11.345656669883002,44.505494370125184],[11.345455804229163,44.50483053371425],[11.345435897314765,44.50477301119009],[11.345413138479032,44.50470742693938],[11.345240351259264,44.50411464662123],[11.34522722659442,44.50405182624122],[11.345198662846387,44.50394720001275],[11.345169001426207,44.50383527723514],[11.345144076335327,44.50374295477317],[11.345044371261297,44.50339391174007],[11.344876392083865,44.502773394078865],[11.344704590801134,44.502181060653626],[11.344686767417837,44.5021196150699],[11.344644569479483,44.50197451406034],[11.344606645107305,44.50184312620358],[11.344599237473364,44.50181744096049],[11.344531618526664,44.501604604500315],[11.344519138668613,44.501565357517826],[11.344476497056,44.501432698102306],[11.344402657007217,44.501202407291764],[11.344272406774335,44.50075013704188],[11.344040604983226,44.49996106792788],[11.34399085761985,44.49978852874915],[11.343885007810716,44.49942138944602],[11.34378273764162,44.49906663609567],[11.343872701701464,44.49907547499056],[11.343987193523587,44.49908775330165],[11.344108432849865,44.49909200668121],[11.34417619012394,44.49909568373575],[11.344357051287083,44.499077331358635],[11.344831169396,44.499000641280375],[11.345350880412262,44.49890443118369],[11.345778623784174,44.49880842515001],[11.346364798598703,44.49858594284781],[11.346448279354162,44.49855045823881],[11.346569374385082,44.498511958722354],[11.346750358290068,44.49847729635607],[11.346981053990701,44.498388154330186],[11.347018771998233,44.498348550722376],[11.347209898498411,44.49825291168367],[11.34767475737742,44.49803420442941],[11.348025537462593,44.49785239372666],[11.348264401944235,44.49771244156489],[11.348362766884929,44.49763671392221],[11.348458871332175,44.49756327434123],[11.3485256450543,44.49752308147105],[11.348765355397695,44.49730247474335],[11.34906729179308,44.49705284107061],[11.34936212543465,44.49687850631468],[11.349495286955475,44.496808309332984],[11.349730865067992,44.49668411322186],[11.34985752563769,44.49660835099756],[11.350060080692094,44.496447743348675],[11.350090652439084,44.49642350919973],[11.350396549113714,44.49617189090715],[11.350193966498779,44.49609953992858],[11.350343457016386,44.495946236031365],[11.350563137789283,44.49603342202929],[11.350634192232214,44.49596274705656],[11.350797593644629,44.49580352949549],[11.350820050448785,44.49577550112677],[11.3513887360186,44.49523657923759],[11.351873080492652,44.49478997616053],[11.351937146960424,44.494721694982616],[11.352050313921909,44.49427150279062],[11.352035504557241,44.49419067664191],[11.351942163320075,44.49411334107637],[11.351900217972263,44.49393915003785],[11.351877614958674,44.49380806996478],[11.351818178711062,44.493561723429245],[11.351784929183271,44.49345832055593],[11.35173927016606,44.493202696544394],[11.351760809271411,44.493014881995656],[11.35172751464921,44.49283214924197],[11.351719874227909,44.492793838597194],[11.351691078201657,44.4926494721962],[11.351642844887342,44.49246273492227],[11.351606232969553,44.49234887722379],[11.351616517553683,44.49231531977704],[11.3516427653942,44.49224930324477],[11.352046885763343,44.49209525248712],[11.352698491539376,44.49184043840653],[11.353744053421021,44.49141375918218],[11.353960639887768,44.49133124071603],[11.354011253047446,44.491311957766435],[11.354142941889334,44.49126655180072],[11.35465159361239,44.49107328138831],[11.355098612990952,44.4909114929435],[11.355693216161928,44.490680011107166],[11.355921266456441,44.49059122960992],[11.355952184024162,44.49057821296309],[11.356788037719317,44.490254303965685],[11.356999080832614,44.49018580316685],[11.357087199515895,44.49020594099935],[11.357407948788257,44.490181141344785],[11.357518902224014,44.49018805960947],[11.357466164875127,44.49045102503114],[11.357452676961966,44.49057195626406],[11.357288848983709,44.49207006598502],[11.357091738406128,44.4937661270088],[11.357082234159371,44.493927262445],[11.35707302628287,44.494032089600736],[11.357060261727074,44.494276170129346],[11.356969481342528,44.49481399530872],[11.35678424351159,44.49650073539122],[11.356603221727715,44.49815934469747],[11.35665530740217,44.498363114070905],[11.356572109779131,44.498598349495516],[11.35653102230636,44.49865749839033],[11.356510364877382,44.49885685478309]]],"type":"Polygon"},"properties":{"codice_area_statistica":61,"geo_point_2d":{"lon":11.351681807342235,"lat":44.499121280453366},"area_statistica":"IRNERIO-2","cod_quar":15,"quartiere":"Santo Stefano","cod_zona":"H","zona":"Irnerio"}},{"type":"Feature","geometry":{"coordinates":[[[11.397375907933979,44.46829062546507],[11.397675321260891,44.468428432731876],[11.397689509061301,44.46843841571055],[11.398051615447384,44.46869332549617],[11.398051654236552,44.468693351689154],[11.398274134980861,44.468811329287156],[11.398400620199594,44.46894535847921],[11.398400633866544,44.46894538519988],[11.398527164875839,44.4690397117718],[11.398527191104158,44.46903973822854],[11.398672955083715,44.4691484157978],[11.398757847842482,44.46932157965375],[11.398757848948346,44.469321606638346],[11.398815895376556,44.46953022870169],[11.398815909412475,44.46953026441718],[11.398847880515433,44.469654503782905],[11.398847881621352,44.4696545307675],[11.398865436670606,44.46972273473725],[11.398865450706609,44.469722770452734],[11.398937099137529,44.469918151843935],[11.398937113173627,44.46991818755941],[11.399031763736353,44.470061896648446],[11.399031789965376,44.47006192310506],[11.399103945357526,44.4702122896822],[11.399103959393802,44.47021232539765],[11.39923071829342,44.47037223038713],[11.399230731961106,44.470372257107684],[11.399339026099478,44.47052243112818],[11.39933903976725,44.47052245784872],[11.39938095416281,44.470566877978726],[11.399380980392223,44.47056690443524],[11.399476914334842,44.47067439567661],[11.399539438357994,44.4707348392993],[11.399539477517955,44.470734874486574],[11.399569657314633,44.47076660446429],[11.399579682527266,44.470777151842874],[11.3995829804267,44.47078062054313],[11.39972822968189,44.47093116967986],[11.399728255911624,44.47093119613627],[11.399958708598389,44.47118626557706],[11.399958734828346,44.47118629203343],[11.400008507087746,44.47123191511812],[11.400008546248326,44.47123195030521],[11.400058346423538,44.47129726148436],[11.400058372653595,44.4712972879407],[11.400197992794553,44.471407389067956],[11.400205346953909,44.471413194162906],[11.400589034826824,44.47172608689863],[11.400589073988089,44.4717261220855],[11.400656816326705,44.47180736840062],[11.400656842926205,44.47180740385164],[11.400787690187217,44.47197115522609],[11.400787716786875,44.47197119067709],[11.400900451606619,44.472114508821846],[11.400900478206413,44.472114544272806],[11.401091648792665,44.47236987040245],[11.401091687954676,44.47236990558915],[11.401203636026828,44.472532928672834],[11.401203662627003,44.47253296412373],[11.40134950619495,44.472698091872395],[11.401349532795292,44.472698127323255],[11.401503148744895,44.472957051561764],[11.401503175345454,44.472957087012574],[11.401680161681144,44.47317669110116],[11.401680218942996,44.47317686094589],[11.401633524793374,44.47319406604646],[11.40129195474765,44.47331266805544],[11.400703917120131,44.47351686398721],[11.400097869531978,44.47374862341945],[11.399989114494758,44.47380019025443],[11.39968738390149,44.4739142407651],[11.399262061255403,44.4740844987314],[11.398291360480398,44.47446677463673],[11.398243407528312,44.47448522014588],[11.397971305379206,44.47459620392874],[11.397780467499809,44.47466401412636],[11.397318472223347,44.474866553257456],[11.39683628381648,44.47504153441689],[11.396415378604948,44.475197248821324],[11.396211637676009,44.47527061179406],[11.395834551486471,44.47541413296031],[11.393775676357555,44.47619165060397],[11.39345922228995,44.47631398767489],[11.392677947278523,44.476609572928076],[11.392600979670245,44.476639310306304],[11.392478369982827,44.47668690212409],[11.391986298826641,44.476876140945464],[11.391576985627108,44.477040156037816],[11.390666168428837,44.477390845570845],[11.390656158986724,44.47734804977064],[11.390640788065143,44.477311902141196],[11.390614742572756,44.47727269211125],[11.390171849111455,44.47666276754079],[11.38973525441142,44.476079690127285],[11.389314405144988,44.47549093387314],[11.388963726007958,44.47501095341423],[11.38888547039529,44.474897015672944],[11.388466445808277,44.474328815949505],[11.388371182745,44.47419490581298],[11.38805596128437,44.473765720505504],[11.388019941189052,44.473717697915546],[11.387746584234394,44.47334283990885],[11.3874277076254,44.472907346410416],[11.387030130942998,44.47235596865455],[11.386857671324128,44.4721368142648],[11.386699584863534,44.471911831491724],[11.386230760058014,44.47128395988377],[11.385909383567949,44.470835919595366],[11.385801842096697,44.4706762373183],[11.385731243138798,44.47054133227221],[11.385685995429187,44.4704460310042],[11.385639101848877,44.47031003630116],[11.385418808261925,44.46934475256067],[11.385370396785243,44.469171779703046],[11.385083422085975,44.46816400077197],[11.384921071579093,44.4674784406955],[11.384803382374503,44.466854974605674],[11.384789502952101,44.466696350390464],[11.384878240038436,44.46667614920423],[11.384901430330032,44.466631299820605],[11.38491283788834,44.46659964236206],[11.38494442485802,44.46655414940747],[11.384969809653159,44.4665357038465],[11.385342379905316,44.46638173474463],[11.38527841182594,44.46618108870377],[11.385402946495141,44.46599786693251],[11.385459881546982,44.46593552239777],[11.38553513519599,44.46600989586977],[11.38561629452413,44.466046866036756],[11.385724937705534,44.46604934889756],[11.38581808921298,44.466077344755696],[11.3859073022291,44.4661114185984],[11.385962603508457,44.466134227700394],[11.386023379651867,44.46613744968081],[11.386328917000704,44.46609211761897],[11.386598871521185,44.46604604324322],[11.386823649441203,44.46598222340253],[11.38698708296194,44.465925609594144],[11.387238975676713,44.46584697080707],[11.387480368501647,44.46576704762923],[11.387764221024597,44.46570270159435],[11.388172940173229,44.46562376912839],[11.388336949295187,44.465594878404545],[11.388632410541863,44.465558744598766],[11.388978541056403,44.46558593635356],[11.389294981796915,44.465654179239166],[11.389525100582837,44.465707762442186],[11.389692956894342,44.465773127654764],[11.389742724017523,44.465814010995906],[11.389806785595786,44.46589802368031],[11.38986755312716,44.465952153586734],[11.389929062183075,44.46597332736312],[11.390005497490625,44.466001678774425],[11.390154735019847,44.46607192542662],[11.390248438336972,44.466113383025395],[11.390302926125573,44.46616764418911],[11.390360314166472,44.46619040746067],[11.3905852754098,44.46622013155304],[11.390806420756292,44.466258919731565],[11.390957642710777,44.46627521610505],[11.391063523321987,44.46625652357329],[11.391172161319169,44.46625424797053],[11.391281789605198,44.466275907479705],[11.391368859845,44.466308527497965],[11.39144817579117,44.46635628124827],[11.391543530776982,44.46643813392369],[11.391637541747022,44.466487083110394],[11.39179814996124,44.46657955089839],[11.391945054876492,44.46669476712139],[11.392043603247595,44.46675259650143],[11.392351369958323,44.4669153510457],[11.392647838312136,44.46710829326688],[11.392885682641365,44.46724854695649],[11.39308573739349,44.467385109068644],[11.3933425770118,44.46747855510651],[11.393487713367188,44.46755038679693],[11.393818780609731,44.4677201299709],[11.393982415978442,44.46778408292136],[11.394233800847362,44.467871645598954],[11.394318071426195,44.467912559465105],[11.394447485674377,44.46796079975081],[11.394404999637352,44.467999078776394],[11.394551412425724,44.46804611614347],[11.394850637193992,44.468157998267934],[11.395123395970906,44.46823723327688],[11.395244419590902,44.46829545254979],[11.39532708599555,44.468291602327405],[11.395432387077657,44.468280813193815],[11.395559919316145,44.46824831126479],[11.395787638155419,44.46820692759018],[11.395788174970816,44.46820683530017],[11.395795899507632,44.46820543081961],[11.396029402669196,44.46816193568497],[11.39628123560591,44.46816328442087],[11.396375192857528,44.46818281027357],[11.396561320844597,44.46819971681635],[11.396996392749385,44.468237980658024],[11.397098341215626,44.46824694909805],[11.397375907933979,44.46829062546507]]],"type":"Polygon"},"properties":{"codice_area_statistica":85,"geo_point_2d":{"lon":11.392390990406179,"lat":44.471174275159385},"area_statistica":"VIA ARNO","cod_quar":16,"quartiere":"Savena","cod_zona":"N","zona":"Mazzini"}},{"type":"Feature","geometry":{"coordinates":[[[11.324806363905278,44.4846066429421],[11.322631802348672,44.4842154520321],[11.322550808182735,44.48421428211489],[11.322034264263007,44.48438797143264],[11.321747525428783,44.484411250662376],[11.321564129006907,44.48441197364939],[11.3214399768346,44.48440512674062],[11.321431357891965,44.4844452555536],[11.318857571163484,44.48466865168124],[11.318715267523313,44.4846683463018],[11.318716134277926,44.484610892105756],[11.318718112418956,44.4845719606919],[11.318721208998488,44.48453903830251],[11.318725550540497,44.48450897145744],[11.318726369351294,44.484482037049986],[11.318720444133604,44.48443724342807],[11.318712680194471,44.48440634215595],[11.318694052926647,44.48434883378595],[11.318677005772765,44.48430263659494],[11.318659046116395,44.48425879861148],[11.31864331796172,44.48422049691295],[11.318604717253757,44.48411910141305],[11.31855727860741,44.484016814092136],[11.318523541237047,44.48393341501343],[11.318494082396159,44.483865953657656],[11.318473115752331,44.48381921485766],[11.318457310313656,44.483775783217524],[11.318417705931884,44.48368395078925],[11.31838360716691,44.48359776819783],[11.318369731181862,44.483561769518374],[11.318354402118198,44.48352400882941],[11.318338432874667,44.48348913296931],[11.318323446576795,44.483456847899284],[11.318311538285847,44.48343242260781],[11.318277462784849,44.483219239798665],[11.318331977858778,44.48298856632839],[11.318348577310555,44.48286194970868],[11.318353876302778,44.48282970280108],[11.318339776592083,44.48279598631586],[11.318304369582448,44.48276277456571],[11.318256975724374,44.482734568609004],[11.31820655370809,44.4827191177968],[11.31815890019205,44.48270403386472],[11.318120112980182,44.482677228530996],[11.317947702178975,44.48267229404616],[11.317502946090075,44.482721457614254],[11.317498675272251,44.48268728941215],[11.317452219277287,44.48265639931003],[11.31734373601251,44.48262786666655],[11.317264856118928,44.48261080549145],[11.317177920492075,44.482584022921884],[11.317120445568138,44.482565428840886],[11.317048174137186,44.48253455842314],[11.316980663423179,44.482494345659134],[11.316931805047085,44.48244850576656],[11.31690423769079,44.482410642164375],[11.316877539219057,44.482356295158546],[11.316825309367418,44.48223769258128],[11.316747275543104,44.482048259022456],[11.31670711036643,44.48196344138088],[11.316654521550948,44.48187450058158],[11.31659251788214,44.48178025022366],[11.31653847013901,44.48169351760486],[11.31650990478758,44.48163043085129],[11.31649658120084,44.48156482916089],[11.316490605765766,44.48149139913538],[11.316481186440614,44.48136973101478],[11.316469296741365,44.48130191258874],[11.316452199777874,44.481257246495964],[11.316432328635042,44.481220324918354],[11.316398066218364,44.48116832791169],[11.316266713760259,44.480987664120974],[11.31614090318606,44.48083103272159],[11.316085728044866,44.48075421661277],[11.31598764515793,44.48063982986566],[11.315911773806986,44.48054366382827],[11.31588228461471,44.48049596309688],[11.315865653581852,44.48046336895565],[11.315849916472796,44.48041428190743],[11.315842569543344,44.48038369605404],[11.315843607903979,44.48029364892462],[11.315865443291395,44.4801867321275],[11.315913424091793,44.48004304041363],[11.315969112368432,44.47990029062769],[11.316018308930031,44.47974888597239],[11.316040404103124,44.47964854476899],[11.316088427521803,44.479505950424254],[11.316099366099454,44.479472247795705],[11.31613434039998,44.479441559517376],[11.31445105944189,44.47912072667561],[11.314407977360647,44.47909459230732],[11.314361676529495,44.479086267319445],[11.314321153221155,44.47907745607655],[11.31427385602244,44.47907382360634],[11.31417759057392,44.47907167895637],[11.314005747864476,44.47898957462952],[11.313939055662798,44.47898516482642],[11.313881958370107,44.47897218807541],[11.31383041653589,44.47895342704902],[11.313796280878016,44.478936023695866],[11.313759527848113,44.478906168758975],[11.313712907610366,44.47885318803955],[11.313680361198015,44.478799651979585],[11.313646762722051,44.47871187330312],[11.313628338568975,44.47866377666442],[11.313600212137441,44.4785884547114],[11.313572403694328,44.47849891118612],[11.313560193088055,44.478468351725716],[11.313553527499025,44.4784349250872],[11.313544150178291,44.47835994334505],[11.31355007249487,44.4782918806273],[11.313567552893954,44.47819175944048],[11.31357770083095,44.478124034202956],[11.313576386099482,44.478087600279046],[11.313566230281037,44.478040632428936],[11.313541348508398,44.47798694098553],[11.313523438616173,44.47793625915583],[11.32082753241882,44.478676312807394],[11.32115988719933,44.47802504969457],[11.321171794975243,44.47798859907715],[11.321222960531067,44.478019391923276],[11.321291547025055,44.47805540311801],[11.321370492762242,44.478085027825834],[11.321506724593448,44.47811556710894],[11.322059741154074,44.47825553627635],[11.322399907132098,44.47834168536855],[11.322943669639418,44.47848155942541],[11.323388238998323,44.478590446225404],[11.32357038543094,44.47863850388495],[11.3236929597369,44.47868159809846],[11.323775674107425,44.47872627780778],[11.32385124848853,44.478781140712115],[11.32393153117349,44.47884595462624],[11.324004723175133,44.47892250819517],[11.324065234327104,44.47899320711262],[11.324138149696646,44.47908051533876],[11.324226223127921,44.47917461795441],[11.324280236810669,44.47922323061022],[11.324346440230153,44.47926627450224],[11.324468146604055,44.47933305340229],[11.324625572514261,44.47941301382392],[11.323333312147598,44.4807245516733],[11.323224150040232,44.4810450064038],[11.32360240784077,44.48182074131996],[11.323766801179481,44.48214057947919],[11.323910096138517,44.48245853322654],[11.324806363905278,44.4846066429421]]],"type":"Polygon"},"properties":{"codice_area_statistica":75,"geo_point_2d":{"lon":11.320014688129554,"lat":44.48107982718315},"area_statistica":"VIA DEL GENIO","cod_quar":13,"quartiere":"Porto - Saragozza","cod_zona":"F","zona":"Costa Saragozza"}},{"type":"Feature","geometry":{"coordinates":[[[11.377141782676135,44.4708551668988],[11.376421524577362,44.47093648561201],[11.376195028017241,44.47096212261961],[11.3761444275695,44.47096779423833],[11.37607000199394,44.47097315151575],[11.376012457493264,44.470977176094635],[11.375831587982901,44.47024865015666],[11.375671717235655,44.46975178321271],[11.37557178365817,44.46942040611485],[11.375512245097303,44.46925785156608],[11.375164036702152,44.46830703897109],[11.375002464556784,44.467841076308666],[11.374615087137464,44.46674644070015],[11.374321639740941,44.46592751770378],[11.373957256488572,44.46479629176075],[11.373825957616326,44.464388160622235],[11.373373152300326,44.46334856339197],[11.37354330004848,44.46329866222182],[11.373892962805627,44.46317660789889],[11.374188277960565,44.46308115126237],[11.374746886425173,44.46290694452196],[11.374820387595705,44.4628812164022],[11.374563725747507,44.462686778434254],[11.37420371321708,44.462454616827884],[11.374148834175534,44.46239707010576],[11.374077915931359,44.46228808284303],[11.373899509354816,44.462001206382574],[11.373459947794153,44.46215425341537],[11.373166425415347,44.46216608154847],[11.37288401063915,44.46172680864114],[11.372818482905316,44.461536729927],[11.372626171729255,44.460979098434585],[11.372629941736037,44.46092571553483],[11.37262768911958,44.46087012613161],[11.372622825444703,44.46081276346426],[11.372617297901307,44.46074739325525],[11.372293003200017,44.46014009095744],[11.371876655623444,44.45913907992345],[11.371619122154172,44.459195259452486],[11.371498028211303,44.45886857609983],[11.371432207492939,44.45869216857939],[11.371420091420699,44.458660541971035],[11.371317267769676,44.45839355339406],[11.371235265216368,44.458181309327195],[11.37120869921003,44.458112558921655],[11.371181195119371,44.45804236956893],[11.37105728686824,44.45772645727615],[11.37095595610661,44.457478558911525],[11.370802638196668,44.457133476440255],[11.37077785230935,44.457081658910866],[11.37067495533115,44.45687170287606],[11.37055372664016,44.45664979381847],[11.370438268792174,44.45645894990587],[11.370415631793774,44.45642418366667],[11.370231726898231,44.45614432938544],[11.370015239153535,44.45583888158686],[11.369893536331666,44.455683096964954],[11.369807696848818,44.45557428165642],[11.369717306728974,44.45546606489476],[11.369355784656971,44.45500889820757],[11.369294994939745,44.45496029433738],[11.369199883508184,44.45486332940838],[11.368996282216921,44.45466210572933],[11.368773181603608,44.4544542012301],[11.368652008150084,44.454338384959996],[11.368578761494593,44.4542720069002],[11.368471753679275,44.45417234432632],[11.368320037355206,44.454036905466424],[11.368085951420632,44.453828876404025],[11.36797039194259,44.45372532156054],[11.36790116838502,44.45366421617291],[11.36782302929849,44.45359460812772],[11.367689063932595,44.45347535606535],[11.367406489963244,44.45322995303268],[11.36723328225697,44.453076692053756],[11.366921114623262,44.45279929393269],[11.366730434296269,44.45263036076336],[11.366887369363738,44.4525747836562],[11.36734651585453,44.45241132670533],[11.367649644612152,44.452237861044736],[11.367863605712987,44.452143540817666],[11.367945754247314,44.45211900613012],[11.368293810459726,44.4519781416252],[11.368590744011097,44.4519254103167],[11.368933724726302,44.45191828431678],[11.369395451391059,44.45195339975447],[11.369912633761283,44.452009715593746],[11.370256479940052,44.452088254745625],[11.370591749971256,44.45221168705212],[11.37114729573713,44.45230869375865],[11.37141718297824,44.45236589891074],[11.371795830812406,44.45240459399325],[11.371984273677228,44.452435698807456],[11.371614545543165,44.45151416451021],[11.371735330338662,44.45148940957178],[11.372106126028278,44.452417709283345],[11.372119571024001,44.45245269322469],[11.372389736294544,44.4524928302994],[11.372652637636644,44.4525469367574],[11.372667823885958,44.45255074432421],[11.372823179487238,44.4525900346499],[11.372828513414433,44.45259108511851],[11.372830455924554,44.45259156689418],[11.372835468613554,44.452592443987044],[11.372851685705033,44.4525956359281],[11.372858949920412,44.452596556245354],[11.37287140575056,44.45259873704754],[11.372915064286868,44.45260947894289],[11.372955855679924,44.45261801175723],[11.373057031196916,44.452638757244685],[11.373200755303335,44.45266859301244],[11.373204241195012,44.4526693217775],[11.373212353040598,44.45267099867716],[11.373216303214424,44.45267170878704],[11.373224817645948,44.45267339532153],[11.373256638160266,44.45267890058757],[11.373277185657503,44.452682569605486],[11.373388917424197,44.45270668738438],[11.373465913840265,44.452707337183625],[11.373873771588363,44.4527112260234],[11.373966376320581,44.452787488135236],[11.374088904552384,44.45294461070329],[11.374169137972771,44.45317981938275],[11.374169164547551,44.453179854840585],[11.374322536726822,44.453340359832715],[11.374322575859912,44.45334039502931],[11.374535158445601,44.45343048293945],[11.374618227018878,44.45369711452178],[11.374635796526064,44.453839665859434],[11.374536222860948,44.45427047857324],[11.374410638584978,44.45469902337648],[11.374351820577564,44.45491460846501],[11.37424379728987,44.45519537868607],[11.374145173000704,44.45535891009841],[11.374076157022593,44.45551675717786],[11.373968532493615,44.45574912967784],[11.373950003771197,44.4559509398786],[11.373911388879764,44.45619987342683],[11.373911428379232,44.45619991761857],[11.373997202672788,44.45635900186674],[11.37399721705485,44.4563590465808],[11.374156682436244,44.45643618667554],[11.374198845918137,44.456488722368015],[11.374198872494519,44.45648875782578],[11.374330310107798,44.45670822701379],[11.3743303241255,44.45670826273276],[11.37435604605818,44.456859043939474],[11.374287350749643,44.45712154901783],[11.374325945314082,44.45722090054036],[11.374305863897414,44.45740361246253],[11.37417961832382,44.45777758763824],[11.374111347849773,44.45803108111269],[11.374132354812629,44.45812292116267],[11.374132393948925,44.45812295635925],[11.37417841786014,44.458190689217986],[11.374178444437327,44.45819072467573],[11.374248488906884,44.45829378838369],[11.374248515848878,44.458293832836475],[11.374317794386203,44.45845271071906],[11.374317808404358,44.458452746437985],[11.374407864123178,44.45860105515169],[11.374407891065443,44.45860109960443],[11.374589954045879,44.45879082402711],[11.374589993182907,44.458790859223505],[11.374766589262032,44.45890309443079],[11.37512536821442,44.459052041772786],[11.375466735414417,44.459120326666635],[11.376080240466436,44.45917676159156],[11.376379401042662,44.45926955415528],[11.377014240331103,44.45934860465684],[11.377468106024542,44.45942073476052],[11.377863043233722,44.45953121740119],[11.378205817650233,44.459730561010325],[11.378404989775854,44.45982584541708],[11.378405216577526,44.459825858696895],[11.378407677691685,44.45982703177642],[11.378433321732643,44.45983943425018],[11.378442145357651,44.45984375171946],[11.378750496508506,44.45984575313619],[11.378751000350096,44.45984577864759],[11.37897127730546,44.4598918280453],[11.379080890258717,44.45994074158368],[11.37920811557621,44.4599977324009],[11.379342804085468,44.45994821950505],[11.379374757668934,44.45993647125012],[11.379422151084135,44.45994986958653],[11.379576269239312,44.45999770192765],[11.379703025191194,44.460054882028246],[11.379823779650998,44.46013171379756],[11.379958893025947,44.460226566415564],[11.380020682431597,44.460278996831626],[11.38013518556265,44.46032787941664],[11.380207198745971,44.46038009656166],[11.380322780845237,44.46045582029167],[11.380420984978109,44.460523353790364],[11.380458639239961,44.46056895911212],[11.380504412209635,44.46060462727039],[11.380550780617865,44.46065493926524],[11.380584932289068,44.46069817787578],[11.380622586794594,44.46074378313696],[11.380674969120617,44.46077443396804],[11.380762417835465,44.46082876856007],[11.380864346091373,44.460862041039476],[11.380928647804533,44.460892443153945],[11.381008532990505,44.46092862397298],[11.381057743323113,44.46095637892502],[11.381157387282338,44.46103949230024],[11.381193049603496,44.46107936824387],[11.381228601118744,44.461101682368756],[11.381260759942972,44.46112341006303],[11.381301201033978,44.461145406104755],[11.381356279775463,44.46117279543783],[11.381396133537027,44.461190239367816],[11.381474515871064,44.46122097761465],[11.381557034331943,44.46124832555372],[11.381670003114937,44.461302055002015],[11.381770658985921,44.4613191574952],[11.381872379756766,44.46136243531339],[11.381989855811952,44.4614333194227],[11.38213532884797,44.461533300825394],[11.38226747294971,44.46166498835885],[11.38237305067201,44.46174309740739],[11.382419807733523,44.46181371043707],[11.382460332370284,44.461910642150535],[11.3824981242882,44.46200065385047],[11.382613665179607,44.46226363963681],[11.38270049986602,44.46248008675058],[11.38274254239344,44.46273413643034],[11.382878299559671,44.462954801740864],[11.382950254718926,44.463105209925615],[11.38298325810544,44.46319705891406],[11.383013954419901,44.46329244906983],[11.383066100943903,44.46355502021328],[11.383126206762817,44.46377377145644],[11.383180018947684,44.46395772388886],[11.383225349215497,44.46405281746501],[11.383274119736395,44.464112909033354],[11.383450120761424,44.464243679493414],[11.383541155905537,44.4643238465757],[11.383652750108796,44.46442976390497],[11.383675511519197,44.46450960998394],[11.383689968444223,44.46456518735777],[11.383814018722472,44.464677830454804],[11.383946316038445,44.46481300578964],[11.384017871380507,44.4648935792929],[11.384107060637406,44.464928375258104],[11.384144246565432,44.464948754771086],[11.384226770549153,44.46499397984204],[11.38426378521309,44.46506478655677],[11.38431593939854,44.46508814833549],[11.38443702012448,44.465127517443676],[11.384566193508721,44.46518593796334],[11.38473167169638,44.46529771464652],[11.384802576376938,44.465362582672654],[11.38490744622434,44.46548262029929],[11.38504193855157,44.46567187221943],[11.385216435406015,44.465825366940635],[11.385301477174533,44.46587772270563],[11.385459881546982,44.46593552239777],[11.385402946495141,44.46599786693251],[11.38527841182594,44.46618108870377],[11.385342379905316,44.46638173474463],[11.384969809653159,44.4665357038465],[11.38494442485802,44.46655414940747],[11.38491283788834,44.46659964236206],[11.384901430330032,44.466631299820605],[11.384878240038436,44.46667614920423],[11.384789502952101,44.466696350390464],[11.384803382374503,44.466854974605674],[11.384921071579093,44.4674784406955],[11.385083422085975,44.46816400077197],[11.385370396785243,44.469171779703046],[11.384784793764187,44.46934845684443],[11.383622656317474,44.46970556488524],[11.383407832005497,44.46977281663165],[11.38260050009166,44.470034937276665],[11.382346310145799,44.47011023775161],[11.381348613792458,44.47039685718749],[11.381168251860375,44.4704349105261],[11.380943388720771,44.470463205670896],[11.380309202936228,44.47052885362402],[11.377559113553515,44.47084060587916],[11.37736279832181,44.47084194872652],[11.377141782676135,44.4708551668988]]],"type":"Polygon"},"properties":{"codice_area_statistica":89,"geo_point_2d":{"lon":11.377047179500437,"lat":44.46269862560181},"area_statistica":"CORELLI","cod_quar":16,"quartiere":"Savena","cod_zona":"R","zona":"S. Ruffillo"}},{"type":"Feature","geometry":{"coordinates":[[[11.35439040285719,44.54116983699671],[11.351653687341482,44.54210905498442],[11.351717220804671,44.54218724735426],[11.351660808678512,44.54220428998181],[11.351340504822554,44.542290110412075],[11.351237211056082,44.54230079946558],[11.35102398730388,44.54232274609125],[11.351079839405957,44.54259688382872],[11.350758795774484,44.542615946166954],[11.350665551089302,44.54262518540891],[11.350472966026928,44.542643276036756],[11.350414664362305,44.542568063117486],[11.350315751371244,44.542444937696814],[11.35022524136489,44.542287573642845],[11.350165871334564,44.54215421730146],[11.350023070628941,44.54198555117574],[11.349867858787867,44.54184408490456],[11.349687183607957,44.54172516272785],[11.349492569081988,44.541587648879734],[11.349320674412452,44.541468545392824],[11.349174649034872,44.54133632374269],[11.348976877072905,44.54112026395887],[11.34880621386919,44.54092250631362],[11.348667958956524,44.54076497106559],[11.348534346756187,44.54061362388808],[11.348360447538743,44.540444245072116],[11.348222952866449,44.54030555391856],[11.348072500201074,44.540133216634274],[11.347995489513814,44.54004429833747],[11.347969432575447,44.54001516198638],[11.347863668796908,44.53979091490784],[11.347731715896161,44.5396804130998],[11.34753811142046,44.539568046151494],[11.347313895618775,44.53945944122235],[11.347152544208724,44.539345582150794],[11.34703459236877,44.53925798214356],[11.346888212707237,44.539146425594396],[11.346816232625626,44.53909584384211],[11.346714731854865,44.53904360029665],[11.34658868952074,44.53898235449363],[11.346482314528131,44.5389550849166],[11.346248804101384,44.53889604779224],[11.346022793268343,44.53885323165236],[11.34590143687416,44.53871653764128],[11.345880194631022,44.53864334252586],[11.345797061499391,44.53845358521059],[11.345759854896588,44.53826779944668],[11.34574460312673,44.53811592515207],[11.345721969156697,44.53800838695248],[11.345729788953607,44.537918228000414],[11.345729713283804,44.53785931701909],[11.345707009383368,44.53771462681989],[11.345667007275052,44.5376209132823],[11.34559559367927,44.537565871856934],[11.345489097839883,44.53746344172671],[11.345350983139646,44.53730237949542],[11.345270585745304,44.53724301217764],[11.345135668863756,44.53710105936416],[11.345023595379843,44.53698130548143],[11.34494172938013,44.53688534581293],[11.344867100792502,44.5367874999273],[11.344818371418222,44.53672747276217],[11.344721171749624,44.536553361863234],[11.344653723229458,44.53645187536929],[11.344611650678662,44.536314991829165],[11.344590540580096,44.53621430000744],[11.344616751279418,44.53607775144117],[11.344638362572153,44.53594828329987],[11.344625468317526,44.53587008209501],[11.34460784726574,44.535795470955286],[11.344590086141892,44.53571736970736],[11.344545048674393,44.535627630257046],[11.344508983962916,44.535579550260415],[11.344435896176934,44.53552002320502],[11.344322016900348,44.535415997099435],[11.344240714005204,44.535333979261026],[11.34417953313197,44.53526723055378],[11.344118200095274,44.5351970009583],[11.3440720527012,44.535140413419235],[11.344027842988027,44.535071578640164],[11.343983843142592,44.5350079700042],[11.343941233984516,44.5349181714396],[11.343883033029531,44.534804287144624],[11.343817246300096,44.53468359061385],[11.343766142676207,44.53456433005786],[11.34372484263934,44.534446605681445],[11.343682094622082,44.53435332588324],[11.34363169078831,44.53425148879763],[11.343551464372295,44.534135382769335],[11.343487127383085,44.53402192131538],[11.343428684107908,44.53392484947503],[11.343379122720325,44.53383959564615],[11.343132667112199,44.53336978017774],[11.343089317465527,44.53327149807963],[11.343044112363843,44.53317433435209],[11.343016486876747,44.533121957482294],[11.342970946060218,44.53306222414648],[11.342913184596743,44.53298272898362],[11.342870994613792,44.53291741728135],[11.34284703474409,44.53287828888455],[11.342810150493992,44.532788363366265],[11.342787060458159,44.53268682954268],[11.342762267762197,44.53258300800314],[11.342718165639418,44.532489467525515],[11.342639031481477,44.53232548993464],[11.342603435668693,44.53225951165016],[11.342566826263994,44.53217987030142],[11.34245147223776,44.532004302380415],[11.342420094811446,44.53195280357364],[11.342338671787415,44.53181801393522],[11.342302507765995,44.53176703643223],[11.342269256589807,44.53171368549738],[11.342227171384426,44.53163462452181],[11.342184629994001,44.53153508311857],[11.342160204642145,44.531449168938565],[11.342111899829073,44.531301933290116],[11.342072812263757,44.531157632386325],[11.342050389361582,44.53108649526795],[11.342014493212321,44.53096936153402],[11.341970714562352,44.53087189800343],[11.341884682154534,44.53074292819836],[11.341686805714346,44.53057319359126],[11.343062609855348,44.530318998651076],[11.344157153941666,44.530114216562346],[11.345393532218763,44.52987668448033],[11.346055923142503,44.5297420967781],[11.346528693678888,44.52962983146324],[11.346649509717546,44.52960160061694],[11.34677436515464,44.52957085591391],[11.346929108847,44.52953193445098],[11.347073893869492,44.52949480198552],[11.347222568610428,44.529456130943416],[11.347351981713254,44.52942294222894],[11.347961127931594,44.52925485058856],[11.348463439663817,44.5291028085769],[11.348846771966492,44.52898211074968],[11.34950032541276,44.52877781617634],[11.350193846329788,44.52854918036438],[11.350859114297522,44.52833725473098],[11.350967454952546,44.52830279439944],[11.353423321349574,44.52751853604822],[11.354097414100568,44.527296020636115],[11.354186079401275,44.52726901198794],[11.354363153114047,44.527206753456234],[11.354454119374218,44.527178139702876],[11.35457977914795,44.527133235870444],[11.354739044653167,44.52707565629661],[11.354847013564125,44.52703489816599],[11.354953491556369,44.526994620817845],[11.35506568652583,44.52695287504172],[11.35519002795519,44.526906197226786],[11.355314644855596,44.52685699288086],[11.355485570485294,44.526789007807665],[11.355657219443351,44.52672055742403],[11.355793555989779,44.526665529128266],[11.355994176845785,44.526578745321046],[11.356183823457892,44.52650101016887],[11.356342028752472,44.526432827238516],[11.356526864070315,44.52635095963654],[11.356685055066253,44.52627963463769],[11.356835110581564,44.5262091075671],[11.357016316187075,44.52612776423825],[11.357104955403512,44.52608521547038],[11.35717998225843,44.52617219720821],[11.357649224501628,44.526716180822675],[11.357830734695959,44.52691705955057],[11.358037971432333,44.5271385715192],[11.358430280858645,44.52774350376071],[11.358912265342475,44.528486787033465],[11.359167006867088,44.52887405119891],[11.359321695845571,44.52883090986625],[11.359786516380783,44.529560022970124],[11.360461281263943,44.53059861233511],[11.362010687690068,44.53298331953001],[11.362064026555801,44.532974914773426],[11.362404645575273,44.53353609676346],[11.362730711303394,44.534024532386496],[11.362837729506367,44.53417568433422],[11.363030655986483,44.53452577822116],[11.363204207690869,44.534790478769196],[11.36342525379902,44.53510722960092],[11.363691140604328,44.53551927050908],[11.363913721568519,44.53588064111113],[11.363766974438278,44.53592974590373],[11.363724689899051,44.535943891228136],[11.363531819882656,44.53600840883974],[11.36348825591693,44.53602297667865],[11.363332155897416,44.536075182379086],[11.362728145912799,44.53627722521737],[11.36110259909646,44.53681388501771],[11.36079612411155,44.53693839093869],[11.360661663908697,44.537011967558925],[11.360590970737752,44.53705790197108],[11.360383682419803,44.537208380456505],[11.360212146824137,44.537371181998495],[11.36010592410454,44.53749693791335],[11.359985523581042,44.53768642764337],[11.359884895744589,44.537951273726776],[11.359726940883018,44.538312866596826],[11.35944886282021,44.53900739785242],[11.35933880169641,44.539176894604566],[11.359196029309718,44.53936299277336],[11.359024792921723,44.53953374453141],[11.358872430436913,44.53968159970087],[11.358759600010991,44.539756752649716],[11.3585986829538,44.53985801611098],[11.357614510067474,44.54052409798445],[11.356667648256188,44.54114117451529],[11.356591167031008,44.54125659935101],[11.35632358170263,44.541353372785956],[11.356141387844877,44.54136336327782],[11.356178041318737,44.54108071076722],[11.356198862313605,44.54090106779995],[11.356100495694223,44.54090151371487],[11.35591415962837,44.54090364911539],[11.3551105073571,44.54109813142559],[11.354901458890053,44.541169774101384],[11.354827918701,44.54119497683026],[11.354763039066523,44.541217066035095],[11.354703628052958,44.54123742194225],[11.35463298879543,44.54126183550042],[11.354500414045097,44.54130706200133],[11.354459675561966,44.541213609866304],[11.354434682688245,44.54115320530037],[11.35439040285719,44.54116983699671]]],"type":"Polygon"},"properties":{"codice_area_statistica":20,"geo_point_2d":{"lon":11.352946598976079,"lat":44.53430019141968},"area_statistica":"CROCE COPERTA","cod_quar":12,"quartiere":"Navile","cod_zona":"E","zona":"Corticella"}},{"type":"Feature","geometry":{"coordinates":[[[11.351306551070769,44.49145333329117],[11.351420486179252,44.49170643483977],[11.3515050704279,44.49190486499859],[11.351621846693611,44.49217884781763],[11.3516427653942,44.49224930324477],[11.351334540235722,44.492354779969844],[11.351089747585627,44.49244603972154],[11.350969350042405,44.49248993124803],[11.350868167134122,44.492526548968044],[11.35040959115188,44.492692420867435],[11.35003573337351,44.492827630582966],[11.349519244636625,44.493022248027124],[11.349279261769272,44.49311440417874],[11.348834508707505,44.493294605458146],[11.348310757156781,44.49350400506489],[11.347996899338481,44.49362456893179],[11.347907396327177,44.49365803594463],[11.347707370801329,44.493727418632226],[11.347631390586356,44.493753738342114],[11.34738142280667,44.493851722454544],[11.34682527083977,44.494057280193694],[11.346625921364737,44.494123829274564],[11.346562507274605,44.49414988995205],[11.346505163407672,44.49419150831886],[11.346428154581858,44.494259305271065],[11.346359039267528,44.49427054773622],[11.346186476503155,44.49429941880167],[11.345908164565977,44.49433777294747],[11.345406894397179,44.494422344498325],[11.34467956761162,44.49453519798767],[11.34407294324536,44.49462759919596],[11.343946736148155,44.494647601706724],[11.343612357887464,44.494699020881306],[11.34292643987055,44.4948058455621],[11.34281100291067,44.494828470582235],[11.342736342310689,44.49484857517071],[11.342677470779735,44.49487003916924],[11.342627377862984,44.494895257114884],[11.342586227909733,44.494907921966906],[11.342552464345427,44.494431135769084],[11.342528526994448,44.49427219121024],[11.342542170753582,44.49410255460046],[11.342688990620127,44.49399994602579],[11.342573672622835,44.493613526894556],[11.342323643201452,44.49359177580518],[11.342274239871735,44.49349757815454],[11.342190007018148,44.493239365792164],[11.34214027772394,44.49311660055713],[11.342079326309248,44.49292936395136],[11.342073420691463,44.49289966854893],[11.342006009918164,44.492610159995635],[11.341952900402141,44.49244190192195],[11.341901600574989,44.492260093808916],[11.341885549336839,44.49221259235589],[11.341864263489859,44.49211288425096],[11.341827488344569,44.49192065020956],[11.34181331567987,44.491807922465014],[11.34175249045882,44.49132409277607],[11.342696578401847,44.49136434600901],[11.342815574609462,44.4913720317877],[11.342961117016499,44.49137522946179],[11.343114706290073,44.491382763075244],[11.343209190686224,44.49138700843436],[11.34348370775334,44.491395813310355],[11.343679857932905,44.49140210330846],[11.344087791968658,44.49142128425462],[11.344158501722337,44.49142039940887],[11.344858821612178,44.491458330171],[11.344963612991442,44.491464613004595],[11.345612084342259,44.49150361321019],[11.345873336747946,44.49151061429616],[11.34633317947301,44.491510724292354],[11.346452403959564,44.491504330537666],[11.34682342130147,44.49150458086196],[11.347622777814813,44.49146393656534],[11.348143974763914,44.4914065112899],[11.348489962961409,44.49135099586241],[11.34886737991831,44.49125601353982],[11.348969952102642,44.4912057840963],[11.349080552500238,44.491122781979634],[11.34916110601327,44.49105417205237],[11.349323106690525,44.49091917527838],[11.349518479707399,44.490753665828635],[11.349545647691807,44.49072554072523],[11.349830431319873,44.490438347960556],[11.34990280266879,44.49036146150334],[11.349979242600496,44.490287867214164],[11.3502907381672,44.49000013238912],[11.35034690161501,44.48995058711568],[11.350413053377094,44.490031931865275],[11.35056731394324,44.49023243012874],[11.350645704307135,44.49034446462899],[11.350858811575456,44.490675098471584],[11.351055438415422,44.490975201448244],[11.351195453732235,44.491231691229586],[11.351306551070769,44.49145333329117]]],"type":"Polygon"},"properties":{"codice_area_statistica":53,"geo_point_2d":{"lon":11.346294667989035,"lat":44.492586889258966},"area_statistica":"GALVANI-1","cod_quar":15,"quartiere":"Santo Stefano","cod_zona":"G","zona":"Galvani"}},{"type":"Feature","geometry":{"coordinates":[[[11.356788037719317,44.490254303965685],[11.355952184024162,44.49057821296309],[11.355921266456441,44.49059122960992],[11.355693216161928,44.490680011107166],[11.355098612990952,44.4909114929435],[11.35465159361239,44.49107328138831],[11.354142941889334,44.49126655180072],[11.354011253047446,44.491311957766435],[11.353960639887768,44.49133124071603],[11.353744053421021,44.49141375918218],[11.352698491539376,44.49184043840653],[11.352046885763343,44.49209525248712],[11.3516427653942,44.49224930324477],[11.351621846693611,44.49217884781763],[11.3515050704279,44.49190486499859],[11.351420486179252,44.49170643483977],[11.351306551070769,44.49145333329117],[11.351195453732235,44.491231691229586],[11.351055438415422,44.490975201448244],[11.350858811575456,44.490675098471584],[11.350645704307135,44.49034446462899],[11.35056731394324,44.49023243012874],[11.350413053377094,44.490031931865275],[11.35034690161501,44.48995058711568],[11.3502907381672,44.49000013238912],[11.349979242600496,44.490287867214164],[11.34990280266879,44.49036146150334],[11.349830431319873,44.490438347960556],[11.349545647691807,44.49072554072523],[11.349518479707399,44.490753665828635],[11.349323106690525,44.49091917527838],[11.34916110601327,44.49105417205237],[11.349080552500238,44.491122781979634],[11.348969952102642,44.4912057840963],[11.34886737991831,44.49125601353982],[11.348489962961409,44.49135099586241],[11.348143974763914,44.4914065112899],[11.347622777814813,44.49146393656534],[11.34682342130147,44.49150458086196],[11.346452403959564,44.491504330537666],[11.34633317947301,44.491510724292354],[11.345873336747946,44.49151061429616],[11.345612084342259,44.49150361321019],[11.344963612991442,44.491464613004595],[11.344858821612178,44.491458330171],[11.344158501722337,44.49142039940887],[11.344087791968658,44.49142128425462],[11.343679857932905,44.49140210330846],[11.34348370775334,44.491395813310355],[11.343209190686224,44.49138700843436],[11.343114706290073,44.491382763075244],[11.342961117016499,44.49137522946179],[11.342815574609462,44.4913720317877],[11.342696578401847,44.49136434600901],[11.34175249045882,44.49132409277607],[11.34172528171825,44.49123349972013],[11.34162668843775,44.49098964348113],[11.341509038446464,44.490779937748265],[11.341478671026344,44.490728237585216],[11.341359424790122,44.490537694934176],[11.341189198988605,44.49023228935609],[11.34105956696847,44.489998080751285],[11.34083627992497,44.489682518545166],[11.34078371198264,44.48960651630229],[11.34071957974246,44.48952092032992],[11.34068572707252,44.489475746267786],[11.340300767577851,44.488930555833136],[11.340243713326528,44.488860262924156],[11.340207334953508,44.488815437579284],[11.34015215254253,44.488772123029364],[11.340055927977005,44.488724581326544],[11.339884703438331,44.48865484605037],[11.339811476982872,44.488508470404554],[11.339749664930213,44.48833869708312],[11.339715771235726,44.48813965124271],[11.339651606369557,44.487537801580736],[11.339628704476432,44.4872406361959],[11.339615573550972,44.486912319614675],[11.339603433754197,44.48670720122384],[11.339594025781333,44.48662918849606],[11.3395598787907,44.48649483139814],[11.339551143007723,44.486421360201334],[11.339711119849465,44.48640247992547],[11.34027079700049,44.48633241850107],[11.341611253194248,44.486163031103935],[11.342690249162384,44.48603911854537],[11.344104319820879,44.485868722245485],[11.344424649126502,44.48583013074662],[11.346235821176382,44.48560634087439],[11.34726710036784,44.48547998976168],[11.347453594891316,44.48548745311344],[11.347735397884012,44.485447537952815],[11.347908660567713,44.48542549210378],[11.348091406777684,44.48540223362705],[11.34899433559344,44.48529257798415],[11.34924731754194,44.48526184962573],[11.35029717898773,44.48513444950875],[11.353281198780511,44.48477617533386],[11.354117076671551,44.484662351777175],[11.35575443140123,44.48446505976661],[11.355862719151753,44.484437284647214],[11.355954725650713,44.484418352899525],[11.356025608164748,44.48440667202458],[11.356087334228151,44.484403696547695],[11.356151069801928,44.48440815171558],[11.356234418075008,44.48443246686934],[11.356299368963365,44.48445179616563],[11.356371993759653,44.48447556734592],[11.356490524365737,44.48455317164447],[11.356614703517094,44.484658918357056],[11.356661594464686,44.48474406914954],[11.356692056421757,44.48478100810015],[11.356728020236467,44.4848162309933],[11.357895746256347,44.48561317168048],[11.357945428889366,44.485657068395845],[11.357983294262498,44.48570324377663],[11.358005028373169,44.485752309097144],[11.35801675630717,44.4857980430873],[11.358013883734108,44.48584939020328],[11.35799852520464,44.48599437914129],[11.357978166747799,44.48607335630565],[11.357963762587008,44.486148114293016],[11.3578202441902,44.48737767301019],[11.357681930094918,44.48852336374057],[11.357599498487186,44.48912542195688],[11.357544942467817,44.489724230596806],[11.357551167467708,44.48991175199791],[11.357518902224014,44.49018805960947],[11.357407948788257,44.490181141344785],[11.357087199515895,44.49020594099935],[11.356999080832614,44.49018580316685],[11.356788037719317,44.490254303965685]]],"type":"Polygon"},"properties":{"codice_area_statistica":54,"geo_point_2d":{"lon":11.349303463376415,"lat":44.488199804939704},"area_statistica":"GALVANI-2","cod_quar":15,"quartiere":"Santo Stefano","cod_zona":"G","zona":"Galvani"}},{"type":"Feature","geometry":{"coordinates":[[[11.34378273764162,44.49906663609567],[11.343220956681435,44.499055104517794],[11.342774324033517,44.499052460261666],[11.342343862197973,44.49906130282988],[11.34229555486088,44.4989936493882],[11.342248853375045,44.498848324736436],[11.342080537261142,44.498865840219814],[11.342008310306968,44.49882907011524],[11.341897122719686,44.498800967515436],[11.341367489225906,44.49878708380031],[11.341215247510556,44.49879358224729],[11.34055617660953,44.498865056060495],[11.34033270433045,44.49887977472457],[11.340166480266621,44.498890492558246],[11.339942480390798,44.49889171740488],[11.339836519668255,44.49889614000305],[11.339339613880561,44.498953596668656],[11.33919712218764,44.498968328031296],[11.338936226716644,44.49899056274988],[11.338655294300795,44.499003070464205],[11.338503516033251,44.499001678539685],[11.338188691454002,44.49832451658768],[11.33791992257359,44.49773699443073],[11.337890900649414,44.49767963919583],[11.337763916401368,44.49740668878408],[11.337623636333108,44.497110090629974],[11.337541442316686,44.49694185002443],[11.337347428798441,44.496532847242776],[11.337254575019264,44.496333882800634],[11.33701608092284,44.495834629969146],[11.337133266021988,44.49579678766706],[11.33733068657739,44.49574041358507],[11.337691545049712,44.495662687161904],[11.338547076166087,44.49553149741286],[11.338600218333795,44.49552365679685],[11.339002660194414,44.49546364665363],[11.339705088334714,44.49535696631601],[11.340355366512403,44.49526317122243],[11.34055933125749,44.49523309797071],[11.34098203317741,44.49516872230505],[11.341066458151817,44.49515686304166],[11.342438615741516,44.494931774046314],[11.342586227909733,44.494907921966906],[11.342726880630783,44.49541648127777],[11.342754994001087,44.49552956192882],[11.342769123509827,44.49557269140896],[11.342913532035078,44.49613849279923],[11.34297774496993,44.496360510919516],[11.343031289964394,44.496539463545645],[11.343169810807158,44.496994608613164],[11.343184090656345,44.49703707775775],[11.343354663461943,44.49760522222098],[11.3436048349464,44.498472751468405],[11.34378273764162,44.49906663609567]]],"type":"Polygon"},"properties":{"codice_area_statistica":30,"geo_point_2d":{"lon":11.340546677281345,"lat":44.49709881025404},"area_statistica":"MARCONI-1","cod_quar":13,"quartiere":"Porto - Saragozza","cod_zona":"M","zona":"Marconi"}},{"type":"Feature","geometry":{"coordinates":[[[11.37271493320348,44.53425914708974],[11.373026174374944,44.53469584468724],[11.37336658346215,44.53518117878316],[11.373491661763214,44.535361293421545],[11.373718535351639,44.535683115522595],[11.37405927252186,44.53617622783489],[11.374121051786268,44.53626395092241],[11.373612660199342,44.53643440833083],[11.373763318637453,44.53670061302353],[11.373329363589752,44.53686836889327],[11.372247881296067,44.53730074322587],[11.371387876452573,44.537642343289704],[11.370763622477963,44.53787282003857],[11.370193557206647,44.53808640479134],[11.369892497408511,44.538183680081175],[11.369857052703738,44.5381120446615],[11.36979749871338,44.537949714181295],[11.369712531192917,44.53769493317182],[11.369616687260693,44.53740939118011],[11.36950382429059,44.53717930683189],[11.36933993859602,44.53687794612851],[11.369294411981635,44.53681527023773],[11.369156353588794,44.53662522056344],[11.368938057674168,44.53634739580201],[11.368745565353157,44.53611205823387],[11.368619300815674,44.53596661373998],[11.368515460216704,44.535839645144684],[11.368449013073837,44.53574460677985],[11.368392674797986,44.53566140401754],[11.368336210277322,44.53557477388257],[11.368299741527725,44.53550666117866],[11.368247522798054,44.53540616003916],[11.36819878301766,44.53527288051488],[11.368130426008086,44.53507112059762],[11.368078866481936,44.53492757361285],[11.367989500643876,44.53468320834319],[11.367910688491975,44.53446102236317],[11.36787517987918,44.53432746821538],[11.367776855448485,44.534400699766806],[11.36769937190184,44.53444595121504],[11.367627722302554,44.534484536768105],[11.367365228776185,44.53463181577585],[11.367093049059955,44.53476621436245],[11.366916220946578,44.534844070886685],[11.366727358117307,44.53492654288423],[11.366501925184897,44.53500979073114],[11.366137936679948,44.535137348872105],[11.365352245595664,44.535398041825836],[11.365134171372603,44.535471951903986],[11.365051866022077,44.535499854554445],[11.363913721568519,44.53588064111113],[11.363691140604328,44.53551927050908],[11.36342525379902,44.53510722960092],[11.363204207690869,44.534790478769196],[11.363030655986483,44.53452577822116],[11.362837729506367,44.53417568433422],[11.362730711303394,44.534024532386496],[11.362404645575273,44.53353609676346],[11.362064026555801,44.532974914773426],[11.362010687690068,44.53298331953001],[11.360461281263943,44.53059861233511],[11.361164476611293,44.530506161241355],[11.361365318932782,44.53048792675388],[11.361685934407715,44.53045316100927],[11.361847680993995,44.530441019012514],[11.362033927746745,44.53042661433131],[11.362548571149038,44.530387822121455],[11.3628155778437,44.5303647136867],[11.36322006811348,44.53033698493715],[11.363545798895773,44.530307383548255],[11.36365604645306,44.53029806078214],[11.363761163923625,44.53028356865473],[11.36382795634074,44.530263721339594],[11.363777686043846,44.530146054897166],[11.364115197601876,44.53004406161345],[11.364537239847232,44.52990344199188],[11.364908325781418,44.52977968495482],[11.365377727304255,44.529655662998664],[11.365884254465662,44.52953789162714],[11.366156158264848,44.52948294893694],[11.366339792168105,44.5294519907073],[11.366562517607852,44.52941643167741],[11.366858038237304,44.529405488219865],[11.366895599166616,44.52927521692959],[11.366886576357636,44.52885781237173],[11.36683969814489,44.528400024099845],[11.367136289255143,44.52853767160776],[11.367208517134243,44.52848402210122],[11.367524205025502,44.52821253038767],[11.367597353407577,44.52814869767661],[11.36773983010331,44.52822361442426],[11.367782619401579,44.52824164120009],[11.367945424546543,44.52860690896061],[11.368196143647882,44.52914769357285],[11.36849175575548,44.5297060913399],[11.368194413935871,44.529781408931456],[11.368251500812153,44.52986709003858],[11.368486680035394,44.53021996231629],[11.368510636993111,44.53026141704559],[11.368571386088078,44.53034738209965],[11.36861356790101,44.53040376295526],[11.368736662646693,44.530369879860444],[11.368777610364237,44.530358587206244],[11.36930410520653,44.53023946803718],[11.369369851343262,44.53022459058733],[11.369697846040488,44.530166197546606],[11.369787139622964,44.5301615710452],[11.369836802180357,44.53015787527782],[11.369893548204907,44.530204068514195],[11.369972979009628,44.53034221976489],[11.370234371275346,44.530762027161636],[11.370410129529475,44.53103624074655],[11.370578930999638,44.531299633436426],[11.370738007326185,44.53154912087465],[11.371230396893816,44.53231739652905],[11.37132911579101,44.53246857789309],[11.371407036670412,44.53258983470287],[11.371436406250764,44.532629060761614],[11.371459181122649,44.532654343858844],[11.371478453112294,44.53268107711142],[11.371504666832358,44.53271665967251],[11.371381430728894,44.53272947375843],[11.371749302377603,44.53290800324595],[11.371785519428569,44.53294010997815],[11.371831904934492,44.53299202704482],[11.372003365801394,44.53324374001802],[11.372082095659422,44.53335355533009],[11.372266694931993,44.53361664414381],[11.372484145689736,44.533929617075934],[11.37271493320348,44.53425914708974]]],"type":"Polygon"},"properties":{"codice_area_statistica":21,"geo_point_2d":{"lon":11.367528092134817,"lat":44.53318664077899},"area_statistica":"MULINO DEL GOMITO","cod_quar":12,"quartiere":"Navile","cod_zona":"E","zona":"Corticella"}},{"type":"Feature","geometry":{"coordinates":[[[11.40168041288781,44.47317760408167],[11.40169006698411,44.47321279020621],[11.40170153759239,44.47325333067164],[11.40170157675537,44.4732533658581],[11.401925818547909,44.47345285377802],[11.401925870642524,44.47345289769489],[11.40215135359303,44.47366359429882],[11.402151405688004,44.47366363821557],[11.402353833348368,44.47388663999254],[11.402353860319112,44.47388668443796],[11.402432429214716,44.47405941134746],[11.402432468747932,44.47405945552846],[11.402607759302617,44.47425320233751],[11.402607799205377,44.47425325551327],[11.402717006879207,44.47437169082775],[11.402791987956821,44.474453008538504],[11.402792027490582,44.47445305271938],[11.402889003838544,44.47452835277538],[11.403088256733088,44.474683081284674],[11.403088308460333,44.474683116206144],[11.403304968077459,44.47494632835963],[11.40330500798134,44.47494638153511],[11.403448338189536,44.475069913407495],[11.403448389917338,44.47506994832877],[11.403822043167946,44.47538668731592],[11.403822082703131,44.475386731496386],[11.403887257831855,44.4754438309084],[11.403887309929738,44.47544387482428],[11.403978967223424,44.47551847571824],[11.404178323248066,44.475680762308656],[11.404178374976848,44.475680797229586],[11.404223657994256,44.47570939904215],[11.404442186168518,44.47584741546952],[11.404485888785942,44.47587855318915],[11.404599648008936,44.475959178896375],[11.404696299883694,44.47602768726592],[11.404696351613088,44.476027722186586],[11.404992536097012,44.47619814946432],[11.405237589738377,44.4763488033132],[11.405237641098669,44.4763488292388],[11.405578263197224,44.47653360506358],[11.405686934335444,44.4765925506075],[11.406140642364642,44.47679003881209],[11.406627293368043,44.476948002465214],[11.406968294665104,44.47705162569116],[11.40716922098193,44.47711267567465],[11.40749846843905,44.47722670910453],[11.40758679567021,44.477270921512314],[11.407794662163326,44.47737500948097],[11.407859550505218,44.477407571565315],[11.408048551431683,44.47748891132816],[11.40822557445826,44.47761527339568],[11.408225664990798,44.47761533450392],[11.408298806864932,44.47767458596715],[11.408455479227083,44.47783438054457],[11.40845551839721,44.477834415728516],[11.40854801303968,44.47800121786381],[11.408548040017095,44.47800126230759],[11.408699719699488,44.47823095002244],[11.408699746677133,44.47823099446617],[11.408782566893834,44.478334415193466],[11.408782593871592,44.478334459637175],[11.408925768002735,44.47849066726878],[11.40898335889218,44.478530710818696],[11.40906012667848,44.478584222631],[11.409087196418243,44.47860829145238],[11.409180000828819,44.47869122732488],[11.409284048512001,44.47882062228966],[11.4094017066714,44.478967537015336],[11.409489349078616,44.479048150884914],[11.40956131234722,44.479114736509665],[11.409637308589083,44.47918459492381],[11.409761438502075,44.47930236629031],[11.409840589960805,44.47937768555301],[11.409868967650345,44.47939746834536],[11.409898692721747,44.47942187702745],[11.40993653522047,44.4794492022185],[11.409971506309708,44.47947000712087],[11.41004397895219,44.47951809935266],[11.41022951504163,44.47961490305824],[11.41039103778691,44.47974139093685],[11.410391115761549,44.479741452308524],[11.410696558399168,44.47992574020983],[11.411002234231276,44.4801156399803],[11.411242786478104,44.48026978786845],[11.411732989705682,44.480609894097206],[11.411733067312126,44.48060994647314],[11.411804967157735,44.48064254720986],[11.411806266161838,44.48064355506249],[11.411808838672092,44.48064556230388],[11.411863119597804,44.480668353325946],[11.411866040099959,44.48066965101102],[11.411912974568947,44.48069725157189],[11.411877514263303,44.48070518488443],[11.411819978764447,44.480723631496296],[11.411665622605145,44.4807864088378],[11.411481464876541,44.4808598804446],[11.411080468016499,44.48102028774335],[11.41104922275807,44.48103286713258],[11.410589882962128,44.481217533621326],[11.410234672414957,44.481362530874605],[11.409875419002312,44.48150466852195],[11.409610246706123,44.48160920485617],[11.409311341360889,44.48173129641258],[11.408950257388344,44.48187611653964],[11.408627442542077,44.48200671417081],[11.408246200132975,44.482160149773684],[11.40793693229216,44.48228388775159],[11.407585211316047,44.48242446387871],[11.40721213869402,44.48257457280024],[11.406787936449968,44.48274430388141],[11.406404086444617,44.48289877858028],[11.406114447559828,44.483016876306415],[11.405874537752553,44.48311223795977],[11.405395887942145,44.48330363730192],[11.405157167174838,44.483400448813164],[11.4048238347667,44.48353562352073],[11.40438356561679,44.48371252609421],[11.40396533945746,44.48388149960437],[11.40343490753524,44.48409531733808],[11.402852033024049,44.4843305823716],[11.40239196272877,44.48451555525587],[11.402040221128395,44.4846571949981],[11.401948478248183,44.48469413654801],[11.401401822671883,44.484914407945446],[11.401032215875027,44.48506424365388],[11.400613864458599,44.48523032665848],[11.400566529961681,44.485249327279426],[11.400134100286037,44.48542298767735],[11.399734717536269,44.485584707476576],[11.39920134677705,44.48579936849816],[11.39901875718455,44.48587289501907],[11.398678874998094,44.48601003491712],[11.398170254912065,44.486215717584095],[11.397893680864508,44.48633120625439],[11.39760156220822,44.48644516621552],[11.397113565955198,44.486643037862336],[11.396796443009864,44.486769881385364],[11.396692151726072,44.486811952574],[11.396308294091748,44.48696507901736],[11.396257930512176,44.48688932617849],[11.396240714332754,44.48686630785749],[11.39611496269507,44.48665680155215],[11.396049569603294,44.486490428950155],[11.396019008472956,44.486333183028314],[11.395972970584722,44.48605045076233],[11.395925103331797,44.48572334708819],[11.395798521362078,44.48549408813671],[11.394750389045262,44.48385015195645],[11.394709104851579,44.48378380468457],[11.394842384265601,44.483730206996924],[11.395524949384733,44.4835217981809],[11.396089997154194,44.48333893472661],[11.39710786112053,44.48301370024553],[11.398242312647724,44.482650501077394],[11.398907266163642,44.48243394355796],[11.399523231034614,44.482231996850246],[11.400019949035187,44.48208014173992],[11.400247219409893,44.48201066153324],[11.400761845634344,44.48183840486397],[11.400891814483415,44.48179477257689],[11.401275512227162,44.48167072136937],[11.401404227872598,44.481629662594166],[11.402372185068295,44.481311435693044],[11.402444494022292,44.48128673220904],[11.4027645791688,44.48117730259937],[11.402530692548567,44.48095811483599],[11.402386495187256,44.48082296882254],[11.401968332323468,44.48043504218739],[11.401646806996798,44.48013037145787],[11.401416713547457,44.47990780661369],[11.401267165981876,44.47975522565168],[11.400926421981243,44.47940274822558],[11.400841460907193,44.47930936870976],[11.400810099123118,44.479273783852044],[11.400488876027516,44.47890935319717],[11.400381577794796,44.47878760773478],[11.399882569167971,44.47817286934913],[11.399767049435834,44.47803056315316],[11.399318411050995,44.47744553418057],[11.399190522171098,44.477279936563825],[11.399010329882817,44.4770466311439],[11.398705796630571,44.47665012841011],[11.398332033083165,44.47616486431727],[11.397941950767315,44.47566015404289],[11.397716143109546,44.475373230951284],[11.39757905339185,44.47520624927399],[11.397318472223347,44.474866553257456],[11.397780467499809,44.47466401412636],[11.397971305379206,44.47459620392874],[11.398243407528312,44.47448522014588],[11.398291360480398,44.47446677463673],[11.399262061255403,44.4740844987314],[11.39968738390149,44.4739142407651],[11.399989114494758,44.47380019025443],[11.400097869531978,44.47374862341945],[11.400703917120131,44.47351686398721],[11.40129195474765,44.47331266805544],[11.401633524793374,44.47319406604646],[11.401680218942996,44.47317686094589],[11.40168041288781,44.47317760408167]]],"type":"Polygon"},"properties":{"codice_area_statistica":81,"geo_point_2d":{"lon":11.402814870979007,"lat":44.48011512486397},"area_statistica":"LUNGO SAVENA","cod_quar":16,"quartiere":"Savena","cod_zona":"N","zona":"Mazzini"}},{"type":"Feature","geometry":{"coordinates":[[[11.327715191834129,44.499060288748986],[11.32757331679935,44.499113028915154],[11.32745926089286,44.49909044428579],[11.32705588212208,44.49903838666821],[11.32693152815573,44.499114508669265],[11.326984989807844,44.498904063882456],[11.327446680346414,44.49745243804333],[11.327574954573176,44.49706535834619],[11.327610029030389,44.49695776451777],[11.327859223868773,44.496162373357414],[11.328019378254773,44.49563944216427],[11.328318730124225,44.49472387773811],[11.32862331324508,44.49378797688543],[11.329083677190525,44.49232389286201],[11.329199835257592,44.49192932504193],[11.329439547572353,44.49114537659177],[11.329450682998333,44.4911094991032],[11.329499593234566,44.49097241786549],[11.329553127682127,44.49075376878982],[11.329558712450513,44.49054979114462],[11.329545246978553,44.49047916152482],[11.329549988888141,44.49034749188259],[11.329604140265674,44.490235925005535],[11.329650983100143,44.4902004261095],[11.329721728731062,44.49015974002435],[11.329861208859885,44.490080929494205],[11.330183701531602,44.48994587107481],[11.330543687866955,44.489814709632526],[11.330733703208063,44.48974548036759],[11.331268201919613,44.48956105911553],[11.33164448919718,44.48943227107529],[11.332087821148438,44.489267866280045],[11.332350924842329,44.48916766666841],[11.333483229402303,44.488729065692375],[11.333589719865257,44.48869392132827],[11.334464825238406,44.488354987260294],[11.334590097747734,44.4883048916693],[11.335561267338344,44.48793052187152],[11.335876246562577,44.48780760150916],[11.33642206515245,44.487599499688855],[11.336974027553591,44.487387884500734],[11.337143589574273,44.4873236455814],[11.337336330305446,44.487249371067385],[11.33742662881369,44.487214500633115],[11.338121878308456,44.48694350857764],[11.339075359915492,44.486572306913146],[11.339398906234821,44.48644668053609],[11.339551143007723,44.486421360201334],[11.3395598787907,44.48649483139814],[11.339594025781333,44.48662918849606],[11.339603433754197,44.48670720122384],[11.339615573550972,44.486912319614675],[11.339628704476432,44.4872406361959],[11.339651606369557,44.487537801580736],[11.339715771235726,44.48813965124271],[11.339749664930213,44.48833869708312],[11.339811476982872,44.488508470404554],[11.339884703438331,44.48865484605037],[11.340055927977005,44.488724581326544],[11.34015215254253,44.488772123029364],[11.340207334953508,44.488815437579284],[11.340243713326528,44.488860262924156],[11.340300767577851,44.488930555833136],[11.34068572707252,44.489475746267786],[11.34071957974246,44.48952092032992],[11.34078371198264,44.48960651630229],[11.34083627992497,44.489682518545166],[11.34105956696847,44.489998080751285],[11.341189198988605,44.49023228935609],[11.341359424790122,44.490537694934176],[11.341478671026344,44.490728237585216],[11.341509038446464,44.490779937748265],[11.34162668843775,44.49098964348113],[11.34172528171825,44.49123349972013],[11.34175249045882,44.49132409277607],[11.34164621840262,44.49132007900855],[11.341091699603997,44.491311205710005],[11.34082993907943,44.49131095602797],[11.340519230854158,44.49132520421925],[11.340127100052548,44.49134732351752],[11.339990595473644,44.491354055874],[11.33990990213101,44.49138046706012],[11.339790477785062,44.491421175939806],[11.339567094136894,44.491476393928394],[11.339267189007922,44.49154443283359],[11.339004578839976,44.49160158787664],[11.338794075117383,44.49166441770664],[11.338691636163317,44.49169745833152],[11.338588098846918,44.49174235076706],[11.338396041828258,44.491834051366894],[11.338209930982883,44.491917203424805],[11.337901432921814,44.492085010379114],[11.33785300849107,44.49213214037641],[11.337810417951982,44.49216789764312],[11.33777072169948,44.49219740184087],[11.337724697057318,44.49222591029837],[11.337499320070794,44.49232956296747],[11.337305076903585,44.49242581678623],[11.33707421074893,44.49254982782364],[11.336874743950629,44.49265293979115],[11.336786207073109,44.49271889565128],[11.336691368208472,44.492804669100394],[11.336616170216967,44.492850663126106],[11.336530767367384,44.492896856974994],[11.33629041076515,44.49299967952691],[11.336155900506759,44.4930564478711],[11.335921669083804,44.49315521016231],[11.33584363290911,44.493208580857576],[11.336051944469778,44.493535271253826],[11.336409795711699,44.49433746015365],[11.336457556628377,44.49446128545456],[11.336695368239008,44.49507783020184],[11.336902805734562,44.49560992178539],[11.33701608092284,44.495834629969146],[11.336776378827595,44.49589524500232],[11.336611010584669,44.49594701892026],[11.33587983395625,44.4962005604446],[11.33492337700637,44.49652115633141],[11.334011820637599,44.496844769283975],[11.333692496304506,44.49695876161759],[11.332955968146253,44.497214680433395],[11.332629461203869,44.49732813238071],[11.332192152255232,44.49748008254532],[11.33163560877054,44.497673285629475],[11.3310196094102,44.497887136667764],[11.329887881845757,44.4982967666689],[11.329548118563805,44.498419707990585],[11.329349030213953,44.49848925539081],[11.327715191834129,44.499060288748986]]],"type":"Polygon"},"properties":{"codice_area_statistica":77,"geo_point_2d":{"lon":11.333757714727719,"lat":44.49264781892854},"area_statistica":"MALPIGHI-2","cod_quar":13,"quartiere":"Porto - Saragozza","cod_zona":"L","zona":"Malpighi"}},{"type":"Feature","geometry":{"coordinates":[[[11.31295136793129,44.510886926075],[11.312843039007197,44.51090586571409],[11.31273683691554,44.510934043807076],[11.312689925197965,44.510953206407144],[11.312545649337759,44.5110121522144],[11.312465077266058,44.510861677058244],[11.312110119304027,44.510898080335814],[11.311991555052396,44.51078167483101],[11.31183624550993,44.51060969330775],[11.311778174229515,44.510532150897305],[11.311719481233002,44.51043888455934],[11.311562403514507,44.51015279490851],[11.310830519368592,44.508735079077795],[11.310586967142331,44.50822639443012],[11.310556780250518,44.508158126769864],[11.310570773381912,44.50809487956376],[11.310599008234021,44.50804087781243],[11.310573033084529,44.508019644358384],[11.310550450219516,44.507997342951484],[11.310532303338647,44.50797396147148],[11.310508892762462,44.507951406732225],[11.310868813369893,44.5078532043573],[11.31064542607851,44.507635929900665],[11.31051026756392,44.50754854087288],[11.310378930550344,44.50742350661068],[11.310274850089218,44.50732984369511],[11.31018766810319,44.50719327454629],[11.31011256933432,44.50708040764506],[11.309945006102776,44.50679116984399],[11.309677790016082,44.506286508950836],[11.30929736687061,44.50556804879447],[11.310311463631447,44.505233150728834],[11.311440945503744,44.50484198192215],[11.313437147451125,44.50414158401568],[11.314615747494114,44.50370939886007],[11.315449594639414,44.50340408210607],[11.316585192549674,44.502989961717994],[11.317037933328963,44.502827945437325],[11.319009852601058,44.5021222711147],[11.319414848394004,44.50198546824167],[11.32083835723652,44.50148527830116],[11.320969771291438,44.501438700917014],[11.321651064649197,44.50119723476533],[11.3219611528437,44.501699033322545],[11.322033453728611,44.501785085719156],[11.32205945956071,44.50180610889755],[11.322141848366215,44.50183924593164],[11.32261140248595,44.501985194758525],[11.322459253852177,44.50225302908425],[11.322321886091414,44.502477197090656],[11.321997599436587,44.50288536272847],[11.321876752945679,44.50304352033311],[11.321662933024445,44.503323375004136],[11.321526880102796,44.50354689410294],[11.321235095367728,44.50415390258048],[11.321007650956483,44.50452549017236],[11.320682329682493,44.50496799080754],[11.320236911046068,44.50564366751904],[11.31983066028983,44.50604584056936],[11.319637207633695,44.50630718226191],[11.319191450592717,44.50722062854187],[11.318940537646755,44.50748484686606],[11.318410786123843,44.508034464874015],[11.318169682754121,44.50824357557864],[11.317543055704636,44.50870934426368],[11.317176963293223,44.50903254111728],[11.316745236638573,44.50927298485478],[11.316471612746566,44.50944842514275],[11.316020812006318,44.50981281342407],[11.315499414125389,44.51015116508579],[11.315205345413158,44.510234353597355],[11.314860114983068,44.510297998968085],[11.314545302803252,44.51035905498805],[11.314288888980782,44.510428955084315],[11.313979512332693,44.510524379176005],[11.313671776163735,44.51062154268423],[11.3133144695404,44.51074668159565],[11.313172521502889,44.51081895883783],[11.313088360511294,44.510816901133445],[11.31295136793129,44.510886926075]]],"type":"Polygon"},"properties":{"codice_area_statistica":31,"geo_point_2d":{"lon":11.315691143524798,"lat":44.50614992228936},"area_statistica":"PRATI DI CAPRARA-OSPEDALE MAGGIORE","cod_quar":13,"quartiere":"Porto - Saragozza","cod_zona":"P","zona":"Saffi"}},{"type":"Feature","geometry":{"coordinates":[[[11.313166527606427,44.490029268904905],[11.312942888075638,44.49004035424403],[11.312280599589368,44.49006032504623],[11.312405780496102,44.48978210293327],[11.312452546727533,44.489766679426914],[11.312504089601855,44.489759783624194],[11.312560678062885,44.48974054205662],[11.312601137480696,44.48973324055612],[11.312664573430308,44.4897313252513],[11.312713866131817,44.48973113685956],[11.31277389017878,44.489751076895004],[11.312819097255938,44.48975888451218],[11.312871107223387,44.489770164320696],[11.31287931415152,44.48971054490933],[11.312895892872481,44.4896622701954],[11.312915805105591,44.48960956167994],[11.312966459322777,44.4894911415263],[11.312980275564138,44.489291904242315],[11.312965977191379,44.48922450343821],[11.312944584325376,44.489131940080746],[11.312898481082664,44.48911099787784],[11.312880494490752,44.489079133010456],[11.312867948196656,44.489044907267385],[11.31290263672871,44.48890757206014],[11.312730352641585,44.48890375246217],[11.312727146807527,44.488862747569826],[11.312664874086588,44.4888482546194],[11.312530425541611,44.488817218581815],[11.312537769472058,44.48878443540136],[11.312555432628447,44.488734005146924],[11.312524053912076,44.48869581261421],[11.312206972073447,44.48864822892757],[11.312106605828506,44.48847527832804],[11.312090909383269,44.488257292285375],[11.31309782393054,44.48813190568743],[11.313123781233728,44.48811409473534],[11.313343198549262,44.488049538159906],[11.313320077002848,44.48801534671448],[11.313273933678389,44.487931675378064],[11.313223952458822,44.487843175376824],[11.313194612236291,44.48778688250667],[11.313105611746126,44.48763551574793],[11.312897869954204,44.487416757645484],[11.312808541382829,44.48726310163041],[11.312712272387143,44.48711201685106],[11.312614257347136,44.48696446936938],[11.312554557021159,44.486866749236164],[11.31247534187174,44.4867080176636],[11.312332019118644,44.48643229946415],[11.31233789123159,44.48639314525041],[11.31226023066553,44.486232986623925],[11.312235277515292,44.48618073682373],[11.312212280174675,44.486138197217926],[11.312182760430385,44.486084950586616],[11.3121561446778,44.486025631392316],[11.312137127983632,44.48596989435734],[11.312124169605449,44.48590802987929],[11.312100981475838,44.485811019383156],[11.312081400828065,44.4857056894346],[11.312057249309278,44.4855422952614],[11.312044238802281,44.485483879821864],[11.312026548198725,44.48541173117363],[11.312009126671997,44.48534384430472],[11.311995145990574,44.48529333478474],[11.311971044585169,44.485245118838826],[11.311942832941789,44.48517022139882],[11.311954764176642,44.48510109186135],[11.31202816836663,44.48508296840603],[11.312094931820067,44.48506037007244],[11.312170873246144,44.48503803593493],[11.312253136032034,44.48501305297827],[11.312335858700148,44.4849869803348],[11.31241323623515,44.4849593054116],[11.312516842391044,44.4849238970312],[11.312642132175071,44.484880307041415],[11.31277427872005,44.48483234677511],[11.312894207642998,44.48478994542993],[11.312989243449774,44.484754071077326],[11.313064057477657,44.484725187288774],[11.313166916510824,44.48469921017622],[11.313173031578,44.48461691952525],[11.313156444424543,44.484479515835794],[11.313126521998758,44.48431525751444],[11.31308069193498,44.48409406496291],[11.31304663809433,44.483973201841756],[11.312980132246011,44.483771981824574],[11.312908264593137,44.48363234016741],[11.312805213647028,44.483444419100586],[11.312790967913648,44.48342029266026],[11.312777647634974,44.48339349170072],[11.312764956368087,44.48335715324214],[11.312755170759198,44.4833163806495],[11.312748305975305,44.48327187581925],[11.312740735252838,44.483209830214335],[11.312739932091928,44.483163744155696],[11.312744027676048,44.483112427366926],[11.312754123563584,44.48305734295978],[11.312774479865912,44.483003509099895],[11.312818223315574,44.482920663158524],[11.312857385482653,44.4828510808275],[11.312879003095077,44.48280307308497],[11.312893615915502,44.4827588713207],[11.31290346147309,44.482723543681956],[11.31291114335581,44.48268533403412],[11.312913521510154,44.48264210936293],[11.312914592795979,44.482591592052955],[11.31291204310625,44.482552860494785],[11.312904119187415,44.482507647917096],[11.312895553743223,44.482471973091414],[11.312883892951767,44.482435613762746],[11.3128701102486,44.48239710979112],[11.312857448324632,44.48236150895642],[11.312845058916015,44.48233248350251],[11.312824987304044,44.48229044288039],[11.31277029579343,44.48221051848715],[11.312719992904015,44.48215285862323],[11.31266715735712,44.48209347653214],[11.31262629236301,44.482043934828795],[11.312571585166395,44.481958510063265],[11.312536546327603,44.48188870247085],[11.31250920298836,44.48182524785943],[11.312488468792727,44.481761659357964],[11.312475606854033,44.48170857947001],[11.312456879753121,44.481611775703655],[11.312445616200753,44.48153613891426],[11.312436516196644,44.48149424507425],[11.31241115399746,44.4813762305252],[11.312373577913299,44.481263207749535],[11.31233273148113,44.48115143054464],[11.312214181225434,44.48087469702048],[11.312099765876354,44.48059787961333],[11.312017610287864,44.48040456509273],[11.31196016688206,44.48038189858516],[11.311905602045623,44.48030255635637],[11.311841741078208,44.48022884893923],[11.311769567240582,44.48023372253722],[11.311762946287818,44.480294660225475],[11.311397281952814,44.48030747522652],[11.310922324289654,44.48033537531473],[11.310804074860561,44.480034840303475],[11.310773192374109,44.47994696980468],[11.310596605345687,44.47950042278274],[11.310543167890733,44.47936039749558],[11.310463054959257,44.479143480643685],[11.31042469457019,44.47914071000287],[11.310391353254019,44.47904403958832],[11.310365680020835,44.47896960345998],[11.310310757449928,44.478752761836866],[11.310865335157574,44.47871690574061],[11.310867903265324,44.47855777764784],[11.31084537654819,44.478425157080196],[11.310791611251126,44.478265035695735],[11.310851669514946,44.478241583514475],[11.31090517535589,44.47822096472752],[11.311045626673216,44.47816680656305],[11.311256395699305,44.478097144484295],[11.311223673255835,44.47805659304276],[11.311173675389853,44.47801193505347],[11.311100227028106,44.477964411832026],[11.311007989118858,44.47791391997316],[11.310906460030488,44.47786472344506],[11.31078800810015,44.47782034368182],[11.310685241945485,44.477778977260144],[11.310546178936674,44.47772497652913],[11.310411451278515,44.477661984302934],[11.310257438478954,44.4775837806796],[11.310170390795989,44.47754656098102],[11.31008196071892,44.47751381647974],[11.310028313223055,44.477494844266],[11.30993410376141,44.477473361831414],[11.30982257476933,44.477446648141665],[11.309747110880538,44.47742701890371],[11.309669969608535,44.47740407458204],[11.309615958297098,44.47737619694966],[11.309562132874012,44.477436181015335],[11.309544686094767,44.47745990476749],[11.309486726836216,44.47746644290508],[11.309449046952315,44.477477063055076],[11.30940821635542,44.4774731627023],[11.309354946073658,44.47750930552767],[11.309326400092742,44.47753599057322],[11.309293678756156,44.47756393041509],[11.30925534912568,44.4776026968039],[11.30921771433534,44.47763676776644],[11.309167191226052,44.47768199258212],[11.309083952054003,44.47772661877357],[11.309001598648027,44.47778094980756],[11.308951618953195,44.47781446014173],[11.308902230491896,44.47785020914838],[11.308846860020388,44.47789337123598],[11.308794615777177,44.47793322912938],[11.30874460139027,44.47797861451708],[11.308694623553691,44.47802397213559],[11.308605484630183,44.47810170285646],[11.308549079306632,44.478150836451576],[11.308479228008283,44.47823524407277],[11.308447568262673,44.478267483454886],[11.308408732947292,44.47830301884213],[11.308354973254353,44.47834272712456],[11.308314065151329,44.47837353300971],[11.30826891424534,44.478411536732374],[11.308217627345499,44.47845974742852],[11.308129361137471,44.47852680103715],[11.308022264563386,44.47861377095479],[11.3078902970438,44.478729781859215],[11.307841273188611,44.478781187571975],[11.307745714085984,44.478835514586],[11.307713328292426,44.47887199966589],[11.307660390929763,44.47891664242975],[11.307623894993945,44.47895572229783],[11.30729866462807,44.478774654833444],[11.307112620329939,44.4786602557021],[11.30691605215353,44.47853820065431],[11.30683945185001,44.47848911791556],[11.306812270435628,44.47847071669139],[11.306782963168462,44.4784516562146],[11.306749715150662,44.478429596467926],[11.30671110599362,44.47840295468181],[11.30667121170102,44.47837273780616],[11.306629051832777,44.47833767827687],[11.306601220853986,44.47831332139626],[11.306570084598334,44.47828581736106],[11.30654038477957,44.47825870741664],[11.306512367141368,44.47823376011318],[11.306486884772484,44.47821060711384],[11.306461996681149,44.47818785622179],[11.30643586680319,44.478163906058406],[11.306402292698813,44.4781332463019],[11.306368857499459,44.47810196254885],[11.306338958592628,44.47807713423385],[11.306302187677504,44.47805724313747],[11.306259118282277,44.478034508413366],[11.306211736957477,44.47800892593218],[11.306165889237505,44.47798396964026],[11.306132113370854,44.47796541338806],[11.306089347962086,44.47794017873524],[11.30604665210481,44.477914474525505],[11.306010497023173,44.477891699061274],[11.305983385817072,44.47786964115922],[11.30595977286072,44.47784382151568],[11.30593941392426,44.47781378593306],[11.305925275920822,44.477785902346774],[11.305914475895321,44.47776103922857],[11.305902352724578,44.47773259278901],[11.305888496683716,44.477702290802505],[11.305872808209074,44.47767111656413],[11.305858010226427,44.477634459751314],[11.305846754797239,44.4775922938033],[11.305842037034576,44.47755840423931],[11.30583981267556,44.477531630389635],[11.305838741878512,44.47750445512949],[11.305838125015766,44.47746901530554],[11.305836757192875,44.477434301856256],[11.305836288036836,44.477394951915],[11.305835815229964,44.47735072263174],[11.305832178829615,44.477313003119086],[11.30586390451649,44.477292943659556],[11.306700536909533,44.477109925172314],[11.306770221486314,44.47705442938159],[11.306799357524312,44.477039499463665],[11.306859498205238,44.47699580084081],[11.306920735390735,44.47695440270137],[11.30698687272695,44.47691291450469],[11.307057220208707,44.47687297065712],[11.30714924496582,44.476824738384416],[11.307240116958065,44.47676672549124],[11.30729667428236,44.47673420828389],[11.307340614078983,44.47670919317804],[11.307552177474003,44.476805422014664],[11.307602208884155,44.476792356175785],[11.307640374025674,44.4767634335178],[11.307666686514496,44.476718680785034],[11.30773534174574,44.47660873940582],[11.307900450791308,44.47639934972759],[11.307935568736266,44.47627499786112],[11.308025494644463,44.476277203937876],[11.308063443155682,44.47638499019073],[11.308058375153553,44.47696806581675],[11.308340180109187,44.476994534170224],[11.3085585081493,44.47669259186631],[11.308919218077572,44.47671410511518],[11.308930796048099,44.47657350221046],[11.30895446920045,44.476384760764255],[11.308978382698134,44.476240037223064],[11.309106789536814,44.47619330913409],[11.30925356474117,44.476122325399665],[11.309395101600108,44.4761238014477],[11.309485847266084,44.47616972448213],[11.309560493046115,44.47621741358812],[11.309638499607175,44.476247668609126],[11.309758166863698,44.47625827419539],[11.309834689824106,44.47625093718195],[11.309839749526889,44.476454626942704],[11.309851304054714,44.47651832069812],[11.309900598589552,44.47658280825978],[11.310125504417428,44.476527050323426],[11.31015756651315,44.476483071922615],[11.310173296590648,44.476304393839506],[11.310361751224754,44.47630057994873],[11.31056616719198,44.47629690181817],[11.310563992175267,44.47598927255097],[11.310549799139705,44.475902396523196],[11.310535050952897,44.475856871728034],[11.3105236664497,44.47579463301822],[11.310505155476871,44.475742972573876],[11.310481287488061,44.475711676429796],[11.310441440763803,44.47569285720696],[11.310387205933747,44.47568540238273],[11.310298484905285,44.47568980870931],[11.310237337533033,44.475701219145115],[11.30995502010767,44.47566831996951],[11.309893857427928,44.47560320831699],[11.309916334892248,44.47557061416601],[11.309951026476243,44.475490689190316],[11.309985343537596,44.475331197678756],[11.310125513187419,44.47533726481281],[11.310270992871525,44.475337381615276],[11.310336942938475,44.4753294750083],[11.310661181551037,44.47531913140757],[11.310861110894706,44.47531336493232],[11.311056328734526,44.47530896285778],[11.31127020918474,44.47530274217994],[11.311561750537109,44.47529574980037],[11.311822068009395,44.47529056834737],[11.31209672464913,44.4752848888191],[11.312035891189195,44.47520938262923],[11.312293377734361,44.47520543677825],[11.31260629539919,44.475201996897106],[11.312922137150798,44.47520287218265],[11.313302568636667,44.475217742187866],[11.313352373311542,44.47520759526651],[11.313281856635804,44.47503124963535],[11.313567365261601,44.47501418341793],[11.313630619780643,44.4750160343536],[11.313679053972772,44.47500334932034],[11.313686503772491,44.475035949839295],[11.313692899889507,44.475064160432666],[11.313701017780788,44.47509171494862],[11.313710027323006,44.4751192423894],[11.313718157438744,44.47514678765353],[11.313729008579141,44.47518750260641],[11.313741201819154,44.47523513137112],[11.313750258982218,44.475268950669715],[11.313756978792437,44.47530534707595],[11.31377119175493,44.475358264447316],[11.313782781164965,44.47541606039273],[11.313791378277463,44.47546336592358],[11.313810523563555,44.47551955029459],[11.313839536881733,44.47557472441172],[11.313867674446108,44.47561410768354],[11.313927995152598,44.475694700756506],[11.31397791958952,44.47575371820903],[11.314027996985068,44.4758188273073],[11.314045409482759,44.47584167407552],[11.314061148393582,44.475869893315505],[11.314071560386832,44.475898220535626],[11.314080690924225,44.475927528008185],[11.31407924263314,44.47595799519955],[11.314061386066157,44.475993557385756],[11.314039158265038,44.47603463675269],[11.314015785018368,44.476066781734644],[11.313994359237887,44.47610048069815],[11.313976121003918,44.47614197432573],[11.313970936961496,44.47617844996074],[11.313961655382826,44.47622291294637],[11.313956347080211,44.476276279999325],[11.313954423831367,44.47631954052409],[11.313952138497259,44.47637335944921],[11.313945318479853,44.476424110375106],[11.313933268717593,44.47647011489876],[11.313911103235666,44.47651086888084],[11.313887675560336,44.476541961632165],[11.313864424506535,44.47656607377451],[11.31384115682269,44.476588493758136],[11.313815574088224,44.47661119472822],[11.31378834784763,44.47663239856012],[11.313751519797705,44.47666135018905],[11.313689165783396,44.476698858494125],[11.313569783494332,44.476759110815195],[11.313424982237844,44.476839539842786],[11.313325499423632,44.47690954358012],[11.313278727487123,44.47695446013564],[11.313258076486752,44.476985829585665],[11.313253829247957,44.47702406871762],[11.31325431073355,44.477072511013965],[11.313261511737581,44.477145574326265],[11.313276739048687,44.477239099973175],[11.31329344628618,44.477297539460764],[11.313317556042543,44.47736097843081],[11.313339045593464,44.47743065528623],[11.31334777304437,44.477505749254],[11.31334382568442,44.477624411630806],[11.313349547058918,44.47773256107998],[11.313359674014649,44.47791589207117],[11.313418483350848,44.47792544941013],[11.313523438616173,44.47793625915583],[11.313541348508398,44.47798694098553],[11.313566230281037,44.478040632428936],[11.313576386099482,44.478087600279046],[11.31357770083095,44.478124034202956],[11.313567552893954,44.47819175944048],[11.31355007249487,44.4782918806273],[11.313544150178291,44.47835994334505],[11.313553527499025,44.4784349250872],[11.313560193088055,44.478468351725716],[11.313572403694328,44.47849891118612],[11.313600212137441,44.4785884547114],[11.313628338568975,44.47866377666442],[11.313646762722051,44.47871187330312],[11.313680361198015,44.478799651979585],[11.313712907610366,44.47885318803955],[11.313759527848113,44.478906168758975],[11.313796280878016,44.478936023695866],[11.31383041653589,44.47895342704902],[11.313881958370107,44.47897218807541],[11.313939055662798,44.47898516482642],[11.314005747864476,44.47898957462952],[11.31417759057392,44.47907167895637],[11.31427385602244,44.47907382360634],[11.314321153221155,44.47907745607655],[11.314361676529495,44.479086267319445],[11.314407977360647,44.47909459230732],[11.31445105944189,44.47912072667561],[11.31613434039998,44.479441559517376],[11.316099366099454,44.479472247795705],[11.316088427521803,44.479505950424254],[11.316040404103124,44.47964854476899],[11.316018308930031,44.47974888597239],[11.315969112368432,44.47990029062769],[11.315913424091793,44.48004304041363],[11.315865443291395,44.4801867321275],[11.315843607903979,44.48029364892462],[11.315842569543344,44.48038369605404],[11.315849916472796,44.48041428190743],[11.315865653581852,44.48046336895565],[11.31588228461471,44.48049596309688],[11.315911773806986,44.48054366382827],[11.31598764515793,44.48063982986566],[11.316085728044866,44.48075421661277],[11.31614090318606,44.48083103272159],[11.316266713760259,44.480987664120974],[11.316398066218364,44.48116832791169],[11.316432328635042,44.481220324918354],[11.316452199777874,44.481257246495964],[11.316469296741365,44.48130191258874],[11.316481186440614,44.48136973101478],[11.316490605765766,44.48149139913538],[11.31649658120084,44.48156482916089],[11.31650990478758,44.48163043085129],[11.31653847013901,44.48169351760486],[11.31659251788214,44.48178025022366],[11.316654521550948,44.48187450058158],[11.31670711036643,44.48196344138088],[11.316747275543104,44.482048259022456],[11.316825309367418,44.48223769258128],[11.316877539219057,44.482356295158546],[11.31690423769079,44.482410642164375],[11.316931805047085,44.48244850576656],[11.316980663423179,44.482494345659134],[11.317048174137186,44.48253455842314],[11.317120445568138,44.482565428840886],[11.317177920492075,44.482584022921884],[11.317264856118928,44.48261080549145],[11.31734373601251,44.48262786666655],[11.317452219277287,44.48265639931003],[11.317498675272251,44.48268728941215],[11.317502946090075,44.482721457614254],[11.317947702178975,44.48267229404616],[11.318120112980182,44.482677228530996],[11.31815890019205,44.48270403386472],[11.31820655370809,44.4827191177968],[11.318256975724374,44.482734568609004],[11.318304369582448,44.48276277456571],[11.318339776592083,44.48279598631586],[11.318353876302778,44.48282970280108],[11.318348577310555,44.48286194970868],[11.318331977858778,44.48298856632839],[11.318277462784849,44.483219239798665],[11.318311538285847,44.48343242260781],[11.318323446576795,44.483456847899284],[11.318338432874667,44.48348913296931],[11.318354402118198,44.48352400882941],[11.318369731181862,44.483561769518374],[11.31838360716691,44.48359776819783],[11.318417705931884,44.48368395078925],[11.318457310313656,44.483775783217524],[11.318473115752331,44.48381921485766],[11.318494082396159,44.483865953657656],[11.318523541237047,44.48393341501343],[11.31855727860741,44.484016814092136],[11.318604717253757,44.48411910141305],[11.31864331796172,44.48422049691295],[11.318659046116395,44.48425879861148],[11.318677005772765,44.48430263659494],[11.318694052926647,44.48434883378595],[11.318712680194471,44.48440634215595],[11.318720444133604,44.48443724342807],[11.318726369351294,44.484482037049986],[11.318725550540497,44.48450897145744],[11.318721208998488,44.48453903830251],[11.318718112418956,44.4845719606919],[11.318716134277926,44.484610892105756],[11.318715267523313,44.4846683463018],[11.318703852310646,44.484748071126546],[11.318700990143878,44.48479008137935],[11.318696533406564,44.48484579896993],[11.318690869517553,44.4849059613558],[11.31867139308595,44.485061831854345],[11.318651579675489,44.485279007891336],[11.318640053981902,44.48541338072525],[11.31863457438549,44.485455984291484],[11.318629581328338,44.485491826025566],[11.318621958445576,44.48553429307131],[11.318612764507858,44.48557805238985],[11.318596427465794,44.48564814535095],[11.318568404192998,44.48579779756338],[11.318552756498526,44.48592019061642],[11.318549263231514,44.48595897274071],[11.318545558876345,44.48600670773501],[11.318566256726543,44.486145323483],[11.318572930888276,44.48622265528572],[11.318610066544856,44.48634067230903],[11.318720849833449,44.48658758704306],[11.318875901381968,44.48690461492186],[11.318980260915037,44.48712584042086],[11.31903423469415,44.48725901770636],[11.319065559638226,44.4873668266264],[11.3190966800105,44.48746947220152],[11.319133565469064,44.48749801730731],[11.319122071775437,44.4875443531047],[11.319108303330578,44.48758914165347],[11.319101006194828,44.48762903636043],[11.319102706533776,44.48767192619706],[11.319131160501737,44.48771745944061],[11.319168485770824,44.48776280344611],[11.319201261964247,44.48780506194249],[11.319244743772826,44.48783756917913],[11.319281263274469,44.48786226855922],[11.319324240864336,44.48788205633856],[11.319378264099774,44.48790003522279],[11.319423529071026,44.48792136994962],[11.31948033111376,44.48795360645269],[11.31950993859738,44.48797208136621],[11.319546571638451,44.48799995627003],[11.319600260272107,44.488065628597454],[11.319670740975228,44.48816276585067],[11.319736156465021,44.48824411640736],[11.319928414623664,44.488443704057296],[11.320052844676821,44.488557227706046],[11.320128598501798,44.48861668967024],[11.32022655334885,44.488727924398646],[11.320326120885376,44.48883668655804],[11.320431509698398,44.488920987284054],[11.320537863388147,44.489029602310126],[11.32059050009119,44.48909184754967],[11.320614700885038,44.48912300870577],[11.320636688699745,44.489162740300465],[11.320643238445538,44.48919913067648],[11.32062804799226,44.48937353164305],[11.320605487253184,44.48949086194466],[11.32059217574786,44.48953922440265],[11.320020833127915,44.489406273796696],[11.319443183022567,44.48928260411926],[11.318666898900013,44.489069042171934],[11.317824642865963,44.48883257946344],[11.317737767425655,44.48882755540272],[11.317207750598712,44.48880601397902],[11.317087111057635,44.4887994871544],[11.316902333285896,44.488792038330445],[11.316705533456153,44.48879223332008],[11.316514789649169,44.48881133656382],[11.316375516228863,44.48885414322755],[11.316234721300917,44.4889255458268],[11.31568636055484,44.489218965211165],[11.315472586667322,44.4893352667624],[11.314763504268674,44.48970881473294],[11.314638412207628,44.489783362941495],[11.314414353516232,44.48989920484651],[11.31430193607525,44.489947325175315],[11.314175290172978,44.489982626058456],[11.313998002224452,44.49000913152534],[11.313764838905273,44.490010589698684],[11.313166527606427,44.490029268904905]]],"type":"Polygon"},"properties":{"codice_area_statistica":74,"geo_point_2d":{"lon":11.314150823159762,"lat":44.48291563904334},"area_statistica":"RAVONE","cod_quar":13,"quartiere":"Porto - Saragozza","cod_zona":"F","zona":"Costa Saragozza"}},{"type":"Feature","geometry":{"coordinates":[[[11.346235821176382,44.48560634087439],[11.344424649126502,44.48583013074662],[11.344104319820879,44.485868722245485],[11.342690249162384,44.48603911854537],[11.341611253194248,44.486163031103935],[11.34027079700049,44.48633241850107],[11.339711119849465,44.48640247992547],[11.339551143007723,44.486421360201334],[11.339513921852674,44.486051324113426],[11.339462034882729,44.485424915518166],[11.339459355201864,44.48539249806807],[11.339441810442485,44.485278299578994],[11.339434760650079,44.48517779501885],[11.339409418300358,44.485030239651444],[11.339371714610404,44.48478677184897],[11.339337909954226,44.48459394476052],[11.339246829357776,44.48436758634939],[11.339184328465306,44.48420338133264],[11.339174306644809,44.48416031120198],[11.339135185175046,44.483962173418696],[11.339104313295582,44.48381718897089],[11.339074624443915,44.48370210491058],[11.33907580785993,44.48359236598466],[11.339054184386798,44.48350192781591],[11.339013462787742,44.483403085421905],[11.33896807791793,44.48331939090664],[11.338936818673831,44.48325214278327],[11.338909797562884,44.48317577820799],[11.338897036738546,44.48305380236077],[11.33890018256137,44.48293526368849],[11.338921775892349,44.48288403759522],[11.338948847100246,44.48283835289275],[11.338967514045656,44.482779669578385],[11.338972815004366,44.482696169876206],[11.338956238817362,44.48264830058702],[11.338929802541307,44.482525533625086],[11.33891944673954,44.48244609979663],[11.33888527770461,44.48237871321167],[11.338853465717175,44.48231964173985],[11.338791023835828,44.48223075100835],[11.338755434024076,44.482199854025886],[11.33872774337708,44.48216177317042],[11.338645250902184,44.48202175324551],[11.338572537960886,44.48188037157907],[11.338509671617812,44.48179184948664],[11.33847663447117,44.48173388331421],[11.338429389222354,44.4816359935588],[11.338332816204248,44.481468956938784],[11.33830616501205,44.48142288738124],[11.338270718708678,44.481396191518954],[11.338204573648595,44.48136027559805],[11.338167316387723,44.48132759405567],[11.338140739292214,44.481280541657],[11.33811237071278,44.481188656973536],[11.338068118809627,44.481079425488915],[11.338011130831095,44.480936884127914],[11.337927348534762,44.48077582398124],[11.337852014776526,44.4806710460717],[11.337782951509306,44.48065711100463],[11.337776258671239,44.480525161869565],[11.337783060606835,44.480268007239154],[11.337787335080536,44.48020818742487],[11.337803762761741,44.47997794249592],[11.33780072155365,44.47992448429495],[11.337768500079617,44.47978869168536],[11.337708968041342,44.47956605205414],[11.337671301204926,44.47936854103033],[11.337648000848766,44.47923256568756],[11.337570822448946,44.47901639109014],[11.337586001753508,44.4789440504123],[11.337539952558345,44.478810845538604],[11.337280028290685,44.47861717408497],[11.337212608424807,44.47859268997418],[11.337213890968147,44.478560578426894],[11.337149355886595,44.478483964140466],[11.337115026926993,44.47839388468582],[11.337109196412175,44.47824821584462],[11.337121806061457,44.47811498918379],[11.337133792689567,44.47803038935185],[11.337153162939549,44.47793830122449],[11.337175279004327,44.47785073920275],[11.33718218837024,44.47776715257609],[11.337179351823844,44.47769266906233],[11.337120964454463,44.47751116553863],[11.337095087659455,44.47740192652161],[11.33710343444256,44.47734205034282],[11.337147591440154,44.47730263314883],[11.337195974288331,44.47730165157728],[11.33721951535442,44.47732438732363],[11.337239332938475,44.477367860285504],[11.337259003619945,44.47740796927608],[11.337277888199658,44.47743784038801],[11.337328607736653,44.477489062052065],[11.337445176665772,44.477583084162944],[11.337553923130528,44.477669190995286],[11.33763666642728,44.47773388185536],[11.337709358613623,44.47778303292567],[11.337764131608548,44.4778359268929],[11.337804808077149,44.477870537141804],[11.33783454074892,44.47788709620757],[11.3378771564699,44.477891561997666],[11.33789741107608,44.47786160963081],[11.337877890569958,44.47780607621194],[11.337823521966676,44.47769532326338],[11.337776902930399,44.47758623911333],[11.337745234339451,44.4774988691558],[11.337721498085287,44.47741774660295],[11.337713517111945,44.47734638432274],[11.337715555940731,44.47726931625843],[11.337732520860504,44.47721304464205],[11.337760749617228,44.477150105488356],[11.337799644550275,44.4770979580829],[11.33784249382828,44.477048484478814],[11.337873785608206,44.476998329288314],[11.337900293160082,44.47695651845938],[11.337930315927833,44.4769063892422],[11.337951514562613,44.47686010480136],[11.33798224503007,44.476732016491674],[11.337993253911595,44.47668686800413],[11.338045548574376,44.47666516297351],[11.338093496994848,44.476695807080446],[11.338105529986489,44.47674049264238],[11.338114816896283,44.476812746419135],[11.338120930385516,44.47690155797074],[11.338138321332272,44.47698372867796],[11.338154698827351,44.47704116296709],[11.33816636606573,44.47707669135671],[11.338185526356693,44.47710747493826],[11.338225482210486,44.47713003630635],[11.338275617125054,44.47711846733282],[11.338288260299944,44.47708244099605],[11.338294679577567,44.476986944879435],[11.338305822193261,44.47688126908897],[11.33832811950069,44.4767982944495],[11.338352063771255,44.47672444172119],[11.33837345796079,44.47665065022606],[11.338405041726007,44.476575722729855],[11.338472859295553,44.4764780506022],[11.338549841780424,44.47638570027994],[11.338593348782698,44.47632062039673],[11.338623870635596,44.47625122418786],[11.33866693810332,44.47614305778971],[11.338722648477827,44.47599887399156],[11.33877126815517,44.475901594989494],[11.33884499053738,44.475791882200745],[11.338905753026427,44.47570994687234],[11.338979597736623,44.475635080590344],[11.339037260093775,44.47557153802421],[11.339126493383029,44.47549727459895],[11.339163934150033,44.47544057418581],[11.33920480356219,44.475373711576026],[11.33931332955748,44.47526970415577],[11.339377385760306,44.47517394508581],[11.3394549499608,44.47503205885558],[11.339507302300449,44.47493195723526],[11.339556199995705,44.47484200031255],[11.339647883194987,44.474700742847816],[11.339722481401934,44.47461301390619],[11.339794249580587,44.4745501091043],[11.339859090925353,44.47449446730319],[11.340160299597523,44.47425651173835],[11.34031526787876,44.474128621629745],[11.340421826077087,44.47403933674087],[11.34047074816113,44.47398148222982],[11.340515909468953,44.47389435628953],[11.340579654371277,44.473727077156894],[11.340634808245847,44.473569147797555],[11.340665470912894,44.47343923256883],[11.340685307319129,44.473262770743176],[11.340674076814334,44.47317404620039],[11.340640577689058,44.47313714716379],[11.340559534817695,44.473095713332924],[11.340430031498409,44.473027761014215],[11.33995392906285,44.472811042420915],[11.339933225772697,44.47277341274819],[11.339953707919083,44.4727413577228],[11.339995711122697,44.47273499613602],[11.340053957727278,44.472750312953345],[11.340141003523573,44.4727815321589],[11.340300378856536,44.47282777928205],[11.340354414933005,44.47283400860269],[11.340398509157865,44.47278404035216],[11.340362685422525,44.47275313961795],[11.340280691726031,44.472719980476015],[11.340188386589517,44.472685205130034],[11.340139608861735,44.47265042867986],[11.340100667606345,44.472605385646105],[11.340079713650564,44.47256180140701],[11.340079712882739,44.47252970710458],[11.340094843817115,44.472491802017444],[11.340158334555587,44.472414392389496],[11.340228671532572,44.47234784356926],[11.34034517076838,44.472218914482724],[11.340369038742269,44.472175329638155],[11.340410819257468,44.47206719790894],[11.340430792465517,44.47203280354685],[11.340481155847899,44.47201669159702],[11.340519145144752,44.47205396676133],[11.340549283181439,44.47215145932914],[11.34060787648245,44.47215942262353],[11.340641823678842,44.47211196699543],[11.340644883635425,44.47202845902151],[11.340627991653442,44.47192611255127],[11.340612516677421,44.47189158072685],[11.340543640460576,44.471802219565284],[11.34044029231975,44.47171511356837],[11.340337758374643,44.471617547750924],[11.340293374992232,44.47156436094865],[11.340237068010168,44.47146923231413],[11.34019619042483,44.471309391639124],[11.340143698075652,44.47112821877778],[11.34015200441575,44.471103273302],[11.340155762481023,44.47106928340923],[11.340173308990238,44.47102765571791],[11.340206646377572,44.4709967145076],[11.34023666511596,44.47097867905155],[11.340335140582614,44.470943647622924],[11.340410699088746,44.47091183175285],[11.340473139347356,44.47087202939203],[11.340563522357696,44.470805042347635],[11.340583346642017,44.4708342184781],[11.340521904229641,44.471014675315864],[11.340476465089898,44.47109008558419],[11.34040460730118,44.4711566027294],[11.340382941109162,44.47119707255529],[11.340366056014911,44.47124077532447],[11.34036585900167,44.47135250182072],[11.340390077414533,44.47143371303789],[11.340413284124574,44.47148993572604],[11.340463013444351,44.471568967416616],[11.340536166275301,44.47165084079698],[11.340610831494377,44.47171267930953],[11.340723064941258,44.47178208387287],[11.34083743523744,44.47184643905339],[11.340953117813523,44.4718857579446],[11.34104274422741,44.47191393467819],[11.3410691462726,44.47193340604581],[11.341086506180957,44.47195973378045],[11.341087905431483,44.47199471625217],[11.341087502008584,44.472043095572516],[11.341073894943536,44.47216842993921],[11.341072900239903,44.47226017797354],[11.341082026046795,44.47237171326214],[11.341104567466015,44.472411276603935],[11.341165601505123,44.472423357766424],[11.341296770407695,44.4723839819443],[11.341549277723331,44.47229208061406],[11.34170511521097,44.47222885453912],[11.341906295966478,44.47213467431889],[11.342111511562534,44.47202540360257],[11.342211574323517,44.47196498663004],[11.342293873293924,44.471926603350234],[11.342338093003153,44.4719256960184],[11.342283537083842,44.47203841183993],[11.342219354541987,44.47224109021597],[11.34216423923599,44.47240330482087],[11.34212496041473,44.47255942380336],[11.342006565147045,44.47281307078967],[11.341973090540408,44.47291347949604],[11.341932055440592,44.47309265411349],[11.341916935702427,44.473250212936144],[11.341902728057448,44.473363640240485],[11.341880116902528,44.4735347666314],[11.341859101088183,44.47361190902579],[11.341858272662108,44.47372506184685],[11.341866550685976,44.473797768169035],[11.341899281754424,44.473879542612494],[11.341978201391653,44.474044759941826],[11.342087718723745,44.47423810379185],[11.342163120042317,44.47438230005027],[11.342277527598698,44.47454354809359],[11.342373036338891,44.47467522312055],[11.342415552095789,44.474733785956744],[11.34249952366911,44.47486651684888],[11.342612659846944,44.4750383596965],[11.342726023962085,44.47521619348742],[11.342849210292679,44.47542987202437],[11.342939345119012,44.47558616195164],[11.343014505275837,44.475698169234484],[11.343085138503078,44.47579571216439],[11.343223388922986,44.47597668969117],[11.343371235647064,44.476107784654985],[11.343533200479772,44.476242577743605],[11.343599224200398,44.47628526305496],[11.343662606700118,44.47633200871429],[11.343728310346448,44.476366697202714],[11.343896160491703,44.47643931395909],[11.344046635988997,44.476496280601495],[11.34419382945434,44.47654130496291],[11.34427605214478,44.47656963116578],[11.34434430513127,44.4765982622049],[11.344407768559812,44.47664700436405],[11.344456780831084,44.476684033800886],[11.344506193909039,44.47673106588444],[11.344553138009895,44.47678614297063],[11.344622352931555,44.47683877304251],[11.344708888441042,44.476905055369734],[11.344818736208433,44.47699487773865],[11.344898178939017,44.47705766855763],[11.3450290283222,44.47715697118693],[11.345139189929895,44.477241736333454],[11.345260096826523,44.47731318182213],[11.345410463212136,44.47739933534729],[11.345526503550484,44.47746228304978],[11.345626020552944,44.47750166823255],[11.345842589705018,44.477573704150295],[11.346024769492116,44.477620960028524],[11.346067276225732,44.477626460297],[11.34609184758064,44.477493842062316],[11.34610867845127,44.47743756296027],[11.346148695178538,44.47738096037718],[11.346200162301978,44.47733208974903],[11.346562576216712,44.476329213240795],[11.347628230057262,44.47671903693096],[11.348483178511621,44.47697207877586],[11.348675456912297,44.47700527665578],[11.34865393834354,44.477054657559194],[11.34862643028528,44.47709515908011],[11.34859286175342,44.47713973742578],[11.348529103242047,44.47719026641488],[11.348470884431196,44.47722969822125],[11.348389858663992,44.477286416054724],[11.348335849894521,44.47732423073941],[11.348209958837025,44.477433870439604],[11.348146971458412,44.477503946014245],[11.348091700854892,44.47757393484489],[11.348047571125775,44.47764518892413],[11.348003563647863,44.477719492354524],[11.347974616927562,44.477796546878395],[11.347950241582764,44.47784588737463],[11.347947647042979,44.47789216011776],[11.347910442601622,44.478018817777034],[11.34787723874462,44.478134247914205],[11.347837000798828,44.478239523731176],[11.34798738629217,44.478294974564626],[11.348120634202262,44.478338534172224],[11.34820623129195,44.478376889042536],[11.348285618717519,44.47842155637799],[11.34832777670996,44.478451559064695],[11.34834833835363,44.478480457563094],[11.348369951965962,44.47853556800732],[11.34838214011344,44.4785648008044],[11.348424729255266,44.47862590758696],[11.348467194069062,44.478692373460525],[11.348701551362813,44.47914221937755],[11.34893497484476,44.47963198353345],[11.349057949416695,44.47989219401129],[11.349034630683663,44.48003957833436],[11.349080256072295,44.48005568138545],[11.349120668196763,44.480073791248614],[11.349153519385897,44.48010151842783],[11.349184266311989,44.480053342944665],[11.349219459759057,44.48004357107605],[11.349516422227554,44.47980159119887],[11.349533252058942,44.479747859370526],[11.349777903088155,44.47973259671942],[11.34975286747177,44.47969940630974],[11.349764266760854,44.479663881461434],[11.349835807115705,44.479573193045184],[11.34986893999925,44.47954343259947],[11.349918659877234,44.47953061569255],[11.349948442889534,44.47950135630722],[11.349974223623121,44.47947607743211],[11.350387188557292,44.47910131347738],[11.351130779211305,44.479398256139156],[11.351218465865394,44.47944878223519],[11.351398686355465,44.479728643109375],[11.351501213930757,44.48004111810234],[11.351602092784901,44.48011699355238],[11.351705808743443,44.480169592753214],[11.351875167488796,44.48022885177918],[11.351918929930685,44.48024112995848],[11.351815925576968,44.480379560511786],[11.351578370283622,44.48070534314746],[11.351529427299702,44.480776616669864],[11.351411049378573,44.480896449071146],[11.351301948289418,44.48097803627196],[11.351234015610338,44.4810204873652],[11.351169283966135,44.481059361473385],[11.351120984993608,44.48109035291815],[11.350648312766417,44.48133257028279],[11.350223654906765,44.48154335937173],[11.34968702693111,44.48182051416789],[11.349313000683189,44.48200560855092],[11.349140315353266,44.482029868297595],[11.349086893434244,44.4821052570937],[11.349018617581475,44.48224697659145],[11.348928106265962,44.48247915257175],[11.348905797565054,44.48253833556866],[11.348886681109896,44.48258901743998],[11.3489703322504,44.482600971113676],[11.349007663700316,44.48260056303515],[11.349064156904632,44.48259507928344],[11.349109185495642,44.48258280039766],[11.349163322367993,44.482571873500696],[11.349225723207203,44.48257572082568],[11.349255768911581,44.482597428944786],[11.349277145266708,44.4826349799933],[11.349295058207785,44.48270528175023],[11.349297460914524,44.48276825049693],[11.349309941411715,44.48287863558982],[11.349318300024578,44.48295839764413],[11.3493088346582,44.48300765660729],[11.349465326480653,44.48301847992662],[11.34949749863457,44.4831463658771],[11.34944610266,44.483180778316196],[11.349442315093748,44.48322361861274],[11.349459262955707,44.48325422073558],[11.34947988018296,44.48328068716225],[11.349454745523794,44.48331865528226],[11.349687058073469,44.48391603949303],[11.349704874664505,44.48396356658314],[11.349766299063479,44.48419229158405],[11.349778215526964,44.4842366271541],[11.349892429704866,44.48453792467198],[11.349938356627971,44.48464816131248],[11.349525268834933,44.48478603157957],[11.349130706242477,44.4848190710035],[11.349060195247231,44.48483159519447],[11.349080244257411,44.48488931238937],[11.34913681859123,44.48500010446649],[11.349153381224935,44.485030498491746],[11.349216231524297,44.48518326651644],[11.34924731754194,44.48526184962573],[11.34899433559344,44.48529257798415],[11.348091406777684,44.48540223362705],[11.347908660567713,44.48542549210378],[11.347735397884012,44.485447537952815],[11.347453594891316,44.48548745311344],[11.34726710036784,44.48547998976168],[11.346235821176382,44.48560634087439]]],"type":"Polygon"},"properties":{"codice_area_statistica":51,"geo_point_2d":{"lon":11.343545817470304,"lat":44.48049484263445},"area_statistica":"SAN MICHELE IN BOSCO","cod_quar":15,"quartiere":"Santo Stefano","cod_zona":"D","zona":"Colli"}},{"type":"Feature","geometry":{"coordinates":[[[11.370607026380227,44.551663721316814],[11.368614213569929,44.55198528388721],[11.367692183920452,44.552125505117885],[11.366331959514188,44.55233481427377],[11.366003523780785,44.55238484334756],[11.365346686073128,44.552483601596606],[11.365047301271249,44.55253256680576],[11.36504711367165,44.552532597700115],[11.36485924049945,44.552563578604016],[11.3645478400221,44.552614934028746],[11.364547879582902,44.55261497822179],[11.364608808213209,44.55273443069536],[11.365115660028643,44.55377142554869],[11.36538073831553,44.5543141314078],[11.365883915163149,44.555366917107854],[11.365931329693739,44.55546779768004],[11.36597356186546,44.55555917097427],[11.36600102595987,44.55561857638682],[11.365951275166674,44.55563367848337],[11.365903109087908,44.55564873871026],[11.365518746733352,44.55577599665662],[11.364642923444302,44.556067593980096],[11.364330910505743,44.55617421883699],[11.36432238152188,44.55617720427453],[11.364238534950115,44.556205390266975],[11.364022891921088,44.55606959745554],[11.363959129402383,44.55602944343171],[11.363853776493844,44.55597367607416],[11.363729110519927,44.55590705541589],[11.363429265027428,44.55573153052743],[11.363243802621168,44.555621155583154],[11.363123928184345,44.55557581600083],[11.363034465402752,44.55556106741337],[11.362948070383645,44.555546831411654],[11.362735353152864,44.55552141827684],[11.36254748392627,44.55550673459416],[11.362293734799405,44.55547823577029],[11.362194066044971,44.555462671447266],[11.362099706306203,44.5554479334377],[11.36199489557852,44.555424778204134],[11.361884685133719,44.555384863911556],[11.361804975865516,44.55533981718178],[11.361732922595367,44.5552677215205],[11.361681125850806,44.55519339721686],[11.36155629737009,44.554986689591175],[11.361442697581499,44.55480448840967],[11.36128196292202,44.55460525713847],[11.36122143095974,44.554529411840036],[11.361221313736412,44.55452931523731],[11.361103347234792,44.55443114337413],[11.361103242591842,44.554431046511056],[11.360790140400939,44.554296867262806],[11.360613361774977,44.55422569437005],[11.360387024661712,44.55411616002903],[11.360331406904837,44.55410076347771],[11.360165788606672,44.55405490822634],[11.360028050819926,44.553976175326596],[11.359873442724043,44.55386693944654],[11.359873338084139,44.553866842582266],[11.359700576975664,44.553717479482565],[11.359700472336318,44.55371738261812],[11.359620243451864,44.55363758641824],[11.359487063987705,44.553476610775554],[11.359367219815983,44.55331535934585],[11.359279656356835,44.553173696240414],[11.359309154131731,44.553100166274355],[11.359263234227724,44.553047136340034],[11.359185706181377,44.5529325793449],[11.359091732486538,44.55282759874336],[11.359091693293225,44.552827563543325],[11.359091615270183,44.552827502138264],[11.358967355313496,44.552728881939835],[11.358967251040747,44.55272879406963],[11.35877309094468,44.55259559013132],[11.358773012558752,44.55259551973102],[11.358564388610915,44.55247605505389],[11.358327645605877,44.552381360668655],[11.357881726162656,44.5522313541307],[11.357665336098776,44.5521339873261],[11.35753542297676,44.552053964462345],[11.357371981577419,44.55190158752196],[11.357371889524707,44.5519014903954],[11.357332437476744,44.55191158671936],[11.357315490331558,44.5519159248077],[11.35731410672513,44.55191626846838],[11.357285337392105,44.55185919251997],[11.35709000496812,44.551650028739836],[11.356959754469306,44.551480545257604],[11.35682797439394,44.55134767939531],[11.356737896377197,44.55127851839391],[11.356668876373902,44.55120892257182],[11.356529790537044,44.55107125580906],[11.356581030385579,44.551024780339176],[11.35672973102772,44.55087518554732],[11.356850076600457,44.55080005059535],[11.35697828258299,44.55074030954883],[11.357175959270599,44.550673111143105],[11.357315329593066,44.550645737259494],[11.357458207196284,44.550620730452096],[11.357541807705793,44.550614619657395],[11.357611955548508,44.55061020904515],[11.357944008082912,44.550603341465205],[11.358075785248241,44.55060087139724],[11.358408835965175,44.55058100922822],[11.358715546149952,44.550538337864346],[11.358953213211095,44.55050343026663],[11.360318881056708,44.55016356015719],[11.360380029349937,44.55014738759918],[11.361151228861807,44.54994414098841],[11.36131575761714,44.54990234194307],[11.36213678996752,44.549693745602376],[11.363115511965459,44.5494434832766],[11.363253785323158,44.54939413171073],[11.36333737810082,44.54934591208829],[11.363440880613709,44.54928260608863],[11.3634994465221,44.54920798701401],[11.363560146909066,44.549101517843894],[11.363579518219408,44.54898856735992],[11.363575558705142,44.54889078305429],[11.363317189192882,44.548171907538915],[11.363200880814157,44.547843914305865],[11.362316910907378,44.54535394003304],[11.362191970609006,44.54504472346146],[11.362095410434799,44.544827087233834],[11.362006224380837,44.54464732495986],[11.361863295351046,44.54437692096377],[11.36162785327577,44.543979784829325],[11.361307863273275,44.543481894504836],[11.361134832434864,44.54320937546141],[11.360863991559558,44.54278954532097],[11.360673772640352,44.54249343433037],[11.360561069506359,44.54231900055521],[11.360287853125493,44.54189686845207],[11.359761947484742,44.5410727756205],[11.359315047843356,44.54038523606314],[11.358939763683273,44.539785753846935],[11.358872430436913,44.53968159970087],[11.359024792921723,44.53953374453141],[11.359196029309718,44.53936299277336],[11.35933880169641,44.539176894604566],[11.35944886282021,44.53900739785242],[11.359726940883018,44.538312866596826],[11.359884895744589,44.537951273726776],[11.359985523581042,44.53768642764337],[11.36010592410454,44.53749693791335],[11.360212146824137,44.537371181998495],[11.360383682419803,44.537208380456505],[11.360590970737752,44.53705790197108],[11.360661663908697,44.537011967558925],[11.36079612411155,44.53693839093869],[11.36110259909646,44.53681388501771],[11.362728145912799,44.53627722521737],[11.363332155897416,44.536075182379086],[11.36348825591693,44.53602297667865],[11.363531819882656,44.53600840883974],[11.363724689899051,44.535943891228136],[11.363766974438278,44.53592974590373],[11.363913721568519,44.53588064111113],[11.365051866022077,44.535499854554445],[11.365134171372603,44.535471951903986],[11.365352245595664,44.535398041825836],[11.366137936679948,44.535137348872105],[11.366501925184897,44.53500979073114],[11.366727358117307,44.53492654288423],[11.366916220946578,44.534844070886685],[11.367093049059955,44.53476621436245],[11.367365228776185,44.53463181577585],[11.367627722302554,44.534484536768105],[11.36769937190184,44.53444595121504],[11.367776855448485,44.534400699766806],[11.36787517987918,44.53432746821538],[11.367910688491975,44.53446102236317],[11.367989500643876,44.53468320834319],[11.368078866481936,44.53492757361285],[11.368130426008086,44.53507112059762],[11.36819878301766,44.53527288051488],[11.368247522798054,44.53540616003916],[11.368299741527725,44.53550666117866],[11.368336210277322,44.53557477388257],[11.368392674797986,44.53566140401754],[11.368449013073837,44.53574460677985],[11.368515460216704,44.535839645144684],[11.368619300815674,44.53596661373998],[11.368745565353157,44.53611205823387],[11.368938057674168,44.53634739580201],[11.369156353588794,44.53662522056344],[11.369294411981635,44.53681527023773],[11.36933993859602,44.53687794612851],[11.36950382429059,44.53717930683189],[11.369616687260693,44.53740939118011],[11.369712531192917,44.53769493317182],[11.36979749871338,44.537949714181295],[11.369857052703738,44.5381120446615],[11.369892497408511,44.538183680081175],[11.370193557206647,44.53808640479134],[11.370763622477963,44.53787282003857],[11.371387876452573,44.537642343289704],[11.372247881296067,44.53730074322587],[11.373329363589752,44.53686836889327],[11.373763318637453,44.53670061302353],[11.373612660199342,44.53643440833083],[11.374121051786268,44.53626395092241],[11.37405927252186,44.53617622783489],[11.373718535351639,44.535683115522595],[11.373491661763214,44.535361293421545],[11.37336658346215,44.53518117878316],[11.373026174374944,44.53469584468724],[11.37271493320348,44.53425914708974],[11.372484145689736,44.533929617075934],[11.372266694931993,44.53361664414381],[11.372082095659422,44.53335355533009],[11.372003365801394,44.53324374001802],[11.371831904934492,44.53299202704482],[11.371785519428569,44.53294010997815],[11.371749302377603,44.53290800324595],[11.371381430728894,44.53272947375843],[11.371504666832358,44.53271665967251],[11.371478453112294,44.53268107711142],[11.371459181122649,44.532654343858844],[11.371436406250764,44.532629060761614],[11.371407036670412,44.53258983470287],[11.37132911579101,44.53246857789309],[11.371230396893816,44.53231739652905],[11.370738007326185,44.53154912087465],[11.370578930999638,44.531299633436426],[11.370410129529475,44.53103624074655],[11.370234371275346,44.530762027161636],[11.369972979009628,44.53034221976489],[11.369893548204907,44.530204068514195],[11.369836802180357,44.53015787527782],[11.369787139622964,44.5301615710452],[11.369697846040488,44.530166197546606],[11.369369851343262,44.53022459058733],[11.36930410520653,44.53023946803718],[11.368777610364237,44.530358587206244],[11.368736662646693,44.530369879860444],[11.36861356790101,44.53040376295526],[11.368571386088078,44.53034738209965],[11.368510636993111,44.53026141704559],[11.368486680035394,44.53021996231629],[11.368251500812153,44.52986709003858],[11.368194413935871,44.529781408931456],[11.36849175575548,44.5297060913399],[11.368196143647882,44.52914769357285],[11.367945424546543,44.52860690896061],[11.367782619401579,44.52824164120009],[11.36773983010331,44.52822361442426],[11.367597353407577,44.52814869767661],[11.367524205025502,44.52821253038767],[11.367208517134243,44.52848402210122],[11.367136289255143,44.52853767160776],[11.36683969814489,44.528400024099845],[11.366795176899101,44.52796528741999],[11.366752246536304,44.52770646331496],[11.366685412477434,44.527786999319396],[11.366612828867469,44.52783745097138],[11.366510848053228,44.527889790388585],[11.36641542092188,44.52792466396727],[11.366223165677317,44.527959834170694],[11.365982032996587,44.527983872711964],[11.365918467253726,44.527908992731575],[11.36585555744555,44.52784968251324],[11.365705508107427,44.52773157312253],[11.365498569840605,44.52758346664242],[11.365340334245598,44.52748878896512],[11.364717844864158,44.52711635933502],[11.363511393918872,44.52638849010474],[11.363316402261534,44.52628626128682],[11.363094359911734,44.526157404454395],[11.362986182132817,44.52609201676096],[11.362464203842007,44.52577174336272],[11.362071115235722,44.52551921845565],[11.361864294137558,44.52537607229755],[11.361560101956027,44.52512688270788],[11.361344147323377,44.52494699612244],[11.361179997912412,44.524804973554964],[11.36115093163497,44.52477764889164],[11.360912931421682,44.52455072006105],[11.360828483534162,44.524467356570355],[11.36076328123845,44.52440029471608],[11.360722422435233,44.524358602695266],[11.360814025711752,44.52431448631335],[11.361000504884622,44.52422690584369],[11.361040605305904,44.524207171094154],[11.362183178708348,44.52365903580242],[11.362906202709853,44.52331286803114],[11.36372918264507,44.52292158475068],[11.363903424800395,44.52283190324942],[11.364321362333039,44.522638686426525],[11.365450293200183,44.522097912892065],[11.366508707811601,44.52158999095562],[11.366550675873274,44.52156985544262],[11.366980654212052,44.52136461289366],[11.367349214894771,44.52118867639215],[11.367413122902914,44.521158173747665],[11.368097432207918,44.520831006043906],[11.368708694413474,44.520536264770975],[11.368746189515278,44.52051819282259],[11.369669540897334,44.52007970795378],[11.370226687598691,44.51981244135914],[11.370480187143187,44.51968903697729],[11.370796590602014,44.51953499529496],[11.37110320630428,44.51938879020196],[11.371287416578845,44.51930094291248],[11.371526877380415,44.519186731348164],[11.371686281590573,44.51910870740091],[11.371805823265104,44.519045573475516],[11.37184983175708,44.51901317715271],[11.371895767325169,44.51899818771052],[11.372006271076307,44.51910546156244],[11.372089102789353,44.519190353843605],[11.372229447455224,44.51931265379716],[11.372428094604834,44.51948807225087],[11.373849234559168,44.52089962815231],[11.37391533953034,44.52098027562648],[11.373959686511002,44.52104601721529],[11.373997260553677,44.52112592561006],[11.374017626823447,44.52120443637072],[11.374028329691352,44.5212866770982],[11.374017691587245,44.521386889615364],[11.373980738107825,44.521503430874176],[11.373938169322205,44.52158676147601],[11.373857692438476,44.521718242788324],[11.373811852433926,44.52179725712898],[11.373778114632676,44.521841819115785],[11.373753174264467,44.52187279336132],[11.373837275074333,44.521944469214525],[11.374093478750579,44.52228953803501],[11.374144388636457,44.52233714695769],[11.374214413031993,44.52238630284587],[11.374300836592102,44.52243707114536],[11.37461757152294,44.522597894005436],[11.374650988901816,44.522616662334286],[11.375029593720472,44.52288382236618],[11.375428550791609,44.523162143879375],[11.37554079982326,44.523219134719454],[11.375607478261312,44.52325279397897],[11.375690700798145,44.52329193353077],[11.375807761209304,44.52333849805582],[11.375913203552116,44.523372601690454],[11.376023421280538,44.52339478548996],[11.376229737783696,44.52341811065365],[11.37630704261447,44.52342033648102],[11.376371516194597,44.523423594592735],[11.376428433970737,44.52342547953589],[11.376489826170516,44.52343187159711],[11.376576859704674,44.52343815290223],[11.376668106383196,44.5234400432058],[11.376777332699199,44.523441559075174],[11.376860945668943,44.52343830567176],[11.376919135314726,44.52343557259014],[11.377026948412956,44.523428025079504],[11.37712195705018,44.5234184574684],[11.37720407900402,44.523415054812176],[11.377273412991405,44.52341529437095],[11.377340971336361,44.52342230476957],[11.377402434676837,44.523433844311974],[11.377458214516372,44.523450129500965],[11.377549435762365,44.52349097362957],[11.377641185103448,44.523546336788314],[11.377869589947299,44.523719055217164],[11.378214927857762,44.5239870326309],[11.378473402779989,44.524204037028284],[11.378554916870074,44.52427716766472],[11.378687160249227,44.52439580228648],[11.378747698375914,44.524447943835476],[11.37882359471876,44.52450516682086],[11.378913752342202,44.52455845552126],[11.378962736580766,44.524575007627625],[11.37903029905594,44.524588570786506],[11.379048151987805,44.52461999568139],[11.379059743765072,44.52465341459132],[11.379083785602969,44.52469095825716],[11.379120133698724,44.52472971284498],[11.379473000306367,44.52502405096953],[11.379528430173332,44.52506845736813],[11.379981097932523,44.52543115831341],[11.380455109153864,44.52581781823189],[11.380644686229713,44.52597114803557],[11.381276451448068,44.52650874584831],[11.382272223385046,44.52741381667155],[11.384038255100734,44.52901412050757],[11.384176938410155,44.52917651952339],[11.38466168805765,44.529820130787655],[11.384752119743087,44.529922950034404],[11.384833760111386,44.530016347175334],[11.384941862475666,44.53011270237275],[11.385159885410863,44.53027471183792],[11.385482255288338,44.530515626106116],[11.385919808174398,44.53081720372396],[11.386405160511913,44.53116979698682],[11.386894371830897,44.5315221274182],[11.387366645071808,44.53188729648903],[11.387590270239045,44.532084726075624],[11.387794134160519,44.5322971616885],[11.387893845043603,44.532400756568265],[11.388083159270133,44.53259742650344],[11.388619183286837,44.53316753152251],[11.388931683980465,44.53351872534246],[11.389472484440642,44.534155317991335],[11.389915265145696,44.53467817878179],[11.390756026814403,44.535737643963586],[11.39085546020602,44.53586338821572],[11.391180284242763,44.536274157378045],[11.391243455140227,44.536354045830194],[11.391545778789416,44.53672914013336],[11.391879357489803,44.53718531260023],[11.392149012230568,44.537568345827154],[11.392505501220418,44.53808761208642],[11.393019191275629,44.538823576317704],[11.393098480963545,44.538947427194564],[11.393125874421507,44.53899020903139],[11.39330037628166,44.53927994259271],[11.393600925178152,44.539801404427024],[11.393858877365377,44.54029078252349],[11.394000011528416,44.54059510560352],[11.39414963857348,44.54092876962017],[11.394312160891312,44.54128124827611],[11.39439887501399,44.54149512968333],[11.39442360049994,44.54153633769931],[11.393810706180759,44.54174085596041],[11.393676463240094,44.5417864330498],[11.393636208680768,44.54179997072378],[11.392878717431232,44.54205467118741],[11.392061720702964,44.54233343498678],[11.391259976922168,44.54260062025315],[11.390812325251071,44.54275403733729],[11.390781093414134,44.54270236885536],[11.390781066418075,44.542702324408204],[11.390441884346288,44.5421412611024],[11.390441844405412,44.54214120792373],[11.390410768084704,44.54209239887879],[11.390410740720954,44.54209234543673],[11.390111198014367,44.541615677819145],[11.389932814367146,44.541320088082664],[11.389753189521318,44.54136625060938],[11.389526181520607,44.541432337050644],[11.38939985243603,44.54145973840891],[11.389294510466993,44.54148107376535],[11.389180390028573,44.54149921681789],[11.389090975910987,44.54150558951758],[11.38895667797268,44.54150221551741],[11.388863354869727,44.541498578025546],[11.388661417157705,44.54149074955765],[11.388628073292422,44.5415095423626],[11.388618675831257,44.54153521613398],[11.388627491945407,44.54156086887698],[11.388667363849528,44.54163148750737],[11.38866739047547,44.54163152296025],[11.388851604895615,44.542058060285676],[11.38885164409894,44.54205809547531],[11.388960755012839,44.54224481983444],[11.388960782007304,44.54224486428207],[11.389140271479226,44.542556141746665],[11.389471741947702,44.543119719981874],[11.389577384245404,44.54331724732561],[11.389577436395525,44.54331729124646],[11.389864718934543,44.54380185096264],[11.389864771085323,44.543801894883345],[11.390051476348512,44.54409669820507],[11.390051503712955,44.54409675164719],[11.390163451795658,44.544256957001885],[11.390163491369549,44.544257001185805],[11.39049291661681,44.54477106029006],[11.390492956559628,44.544771113468656],[11.390640251491385,44.54500653229917],[11.390640278856823,44.54500658574111],[11.390902816472956,44.54540444461048],[11.390902843470442,44.545404489057574],[11.390997160665917,44.54549924548269],[11.390997200241312,44.54549928966629],[11.391051945304628,44.5455689927099],[11.390912618896513,44.54560567049831],[11.3901871095195,44.54579529713257],[11.389263096728913,44.546036895576286],[11.388523645814981,44.54623187184703],[11.388020974189502,44.546368424156654],[11.387458245059163,44.546518050686885],[11.387076032784348,44.546618319896204],[11.386485997372382,44.54677358106562],[11.385765921340624,44.54696194064616],[11.385121354115013,44.54713070393095],[11.384538297638485,44.547283558564615],[11.383849136248395,44.54745887277614],[11.382671230702671,44.547765370350845],[11.381480767202778,44.54807324306179],[11.381120444133968,44.54817022683888],[11.381055384563124,44.548287842357574],[11.381035441524,44.54832390828948],[11.38098295959646,44.54841995246662],[11.380976132752144,44.548432212242254],[11.380974894194093,44.54843425463883],[11.380938854261133,44.54846519178643],[11.380937757416355,44.54846607890552],[11.380937525762391,44.5484662637876],[11.38087624457163,44.54850152645855],[11.380872809273392,44.548503416617635],[11.380387394502547,44.54863957531445],[11.380130748122317,44.54871301294458],[11.379106681163893,44.54901002711807],[11.378296448406864,44.549244960989824],[11.378279992336909,44.54924955303553],[11.378235132527818,44.54926212791968],[11.378235107736876,44.549262137438696],[11.376708562816207,44.549690222442166],[11.376084584241678,44.54986357434212],[11.376251954957942,44.55014759437477],[11.376251995258077,44.550147656553406],[11.376814562226487,44.551075490767914],[11.376945549427274,44.55131638908784],[11.376920558677488,44.55135967137564],[11.376740037779328,44.551409568060606],[11.376241689073916,44.551538101182715],[11.375881162857299,44.551631138508014],[11.375875700617458,44.551632728609206],[11.375704163201426,44.55167726923404],[11.375200645827983,44.5518079129346],[11.374646040880497,44.55195259881204],[11.374515308381103,44.55198668310028],[11.374506145639675,44.55198891727109],[11.374465071862282,44.552000547671966],[11.37427899690514,44.55205328374999],[11.374234973422631,44.552066064724386],[11.374094857272103,44.552105322090036],[11.374041660176307,44.552120382365366],[11.373388991319231,44.55229307381927],[11.373129520910474,44.55235897427601],[11.372117180238416,44.552616106784434],[11.372069788993285,44.55262813767947],[11.372007754402429,44.552645100130654],[11.371995329622983,44.55264823911737],[11.371357045464663,44.552838742063926],[11.371347726081106,44.55284146537016],[11.371327779709908,44.552809461718155],[11.37131161605889,44.55276272340359],[11.371300344741432,44.55272918015394],[11.371218427874913,44.552487958252236],[11.371131185228363,44.552217273681194],[11.371060661959204,44.552051003903095],[11.371060100006622,44.55205018734524],[11.370985186468777,44.551936682370076],[11.3708695360694,44.55181986429482],[11.370869470980411,44.55181981163168],[11.370800125647342,44.5517646441508],[11.370702080185556,44.55168665716994],[11.370701975532153,44.55168656031586],[11.370692334106767,44.55167980161576],[11.37065551266726,44.551653864898036],[11.370607026380227,44.551663721316814]]],"type":"Polygon"},"properties":{"codice_area_statistica":19,"geo_point_2d":{"lon":11.374705143024768,"lat":44.53836709997424},"area_statistica":"SAVENA ABBANDONATO","cod_quar":12,"quartiere":"Navile","cod_zona":"E","zona":"Corticella"}},{"type":"Feature","geometry":{"coordinates":[[[11.364211192197411,44.4922194737947],[11.364041162877879,44.49223877666907],[11.363827711916214,44.49227475098466],[11.363577018144936,44.4923430500938],[11.363348009523277,44.49240301343324],[11.363146215539876,44.49245452666451],[11.362377258581832,44.49265187181466],[11.361815279791992,44.49278972574947],[11.36046018319421,44.49313621199736],[11.359668631731285,44.49336410172155],[11.359034983084358,44.49356329960829],[11.358457666808093,44.49374165948425],[11.358061659875428,44.493844745739],[11.357843751035427,44.493901722941814],[11.35768522129653,44.493934084631185],[11.357488789267862,44.493967228865166],[11.357305526334066,44.49399040503196],[11.35721562391767,44.49398825536869],[11.357082234159371,44.493927262445],[11.357091738406128,44.4937661270088],[11.357288848983709,44.49207006598502],[11.357452676961966,44.49057195626406],[11.357661435006355,44.490686695092876],[11.3585175402297,44.490450391469714],[11.35866834842683,44.49040082216745],[11.358810842190255,44.49035403522231],[11.359260634135918,44.490221494595005],[11.359394502503891,44.49018226730745],[11.359502139090988,44.490150604085805],[11.359679367474092,44.49009849777475],[11.36026971779114,44.489920915456096],[11.360573017222993,44.48982965948806],[11.360734546357303,44.48978093706009],[11.36095732390069,44.48971385174017],[11.361229245521523,44.489633568958546],[11.361302585450417,44.48961191312397],[11.361547956256315,44.48953846260042],[11.361605899731321,44.489521104229084],[11.361849207041635,44.489448271912295],[11.362591168294097,44.489226218720944],[11.362942197449808,44.48912118491204],[11.363033501528433,44.48910466569246],[11.363080526425364,44.48919031515178],[11.363496577806966,44.48906388482628],[11.363520341938965,44.489099547193604],[11.363573112131832,44.489086463133],[11.36370301426578,44.48927880548055],[11.363788242480046,44.489252913735214],[11.363929368679049,44.48920668886465],[11.364004822286525,44.489184780461215],[11.364123322316715,44.48937533287034],[11.364385772377796,44.489293915338],[11.364550067131654,44.48924558935374],[11.36458740271908,44.4892364705823],[11.364952355068016,44.48968025506653],[11.36501631032905,44.4896539028648],[11.365159614673889,44.48960556075211],[11.365209096684179,44.489585179946644],[11.365574393531796,44.48949746048404],[11.36568999318716,44.48946969557333],[11.365881185394201,44.48942378110367],[11.366175957790372,44.4893725954357],[11.36607397534844,44.49078162467289],[11.36594031858591,44.49082538371213],[11.365891091748235,44.49084027696805],[11.36507466128595,44.49111877426907],[11.364378270779987,44.49134689470983],[11.36463789298794,44.49176461153473],[11.364732558425377,44.49194810378802],[11.364748236644234,44.492047824733234],[11.36477420407872,44.49211397794763],[11.364846493349193,44.49217360793978],[11.364940921117222,44.492241079619674],[11.364768046901833,44.492227655102546],[11.364602234723508,44.4922153173918],[11.364403716203546,44.49221154314376],[11.364211192197411,44.4922194737947]]],"type":"Polygon"},"properties":{"codice_area_statistica":66,"geo_point_2d":{"lon":11.361290024376798,"lat":44.491337585045656},"area_statistica":"OSPEDALE SANT'ORSOLA","cod_quar":14,"quartiere":"San Donato - San Vitale","cod_zona":"T","zona":"S. Vitale"}},{"type":"Feature","geometry":{"coordinates":[[[11.333589719865257,44.48869392132827],[11.333483229402303,44.488729065692375],[11.332350924842329,44.48916766666841],[11.332087821148438,44.489267866280045],[11.33164448919718,44.48943227107529],[11.331268201919613,44.48956105911553],[11.330733703208063,44.48974548036759],[11.330543687866955,44.489814709632526],[11.330183701531602,44.48994587107481],[11.330058769368158,44.48980263320882],[11.32982046993083,44.489298418383434],[11.330141218846986,44.4892333458085],[11.330073157449917,44.48904649984744],[11.329934903790132,44.488663479578626],[11.329328245902751,44.48877147659268],[11.328544216307845,44.48891252704805],[11.32837523624452,44.488959195250764],[11.328290127426474,44.488733804716794],[11.32823849516303,44.48860662484325],[11.328212709236404,44.48851930344262],[11.32819567724381,44.48844179637789],[11.328201459376746,44.48836209551724],[11.328196642777066,44.48829037105414],[11.328111714673657,44.48824990797672],[11.327918650515832,44.48821783484804],[11.327607278528477,44.48817524601235],[11.32749700785576,44.48813789195284],[11.32743817720353,44.48809682424942],[11.32739300720044,44.488045080005506],[11.327194606913567,44.48781783915267],[11.32705346339704,44.4876556268633],[11.326918584619449,44.487511778026835],[11.326793979628247,44.48739413323573],[11.326748576871482,44.487372237079754],[11.326692612771788,44.4873605220396],[11.3265244303422,44.487341794399434],[11.326379959746069,44.48732542810738],[11.326275837721512,44.48730664594801],[11.326175702830373,44.48727490873407],[11.326091467075784,44.48724767285427],[11.326030464201962,44.48721043877315],[11.325964968981832,44.48714688257568],[11.325916359262736,44.48708448573165],[11.325869176587375,44.48701148173998],[11.325835738836314,44.48695933578137],[11.325689017927848,44.48674968369761],[11.325650366266675,44.486705566190835],[11.325662813177837,44.48651505172837],[11.325657444771753,44.486380014108924],[11.325589303898122,44.48625050454198],[11.325450991441159,44.486060594575406],[11.325334850085731,44.48588869714149],[11.325269950113979,44.485803990305286],[11.32523860201926,44.485725604035686],[11.32524037115548,44.485641024599836],[11.325162238602461,44.48549231768367],[11.325174727767015,44.48541103991129],[11.32492699644877,44.48483375244921],[11.324905144784937,44.48477848940059],[11.324817309203256,44.48476340736942],[11.324806363905278,44.4846066429421],[11.325010830771916,44.48462948652894],[11.325647664665308,44.48452571407566],[11.326361927164692,44.484216478299004],[11.326468972881809,44.48435635779802],[11.326543483224732,44.48444018390807],[11.326693585473171,44.4846286909624],[11.326810196444633,44.48478105983575],[11.326898552180113,44.48489710288076],[11.32695202653257,44.48497369629276],[11.328594013447281,44.48452248441231],[11.328453843798977,44.48433723426196],[11.328607339051953,44.48427941247951],[11.32879435633559,44.48423571591326],[11.328822229257474,44.48420300801364],[11.328804105587249,44.484111011070084],[11.328781760829168,44.48408040793912],[11.328753568100256,44.48404821360786],[11.328699372537205,44.483988290553945],[11.328792019837353,44.483932177903505],[11.328720944347117,44.48375146922512],[11.328728439650549,44.483683238659104],[11.328951633767105,44.48364143259028],[11.329069656802881,44.48358310051105],[11.32915732920908,44.483345506605275],[11.330632839336026,44.48368485829669],[11.330906218268542,44.48368151820666],[11.331355407694035,44.48503282722422],[11.33177560338487,44.485123912669415],[11.331821721293624,44.48509812346515],[11.332423939536984,44.48488551265492],[11.332149711245787,44.48438502529287],[11.33208056818183,44.484218368318366],[11.332091370951579,44.48417421494213],[11.332123359106346,44.48400503278275],[11.332652362328025,44.48380877075116],[11.332733296230673,44.48387687805681],[11.332817422965388,44.48392413305437],[11.332897436187265,44.48395652773896],[11.333013130197317,44.483994395946155],[11.333130372663105,44.484011175307664],[11.333235187331939,44.48400012045317],[11.33332750213914,44.483965734189695],[11.333425676431117,44.48390485046171],[11.333473035748517,44.48384086418821],[11.33350692050265,44.48375086574545],[11.333531783897408,44.4836585399794],[11.33358811008919,44.48354476603038],[11.333657992298736,44.48341144936364],[11.333727656915457,44.48328245834828],[11.333807608111032,44.48318090397376],[11.333905098819773,44.483102928861605],[11.33400182783379,44.483046845558654],[11.334097489870361,44.48300499909609],[11.334175200523898,44.4829642488251],[11.334224222343206,44.48291959283245],[11.334926825840451,44.48252874414943],[11.33477939824065,44.48240526399138],[11.33468594574091,44.48233227366814],[11.334569752132518,44.48225251925654],[11.334506400917874,44.482209693077216],[11.334404929743254,44.482155384857315],[11.334355765583206,44.482123332672856],[11.334292496828203,44.482084141738596],[11.334192392504576,44.482021216895916],[11.334129090260278,44.48197960485505],[11.334175817852863,44.48190204626364],[11.334316600537285,44.48178402424901],[11.334520508983513,44.48165372795067],[11.334681526042061,44.481607942680675],[11.334591640716077,44.481450984060956],[11.334414037216835,44.48131111461711],[11.334440832296881,44.48127356596933],[11.334228377276464,44.4810606866139],[11.334470753736458,44.48094877934163],[11.33453383452232,44.48072737566498],[11.33457624822201,44.48073145970495],[11.334583065960073,44.48069432857707],[11.334861427312484,44.480696458732695],[11.33486905165733,44.48061337080285],[11.334806791298842,44.480549942514635],[11.333970898770191,44.48012634044246],[11.333778925002989,44.4801408703722],[11.333695417108373,44.47999677138715],[11.333513769639064,44.480012620210175],[11.333421269957713,44.48007752924824],[11.333217275768257,44.48017091468244],[11.333072351400126,44.48006518825555],[11.333051520483222,44.48000728611429],[11.333138812632914,44.479872317505794],[11.333235816478872,44.4797825594697],[11.333263526858344,44.47972854462256],[11.333275420953832,44.47963264883325],[11.333236384687982,44.47956030054079],[11.33292473348425,44.47939168636499],[11.332503157918387,44.47916625134325],[11.332281520625827,44.47904756111571],[11.331985623335443,44.479017595724024],[11.331615042059013,44.47902629975886],[11.33136721879298,44.47899986114802],[11.33101056325238,44.47892443754158],[11.330678660704661,44.4788586353778],[11.330107934513283,44.478755512082806],[11.32971943402578,44.478673199256704],[11.329530612240902,44.47870585197604],[11.329431226666838,44.478694502187125],[11.329292852680926,44.47861123380324],[11.32918670492633,44.47851654960626],[11.329104563559714,44.47847372567253],[11.328990179809153,44.47844726904039],[11.32811875465897,44.47832370352313],[11.327847168660114,44.478297840905526],[11.32757027450174,44.47823019673741],[11.327535834075192,44.47819162957883],[11.327578317018922,44.478156733521175],[11.32780334942787,44.47811549537486],[11.328688771429201,44.478131457697586],[11.328970479901937,44.47813617173022],[11.329208041194626,44.47813394457572],[11.32934623451522,44.478115415268086],[11.329426176520256,44.47810331398711],[11.330325605616478,44.477979383337996],[11.3306797251521,44.47797709635408],[11.330735653830613,44.477976764693935],[11.331293633397802,44.477975354824935],[11.331897600002277,44.478068070374306],[11.332037154771545,44.47807710298711],[11.332234245497649,44.47806271451963],[11.332353574622928,44.478021421265],[11.332574574875725,44.47798669295179],[11.332883191453085,44.47796112988475],[11.332875041267842,44.477921648958464],[11.332868655942107,44.47772394714426],[11.332804764524324,44.47762230798543],[11.332740161681373,44.47755076104062],[11.332713014784186,44.47751638565938],[11.332689892429435,44.4774694144072],[11.332668350563113,44.477399004072495],[11.332702657789381,44.4773701248636],[11.332570120355076,44.477063611520585],[11.332562625126293,44.47694844125353],[11.33264008272433,44.47691696985602],[11.332698059314106,44.47688255652278],[11.33279277645693,44.47683615710719],[11.332865106401794,44.47679623786273],[11.332979616891521,44.47672277706955],[11.333065154647624,44.47667637596999],[11.33296902945563,44.47658336297397],[11.333105877531828,44.476502513531955],[11.333154700616772,44.476462444350375],[11.333173324252096,44.47643442569993],[11.333327450031144,44.476462424511105],[11.333439492132264,44.476309430638416],[11.333542276350276,44.476274920193184],[11.333842604587058,44.47618490322651],[11.333934010467075,44.47607570533214],[11.333806223779318,44.475899436031],[11.333741346515701,44.4757689641582],[11.333585265566693,44.475697883366486],[11.33345120412449,44.47548907145153],[11.333246883060985,44.47535089851597],[11.333186280545332,44.475182527975996],[11.333165365490105,44.47511963108318],[11.333632186804484,44.47512077509732],[11.333293374664862,44.47478280174746],[11.332726489279857,44.47438084327753],[11.332714814498008,44.47408793877967],[11.33325065253563,44.474026906381205],[11.333183988948411,44.47377395410434],[11.332585604578243,44.47364609304182],[11.332412444677212,44.47322483383315],[11.331713465781684,44.47270235027478],[11.331606472182006,44.47250198581912],[11.331757910469431,44.47237791548104],[11.331902071798856,44.47244642448658],[11.331948844374965,44.471983535844586],[11.331872281759747,44.47169870861303],[11.332222748526716,44.471639784003216],[11.332783250364994,44.471507912468866],[11.333206249372639,44.471395440479384],[11.333410373087855,44.47206167503403],[11.333737757360185,44.4724088934268],[11.334451991542222,44.472959176787],[11.335053325374876,44.47249168788727],[11.335310163072197,44.47250837334563],[11.335484251380697,44.47303088859402],[11.335826191074839,44.473053700052965],[11.335978061669616,44.47264548378048],[11.33613191453532,44.4724230586867],[11.336580165223392,44.47219765978696],[11.336787646758024,44.471647647248176],[11.337141428817766,44.47141589747238],[11.337178981543214,44.471411761658445],[11.337225570362511,44.47149632365057],[11.337309397490072,44.4717609227042],[11.337352668564556,44.471901863926796],[11.33740281777554,44.47204659843853],[11.337460858245896,44.47212762188602],[11.337667094912561,44.47239060536809],[11.33785076154202,44.47267647620363],[11.337962750996548,44.47286664953242],[11.338010192186488,44.473040472644676],[11.338016395416332,44.47309913266155],[11.338005518180365,44.473153542167324],[11.337984735974377,44.47322123533022],[11.337905776413999,44.47346576996063],[11.337861524446735,44.473599356741886],[11.337822873676108,44.473676760523944],[11.337755454520611,44.47375288089275],[11.33763997901828,44.47386736416269],[11.337541998541099,44.473962799649065],[11.337443508659808,44.47404517368792],[11.337327373470844,44.47414285326584],[11.337198706939155,44.47425387008521],[11.33712331051081,44.47432641731646],[11.337195804582297,44.474311852312326],[11.33726740375098,44.47427488007868],[11.337573451486227,44.47403129564831],[11.337647725324514,44.47399614094847],[11.337841504471385,44.47388191762077],[11.337970639595104,44.473788346540054],[11.3380314145605,44.47373601198858],[11.33812296171779,44.47361081017017],[11.338287554351908,44.473413450571336],[11.338343902332499,44.47331326761657],[11.338387831911927,44.4732455953781],[11.338402865167275,44.473209934169994],[11.338413108287071,44.47312329925869],[11.33840114850246,44.47303133948294],[11.338350047161475,44.47284964220062],[11.33830060709645,44.472678362896254],[11.338279247837125,44.472519175059084],[11.338264903951002,44.47236627138362],[11.338226848577023,44.47216869627018],[11.338151965074083,44.471942409907],[11.338116405672231,44.4718076128713],[11.338117498151833,44.471766349515775],[11.338130468332333,44.47171964837248],[11.33814653617204,44.47166834646265],[11.338205545491249,44.471578795146186],[11.338245775662799,44.47151138777477],[11.338262463528919,44.47148158939805],[11.338283250541718,44.47141970275656],[11.338287881215624,44.471356859674444],[11.338277934557683,44.471286635953184],[11.3382477997216,44.471159218008665],[11.338107583692487,44.47073824680421],[11.338046315181618,44.47054743985555],[11.337952622751926,44.470261257010705],[11.337904323492657,44.47017132875991],[11.337615563200131,44.469747007117654],[11.337480603379289,44.46956008551427],[11.337414828099218,44.46937722975827],[11.337394024321135,44.46930426638367],[11.337431441056971,44.46929927802211],[11.337533951016383,44.469335080020315],[11.337715159580123,44.46942462743576],[11.337772925152843,44.46948277173151],[11.337941927288096,44.469688162370836],[11.337992183042894,44.46970306773856],[11.338056956553546,44.46971002351672],[11.338124953836262,44.46974103124194],[11.338131883844495,44.46980750867264],[11.3381084915897,44.46984822949125],[11.338097802286741,44.469911106645085],[11.338135042334091,44.47000901258655],[11.33824173927596,44.470136996009686],[11.338378540774697,44.47016032842424],[11.339149178842893,44.47023119012779],[11.339143374271126,44.47027470168233],[11.339153746240617,44.47032031247099],[11.339153295021115,44.47036533480098],[11.339143516707878,44.47040064537302],[11.339133716815033,44.47043541622923],[11.339094948992743,44.470534969310634],[11.339089154174923,44.47056299616026],[11.339095724189898,44.47059212004146],[11.339114335722478,44.47061739613794],[11.33916477812977,44.470649528169126],[11.339256935385135,44.47069359808764],[11.339339290603917,44.470709465546534],[11.339589325752415,44.47090369533379],[11.33960493791849,44.47096715889874],[11.339636746298616,44.471033207364755],[11.339670193362267,44.47107105305083],[11.339703777331792,44.47109062061087],[11.339747097333436,44.47108892248906],[11.339857966376433,44.47108556972917],[11.339930495153093,44.47108928658447],[11.340022709888641,44.47110866052717],[11.34008213348228,44.47111383426839],[11.340143698075652,44.47112821877778],[11.34019619042483,44.471309391639124],[11.340237068010168,44.47146923231413],[11.340293374992232,44.47156436094865],[11.340337758374643,44.471617547750924],[11.34044029231975,44.47171511356837],[11.340543640460576,44.471802219565284],[11.340612516677421,44.47189158072685],[11.340627991653442,44.47192611255127],[11.340644883635425,44.47202845902151],[11.340641823678842,44.47211196699543],[11.34060787648245,44.47215942262353],[11.340549283181439,44.47215145932914],[11.340519145144752,44.47205396676133],[11.340481155847899,44.47201669159702],[11.340430792465517,44.47203280354685],[11.340410819257468,44.47206719790894],[11.340369038742269,44.472175329638155],[11.34034517076838,44.472218914482724],[11.340228671532572,44.47234784356926],[11.340158334555587,44.472414392389496],[11.340094843817115,44.472491802017444],[11.340079712882739,44.47252970710458],[11.340079713650564,44.47256180140701],[11.340100667606345,44.472605385646105],[11.340139608861735,44.47265042867986],[11.340188386589517,44.472685205130034],[11.340280691726031,44.472719980476015],[11.340362685422525,44.47275313961795],[11.340398509157865,44.47278404035216],[11.340354414933005,44.47283400860269],[11.340300378856536,44.47282777928205],[11.340141003523573,44.4727815321589],[11.340053957727278,44.472750312953345],[11.339995711122697,44.47273499613602],[11.339953707919083,44.4727413577228],[11.339933225772697,44.47277341274819],[11.33995392906285,44.472811042420915],[11.340430031498409,44.473027761014215],[11.340559534817695,44.473095713332924],[11.340640577689058,44.47313714716379],[11.340674076814334,44.47317404620039],[11.340685307319129,44.473262770743176],[11.340665470912894,44.47343923256883],[11.340634808245847,44.473569147797555],[11.340579654371277,44.473727077156894],[11.340515909468953,44.47389435628953],[11.34047074816113,44.47398148222982],[11.340421826077087,44.47403933674087],[11.34031526787876,44.474128621629745],[11.340160299597523,44.47425651173835],[11.339859090925353,44.47449446730319],[11.339794249580587,44.4745501091043],[11.339722481401934,44.47461301390619],[11.339647883194987,44.474700742847816],[11.339556199995705,44.47484200031255],[11.339507302300449,44.47493195723526],[11.3394549499608,44.47503205885558],[11.339377385760306,44.47517394508581],[11.33931332955748,44.47526970415577],[11.33920480356219,44.475373711576026],[11.339163934150033,44.47544057418581],[11.339126493383029,44.47549727459895],[11.339037260093775,44.47557153802421],[11.338979597736623,44.475635080590344],[11.338905753026427,44.47570994687234],[11.33884499053738,44.475791882200745],[11.33877126815517,44.475901594989494],[11.338722648477827,44.47599887399156],[11.33866693810332,44.47614305778971],[11.338623870635596,44.47625122418786],[11.338593348782698,44.47632062039673],[11.338549841780424,44.47638570027994],[11.338472859295553,44.4764780506022],[11.338405041726007,44.476575722729855],[11.33837345796079,44.47665065022606],[11.338352063771255,44.47672444172119],[11.33832811950069,44.4767982944495],[11.338305822193261,44.47688126908897],[11.338294679577567,44.476986944879435],[11.338288260299944,44.47708244099605],[11.338275617125054,44.47711846733282],[11.338225482210486,44.47713003630635],[11.338185526356693,44.47710747493826],[11.33816636606573,44.47707669135671],[11.338154698827351,44.47704116296709],[11.338138321332272,44.47698372867796],[11.338120930385516,44.47690155797074],[11.338114816896283,44.476812746419135],[11.338105529986489,44.47674049264238],[11.338093496994848,44.476695807080446],[11.338045548574376,44.47666516297351],[11.337993253911595,44.47668686800413],[11.33798224503007,44.476732016491674],[11.337951514562613,44.47686010480136],[11.337930315927833,44.4769063892422],[11.337900293160082,44.47695651845938],[11.337873785608206,44.476998329288314],[11.33784249382828,44.477048484478814],[11.337799644550275,44.4770979580829],[11.337760749617228,44.477150105488356],[11.337732520860504,44.47721304464205],[11.337715555940731,44.47726931625843],[11.337713517111945,44.47734638432274],[11.337721498085287,44.47741774660295],[11.337745234339451,44.4774988691558],[11.337776902930399,44.47758623911333],[11.337823521966676,44.47769532326338],[11.337877890569958,44.47780607621194],[11.33789741107608,44.47786160963081],[11.3378771564699,44.477891561997666],[11.33783454074892,44.47788709620757],[11.337804808077149,44.477870537141804],[11.337764131608548,44.4778359268929],[11.337709358613623,44.47778303292567],[11.33763666642728,44.47773388185536],[11.337553923130528,44.477669190995286],[11.337445176665772,44.477583084162944],[11.337328607736653,44.477489062052065],[11.337277888199658,44.47743784038801],[11.337259003619945,44.47740796927608],[11.337239332938475,44.477367860285504],[11.33721951535442,44.47732438732363],[11.337195974288331,44.47730165157728],[11.337147591440154,44.47730263314883],[11.33710343444256,44.47734205034282],[11.337095087659455,44.47740192652161],[11.337120964454463,44.47751116553863],[11.337179351823844,44.47769266906233],[11.33718218837024,44.47776715257609],[11.337175279004327,44.47785073920275],[11.337153162939549,44.47793830122449],[11.337133792689567,44.47803038935185],[11.337121806061457,44.47811498918379],[11.337109196412175,44.47824821584462],[11.337115026926993,44.47839388468582],[11.337149355886595,44.478483964140466],[11.337213890968147,44.478560578426894],[11.337212608424807,44.47859268997418],[11.337280028290685,44.47861717408497],[11.337539952558345,44.478810845538604],[11.337586001753508,44.4789440504123],[11.337570822448946,44.47901639109014],[11.337648000848766,44.47923256568756],[11.337671301204926,44.47936854103033],[11.337708968041342,44.47956605205414],[11.337768500079617,44.47978869168536],[11.33780072155365,44.47992448429495],[11.337803762761741,44.47997794249592],[11.337787335080536,44.48020818742487],[11.337783060606835,44.480268007239154],[11.337776258671239,44.480525161869565],[11.337782951509306,44.48065711100463],[11.337852014776526,44.4806710460717],[11.337927348534762,44.48077582398124],[11.338011130831095,44.480936884127914],[11.338068118809627,44.481079425488915],[11.33811237071278,44.481188656973536],[11.338140739292214,44.481280541657],[11.338167316387723,44.48132759405567],[11.338204573648595,44.48136027559805],[11.338270718708678,44.481396191518954],[11.33830616501205,44.48142288738124],[11.338332816204248,44.481468956938784],[11.338429389222354,44.4816359935588],[11.33847663447117,44.48173388331421],[11.338509671617812,44.48179184948664],[11.338572537960886,44.48188037157907],[11.338645250902184,44.48202175324551],[11.33872774337708,44.48216177317042],[11.338755434024076,44.482199854025886],[11.338791023835828,44.48223075100835],[11.338853465717175,44.48231964173985],[11.33888527770461,44.48237871321167],[11.33891944673954,44.48244609979663],[11.338929802541307,44.482525533625086],[11.338956238817362,44.48264830058702],[11.338972815004366,44.482696169876206],[11.338967514045656,44.482779669578385],[11.338948847100246,44.48283835289275],[11.338921775892349,44.48288403759522],[11.33890018256137,44.48293526368849],[11.338897036738546,44.48305380236077],[11.338909797562884,44.48317577820799],[11.338936818673831,44.48325214278327],[11.33896807791793,44.48331939090664],[11.339013462787742,44.483403085421905],[11.339054184386798,44.48350192781591],[11.33907580785993,44.48359236598466],[11.339074624443915,44.48370210491058],[11.339104313295582,44.48381718897089],[11.339135185175046,44.483962173418696],[11.339174306644809,44.48416031120198],[11.339184328465306,44.48420338133264],[11.339246829357776,44.48436758634939],[11.339337909954226,44.48459394476052],[11.339371714610404,44.48478677184897],[11.339409418300358,44.485030239651444],[11.339434760650079,44.48517779501885],[11.339441810442485,44.485278299578994],[11.339459355201864,44.48539249806807],[11.339462034882729,44.485424915518166],[11.339513921852674,44.486051324113426],[11.339551143007723,44.486421360201334],[11.339398906234821,44.48644668053609],[11.339075359915492,44.486572306913146],[11.338121878308456,44.48694350857764],[11.33742662881369,44.487214500633115],[11.337336330305446,44.487249371067385],[11.337143589574273,44.4873236455814],[11.336974027553591,44.487387884500734],[11.33642206515245,44.487599499688855],[11.335876246562577,44.48780760150916],[11.335561267338344,44.48793052187152],[11.334590097747734,44.4883048916693],[11.334464825238406,44.488354987260294],[11.333589719865257,44.48869392132827]]],"type":"Polygon"},"properties":{"codice_area_statistica":50,"geo_point_2d":{"lon":11.33425979419268,"lat":44.481211219789664},"area_statistica":"OSSERVANZA","cod_quar":15,"quartiere":"Santo Stefano","cod_zona":"D","zona":"Colli"}},{"type":"Feature","geometry":{"coordinates":[[[11.323684457592249,44.52381828372068],[11.323752305164028,44.52389346027298],[11.324018595297476,44.52414784376474],[11.324125051494091,44.524304319286394],[11.32422536418375,44.52449203259285],[11.32427285513115,44.52463022700907],[11.324287302371655,44.52471533100628],[11.324288421169932,44.52479912193563],[11.324274538629037,44.524894273434754],[11.324234138245428,44.524989982860404],[11.324183640685963,44.52505426290432],[11.324126328284622,44.52511394633462],[11.323941602879282,44.52522809636631],[11.32366812513089,44.525363570269334],[11.32323124102151,44.52554876838087],[11.322506801886252,44.525841895503284],[11.322231001862047,44.52596880676638],[11.322112880314087,44.526036442109195],[11.321865312248196,44.52616890891811],[11.321716196122402,44.52624798632805],[11.321665985148131,44.526286007998166],[11.321638828840209,44.52632561334434],[11.321595996457816,44.526404590537304],[11.321559644684779,44.52650192714258],[11.321511730913342,44.526597446289664],[11.321465378131156,44.52666004737569],[11.321396500174501,44.52671982958611],[11.321296708931257,44.52677979025122],[11.321124166434133,44.526842292434104],[11.320932673914209,44.526893143242624],[11.320778197043559,44.526944429528626],[11.320685808223589,44.52699086138292],[11.320623673026518,44.5270366691366],[11.320557355107285,44.527104222005335],[11.320522619743135,44.5271615181075],[11.320495315162901,44.527236704244345],[11.320425780476253,44.52751982531295],[11.320368613145977,44.52777499411461],[11.320344308961275,44.52779836360045],[11.320311054171443,44.527808672273295],[11.320160853318606,44.52783873283145],[11.320212451023547,44.52796262138821],[11.320250995364132,44.52807534201051],[11.320257486322848,44.52814909394417],[11.320244649779559,44.52820454044292],[11.320220273960857,44.528256845528595],[11.320164012536535,44.5282449443728],[11.319966888418001,44.52820261466694],[11.319758258226413,44.52815797072101],[11.319576729407261,44.528120130777225],[11.319392737676587,44.528082061507334],[11.319190120478503,44.528040184163046],[11.31897957064481,44.52799438945512],[11.318757678733222,44.527947555387854],[11.318543265081587,44.52790363886623],[11.318336214491826,44.52785910427257],[11.318153307176887,44.52781819318064],[11.317976451525046,44.52777660075331],[11.317789820116232,44.52773157851549],[11.317631857940896,44.52769038515578],[11.317462556442788,44.52764314700771],[11.31731314616431,44.52760179759557],[11.317166824186954,44.527561204530194],[11.316999666055546,44.527508970786684],[11.316799305595302,44.52744711175001],[11.316521366881016,44.52735430049555],[11.316106422511895,44.52719807270158],[11.315982081695946,44.52714907387572],[11.315813468911392,44.52708231078649],[11.315622019643511,44.52700454144942],[11.315505639537413,44.526955704708996],[11.315249793870992,44.52684105215767],[11.314999434027081,44.52672094926963],[11.314736195092808,44.52659529133999],[11.314554538390466,44.52650192728202],[11.314398507678394,44.526419449608525],[11.314210213524625,44.52631511943035],[11.313973011945087,44.526176985497706],[11.31376326557057,44.52605206848107],[11.313689319465942,44.52600694307408],[11.313486911751003,44.525876007143125],[11.313335770894323,44.525775513837885],[11.3132966106869,44.52574696811795],[11.312552401414518,44.52500821863386],[11.311483114241211,44.52405345909507],[11.311392416828173,44.52409786863136],[11.310537201881706,44.523219761268365],[11.308452566648393,44.52135644727945],[11.30687243631808,44.51978778100559],[11.306557138842132,44.519222498941495],[11.306284923659298,44.51839910649991],[11.306201679707982,44.517138548618185],[11.306252656747219,44.51694452188709],[11.306323457613697,44.516731540343635],[11.306377527470431,44.51658369720804],[11.30644152381079,44.51641320110007],[11.306509083198753,44.51625488544437],[11.306530452636618,44.51619666623724],[11.306554196886985,44.51613422185339],[11.306570682197265,44.516086787363015],[11.306631419287834,44.51606071304585],[11.306610595599555,44.516154751434556],[11.306588728006998,44.5162542214497],[11.306569943880817,44.5163425560072],[11.306545169313978,44.51646720189013],[11.306522146414864,44.516578848686926],[11.306509294973171,44.51666129271813],[11.306496917346559,44.51674904768597],[11.30648209368303,44.516886726250874],[11.306477561788142,44.51695361680542],[11.306472675761661,44.51707848199086],[11.306475630938559,44.517166107204346],[11.306481557367638,44.51725250205011],[11.306490038003483,44.517346227384714],[11.306504194162786,44.51744315998687],[11.30652859546576,44.517567262359194],[11.306543543959915,44.51763357924898],[11.306558395629922,44.51769106658311],[11.306582860131373,44.517772135435564],[11.306606941231767,44.51784348926635],[11.306629833398626,44.51790703488992],[11.306642827599354,44.51794296260728],[11.306718813511905,44.51811156651952],[11.30677735725752,44.51822399578411],[11.306858366107248,44.518360448991416],[11.306936912367574,44.51847913584437],[11.30701568592918,44.51858763615553],[11.307091274350343,44.518679194953506],[11.307187236628842,44.51878960739409],[11.30730940156543,44.51891352512683],[11.307346848101867,44.51895048895465],[11.307411520314526,44.51901093928299],[11.307519617189694,44.51910678309262],[11.307600624596347,44.51917302484859],[11.307750345638597,44.5192841415816],[11.307887961867804,44.51937867706638],[11.308007844729106,44.5194543054551],[11.30814013075698,44.51953174451689],[11.308250332766983,44.51959163386711],[11.3083979917868,44.51966642111342],[11.308504265184185,44.51971603672167],[11.308670329309521,44.51978847985179],[11.308795616474212,44.519838421850416],[11.308895159112739,44.51987403921254],[11.309003087283848,44.51991137740965],[11.309187813055752,44.51996884917027],[11.309362258424567,44.520017715105126],[11.309591494754875,44.52007113484959],[11.309737455074005,44.520099690595245],[11.309894592979134,44.52012801997728],[11.31006740978846,44.52015476249892],[11.310163006283563,44.52016660183839],[11.31023360625178,44.52017318534173],[11.310316746044407,44.52018185567785],[11.310409290763193,44.520189705424905],[11.310462595776759,44.52019168741966],[11.310543075170967,44.52019672038954],[11.310698605653847,44.52020506851985],[11.310795506761986,44.52020375519692],[11.310952374736255,44.52020265023226],[11.3110803507566,44.520199609266015],[11.311161030335867,44.52019697657329],[11.311236700024264,44.520191753493414],[11.31135023358943,44.52018306294896],[11.311466571618741,44.520172424968486],[11.311619620046004,44.520154291573746],[11.3116688684298,44.520149153107965],[11.311745255343455,44.52013820754718],[11.311841548064281,44.52012438310304],[11.312025320942544,44.5200944007444],[11.312273337803877,44.52005029716099],[11.312440588111176,44.52001585044735],[11.312622562867778,44.51998146529178],[11.312783243305446,44.5199498519393],[11.31311175229022,44.519885390403324],[11.313235132890611,44.51986164423585],[11.313374644562083,44.51983216950083],[11.31355594842633,44.51979707624709],[11.313968338298038,44.519715877933535],[11.31423408406065,44.51966484784599],[11.314404564300203,44.519632583409724],[11.314537966482654,44.51960773239471],[11.314771824243742,44.519568411737204],[11.314879391657707,44.519552096461695],[11.315100395354467,44.51952150719579],[11.315278212890222,44.51950295658298],[11.315455045601439,44.51949162771241],[11.31562257262313,44.519480127232754],[11.31571722553916,44.519474507099],[11.315845134376367,44.519472992583204],[11.315921419584571,44.519470634725266],[11.316091904246157,44.5194785190702],[11.316316446756225,44.51948326269492],[11.316358015564605,44.51948471485807],[11.31644151393596,44.51949100578142],[11.316601526532768,44.51950547567451],[11.3166801464033,44.51951408005416],[11.316763691645885,44.51952377275584],[11.316866767125587,44.51953603985485],[11.316951848099349,44.51954701562231],[11.317044668470354,44.5195608680963],[11.317147435214407,44.51958184667804],[11.317254387364367,44.519601434835444],[11.317419748530735,44.51963685198106],[11.31745875898368,44.51964517961569],[11.317512629657523,44.51965667153376],[11.31760046469079,44.519679654327305],[11.317726399756564,44.519713386762355],[11.317904635363398,44.519759623950044],[11.318035650843395,44.51979770914855],[11.318326168981919,44.51988018750914],[11.318588896588475,44.519962149281895],[11.31880938565033,44.52003148262448],[11.318874005797634,44.52005255932382],[11.319191657121056,44.520157584849635],[11.319484773427416,44.52025597799525],[11.31985151814183,44.520381394205415],[11.320005442157987,44.52043448696936],[11.320038344333076,44.52044645785972],[11.320391723874048,44.52057778855852],[11.320446160765995,44.520598432177096],[11.32071438582225,44.5207074469934],[11.320978500745564,44.5208168688358],[11.321350264201202,44.52097278684544],[11.32139635061943,44.52099226744049],[11.321665653481272,44.521109315376016],[11.321666107037329,44.52114764801944],[11.321897730738867,44.52125251605135],[11.322167892516498,44.521379088028546],[11.32241792894832,44.52149633705095],[11.322551002667614,44.52156165290207],[11.322661631438793,44.52161851275794],[11.322714470930123,44.5216460927478],[11.322880136240261,44.521731342892906],[11.323079917287155,44.5218346688459],[11.32326956919097,44.52193640908993],[11.323320701478208,44.52196376246852],[11.323220460005443,44.52197828914069],[11.322808544121864,44.52205375861676],[11.322772176764081,44.52206734525883],[11.322710044988224,44.52214725576859],[11.322776142075108,44.522178166990564],[11.32324373046113,44.52260243947274],[11.323295380630302,44.52267792795465],[11.32333543831571,44.522788465210574],[11.323348280658381,44.523029454146126],[11.323373803006081,44.52318204103953],[11.323482703673427,44.52347443292351],[11.32355442210719,44.523646956387346],[11.323684457592249,44.52381828372068]]],"type":"Polygon"},"properties":{"codice_area_statistica":26,"geo_point_2d":{"lon":11.316422995624762,"lat":44.523171828115686},"area_statistica":"PESCAROLA","cod_quar":12,"quartiere":"Navile","cod_zona":"I","zona":"Lame"}},{"type":"Feature","geometry":{"coordinates":[[[11.287890125394497,44.492891712541244],[11.28783987173805,44.49306643373079],[11.287807820721198,44.49322034520959],[11.28780706363035,44.49332253080599],[11.287822674377026,44.49349910988974],[11.287908542495233,44.4938743815138],[11.287959855965363,44.49403217680954],[11.288006136751779,44.494157771648965],[11.288046263052411,44.49425335814888],[11.288104145462412,44.494374894310624],[11.288489928917237,44.495163791426855],[11.288825820557845,44.49585001365919],[11.28887787538107,44.4959344045238],[11.28894497104166,44.49601487474101],[11.288983447308256,44.49607594203197],[11.28900601621588,44.49619719549065],[11.289022724497473,44.49625387385709],[11.289143506357618,44.49652946085141],[11.289348674468764,44.49694477706398],[11.289483858018508,44.49734493172829],[11.28966743099481,44.497988238789375],[11.28980147918385,44.49847619999555],[11.289873375816839,44.49869618542484],[11.289927409108635,44.498861505334816],[11.290049558825867,44.49914991950801],[11.290213996771595,44.49945914537202],[11.290265438235778,44.49955310860371],[11.290530992773293,44.50003814232193],[11.290774592149091,44.50046353272372],[11.290889642151571,44.500659469825635],[11.290902879688671,44.50073984930644],[11.290915187047057,44.50079616554435],[11.290965257864192,44.500944657578394],[11.290972603917563,44.50097611821791],[11.290988613755895,44.50106945978157],[11.291001802468537,44.50115404443139],[11.291005954480438,44.50126001151671],[11.290991518084219,44.50179337108464],[11.290984682603334,44.502045580525845],[11.290976664537174,44.5025115979598],[11.29096250167151,44.503205395901695],[11.290995679832246,44.503432198214924],[11.29105097640757,44.503624733920745],[11.291109058524526,44.50377759334149],[11.291195238148207,44.503955023992475],[11.29132775310761,44.50418936610607],[11.291482192445757,44.50446214109392],[11.291587291444253,44.504642387568744],[11.29139432844391,44.504701401764926],[11.291245705326803,44.50474620187483],[11.291017166191995,44.50481324857727],[11.290538310543166,44.504953440193006],[11.289930541556497,44.505127868886845],[11.289804925010063,44.50502428427452],[11.289367563979509,44.504658783130836],[11.28901065748174,44.50435790804029],[11.2887079365492,44.504102695854996],[11.288665992877615,44.50406662620276],[11.28852512006679,44.50394403549566],[11.28825710863765,44.50370934533475],[11.288077112088693,44.50356513987775],[11.287941609935679,44.50345532348317],[11.287583550028703,44.50315480907631],[11.287231691222734,44.50286190250026],[11.287130291286639,44.502777716393105],[11.286597157838145,44.50233591782706],[11.286542655466272,44.502290979323305],[11.286179015709882,44.50199119338566],[11.285846606148592,44.50171598815748],[11.285708992388455,44.5016008458172],[11.285485044249292,44.501471749313176],[11.285389961005711,44.501419025233545],[11.285334073595088,44.50138816690358],[11.285250663217159,44.5013441125773],[11.285115862839469,44.50126936179571],[11.284992963771925,44.50122071418983],[11.28475479867494,44.50111979981576],[11.284468409445624,44.501001574757446],[11.28409983956847,44.50085653615256],[11.283873039760932,44.500766015574385],[11.283628598504952,44.50065568166407],[11.283210122508759,44.500463033553075],[11.282678233475155,44.50020388102559],[11.282234301299336,44.49998698122834],[11.281654453612637,44.49967999767903],[11.281370720386446,44.49952859120988],[11.280915504424883,44.499303674384464],[11.280497903910291,44.499095901438835],[11.280174447387335,44.49893627392794],[11.279938408452493,44.49881975051022],[11.279056654594207,44.4984838078939],[11.278178725203315,44.49816408579752],[11.27803289737168,44.49811096382003],[11.27756223929749,44.4979242876005],[11.277448978531146,44.49787376505324],[11.277218040860959,44.497770737118174],[11.277035741477677,44.49769218887572],[11.276959433065953,44.4976383450205],[11.276817484454813,44.49749031084419],[11.276732095310972,44.49740125877116],[11.276330018119763,44.496749774374855],[11.276303676685357,44.49670478253655],[11.276163277665251,44.496463314755836],[11.2759635363504,44.49612745842442],[11.27598919135804,44.49593828865268],[11.276070872460474,44.495336205318274],[11.27608041160733,44.49526588494006],[11.276215615156861,44.49426872683687],[11.276342355312183,44.49333309887328],[11.276359627777547,44.49320619598651],[11.276868330768453,44.49277586395535],[11.27816541667462,44.49165302898845],[11.278247916472973,44.491514372054844],[11.278428533283428,44.49120245541345],[11.278429506320576,44.49120095956712],[11.278449052908,44.49119939910402],[11.278566727454205,44.490989999676636],[11.278585606255191,44.490960967591185],[11.27879198938328,44.490790768082874],[11.279059675472919,44.4905700191201],[11.280243560038096,44.489625303899224],[11.280944054759773,44.4890852248161],[11.281038143825024,44.48901245834725],[11.281140921733247,44.488933855541454],[11.281439317483628,44.48869995566921],[11.281506252223558,44.48864748319124],[11.281764974175804,44.488791962387744],[11.281930114455806,44.48888480922129],[11.282237400009713,44.489057755072736],[11.282358898484418,44.48912667160135],[11.282468981682834,44.489188596153866],[11.282469007518149,44.489188613642504],[11.2826903272072,44.48938260561746],[11.282781507107792,44.48946253494181],[11.282781533294374,44.48946256142595],[11.282977472484985,44.48976087831979],[11.28300547219934,44.48980352183001],[11.28300549838618,44.48980354831409],[11.28331072870826,44.48968940349399],[11.283474910126788,44.48964673314209],[11.28360698132804,44.48962462764212],[11.284270918998207,44.48962067095476],[11.284373101934746,44.48962030972672],[11.284494594475076,44.48961169371752],[11.284673526805529,44.48958447199011],[11.285819496866743,44.488227157287476],[11.285839382119843,44.48820339736859],[11.28586422915116,44.488173695405294],[11.28598447376709,44.48831473500436],[11.285984499603027,44.4883147524922],[11.286010266458863,44.48832725426957],[11.286023547184316,44.48833369525726],[11.286030148618417,44.488336885021],[11.286080129005935,44.48834917197487],[11.286080955316415,44.48834939849759],[11.286165470823473,44.48833981970387],[11.286541462584662,44.488306973983725],[11.286748149281832,44.48828595403452],[11.286903988675288,44.48827101180461],[11.287201319440532,44.48825661056526],[11.287435575989468,44.48823727863669],[11.287536063806947,44.48821389288529],[11.287872299383507,44.488169442845496],[11.288158348346226,44.48814796410607],[11.288239633639792,44.48815645372024],[11.28823962001778,44.48815642698548],[11.288155847195023,44.48800396364455],[11.288203802922995,44.48795066129909],[11.288257056159994,44.48797941947273],[11.288363665462828,44.488092605758865],[11.288363692003147,44.48809264123724],[11.288520479019304,44.48826332040328],[11.288520505207874,44.488263346886065],[11.288632635009888,44.48835784988306],[11.28863266155049,44.48835788536136],[11.288727336315869,44.4884279720532],[11.28872737507104,44.48842799828399],[11.288828057094507,44.48849122150543],[11.288828095849766,44.488491247736164],[11.288949940680343,44.48855181389208],[11.288953043256916,44.488553003043826],[11.289103175749716,44.4886117234689],[11.289125519093236,44.48862027803122],[11.28922716238711,44.48865662687051],[11.289267480683066,44.488671050744074],[11.289273043103499,44.48867307281278],[11.289473702542233,44.488719121118386],[11.289762287638457,44.48878197784972],[11.29007258836809,44.48885789311468],[11.29020879918179,44.48889119794332],[11.290056230998296,44.48905525211644],[11.289934796911242,44.48918546196483],[11.28984423190069,44.48928757656291],[11.289704583420905,44.48947844191424],[11.289526171549403,44.489752809398794],[11.2894413539723,44.48991247903504],[11.288983117171032,44.49073406245359],[11.289206703873889,44.49081656213059],[11.28927862603513,44.49086079000828],[11.289357991143746,44.490932263474186],[11.289414383549017,44.491041459346185],[11.289682482311955,44.491560600505096],[11.289484772500705,44.49189797695524],[11.289448201078562,44.49196037818233],[11.289426885215006,44.49199674403224],[11.289228807246795,44.49233474858148],[11.289165091812363,44.49236110749962],[11.289077446514483,44.49240397084423],[11.288417090057221,44.49263044586701],[11.288295421244088,44.492638880534784],[11.288148607053143,44.49263725904523],[11.288007717433342,44.49261347127114],[11.287890125394497,44.492891712541244]]],"type":"Polygon"},"properties":{"codice_area_statistica":36,"geo_point_2d":{"lon":11.284221487639824,"lat":44.495608602782184},"area_statistica":"VILLAGGIO DELLA BARCA","cod_quar":11,"quartiere":"Borgo Panigale - Reno","cod_zona":"A","zona":"Barca"}},{"type":"Feature","geometry":{"coordinates":[[[11.364096675708863,44.47982168276557],[11.363742763745806,44.48010015200946],[11.363248805976506,44.48045895088262],[11.363066545843449,44.48058774306996],[11.362862634831401,44.48070198478598],[11.362345812632157,44.48095038597512],[11.362129441585036,44.48104136943841],[11.361485035864709,44.48132200722729],[11.360896632517857,44.481585512541734],[11.360712792720745,44.48166851039271],[11.360664962263973,44.48169043056754],[11.360402064243367,44.48185604117194],[11.359976196470608,44.48213487918561],[11.35974367988084,44.48228749959564],[11.359448973606154,44.48250360390192],[11.35935055580467,44.48256988060682],[11.358691962438327,44.48302336660152],[11.358518873547254,44.483131174987065],[11.35767545274722,44.483725169075186],[11.357368910953138,44.483951883407805],[11.356625090247913,44.48446566126596],[11.356490524365737,44.48455317164447],[11.356371993759653,44.48447556734592],[11.356299368963365,44.48445179616563],[11.356234418075008,44.48443246686934],[11.356151069801928,44.48440815171558],[11.356145850676782,44.48432914462347],[11.355948453600107,44.48391816304317],[11.355829926111296,44.48370692355729],[11.355787402262482,44.48362368086117],[11.355430205287256,44.482924401863144],[11.355355272026372,44.482779196644756],[11.355370489727152,44.48275456663565],[11.355395031021553,44.4827316347918],[11.355450631846045,44.48270243543963],[11.355615832506029,44.48262191030626],[11.355783036715978,44.482542747991225],[11.355867267463491,44.48249473633802],[11.355953527211593,44.4824480871524],[11.356060934594893,44.48237168896746],[11.356207644352684,44.48228294713126],[11.356308845126907,44.482217002800894],[11.356394458217395,44.482158375166414],[11.356438184206871,44.48212160619824],[11.356469697839492,44.48208509831555],[11.356414539980543,44.482083743203475],[11.356430479656614,44.48200212069672],[11.356444298885267,44.48195808279812],[11.356497667897575,44.48178764220731],[11.356563276144655,44.481552679363894],[11.356587365581372,44.481410841244866],[11.356611422110038,44.481330941686736],[11.356638910653015,44.481295354089944],[11.356684189858909,44.48124877613427],[11.356631937315228,44.48122212685814],[11.356596160012366,44.48120833525546],[11.35646930788131,44.48110628069228],[11.35608834906559,44.48080067360919],[11.355581397899947,44.48051007976418],[11.355431265120105,44.48041437412654],[11.355361934208902,44.48036421075818],[11.355269386801707,44.48030113949314],[11.355050274063581,44.48013770756679],[11.35484780086317,44.47997589453081],[11.354647010434924,44.479855557419704],[11.354620378157922,44.4798383806351],[11.354572198038008,44.479871630746715],[11.354492360884914,44.47981251889958],[11.354261033437709,44.479666676389336],[11.354149919334567,44.479592436777885],[11.35394243274521,44.47945498752177],[11.353891309105265,44.479418194775775],[11.353857270694316,44.47937444179954],[11.353842351219079,44.479332086102204],[11.353507807529574,44.47925352215119],[11.353503263445141,44.47917962343941],[11.353430036129703,44.47917069011687],[11.353364985867815,44.47916653960378],[11.353312274412005,44.47916560068918],[11.353239431085285,44.4791677775434],[11.353130058239973,44.47917930484942],[11.353054597935358,44.47919301385034],[11.352994941800468,44.47920730630269],[11.352943894355953,44.479222420570764],[11.352807231848049,44.47926420064448],[11.352704621478892,44.47930475659698],[11.352660377899443,44.47927705817101],[11.352722709110493,44.47921577118611],[11.35276870549004,44.479170728436756],[11.352874681844053,44.47906691377393],[11.353003384864202,44.478921956795865],[11.353030392780413,44.47888033021279],[11.353040200811625,44.47883905816295],[11.353071882551506,44.47873573941223],[11.353063071022122,44.47869485116532],[11.353037172078178,44.47862146463591],[11.352958768224541,44.478454696022304],[11.352914527488354,44.47835294220785],[11.35287861109693,44.47822679979166],[11.352873280612933,44.47818335505861],[11.352885718342547,44.47813587103442],[11.352914848325712,44.478075727389935],[11.35297687940204,44.47797793187693],[11.353018057071855,44.477931908031636],[11.353050396327374,44.47790592610405],[11.35313458961217,44.47786646968768],[11.353423011665178,44.47773389324324],[11.353622234137545,44.47763948972932],[11.353778163955004,44.477577910780745],[11.353854117448648,44.47755432427437],[11.353898502957279,44.47754899776124],[11.353976805334561,44.4775241023735],[11.354035509213556,44.477512754889304],[11.354113609507559,44.477503780181415],[11.354286605865227,44.47748732074601],[11.354380559616901,44.47746985353306],[11.35448675887606,44.47744266293241],[11.3546954256187,44.4773858556866],[11.354891091829737,44.47732564318518],[11.355302581684722,44.47719466434043],[11.35537883051925,44.47717938012945],[11.355458206246109,44.477177742315746],[11.355564496984687,44.47716378265389],[11.355659437678549,44.47714024427042],[11.355981801450486,44.47704924616737],[11.3565099907046,44.47689906452878],[11.356751317564342,44.476837195034285],[11.356976788696722,44.476789381382986],[11.35722395645724,44.47675111215583],[11.357371570096808,44.476728267179574],[11.357645611052218,44.47669445653375],[11.357709583862654,44.47668596919734],[11.35792207978831,44.47666660882294],[11.357963745934393,44.476662471225985],[11.358056195647505,44.476653296444006],[11.35831562386592,44.4766322456466],[11.358486223791974,44.476627550741576],[11.35860223167066,44.476617942804715],[11.358722291954816,44.47660530716426],[11.358955620866276,44.47658779205666],[11.359192479532126,44.47657019452047],[11.359537747040282,44.47651482246798],[11.35962102985,44.47649753549226],[11.359850947871388,44.47641073297946],[11.360013881110362,44.47634658802276],[11.361195047435709,44.47574782320786],[11.361684874598957,44.476211722659436],[11.36205087081811,44.47656254385681],[11.362096988078896,44.47658613970219],[11.36212877136234,44.476615343673316],[11.362547945003344,44.477028702278126],[11.363772141243317,44.478192468461785],[11.36470485675648,44.479074779615935],[11.364783641135014,44.47913685897377],[11.364466682598938,44.479507192727766],[11.364406664549346,44.479558211253725],[11.364096675708863,44.47982168276557]]],"type":"Polygon"},"properties":{"codice_area_statistica":57,"geo_point_2d":{"lon":11.358771938550984,"lat":44.47950534663599},"area_statistica":"SIEPELUNGA","cod_quar":15,"quartiere":"Santo Stefano","cod_zona":"O","zona":"Murri"}},{"type":"Feature","geometry":{"coordinates":[[[11.312601137480696,44.48973324055612],[11.312560678062885,44.48974054205662],[11.312504089601855,44.489759783624194],[11.312452546727533,44.489766679426914],[11.312405780496102,44.48978210293327],[11.312280599589368,44.49006032504623],[11.31149049944871,44.49008615702252],[11.311519170963773,44.49044569821922],[11.311466613222892,44.49047116847134],[11.311443635401059,44.49050649177474],[11.311411920099816,44.49056640702265],[11.31138575623303,44.490643638878524],[11.311348005371764,44.49079779842526],[11.311331908585531,44.49086531069341],[11.311302042599397,44.49099049327344],[11.311187163604284,44.49178075305524],[11.31100662803793,44.492914440268464],[11.310843784369265,44.493962217274394],[11.310598283805035,44.49561444419331],[11.310445119173387,44.49559204894104],[11.309895949120156,44.495482266788024],[11.309244679101138,44.49534488388129],[11.30896345242196,44.49528912979283],[11.308665356373833,44.495147588419115],[11.307895639448859,44.49478048846074],[11.30753890622193,44.49458652817436],[11.307202235409388,44.49443270894459],[11.306867131794384,44.49431857646864],[11.306259968167204,44.494097677402564],[11.30576144381745,44.4939192876677],[11.30447505825219,44.49345964560032],[11.30345563435038,44.49308210768004],[11.301819085493632,44.49249589320684],[11.302260860165234,44.49235470941355],[11.302183394152907,44.492154595623575],[11.301868494845174,44.49131521516338],[11.301819807603641,44.49116335986017],[11.301771773570035,44.491027777054185],[11.30168567900443,44.49090649252993],[11.30158583022214,44.490812168937325],[11.301204056867876,44.49052498552657],[11.300765502955446,44.49019557972134],[11.300364851954189,44.4899011487386],[11.300322258922124,44.48987694379712],[11.29977943972225,44.48956856758435],[11.29951174959719,44.48943551819707],[11.299315345093442,44.489338006043056],[11.299039443676177,44.489209091075935],[11.298926298882513,44.48915483337857],[11.298568660325238,44.4890200371215],[11.298064688335787,44.488844361002855],[11.297897519601607,44.48878536513403],[11.297390204295391,44.488605152996584],[11.297079590086538,44.48850288634396],[11.29666826125591,44.488359495670004],[11.295923014702758,44.48811432945056],[11.295686660941245,44.48803559266317],[11.295026850847302,44.487798398211574],[11.295030688174599,44.48775612588333],[11.294829048347252,44.48768479174982],[11.295387493460815,44.487054086390394],[11.295699500829246,44.48671303263346],[11.29577488308681,44.48663105142333],[11.295827640306921,44.486573724171585],[11.296050446198485,44.486322805869946],[11.296123174564013,44.486273521234764],[11.296149998496867,44.48625557067071],[11.296214736337452,44.486212253375676],[11.296214796342282,44.486212180147895],[11.296215066083425,44.48621200367276],[11.296373988490288,44.486032319911516],[11.296419771271482,44.485980597258056],[11.296633412580402,44.4857366051055],[11.296676970138016,44.48567434005487],[11.29683221837804,44.48573042667825],[11.296827763439612,44.48578159707268],[11.296826665002326,44.48585643979396],[11.296823133513463,44.4859340142424],[11.29682240443143,44.485992959939416],[11.296823179834194,44.48605050697043],[11.29682965957242,44.48612041683511],[11.296843719167136,44.486180631434436],[11.296866808855507,44.486243104048505],[11.296901028943344,44.48631392318345],[11.296933949336198,44.486376621104725],[11.296976348462163,44.48643026073056],[11.297118988729176,44.48655368802202],[11.297243402619651,44.48654761940405],[11.297376368030596,44.48650568324243],[11.297444720871356,44.48646861232566],[11.29754477624316,44.486477302722356],[11.297660613056015,44.486507092581625],[11.297744887418721,44.486494692246225],[11.297843541902731,44.48646771526692],[11.29797924146249,44.4863686198716],[11.298076494872715,44.48630598458523],[11.298158807239284,44.48624365000405],[11.298272194494281,44.48629720140691],[11.298616314838203,44.486433747286554],[11.30025374718723,44.48707929072532],[11.300352748074946,44.48711837467431],[11.300801493377163,44.48729668427033],[11.301199694400738,44.4874490031957],[11.30398472109548,44.48851302100011],[11.304012550808789,44.48846125254466],[11.30422720953633,44.48824367536801],[11.305642237841852,44.48866801608017],[11.305811439415258,44.48823473354357],[11.305744646874572,44.488215268645725],[11.306000620580605,44.4878243818692],[11.306953257866923,44.488101328680244],[11.30769884523941,44.488316032121695],[11.307927847347509,44.48838745648038],[11.308038213261419,44.488344974513836],[11.308352594627884,44.4881999598309],[11.30877061405848,44.4880150913846],[11.309339211424037,44.4877520126717],[11.309556540705293,44.487646282723404],[11.309491460949964,44.487557132268975],[11.309320981653533,44.48741829505473],[11.3092123541649,44.48732984532731],[11.309139230614683,44.487274248017535],[11.309073722144031,44.48722677901791],[11.309037088994664,44.487206408911156],[11.308995764339564,44.48719207540102],[11.308958047959734,44.48718249428635],[11.308921714776119,44.48717322728135],[11.308895602365235,44.48712659081634],[11.30886110670176,44.48708740700276],[11.308691674655204,44.486962285620066],[11.308530097763864,44.48685455119635],[11.308306801850842,44.48673191389316],[11.308083636165886,44.4866492090461],[11.30799568999064,44.48660419165688],[11.307893058600104,44.486563720318124],[11.307642257249856,44.486458184558],[11.307381203748587,44.48638507576958],[11.307266433929469,44.486273089491135],[11.307126971168111,44.48621577079148],[11.30696205778274,44.486166807515126],[11.306770080729635,44.48610442784991],[11.306676609557014,44.48606850567735],[11.306530323672192,44.48601034283204],[11.306468507264274,44.48598210830306],[11.306367997611016,44.48590480809328],[11.306727919481045,44.48524598158518],[11.306170363860717,44.48511828246597],[11.306388130830328,44.484462328661955],[11.306662610415732,44.48422778361354],[11.30666852355978,44.48373984909991],[11.30680673810185,44.48363746042327],[11.306917693100612,44.48320253512587],[11.306848515240985,44.482763948812455],[11.306965320469843,44.48247743917029],[11.306773530743076,44.48217805310386],[11.306880655540109,44.482124123388886],[11.307197083742505,44.482014873781175],[11.307264180156425,44.48214393842743],[11.307423981858834,44.48225042324079],[11.307456647202864,44.48246075702534],[11.307571701489403,44.48246855028795],[11.307547367173875,44.482807756170764],[11.307767518392916,44.483188716313535],[11.307998479033754,44.48350475575552],[11.307905139939656,44.48370863424211],[11.307959595417591,44.4841126414163],[11.308084035285829,44.48435825520104],[11.308386480873281,44.484892277854094],[11.308441263850645,44.48496599967924],[11.3099778503079,44.48454892126679],[11.310394120255596,44.48529781398167],[11.310791000150253,44.485933448771945],[11.311546705001318,44.486704048874934],[11.31199640678436,44.486528069791575],[11.31233789123159,44.48639314525041],[11.312332019118644,44.48643229946415],[11.31247534187174,44.4867080176636],[11.312554557021159,44.486866749236164],[11.312614257347136,44.48696446936938],[11.312712272387143,44.48711201685106],[11.312808541382829,44.48726310163041],[11.312897869954204,44.487416757645484],[11.313105611746126,44.48763551574793],[11.313194612236291,44.48778688250667],[11.313223952458822,44.487843175376824],[11.313273933678389,44.487931675378064],[11.313320077002848,44.48801534671448],[11.313343198549262,44.488049538159906],[11.313123781233728,44.48811409473534],[11.31309782393054,44.48813190568743],[11.312090909383269,44.488257292285375],[11.312106605828506,44.48847527832804],[11.312206972073447,44.48864822892757],[11.312524053912076,44.48869581261421],[11.312555432628447,44.488734005146924],[11.312537769472058,44.48878443540136],[11.312530425541611,44.488817218581815],[11.312664874086588,44.4888482546194],[11.312727146807527,44.488862747569826],[11.312730352641585,44.48890375246217],[11.31290263672871,44.48890757206014],[11.312867948196656,44.489044907267385],[11.312880494490752,44.489079133010456],[11.312898481082664,44.48911099787784],[11.312944584325376,44.489131940080746],[11.312965977191379,44.48922450343821],[11.312980275564138,44.489291904242315],[11.312966459322777,44.4894911415263],[11.312915805105591,44.48960956167994],[11.312895892872481,44.4896622701954],[11.31287931415152,44.48971054490933],[11.312871107223387,44.489770164320696],[11.312819097255938,44.48975888451218],[11.31277389017878,44.489751076895004],[11.312713866131817,44.48973113685956],[11.312664573430308,44.4897313252513],[11.312601137480696,44.48973324055612]]],"type":"Polygon"},"properties":{"codice_area_statistica":71,"geo_point_2d":{"lon":11.306057112235614,"lat":44.48963574849239},"area_statistica":"STADIO-MELONCELLO","cod_quar":13,"quartiere":"Porto - Saragozza","cod_zona":"F","zona":"Costa Saragozza"}},{"type":"Feature","geometry":{"coordinates":[[[11.31081832189596,44.51115572035831],[11.310832517960328,44.511342632346796],[11.310845305519624,44.51150378049011],[11.310850776539562,44.51163897830092],[11.311062632698901,44.51296390912858],[11.31068159709111,44.51306154018563],[11.310233711565655,44.51317629537443],[11.309866888702077,44.513270062054914],[11.309454153236874,44.51337654077535],[11.309094582140363,44.51346889790116],[11.308693272753114,44.5135719918443],[11.308259988532086,44.51368392325811],[11.307900744495395,44.513775099671356],[11.307531193894883,44.51387007531336],[11.307241169895388,44.51394365479568],[11.307151765544852,44.51396632970213],[11.306747366835399,44.51407101867006],[11.30669307412041,44.51408498942693],[11.306240442839622,44.51420135525665],[11.305875612995138,44.5142946186999],[11.305481866808345,44.51439484779409],[11.305054952796848,44.51450303734602],[11.304554209577601,44.51462757901699],[11.304178377903327,44.514722760616635],[11.30376068096764,44.51482869769014],[11.303355486011418,44.51493200429882],[11.302356986410908,44.5151940909915],[11.302065317556972,44.515270643319376],[11.30165851777858,44.51537808142684],[11.300345808204982,44.51572472662383],[11.300254763502771,44.51574933771849],[11.299367501364207,44.51598905398034],[11.298768033224938,44.51614961544723],[11.298370366940958,44.51627012766973],[11.297871578391446,44.51642144626467],[11.297614769692975,44.5161893348866],[11.296822560969868,44.515502852178315],[11.29588066511303,44.51514130612506],[11.295556467370757,44.51488162012708],[11.29542572929463,44.51475383794749],[11.294748885470097,44.5140921995865],[11.294247195388719,44.51360142578277],[11.293420494115448,44.51231677963359],[11.293343863168708,44.51173839178719],[11.293288202005153,44.5113182888478],[11.29310280621532,44.51083247148443],[11.29291361076438,44.51065028772962],[11.29276377250911,44.51050601523466],[11.292605991745553,44.51020733693587],[11.292574958452747,44.51014841718354],[11.292847244697203,44.51003927496876],[11.293110167422808,44.50993488449662],[11.293538283000427,44.5097649308216],[11.294608748108432,44.50933984249507],[11.29470911045063,44.509306649193256],[11.294838486219337,44.509272872557275],[11.295091791675363,44.50921722170567],[11.295943258250501,44.50903945795337],[11.297181559820858,44.50877164761748],[11.297791142004575,44.50864550567268],[11.298245295086998,44.50856562108635],[11.298788966329006,44.5084584367839],[11.29918605400967,44.508377347912734],[11.2996037114782,44.50829821997076],[11.29996318727057,44.50822496208137],[11.300277759890665,44.50816347398934],[11.300660608994876,44.50808543068472],[11.30084294499725,44.508046600736506],[11.301056085283843,44.50800092879412],[11.301606864157122,44.50788441416416],[11.302077454788117,44.507782000561434],[11.302749005473682,44.50763683835414],[11.303172956806074,44.50754145577358],[11.30333673464385,44.507502339073866],[11.303586130166726,44.507442363989],[11.304296160062359,44.50726952549039],[11.30443874269157,44.507233067682655],[11.304573510898553,44.50719209512015],[11.304722119186376,44.507142236517204],[11.305661283858713,44.50683203826805],[11.306095909195179,44.50668764428547],[11.306171767279988,44.506662435051695],[11.306418222751196,44.5065762526605],[11.307137999030015,44.5063196556622],[11.308271318867266,44.50592267006578],[11.308769487052396,44.50574869491067],[11.309025782357107,44.505663082089235],[11.309247448037846,44.50558520923407],[11.30929736687061,44.50556804879447],[11.309677790016082,44.506286508950836],[11.309945006102776,44.50679116984399],[11.31011256933432,44.50708040764506],[11.31018766810319,44.50719327454629],[11.310274850089218,44.50732984369511],[11.310378930550344,44.50742350661068],[11.31051026756392,44.50754854087288],[11.31064542607851,44.507635929900665],[11.310868813369893,44.5078532043573],[11.310508892762462,44.507951406732225],[11.310532303338647,44.50797396147148],[11.310550450219516,44.507997342951484],[11.310573033084529,44.508019644358384],[11.310599008234021,44.50804087781243],[11.310570773381912,44.50809487956376],[11.310556780250518,44.508158126769864],[11.310586967142331,44.50822639443012],[11.310830519368592,44.508735079077795],[11.311562403514507,44.51015279490851],[11.311719481233002,44.51043888455934],[11.311778174229515,44.510532150897305],[11.31183624550993,44.51060969330775],[11.311991555052396,44.51078167483101],[11.312110119304027,44.510898080335814],[11.312465077266058,44.510861677058244],[11.312545649337759,44.5110121522144],[11.312354506898089,44.51109014235296],[11.312263211914221,44.51113705846689],[11.312164031250296,44.511143973782794],[11.31208938340724,44.511169324522676],[11.311994116057965,44.511170848916336],[11.311281755749192,44.511171779425425],[11.311149514248745,44.511168263071596],[11.310859530035048,44.511154886178815],[11.31081832189596,44.51115572035831]]],"type":"Polygon"},"properties":{"codice_area_statistica":39,"geo_point_2d":{"lon":11.302615853162859,"lat":44.51118478922232},"area_statistica":"AGUCCHI","cod_quar":11,"quartiere":"Borgo Panigale - Reno","cod_zona":"S","zona":"S. Viola"}},{"type":"Feature","geometry":{"coordinates":[[[11.387030130942998,44.47235596865455],[11.3874277076254,44.472907346410416],[11.387746584234394,44.47334283990885],[11.388019941189052,44.473717697915546],[11.38805596128437,44.473765720505504],[11.388371182745,44.47419490581298],[11.388466445808277,44.474328815949505],[11.38888547039529,44.474897015672944],[11.388963726007958,44.47501095341423],[11.389314405144988,44.47549093387314],[11.38973525441142,44.476079690127285],[11.390171849111455,44.47666276754079],[11.390614742572756,44.47727269211125],[11.390640788065143,44.477311902141196],[11.390656158986724,44.47734804977064],[11.390666168428837,44.477390845570845],[11.39022458700879,44.47755864648466],[11.389321643626337,44.477899320551444],[11.389108995056835,44.47798039244056],[11.38857961389356,44.478175330827725],[11.388382822297817,44.47824754409762],[11.38804199132951,44.478374229257824],[11.387009669591649,44.47876076796192],[11.385733730718222,44.479235149959884],[11.386085413507912,44.47996760595756],[11.386995569965888,44.48185130350543],[11.387076267897097,44.481932178833794],[11.387429253209842,44.482675370238034],[11.386491219342357,44.48273212057806],[11.386080957113306,44.482755524161774],[11.385437834952738,44.482788311888584],[11.384434191513668,44.482879887980026],[11.384261772997794,44.482901449541906],[11.384123654967487,44.48291951266382],[11.383989780081519,44.48294141213462],[11.38386908144097,44.48298393130819],[11.383735946737502,44.48281443786415],[11.383646526003025,44.48269068291109],[11.38349916771715,44.48246309535506],[11.383463374311997,44.482391668908754],[11.383041746923016,44.481548492898355],[11.382895608958354,44.48125965238275],[11.382765912024391,44.48103483705597],[11.38235399450475,44.48062820768914],[11.38228987229378,44.480570965993586],[11.382172521506737,44.48045626416339],[11.381968492636421,44.48025501941644],[11.381630422432556,44.47992405270582],[11.381381252687735,44.479668058602414],[11.381251548364816,44.47951327286951],[11.381067167358264,44.47928607623976],[11.380977555108682,44.479182056814956],[11.380908080181776,44.47909053604163],[11.380820941602915,44.47896880179457],[11.380695182393723,44.478786664252304],[11.380644040574856,44.47870840890922],[11.380584945218434,44.478629986312605],[11.380396594196766,44.47834988204699],[11.380237282978197,44.47811718281549],[11.38002630681204,44.4778068958179],[11.379930568567238,44.477666848818345],[11.37976532359951,44.47742511696516],[11.379739607582852,44.4773882652615],[11.379533463751024,44.477092784885464],[11.379503361670942,44.47704794021723],[11.37930295577214,44.47675838054788],[11.378978693226115,44.47631460343794],[11.378703186232,44.475950391734564],[11.37834982507271,44.475412556732614],[11.378520958032867,44.47532860682457],[11.379189474028635,44.47507278447513],[11.380080855547199,44.474732467572096],[11.38059416135137,44.47453154795361],[11.381133167438803,44.4743279473171],[11.382107319064167,44.473952065213616],[11.382473158661037,44.4738127312561],[11.382907842289612,44.47364827318436],[11.383353568756803,44.47347192451829],[11.383733399393016,44.47332989070139],[11.384336464856514,44.473097200166336],[11.38482281749819,44.472909716194835],[11.385713686579631,44.4725710764021],[11.386547084081446,44.47225423816266],[11.386857671324128,44.4721368142648],[11.387030130942998,44.47235596865455]]],"type":"Polygon"},"properties":{"codice_area_statistica":83,"geo_point_2d":{"lon":11.384565234595735,"lat":44.477191941632796},"area_statistica":"BITONE","cod_quar":16,"quartiere":"Savena","cod_zona":"N","zona":"Mazzini"}},{"type":"Feature","geometry":{"coordinates":[[[11.39757905339185,44.47520624927399],[11.397716143109546,44.475373230951284],[11.397941950767315,44.47566015404289],[11.398332033083165,44.47616486431727],[11.398705796630571,44.47665012841011],[11.399010329882817,44.4770466311439],[11.399190522171098,44.477279936563825],[11.399318411050995,44.47744553418057],[11.399767049435834,44.47803056315316],[11.399882569167971,44.47817286934913],[11.400381577794796,44.47878760773478],[11.400488876027516,44.47890935319717],[11.400810099123118,44.479273783852044],[11.400841460907193,44.47930936870976],[11.400926421981243,44.47940274822558],[11.401267165981876,44.47975522565168],[11.401416713547457,44.47990780661369],[11.401646806996798,44.48013037145787],[11.401968332323468,44.48043504218739],[11.402386495187256,44.48082296882254],[11.402530692548567,44.48095811483599],[11.4027645791688,44.48117730259937],[11.402444494022292,44.48128673220904],[11.402372185068295,44.481311435693044],[11.401404227872598,44.481629662594166],[11.401275512227162,44.48167072136937],[11.400891814483415,44.48179477257689],[11.400761845634344,44.48183840486397],[11.400247219409893,44.48201066153324],[11.400019949035187,44.48208014173992],[11.399523231034614,44.482231996850246],[11.398907266163642,44.48243394355796],[11.398242312647724,44.482650501077394],[11.39710786112053,44.48301370024553],[11.396089997154194,44.48333893472661],[11.395524949384733,44.4835217981809],[11.394842384265601,44.483730206996924],[11.394709104851579,44.48378380468457],[11.394682074366473,44.48373695508264],[11.39341083398864,44.48172676136692],[11.392986094142955,44.48103776685288],[11.392903787624922,44.480918650383416],[11.392718265271778,44.48062786625469],[11.392259457111086,44.479875313461704],[11.391213881444854,44.478210718746816],[11.390874919296913,44.47768194791276],[11.39073771582955,44.47748906895605],[11.390666168428837,44.477390845570845],[11.391576985627108,44.477040156037816],[11.391986298826641,44.476876140945464],[11.392478369982827,44.47668690212409],[11.392600979670245,44.476639310306304],[11.392677947278523,44.476609572928076],[11.39345922228995,44.47631398767489],[11.393775676357555,44.47619165060397],[11.395834551486471,44.47541413296031],[11.396211637676009,44.47527061179406],[11.396415378604948,44.475197248821324],[11.39683628381648,44.47504153441689],[11.397318472223347,44.474866553257456],[11.39757905339185,44.47520624927399]]],"type":"Polygon"},"properties":{"codice_area_statistica":80,"geo_point_2d":{"lon":11.396388436124886,"lat":44.47939413088528},"area_statistica":"DUE MADONNE","cod_quar":16,"quartiere":"Savena","cod_zona":"N","zona":"Mazzini"}},{"type":"Feature","geometry":{"coordinates":[[[11.30623387951237,44.50147016880675],[11.30647114597839,44.50166531344736],[11.30662420850603,44.50179220900611],[11.306771799170592,44.501913669339736],[11.30687981414777,44.502002556683145],[11.307046307820697,44.50214143275616],[11.307321990256241,44.50236955888864],[11.307397921768095,44.50241457645632],[11.307516935528872,44.5025216961563],[11.307567201029956,44.50257871070314],[11.307980648918976,44.503155889038155],[11.308257841793795,44.50354854943146],[11.308449424053464,44.5038268971737],[11.308485067299634,44.503889473501495],[11.308517079500419,44.50396840890689],[11.308542421324855,44.504059686689544],[11.308604258265028,44.504304233476816],[11.308624404237044,44.50437383008174],[11.308642363132606,44.504443470913245],[11.308660089187908,44.504506895670616],[11.308681783474054,44.504560904500345],[11.30869864996612,44.50460256040266],[11.308729336939724,44.50466416557673],[11.30876420167378,44.5047210229137],[11.30886151027891,44.50487306187128],[11.30897760311001,44.50506050603449],[11.309241049226674,44.50546429907054],[11.30929736687061,44.50556804879447],[11.309247448037846,44.50558520923407],[11.309025782357107,44.505663082089235],[11.308769487052396,44.50574869491067],[11.308271318867266,44.50592267006578],[11.307137999030015,44.5063196556622],[11.306418222751196,44.5065762526605],[11.306171767279988,44.506662435051695],[11.306095909195179,44.50668764428547],[11.305661283858713,44.50683203826805],[11.304722119186376,44.507142236517204],[11.304573510898553,44.50719209512015],[11.30443874269157,44.507233067682655],[11.304296160062359,44.50726952549039],[11.303586130166726,44.507442363989],[11.30333673464385,44.507502339073866],[11.303172956806074,44.50754145577358],[11.302749005473682,44.50763683835414],[11.302077454788117,44.507782000561434],[11.301606864157122,44.50788441416416],[11.301056085283843,44.50800092879412],[11.30084294499725,44.508046600736506],[11.300660608994876,44.50808543068472],[11.300277759890665,44.50816347398934],[11.29996318727057,44.50822496208137],[11.2996037114782,44.50829821997076],[11.29918605400967,44.508377347912734],[11.298788966329006,44.5084584367839],[11.298245295086998,44.50856562108635],[11.297791142004575,44.50864550567268],[11.297181559820858,44.50877164761748],[11.295943258250501,44.50903945795337],[11.295091791675363,44.50921722170567],[11.294838486219337,44.509272872557275],[11.29470911045063,44.509306649193256],[11.294608748108432,44.50933984249507],[11.293538283000427,44.5097649308216],[11.293110167422808,44.50993488449662],[11.292847244697203,44.51003927496876],[11.292574958452747,44.51014841718354],[11.292543949791146,44.510089803014914],[11.291980518353258,44.509028262481436],[11.291825225224066,44.508747898331265],[11.291604513349178,44.50833015359115],[11.291558043936224,44.50824326633422],[11.291156900091444,44.50748382183696],[11.291017552678905,44.50721014948319],[11.29089124442874,44.506960351177625],[11.290764217733384,44.506710810208666],[11.290657625510134,44.5065018027606],[11.290571991847422,44.50633355244579],[11.29037397438514,44.5059506488875],[11.290257676917546,44.505735632986664],[11.290176260021461,44.50558665329313],[11.289994897316387,44.50524019943197],[11.289957545640009,44.50516050168548],[11.289930541556497,44.505127868886845],[11.290538310543166,44.504953440193006],[11.291017166191995,44.50481324857727],[11.291245705326803,44.50474620187483],[11.29139432844391,44.504701401764926],[11.291587291444253,44.504642387568744],[11.292644205802773,44.50432797904544],[11.293162248414324,44.50417236221179],[11.293441030374964,44.504090680918395],[11.294374492677731,44.50380797685812],[11.294728516918902,44.50370212063587],[11.295059879214515,44.50360383096267],[11.29577669161999,44.503388650968645],[11.29629874066274,44.50323201203797],[11.297797493044195,44.502786988226354],[11.298149093241609,44.502689542568646],[11.298361381851437,44.50262808425712],[11.29878871546655,44.50251035944499],[11.299547366035108,44.502306088590984],[11.29984724992578,44.502225343942456],[11.300705086318867,44.50200620239707],[11.30222440810295,44.501618475363195],[11.303064700899373,44.50140212757259],[11.30322002792151,44.5013462566606],[11.303372529360972,44.50128316846527],[11.303657602761616,44.501166486246404],[11.303758400589809,44.50123358291502],[11.303850390763712,44.5012888027927],[11.30397119075513,44.50133740940918],[11.304098792504277,44.501357511482155],[11.305212286904633,44.50144607823868],[11.305296927877562,44.501423969152434],[11.305393773355622,44.50140161353121],[11.305469925030689,44.50137093425454],[11.305764548626124,44.50117530833054],[11.305820408826527,44.501138223721135],[11.305898372006126,44.50120165654897],[11.305977448376842,44.50126109669821],[11.30623387951237,44.50147016880675]]],"type":"Polygon"},"properties":{"codice_area_statistica":40,"geo_point_2d":{"lon":11.29957060664606,"lat":44.50539139186573},"area_statistica":"EMILIA PONENTE","cod_quar":11,"quartiere":"Borgo Panigale - Reno","cod_zona":"S","zona":"S. Viola"}},{"type":"Feature","geometry":{"coordinates":[[[11.345876593277884,44.50624113324688],[11.34592019296828,44.506391219328805],[11.346032280808943,44.50677707052134],[11.346074452757366,44.506922279474956],[11.345862562929824,44.506950796938945],[11.34394505915541,44.50720885824611],[11.343316765170771,44.50729184249811],[11.342912110837185,44.5073468988021],[11.3426021450013,44.50738774905333],[11.342085880926891,44.50745579683357],[11.340206165925832,44.507709589970304],[11.340381416986016,44.50838907585252],[11.3405195135747,44.50893922711587],[11.340695051244934,44.50967405427971],[11.340958587631098,44.51069699507247],[11.341247286105034,44.51176270334807],[11.341492425775984,44.51269587725128],[11.341596906045096,44.51312178785245],[11.341436247051956,44.513177262149036],[11.34133283690895,44.51320548161335],[11.340954277013022,44.513255323411386],[11.340585338125976,44.51330476862793],[11.339730678166264,44.51341755443429],[11.339595128720958,44.5134478624674],[11.339455903686712,44.51349353201375],[11.339292525488794,44.51357639078796],[11.338339232412514,44.51421216548405],[11.338086606682117,44.51438872177386],[11.337922685217446,44.51452573109282],[11.337820534751136,44.51462800362461],[11.337728951366682,44.51472583746169],[11.337581004559324,44.5149370153079],[11.33744208284019,44.5151366739349],[11.337334340343503,44.51529547955726],[11.337128400419408,44.515596339361686],[11.33671244066256,44.51617767852436],[11.336627642790518,44.51630560314253],[11.336448429020338,44.51656827492406],[11.33630000140287,44.51675443379375],[11.336203034480771,44.516889593126066],[11.336117897008272,44.51702921862315],[11.336079532556527,44.51703077795822],[11.336016772861045,44.51703616745129],[11.335962134860909,44.51704359633824],[11.33575029258474,44.51705199131956],[11.335640158297144,44.51705608131149],[11.334474304374053,44.51705855739537],[11.334316206280311,44.51705919772059],[11.33343098739835,44.51706472857849],[11.33340223404605,44.516948706223346],[11.333410104329278,44.51653480586754],[11.333430997499594,44.51621197922591],[11.33347398816738,44.51583094045053],[11.333479285844412,44.5155876910821],[11.33347405248388,44.51527291559115],[11.333439722111553,44.515067296723345],[11.333335206244753,44.51480076976054],[11.333286864615527,44.51471847520047],[11.333243767376967,44.51462666575151],[11.333099427477965,44.51439722384588],[11.332939765298745,44.51406600586276],[11.332830855727755,44.513877476344526],[11.332695891190948,44.51363034132789],[11.332603123558663,44.51344018535205],[11.332442023979905,44.51316675642516],[11.332363609407155,44.513036714156094],[11.33228924587844,44.51285463528054],[11.332234873291297,44.51272769372923],[11.33220383589971,44.51261957689574],[11.332144628085528,44.51244207666602],[11.332071056722864,44.5123182820405],[11.331997676436595,44.512240891670615],[11.331908535222981,44.51216800040458],[11.331821671215641,44.512111501230386],[11.33164534640889,44.512021071131926],[11.331532796425753,44.51197635858941],[11.331335736372543,44.51188366875247],[11.331167453208858,44.51180650550148],[11.331030783438868,44.51172198954525],[11.33092177850263,44.51162480908835],[11.33082821155354,44.51149104197987],[11.330718939377189,44.511293119091796],[11.330717654859242,44.51121389574932],[11.330758281985476,44.51105589047766],[11.330808287696465,44.51099173448006],[11.330883373669865,44.51092710236269],[11.331031734241604,44.51080448284896],[11.331095397987927,44.51070645925547],[11.331102259268075,44.51059616376332],[11.331162325767474,44.510503219014225],[11.331247617527556,44.510380950876105],[11.33138691555977,44.510202132902265],[11.3315510153894,44.51003354824791],[11.331753387309146,44.509882987955656],[11.331972092897034,44.509718670806826],[11.33210811165489,44.509599020772455],[11.332211395363068,44.509505561646435],[11.332266969630709,44.509422439854994],[11.332284150967226,44.509320809953635],[11.332278505999678,44.50925847448481],[11.332273598084775,44.5091944314739],[11.33217138419008,44.508850533125326],[11.332120122157255,44.50879766403123],[11.332095175048494,44.508723569417945],[11.332075139244118,44.5086555862353],[11.332084499223464,44.50856161527547],[11.332081968130268,44.50846316989577],[11.332099833093892,44.50837141986342],[11.332160533103742,44.5082506166772],[11.3322567794495,44.50811736587631],[11.332372847085722,44.50798840034503],[11.33247684400189,44.50788546468771],[11.332508178687277,44.50782705494864],[11.332709777619927,44.50740075103758],[11.333202808869418,44.50733503908222],[11.333565531549175,44.507291695505266],[11.334205777465398,44.50722034995809],[11.334762976896814,44.50716123238885],[11.334994554635662,44.50714074123481],[11.335403475157632,44.50709627578252],[11.336714040361104,44.506938270672066],[11.337691081103683,44.50683336328159],[11.337834549635357,44.506815832003916],[11.338058196024809,44.50678676456874],[11.338300299976165,44.50675398766378],[11.338749648858744,44.506693818835146],[11.33982971954924,44.5065491424767],[11.340464644377027,44.50646374582657],[11.34184507893239,44.50628255301379],[11.343381769757881,44.506077069890864],[11.344517177114716,44.50592536147709],[11.344880828823262,44.50587738051994],[11.34513790674491,44.505850844381214],[11.345335536932982,44.50583228999449],[11.345441271884107,44.50582444594381],[11.345583689063062,44.50579964343988],[11.345742841981021,44.50578122177373],[11.345876593277884,44.50624113324688]]],"type":"Polygon"},"properties":{"codice_area_statistica":16,"geo_point_2d":{"lon":11.33680412123772,"lat":44.51090982107191},"area_statistica":"EX MERCATO ORTOFRUTTICOLO","cod_quar":12,"quartiere":"Navile","cod_zona":"B","zona":"Bolognina"}},{"type":"Feature","geometry":{"coordinates":[[[11.371039044902712,44.510646005070214],[11.371093573781833,44.51070902467804],[11.371124011809568,44.510744177605574],[11.371200558340902,44.51083264017759],[11.371237301850183,44.510874359998034],[11.371326866472955,44.510976064902536],[11.371356119748521,44.511009297825176],[11.371410716672635,44.51107149663104],[11.371536478950343,44.51121508550123],[11.371754335942661,44.511467798346935],[11.371884010012877,44.511604499613355],[11.371933751441452,44.51165739137847],[11.372043325529082,44.51176722335848],[11.372168311093159,44.51189159819068],[11.372358648815737,44.5120600866335],[11.37249527957043,44.51217190358391],[11.372609367780614,44.51226147546037],[11.372715412355543,44.51234783845544],[11.372787858825316,44.51239810628646],[11.37290010148612,44.512475976895956],[11.373052019730993,44.51258002126589],[11.373324116703868,44.512754388531434],[11.373509313624409,44.512853761251904],[11.37366462386807,44.512938423785506],[11.373862233700333,44.513039500370795],[11.374490363684385,44.513341300571504],[11.375738048732357,44.51393187125523],[11.376057917065497,44.514085414085216],[11.376340063260422,44.51421690182095],[11.377089708319634,44.5145731080761],[11.377120577491777,44.514587787595225],[11.377076408443807,44.51464175943145],[11.37692987090556,44.51482437577659],[11.376723565967996,44.515075314383445],[11.376663191799247,44.51513612330429],[11.3765986084163,44.515206049388894],[11.376455618888986,44.515359648034504],[11.376153386725822,44.51568708774792],[11.376113351898804,44.51573044916192],[11.375567585902841,44.516248525953976],[11.375341360739553,44.51647087935083],[11.375115577624832,44.51666514413706],[11.37505545318517,44.51671855590415],[11.374919172214074,44.51682688322454],[11.3746535480135,44.51704028716838],[11.374028124952787,44.51751228205025],[11.373828732447919,44.51765390665183],[11.373500606915448,44.51788228249667],[11.373090872643303,44.518139595708405],[11.372641679887064,44.51841282487398],[11.37185873631145,44.51883824365386],[11.371763095091007,44.518872054886174],[11.371839599362474,44.518945537552234],[11.371895767325169,44.51899818771052],[11.37184983175708,44.51901317715271],[11.371805823265104,44.519045573475516],[11.371686281590573,44.51910870740091],[11.371526877380415,44.519186731348164],[11.371287416578845,44.51930094291248],[11.37110320630428,44.51938879020196],[11.370796590602014,44.51953499529496],[11.370480187143187,44.51968903697729],[11.370226687598691,44.51981244135914],[11.369669540897334,44.52007970795378],[11.368746189515278,44.52051819282259],[11.368708694413474,44.520536264770975],[11.368097432207918,44.520831006043906],[11.367413122902914,44.521158173747665],[11.367349214894771,44.52118867639215],[11.366980654212052,44.52136461289366],[11.366550675873274,44.52156985544262],[11.366508707811601,44.52158999095562],[11.365450293200183,44.522097912892065],[11.364321362333039,44.522638686426525],[11.363903424800395,44.52283190324942],[11.363861495471243,44.52277435402482],[11.363832621482773,44.52273654709304],[11.36379982596024,44.52269294269773],[11.363739033666926,44.5226111260621],[11.36347547450312,44.52225632845318],[11.363159082365652,44.52185055324963],[11.36270683621006,44.52127436213015],[11.362104868271059,44.520517876515825],[11.361978477683886,44.52032725212139],[11.36178476597963,44.52003508533123],[11.361471095795949,44.51955065672214],[11.361205469659037,44.51901384688196],[11.360977920766384,44.51850872103781],[11.360832164206784,44.51820387537235],[11.360807644909864,44.5181606930866],[11.360779007534623,44.518110258882515],[11.360687622293248,44.51794930164212],[11.36036766469092,44.517425820753076],[11.36020082641934,44.517171140243775],[11.359751139412078,44.51648465678045],[11.359702258959501,44.516400260004694],[11.359628528676227,44.516263513884574],[11.359505443826654,44.51601595815237],[11.358822802551227,44.5146087158318],[11.35854952872293,44.5140501721969],[11.357894397166316,44.51271113503263],[11.35787638594911,44.51267634307215],[11.357624355574936,44.51216301923213],[11.357296555352875,44.51149565925219],[11.357204103349453,44.511307425314584],[11.356958208838321,44.510805559483124],[11.35687729108609,44.51063186931164],[11.357041871111647,44.510626742646394],[11.357127733028719,44.510627895546854],[11.358222329495701,44.51055633202007],[11.35870035858995,44.51052265282481],[11.35972405057884,44.51045092848831],[11.3600497976466,44.51040354768365],[11.360366063580425,44.51033760965845],[11.360875726874514,44.51019263474634],[11.361001844902024,44.510146696988436],[11.361167492829983,44.51006153651505],[11.361462509245316,44.50990224628967],[11.361722729686946,44.50974679909751],[11.361968462323132,44.50955727029807],[11.3621160538667,44.50942603783306],[11.362238104898742,44.50931097116017],[11.362290927734149,44.50925017304537],[11.362367600600217,44.50916253083122],[11.362583141988344,44.50889909327657],[11.36266145498148,44.508796958798854],[11.364274684870741,44.507239531422876],[11.364600768662992,44.50691861469472],[11.364813822260322,44.506767027249],[11.364893196288373,44.506734819167356],[11.36497284461253,44.50670939328217],[11.365087884436369,44.50669680094434],[11.365695444081434,44.50679840896899],[11.365965286557168,44.506858310065525],[11.366280207738614,44.5069282322056],[11.366619956667712,44.50700731650025],[11.366834162929223,44.507068260955734],[11.367075867644282,44.507147783252655],[11.3672816916382,44.507221657316116],[11.367517420470463,44.5073188486008],[11.367724343351199,44.50741982379844],[11.368054685755471,44.50759638963032],[11.368210844470498,44.50769602233973],[11.368370932451043,44.5077963655363],[11.368563841031945,44.507936701089974],[11.368616742592328,44.50797707821898],[11.368857588749556,44.508185513242445],[11.368966982623725,44.50829586512973],[11.36921388368575,44.50857261121548],[11.369426745679164,44.50881433213261],[11.369609632531214,44.509021988012464],[11.370042137375522,44.50951390259071],[11.370151009751298,44.50962926956863],[11.370607174230658,44.510148436592004],[11.370690717955679,44.510243506122976],[11.371039044902712,44.510646005070214]]],"type":"Polygon"},"properties":{"codice_area_statistica":42,"geo_point_2d":{"lon":11.366386282639189,"lat":44.51456794264052},"area_statistica":"FIERA","cod_quar":14,"quartiere":"San Donato - San Vitale","cod_zona":"Q","zona":"San Donato"}},{"type":"Feature","geometry":{"coordinates":[[[11.300322258922124,44.48987694379712],[11.300364851954189,44.4899011487386],[11.300765502955446,44.49019557972134],[11.301204056867876,44.49052498552657],[11.30158583022214,44.490812168937325],[11.30168567900443,44.49090649252993],[11.301771773570035,44.491027777054185],[11.301819807603641,44.49116335986017],[11.301868494845174,44.49131521516338],[11.302183394152907,44.492154595623575],[11.302260860165234,44.49235470941355],[11.301819085493632,44.49249589320684],[11.30345563435038,44.49308210768004],[11.30447505825219,44.49345964560032],[11.30576144381745,44.4939192876677],[11.306259968167204,44.494097677402564],[11.306867131794384,44.49431857646864],[11.307202235409388,44.49443270894459],[11.30753890622193,44.49458652817436],[11.307895639448859,44.49478048846074],[11.308665356373833,44.495147588419115],[11.30896345242196,44.49528912979283],[11.309244679101138,44.49534488388129],[11.309895949120156,44.495482266788024],[11.310445119173387,44.49559204894104],[11.310598283805035,44.49561444419331],[11.310589468989903,44.495687084432994],[11.310595797898642,44.49574826394644],[11.310624572707793,44.49578669872832],[11.310669016709042,44.49582760713866],[11.310716683850385,44.49585172348339],[11.310858403069576,44.49589066274724],[11.310910309159297,44.49592305660396],[11.31093562793439,44.49597269746777],[11.311279552414694,44.49689101137226],[11.311684982175345,44.49802565306088],[11.31183900920873,44.498239586137494],[11.310834823469992,44.498513917084146],[11.309792969420062,44.49879974144328],[11.309604726801421,44.498847383723145],[11.308838826869106,44.499052399308404],[11.30771852340529,44.49936079437529],[11.306896325464885,44.49958442700863],[11.30674715691927,44.49963613633279],[11.306414086979089,44.49975161740674],[11.306147979849893,44.49986409728285],[11.306214133141637,44.499933665179405],[11.306298345553337,44.500059575447786],[11.306330642378953,44.50017520028644],[11.306309139814834,44.50043370270011],[11.30624483354272,44.50081218300077],[11.305896527599053,44.50108088818369],[11.305820408826527,44.501138223721135],[11.305706327013104,44.50105745218956],[11.305616166197442,44.500992834176955],[11.305414384080612,44.50085845874348],[11.305219195956974,44.50073816486757],[11.305094517569941,44.50066711342666],[11.305021502693716,44.50062450212509],[11.304356217132662,44.50026639707809],[11.303866273358695,44.50001774995049],[11.302567189056932,44.4993108981587],[11.301026306747962,44.49850090162358],[11.300651623347408,44.498299899596184],[11.3001491118147,44.49803438477451],[11.299873017041584,44.49788727269143],[11.299645351154794,44.497768973911164],[11.299505422701458,44.49768753745756],[11.2994436621682,44.49765232104662],[11.299363938216144,44.497608103739296],[11.29928269617583,44.497557264041845],[11.299204700520294,44.4975086905706],[11.299138601781001,44.497465819144864],[11.299014264898505,44.49738388801158],[11.298946398233005,44.497340511922964],[11.298857927689332,44.49727855525732],[11.29878747173824,44.49723009974187],[11.298703659198287,44.49716823821008],[11.29862589143957,44.497109756905466],[11.298551186169123,44.49705238421971],[11.298498780707659,44.49701193747793],[11.29842395389473,44.496954666183484],[11.297633627156968,44.496298244731605],[11.297500251472703,44.49618718142941],[11.297401984884024,44.49610310336053],[11.297263195127355,44.49598643209246],[11.297124448681155,44.49587084909467],[11.296906632894062,44.49568915742322],[11.296718738672975,44.49552629992766],[11.296419143157133,44.49527954343486],[11.29611166384706,44.49502125035358],[11.295798016684431,44.49475956046064],[11.295570049780546,44.49456897773292],[11.295520495372202,44.49452094610713],[11.295442052295995,44.49446271025023],[11.29536814819958,44.49440154725655],[11.295285780509253,44.49433784460835],[11.295203450419342,44.49427189049631],[11.295103909601178,44.494196838628234],[11.295035928116802,44.49414716068182],[11.294863285588205,44.49402334378257],[11.294785647268492,44.49397115903722],[11.294706287068514,44.493916758203035],[11.29463050730748,44.4938670567168],[11.29454977727848,44.49381620332035],[11.294456119366624,44.493759298891135],[11.294387934216546,44.493717546928224],[11.29430709956132,44.4936701074435],[11.294221245636784,44.493620076999434],[11.29411977200844,44.49355981835472],[11.294031255527678,44.493512443022986],[11.2939292896691,44.493458865019534],[11.293848444506446,44.493414666351455],[11.293691275747037,44.49333572073998],[11.293610492576041,44.49329630103286],[11.293532482366656,44.49326023753865],[11.293449803356154,44.49322057672629],[11.293365920624097,44.49318229042484],[11.293267178940319,44.49314034142038],[11.293140092436689,44.49308438651868],[11.292990038659488,44.493022942092665],[11.292864392782336,44.49297163929341],[11.292777293907745,44.49293791845029],[11.292694347156953,44.49290744510936],[11.292599290109312,44.49287187638156],[11.2924958093748,44.49283509934265],[11.29239855604131,44.49280221231247],[11.292250394108695,44.492750811822894],[11.292113867699896,44.492707468902815],[11.292002486510347,44.49267351481286],[11.29180013536913,44.49261582859532],[11.291487066455346,44.49252857637382],[11.291172399106552,44.4924390237006],[11.29093293889464,44.492371817773254],[11.290619881543767,44.49228447290782],[11.290249420916858,44.49218068777081],[11.28997053781259,44.4921045929381],[11.289592180829247,44.49199758808829],[11.289448201078562,44.49196037818233],[11.289484772500705,44.49189797695524],[11.289682482311955,44.491560600505096],[11.289414383549017,44.491041459346185],[11.289357991143746,44.490932263474186],[11.28927862603513,44.49086079000828],[11.289206703873889,44.49081656213059],[11.288983117171032,44.49073406245359],[11.2894413539723,44.48991247903504],[11.289526171549403,44.489752809398794],[11.289704583420905,44.48947844191424],[11.28984423190069,44.48928757656291],[11.289934796911242,44.48918546196483],[11.290056230998296,44.48905525211644],[11.29020879918179,44.48889119794332],[11.290295243153954,44.488902283376454],[11.290468656260659,44.48893657901124],[11.290532405539546,44.48894812861609],[11.290843084697846,44.489004435532294],[11.291205137201732,44.48907706752331],[11.291557919636958,44.48915381858414],[11.291968792538556,44.489248514777],[11.292151508290093,44.48929196577229],[11.292273474946683,44.489321169873215],[11.292550165012617,44.48938200774184],[11.292700323837543,44.48941333698997],[11.29293202969658,44.489461690513416],[11.29331180697336,44.489541675014074],[11.293657914593116,44.48960842573836],[11.293945483434355,44.489665665663836],[11.293949387830303,44.489666451455314],[11.294599262469784,44.48980158227595],[11.294614765242182,44.489800514444084],[11.29461598222959,44.4898007600598],[11.294616082273208,44.4898004249528],[11.294624561114922,44.48979984040324],[11.294632801542448,44.489799269647975],[11.29463375484553,44.48979920547288],[11.294636455413617,44.48978789794384],[11.294671657073708,44.48960323129941],[11.29467166858169,44.48960320406031],[11.294726427598468,44.48931629788857],[11.294823532754346,44.48882651313513],[11.294835420648221,44.488768891601204],[11.294844652423428,44.488724350219556],[11.294844844388152,44.48872347310859],[11.294847317128493,44.48871181004884],[11.294853799473907,44.488679252379],[11.29485521199543,44.48867230098576],[11.294946361401724,44.48823046661505],[11.295006282677882,44.48789504949908],[11.295015557342749,44.487850966368335],[11.295026850847302,44.487798398211574],[11.295686660941245,44.48803559266317],[11.295923014702758,44.48811432945056],[11.29666826125591,44.488359495670004],[11.297079590086538,44.48850288634396],[11.297390204295391,44.488605152996584],[11.297897519601607,44.48878536513403],[11.298064688335787,44.488844361002855],[11.298568660325238,44.4890200371215],[11.298926298882513,44.48915483337857],[11.299039443676177,44.489209091075935],[11.299315345093442,44.489338006043056],[11.29951174959719,44.48943551819707],[11.29977943972225,44.48956856758435],[11.300322258922124,44.48987694379712]]],"type":"Polygon"},"properties":{"codice_area_statistica":38,"geo_point_2d":{"lon":11.300566382826041,"lat":44.494286740268855},"area_statistica":"CANALE DI RENO","cod_quar":11,"quartiere":"Borgo Panigale - Reno","cod_zona":"A","zona":"Barca"}},{"type":"Feature","geometry":{"coordinates":[[[11.360977920766384,44.51850872103781],[11.361205469659037,44.51901384688196],[11.361471095795949,44.51955065672214],[11.36178476597963,44.52003508533123],[11.361978477683886,44.52032725212139],[11.362104868271059,44.520517876515825],[11.36270683621006,44.52127436213015],[11.363159082365652,44.52185055324963],[11.36347547450312,44.52225632845318],[11.363739033666926,44.5226111260621],[11.36379982596024,44.52269294269773],[11.363832621482773,44.52273654709304],[11.363861495471243,44.52277435402482],[11.363903424800395,44.52283190324942],[11.36372918264507,44.52292158475068],[11.362906202709853,44.52331286803114],[11.362183178708348,44.52365903580242],[11.361040605305904,44.524207171094154],[11.361000504884622,44.52422690584369],[11.360814025711752,44.52431448631335],[11.360722422435233,44.524358602695266],[11.358459182262163,44.52543984974267],[11.35837527037374,44.525480060266],[11.358320110743518,44.52550648799647],[11.358144721928543,44.525588433441804],[11.357989154691461,44.52566231700922],[11.357840705263865,44.5257351530886],[11.357691754816607,44.52580493845821],[11.357515303206476,44.52588834529076],[11.357355143340223,44.52596727423829],[11.357174306340402,44.5260514913085],[11.357104955403512,44.52608521547038],[11.357016316187075,44.52612776423825],[11.356835110581564,44.5262091075671],[11.356685055066253,44.52627963463769],[11.356526864070315,44.52635095963654],[11.356342028752472,44.526432827238516],[11.356183823457892,44.52650101016887],[11.355994176845785,44.526578745321046],[11.355793555989779,44.526665529128266],[11.355657219443351,44.52672055742403],[11.355485570485294,44.526789007807665],[11.355314644855596,44.52685699288086],[11.35519002795519,44.526906197226786],[11.35506568652583,44.52695287504172],[11.354953491556369,44.526994620817845],[11.354847013564125,44.52703489816599],[11.354739044653167,44.52707565629661],[11.35457977914795,44.527133235870444],[11.354454119374218,44.527178139702876],[11.354363153114047,44.527206753456234],[11.354186079401275,44.52726901198794],[11.354097414100568,44.527296020636115],[11.353423321349574,44.52751853604822],[11.350967454952546,44.52830279439944],[11.350859114297522,44.52833725473098],[11.350193846329788,44.52854918036438],[11.34950032541276,44.52877781617634],[11.348846771966492,44.52898211074968],[11.348463439663817,44.5291028085769],[11.347961127931594,44.52925485058856],[11.347351981713254,44.52942294222894],[11.347222568610428,44.529456130943416],[11.347073893869492,44.52949480198552],[11.346929108847,44.52953193445098],[11.34677436515464,44.52957085591391],[11.346649509717546,44.52960160061694],[11.346528693678888,44.52962983146324],[11.346055923142503,44.5297420967781],[11.345393532218763,44.52987668448033],[11.344157153941666,44.530114216562346],[11.343062609855348,44.530318998651076],[11.341686805714346,44.53057319359126],[11.341489660592767,44.53040409181755],[11.34135467229432,44.53031057848891],[11.340804732259501,44.529848629514234],[11.340494396229586,44.52956570529195],[11.33997890806174,44.52894617664419],[11.33954932888279,44.528367016815416],[11.339371591733345,44.52814042843739],[11.339036077422904,44.52774876131351],[11.338989214129443,44.52767307392204],[11.339011382030643,44.52751482315397],[11.339097106289293,44.52735101185703],[11.33916955237352,44.52716706382274],[11.339176889788664,44.527105480120944],[11.3391195642651,44.527036272933785],[11.33903840974517,44.52698010353196],[11.33883516463489,44.52690016620248],[11.338516778678226,44.52679777633104],[11.338316037631376,44.52672314328774],[11.338151621835781,44.52663104813288],[11.338072064219274,44.52654839585929],[11.338035288796764,44.52649894190841],[11.33795753831039,44.52634666288265],[11.33790863032253,44.52624183066223],[11.337893022759767,44.52620402454323],[11.33792856879021,44.52619100806644],[11.338125875158097,44.52611731422803],[11.338235992743638,44.52607905751838],[11.33836114478765,44.526035991456965],[11.338425064953828,44.52601094235414],[11.338582696107245,44.525965968354484],[11.33936543763921,44.52574739979185],[11.341414536559014,44.52507216746784],[11.343385837593049,44.52440806510292],[11.343730552146834,44.52429451496285],[11.344081954622913,44.524179575091395],[11.34414425053027,44.52415931847898],[11.34432551313048,44.52409980728316],[11.344434415291591,44.524063757161244],[11.344495134375663,44.524044351973096],[11.344687765814395,44.52398186092671],[11.344849884644136,44.523928557753266],[11.344933461123887,44.523912418861094],[11.34533481915407,44.523771826955226],[11.345692579389208,44.52365617532792],[11.346109291217534,44.52352291735316],[11.346410852191491,44.52342426297302],[11.346459044665659,44.52340850818374],[11.346837618268744,44.52328450288754],[11.347119574568804,44.52319282153881],[11.34735993134289,44.52311468852086],[11.34756039116592,44.52304924985145],[11.347763489404858,44.522983405465695],[11.348097923679386,44.52287623829417],[11.348334671290011,44.52279916774009],[11.348380486204507,44.522788466465045],[11.34958231573625,44.52243956288365],[11.350811716700942,44.522036306616926],[11.351927288652517,44.52167037532061],[11.352069737189368,44.52162327379193],[11.352190782637797,44.521584337301434],[11.35253724327893,44.521484048305275],[11.352812202711497,44.52140528968601],[11.353098634786866,44.521310530447806],[11.353379999235646,44.52121962902755],[11.35375458092725,44.521116253867575],[11.353919408824813,44.52107187547409],[11.355184180610118,44.5206503866962],[11.356357298006639,44.52023904921809],[11.35724243230593,44.51992867781642],[11.357217762148442,44.519889819107114],[11.359648398539694,44.518834583150266],[11.360832164206784,44.51820387537235],[11.360977920766384,44.51850872103781]]],"type":"Polygon"},"properties":{"codice_area_statistica":12,"geo_point_2d":{"lon":11.351099582661567,"lat":44.52490503865897},"area_statistica":"CASERME ROSSE-MANIFATTURA","cod_quar":12,"quartiere":"Navile","cod_zona":"B","zona":"Bolognina"}},{"type":"Feature","geometry":{"coordinates":[[[11.385801842096697,44.4706762373183],[11.385909383567949,44.470835919595366],[11.386230760058014,44.47128395988377],[11.386699584863534,44.471911831491724],[11.386857671324128,44.4721368142648],[11.386547084081446,44.47225423816266],[11.385713686579631,44.4725710764021],[11.38482281749819,44.472909716194835],[11.384336464856514,44.473097200166336],[11.383733399393016,44.47332989070139],[11.383353568756803,44.47347192451829],[11.382907842289612,44.47364827318436],[11.382473158661037,44.4738127312561],[11.382107319064167,44.473952065213616],[11.381133167438803,44.4743279473171],[11.38059416135137,44.47453154795361],[11.380080855547199,44.474732467572096],[11.379189474028635,44.47507278447513],[11.378520958032867,44.47532860682457],[11.37834982507271,44.475412556732614],[11.37813362829888,44.47548227581147],[11.376978363045932,44.47594784321803],[11.376809298807121,44.47601595716451],[11.376632773020868,44.476087044022805],[11.376485616393191,44.476145995857486],[11.376490083574824,44.475749770242004],[11.376488684362274,44.47529918296384],[11.376478220293722,44.47491238778454],[11.376457434673627,44.47447328625123],[11.376405557982778,44.47378125549035],[11.376364469027402,44.47337406765744],[11.376314967242946,44.47301017741005],[11.376229927389366,44.472430253063834],[11.376197471048227,44.472232844257164],[11.376064575043898,44.471570362648656],[11.375942681251829,44.470984020976175],[11.376012457493264,44.470977176094635],[11.37607000199394,44.47097315151575],[11.3761444275695,44.47096779423833],[11.376195028017241,44.47096212261961],[11.376421524577362,44.47093648561201],[11.377141782676135,44.4708551668988],[11.37736279832181,44.47084194872652],[11.377559113553515,44.47084060587916],[11.380309202936228,44.47052885362402],[11.380943388720771,44.470463205670896],[11.381168251860375,44.4704349105261],[11.381348613792458,44.47039685718749],[11.382346310145799,44.47011023775161],[11.38260050009166,44.470034937276665],[11.383407832005497,44.46977281663165],[11.383622656317474,44.46970556488524],[11.384784793764187,44.46934845684443],[11.385370396785243,44.469171779703046],[11.385418808261925,44.46934475256067],[11.385639101848877,44.47031003630116],[11.385685995429187,44.4704460310042],[11.385731243138798,44.47054133227221],[11.385801842096697,44.4706762373183]]],"type":"Polygon"},"properties":{"codice_area_statistica":84,"geo_point_2d":{"lon":11.380807966785591,"lat":44.472374334072875},"area_statistica":"CAVEDONE","cod_quar":16,"quartiere":"Savena","cod_zona":"N","zona":"Mazzini"}},{"type":"Feature","geometry":{"coordinates":[[[11.350193966498779,44.49609953992858],[11.350396549113714,44.49617189090715],[11.350090652439084,44.49642350919973],[11.350060080692094,44.496447743348675],[11.34985752563769,44.49660835099756],[11.349730865067992,44.49668411322186],[11.349495286955475,44.496808309332984],[11.34936212543465,44.49687850631468],[11.34906729179308,44.49705284107061],[11.348765355397695,44.49730247474335],[11.3485256450543,44.49752308147105],[11.348458871332175,44.49756327434123],[11.348362766884929,44.49763671392221],[11.348264401944235,44.49771244156489],[11.348025537462593,44.49785239372666],[11.34767475737742,44.49803420442941],[11.347209898498411,44.49825291168367],[11.347018771998233,44.498348550722376],[11.346981053990701,44.498388154330186],[11.346750358290068,44.49847729635607],[11.346569374385082,44.498511958722354],[11.346448279354162,44.49855045823881],[11.346364798598703,44.49858594284781],[11.345778623784174,44.49880842515001],[11.345350880412262,44.49890443118369],[11.344831169396,44.499000641280375],[11.344357051287083,44.499077331358635],[11.34417619012394,44.49909568373575],[11.344108432849865,44.49909200668121],[11.343987193523587,44.49908775330165],[11.343872701701464,44.49907547499056],[11.34378273764162,44.49906663609567],[11.3436048349464,44.498472751468405],[11.343354663461943,44.49760522222098],[11.343184090656345,44.49703707775775],[11.343169810807158,44.496994608613164],[11.343031289964394,44.496539463545645],[11.34297774496993,44.496360510919516],[11.342913532035078,44.49613849279923],[11.342769123509827,44.49557269140896],[11.342754994001087,44.49552956192882],[11.342726880630783,44.49541648127777],[11.342586227909733,44.494907921966906],[11.342627377862984,44.494895257114884],[11.342677470779735,44.49487003916924],[11.342736342310689,44.49484857517071],[11.34281100291067,44.494828470582235],[11.34292643987055,44.4948058455621],[11.343612357887464,44.494699020881306],[11.343946736148155,44.494647601706724],[11.34407294324536,44.49462759919596],[11.34467956761162,44.49453519798767],[11.345406894397179,44.494422344498325],[11.345908164565977,44.49433777294747],[11.346186476503155,44.49429941880167],[11.346359039267528,44.49427054773622],[11.346428154581858,44.494259305271065],[11.346505163407672,44.49419150831886],[11.346562507274605,44.49414988995205],[11.346625921364737,44.494123829274564],[11.34682527083977,44.494057280193694],[11.34738142280667,44.493851722454544],[11.347631390586356,44.493753738342114],[11.347707370801329,44.493727418632226],[11.347907396327177,44.49365803594463],[11.347996899338481,44.49362456893179],[11.348310757156781,44.49350400506489],[11.348834508707505,44.493294605458146],[11.349279261769272,44.49311440417874],[11.349519244636625,44.493022248027124],[11.35003573337351,44.492827630582966],[11.35040959115188,44.492692420867435],[11.350868167134122,44.492526548968044],[11.350969350042405,44.49248993124803],[11.351089747585627,44.49244603972154],[11.351334540235722,44.492354779969844],[11.3516427653942,44.49224930324477],[11.351616517553683,44.49231531977704],[11.351606232969553,44.49234887722379],[11.351642844887342,44.49246273492227],[11.351691078201657,44.4926494721962],[11.351719874227909,44.492793838597194],[11.35172751464921,44.49283214924197],[11.351760809271411,44.493014881995656],[11.35173927016606,44.493202696544394],[11.351784929183271,44.49345832055593],[11.351818178711062,44.493561723429245],[11.351877614958674,44.49380806996478],[11.351900217972263,44.49393915003785],[11.351942163320075,44.49411334107637],[11.352035504557241,44.49419067664191],[11.352050313921909,44.49427150279062],[11.351937146960424,44.494721694982616],[11.351873080492652,44.49478997616053],[11.3513887360186,44.49523657923759],[11.350820050448785,44.49577550112677],[11.350797593644629,44.49580352949549],[11.350634192232214,44.49596274705656],[11.350563137789283,44.49603342202929],[11.350343457016386,44.495946236031365],[11.350193966498779,44.49609953992858]]],"type":"Polygon"},"properties":{"codice_area_statistica":60,"geo_point_2d":{"lon":11.347201936541069,"lat":44.49578414896442},"area_statistica":"IRNERIO-1","cod_quar":15,"quartiere":"Santo Stefano","cod_zona":"H","zona":"Irnerio"}},{"type":"Feature","geometry":{"coordinates":[[[11.330995505254231,44.52808791863576],[11.331116815425911,44.52820346473476],[11.331165133439857,44.528248679060894],[11.331239445750276,44.52831739029225],[11.331275410547974,44.5283538993209],[11.33136572872712,44.528438947291725],[11.33141357539781,44.52848432418029],[11.331443403534976,44.52851085763703],[11.331485922826898,44.528548565105346],[11.331583196977704,44.528642968510326],[11.331639292504034,44.528693524327174],[11.331735104163958,44.52878816453098],[11.331921699477782,44.528965276942984],[11.332144403416619,44.52917456463353],[11.332296864224634,44.52931653467521],[11.332349690491464,44.52936681483577],[11.332493400245484,44.52950360689923],[11.332696099938355,44.52969466698478],[11.33284917427299,44.52982955674469],[11.332971004490386,44.5299456483658],[11.33313672091562,44.530104298135306],[11.333307473318987,44.53026832726868],[11.333512247513445,44.53045951452283],[11.333709103848145,44.530640546366214],[11.334046327436766,44.53096332465286],[11.334267749027273,44.53117509203636],[11.334454325288554,44.53135228164317],[11.334676081325105,44.531558486814944],[11.334701084956194,44.53158168811114],[11.33481544549566,44.53167067082003],[11.334968539838297,44.53182060051701],[11.335157986011172,44.532005562455076],[11.334424203699337,44.53214317628226],[11.333780442577668,44.53225241451444],[11.333542131531031,44.5322889483261],[11.333158725114378,44.53234768575738],[11.332919604815846,44.53237563738679],[11.33264496996736,44.53240775321139],[11.33160112465249,44.53250813917102],[11.331113216201803,44.5325426267391],[11.330547940755876,44.53257202990356],[11.329904946719177,44.53258595676135],[11.32874689163153,44.532574333415006],[11.328270101012478,44.532556898452185],[11.328022733293102,44.53254189488443],[11.327878087225047,44.532533114396806],[11.32779221324414,44.532527717553904],[11.327722803309873,44.53252489274255],[11.327463363985753,44.532506362054015],[11.327323596814663,44.53249588793766],[11.327224227918368,44.53248693972047],[11.327028040600696,44.53246829783886],[11.32693971254429,44.532461320921605],[11.326763998227582,44.532443836696046],[11.326520840108413,44.532418850277715],[11.326096467641474,44.53235835005826],[11.325989915296152,44.53234314633901],[11.325876854038782,44.532326940820795],[11.325576424754072,44.53228376382834],[11.32467537301381,44.532115512381154],[11.324138275394322,44.53200537378311],[11.324099876867926,44.53199779221003],[11.324049149747974,44.53198781487813],[11.323611080737995,44.53189386974741],[11.32262085693494,44.53163156711551],[11.321502983159819,44.531286840960746],[11.320994876299128,44.53110525697436],[11.320579102772683,44.53095068288637],[11.320115253550991,44.530766601809724],[11.319607665086139,44.53055252892543],[11.319472309552092,44.53049263061831],[11.319186248153361,44.53036593435091],[11.315574926416918,44.528646183289965],[11.31543653481374,44.52858027404141],[11.315371339524633,44.528540769884664],[11.31291335883183,44.52736461418854],[11.311330649731428,44.5266251800338],[11.31077881770738,44.5263623684566],[11.310313111247462,44.52614806338016],[11.310110098351315,44.52606211042314],[11.309903036799776,44.52597432148537],[11.30947611495682,44.52580950738473],[11.308446002229037,44.52548571670435],[11.308268941231017,44.525442393862185],[11.30788372319989,44.52533915415983],[11.307661831278459,44.52529120015767],[11.307405199440822,44.52523571960093],[11.306784458682417,44.52513471586667],[11.30669863496395,44.52501074754989],[11.306612020793645,44.52488778541832],[11.306533348950005,44.52477059542],[11.306474887905589,44.5246843348813],[11.306452200574684,44.52465059259233],[11.30639418562485,44.524587738626984],[11.306337999301242,44.52453836951491],[11.30630852074114,44.52450855447762],[11.30625535524669,44.52447768754898],[11.306076126000766,44.52439047265732],[11.305926370106711,44.524305515929136],[11.305833122621364,44.524244300633036],[11.305712858604307,44.52417131546206],[11.30559258528462,44.524101913365875],[11.305486037441302,44.524058242305564],[11.305339860023583,44.52400843950711],[11.305234420388034,44.52397689927283],[11.305191134422595,44.52397186771083],[11.30526368458149,44.52402426488917],[11.30534962024759,44.52405487560678],[11.305411714362059,44.52407540776572],[11.305456970475515,44.52408061551593],[11.305502735976265,44.52409044027088],[11.305517667487097,44.52412314205395],[11.3055206175747,44.524159632823576],[11.30553418297561,44.52420044648427],[11.305510161603632,44.52421993601564],[11.305486040065597,44.524244541012926],[11.305451075681338,44.5242160068767],[11.30538134467293,44.52416330981686],[11.305262552422462,44.52410623796215],[11.305181102014261,44.52407034213467],[11.305043133099657,44.52403370597256],[11.304916943021654,44.52400249441802],[11.30482206561187,44.5239930668607],[11.304740970817138,44.523994884221864],[11.304643559722964,44.52398821743782],[11.304555046952052,44.523974249913785],[11.304293241608796,44.52392488948518],[11.304047178046734,44.52388188161909],[11.30399261355664,44.52387037934575],[11.303934353811323,44.52384175675563],[11.303862904964697,44.523800976799784],[11.303806340121731,44.523796185697925],[11.303531115148633,44.523773147725485],[11.303413051793504,44.52376322359152],[11.303312524924955,44.52375890518786],[11.303122506722683,44.52369662433349],[11.302967451334041,44.523785456831575],[11.302901657576646,44.52385907462552],[11.30269905843089,44.523782498747096],[11.302460242922422,44.52368100472067],[11.302402376758339,44.52369108437519],[11.302347612127972,44.523719196572856],[11.302162841278493,44.52352658639019],[11.302133281778362,44.52349784320305],[11.302002603463222,44.52335776105866],[11.302060128141227,44.523342214942176],[11.302128078825119,44.52333418272669],[11.302200083332975,44.52333002983805],[11.302247380396796,44.52331264631228],[11.302283460384787,44.52330791251566],[11.30232736278491,44.52331710993356],[11.302369696291594,44.523304057663665],[11.302169055880032,44.52302195809684],[11.30198768216113,44.52295637712163],[11.301942119159772,44.52292067353657],[11.301893268371,44.52288168728126],[11.301823891058405,44.52283145660166],[11.301699756989821,44.522782690057284],[11.301493507865036,44.52247339762418],[11.301149218537814,44.522167598730455],[11.30097313495188,44.52195857984658],[11.300750996921769,44.52146961824163],[11.300713456057366,44.521351262072336],[11.30069363172688,44.52128880578673],[11.300759537996019,44.52126406183669],[11.300692492248647,44.521172623785475],[11.300573596529112,44.52101038126022],[11.3005470592259,44.52091644326216],[11.300521074181416,44.520817353668434],[11.30050117059234,44.520738811376326],[11.300474923271365,44.5206400871571],[11.300467850987056,44.5206001232979],[11.3005117464223,44.52051492077018],[11.30050517438908,44.5204847866238],[11.300341586413444,44.51973477638465],[11.30034356928211,44.51957962238622],[11.300280888323254,44.519061996106295],[11.30027359181828,44.51900194303656],[11.3002628633006,44.51891352004452],[11.300187459770674,44.518724104195016],[11.300107602867694,44.51852702681917],[11.300038899006504,44.518370335204004],[11.299978276899488,44.51823354741531],[11.299927433145728,44.51812140964355],[11.2999112645484,44.518088164858945],[11.299897924706586,44.51806381162332],[11.299796717688526,44.51791151075523],[11.299721333270288,44.51790762791277],[11.299460329888772,44.51777008711088],[11.299405220049927,44.51774103862285],[11.299375982873503,44.51771589822684],[11.298124421873895,44.51663906173605],[11.297871578391446,44.51642144626467],[11.298370366940958,44.51627012766973],[11.298768033224938,44.51614961544723],[11.299367501364207,44.51598905398034],[11.300254763502771,44.51574933771849],[11.300345808204982,44.51572472662383],[11.30165851777858,44.51537808142684],[11.302065317556972,44.515270643319376],[11.302356986410908,44.5151940909915],[11.303355486011418,44.51493200429882],[11.30376068096764,44.51482869769014],[11.304178377903327,44.514722760616635],[11.304554209577601,44.51462757901699],[11.305054952796848,44.51450303734602],[11.305481866808345,44.51439484779409],[11.305875612995138,44.5142946186999],[11.306240442839622,44.51420135525665],[11.30669307412041,44.51408498942693],[11.306747366835399,44.51407101867006],[11.307151765544852,44.51396632970213],[11.307241169895388,44.51394365479568],[11.307356387773403,44.51418060512018],[11.307433371105324,44.51431400647772],[11.307258759439826,44.51453294011895],[11.307218858964724,44.514585763372615],[11.307135066391934,44.51471523926857],[11.307053617094619,44.514860737316035],[11.306972295306569,44.51502190618523],[11.306870999668815,44.515157749312344],[11.306867737890821,44.51525552902734],[11.306631419287834,44.51606071304585],[11.306570682197265,44.516086787363015],[11.306554196886985,44.51613422185339],[11.306530452636618,44.51619666623724],[11.306509083198753,44.51625488544437],[11.30644152381079,44.51641320110007],[11.306377527470431,44.51658369720804],[11.306323457613697,44.516731540343635],[11.306252656747219,44.51694452188709],[11.306201679707982,44.517138548618185],[11.306284923659298,44.51839910649991],[11.306557138842132,44.519222498941495],[11.30687243631808,44.51978778100559],[11.308452566648393,44.52135644727945],[11.310537201881706,44.523219761268365],[11.311392416828173,44.52409786863136],[11.311483114241211,44.52405345909507],[11.312552401414518,44.52500821863386],[11.3132966106869,44.52574696811795],[11.313335770894323,44.525775513837885],[11.313486911751003,44.525876007143125],[11.313689319465942,44.52600694307408],[11.31376326557057,44.52605206848107],[11.313973011945087,44.526176985497706],[11.314210213524625,44.52631511943035],[11.314398507678394,44.526419449608525],[11.314554538390466,44.52650192728202],[11.314736195092808,44.52659529133999],[11.314999434027081,44.52672094926963],[11.315249793870992,44.52684105215767],[11.315505639537413,44.526955704708996],[11.315622019643511,44.52700454144942],[11.315813468911392,44.52708231078649],[11.315982081695946,44.52714907387572],[11.316106422511895,44.52719807270158],[11.316521366881016,44.52735430049555],[11.316799305595302,44.52744711175001],[11.316999666055546,44.527508970786684],[11.317166824186954,44.527561204530194],[11.31731314616431,44.52760179759557],[11.317462556442788,44.52764314700771],[11.317631857940896,44.52769038515578],[11.317789820116232,44.52773157851549],[11.317976451525046,44.52777660075331],[11.318153307176887,44.52781819318064],[11.318336214491826,44.52785910427257],[11.318543265081587,44.52790363886623],[11.318757678733222,44.527947555387854],[11.31897957064481,44.52799438945512],[11.319190120478503,44.528040184163046],[11.319392737676587,44.528082061507334],[11.319576729407261,44.528120130777225],[11.319758258226413,44.52815797072101],[11.319966888418001,44.52820261466694],[11.320164012536535,44.5282449443728],[11.320220273960857,44.528256845528595],[11.320244649779559,44.52820454044292],[11.320257486322848,44.52814909394417],[11.320250995364132,44.52807534201051],[11.320212451023547,44.52796262138821],[11.320160853318606,44.52783873283145],[11.320311054171443,44.527808672273295],[11.320344308961275,44.52779836360045],[11.320368613145977,44.52777499411461],[11.320425780476253,44.52751982531295],[11.320495315162901,44.527236704244345],[11.320522619743135,44.5271615181075],[11.320557355107285,44.527104222005335],[11.320623673026518,44.5270366691366],[11.320685808223589,44.52699086138292],[11.320778197043559,44.526944429528626],[11.320932673914209,44.526893143242624],[11.321124166434133,44.526842292434104],[11.321296708931257,44.52677979025122],[11.321396500174501,44.52671982958611],[11.321465378131156,44.52666004737569],[11.321511730913342,44.526597446289664],[11.321559644684779,44.52650192714258],[11.321595996457816,44.526404590537304],[11.321638828840209,44.52632561334434],[11.321665985148131,44.526286007998166],[11.321716196122402,44.52624798632805],[11.321865312248196,44.52616890891811],[11.322112880314087,44.526036442109195],[11.322231001862047,44.52596880676638],[11.322506801886252,44.525841895503284],[11.32323124102151,44.52554876838087],[11.32366812513089,44.525363570269334],[11.323941602879282,44.52522809636631],[11.324126328284622,44.52511394633462],[11.324183640685963,44.52505426290432],[11.324234138245428,44.524989982860404],[11.324274538629037,44.524894273434754],[11.324288421169932,44.52479912193563],[11.324287302371655,44.52471533100628],[11.32427285513115,44.52463022700907],[11.32422536418375,44.52449203259285],[11.324125051494091,44.524304319286394],[11.324018595297476,44.52414784376474],[11.323752305164028,44.52389346027298],[11.323684457592249,44.52381828372068],[11.32355442210719,44.523646956387346],[11.323482703673427,44.52347443292351],[11.323373803006081,44.52318204103953],[11.323348280658381,44.523029454146126],[11.32333543831571,44.522788465210574],[11.323295380630302,44.52267792795465],[11.32324373046113,44.52260243947274],[11.322776142075108,44.522178166990564],[11.322710044988224,44.52214725576859],[11.322772176764081,44.52206734525883],[11.322808544121864,44.52205375861676],[11.323220460005443,44.52197828914069],[11.323320701478208,44.52196376246852],[11.323381939306083,44.521996518733516],[11.32503615129446,44.52298678825329],[11.326021378452543,44.52369913751642],[11.327010172936825,44.52458289496668],[11.327275723666588,44.52478763684362],[11.32730545132946,44.52481458756551],[11.3273478532521,44.52484759066246],[11.327482879240563,44.524949888385144],[11.327557161546013,44.52500606212108],[11.329122898725116,44.52653446533667],[11.32919433569191,44.52660093193756],[11.330211703475516,44.52754734802618],[11.330253198896715,44.5275389208267],[11.330298992392072,44.52753507819125],[11.330393991841508,44.52752460443303],[11.330416632395067,44.52754638751212],[11.330441991434263,44.52757101390698],[11.33055651143978,44.527676346311075],[11.330677105677523,44.52779102525361],[11.330875542311405,44.527976792151975],[11.330995505254231,44.52808791863576]]],"type":"Polygon"},"properties":{"codice_area_statistica":25,"geo_point_2d":{"lon":11.316042194930546,"lat":44.52496277776508},"area_statistica":"TIRO A SEGNO","cod_quar":12,"quartiere":"Navile","cod_zona":"I","zona":"Lame"}},{"type":"Feature","geometry":{"coordinates":[[[11.289957545640009,44.50516050168548],[11.289994897316387,44.50524019943197],[11.290176260021461,44.50558665329313],[11.290257676917546,44.505735632986664],[11.29037397438514,44.5059506488875],[11.290571991847422,44.50633355244579],[11.290657625510134,44.5065018027606],[11.290764217733384,44.506710810208666],[11.29089124442874,44.506960351177625],[11.291017552678905,44.50721014948319],[11.291156900091444,44.50748382183696],[11.291558043936224,44.50824326633422],[11.291604513349178,44.50833015359115],[11.291825225224066,44.508747898331265],[11.291980518353258,44.509028262481436],[11.292543949791146,44.510089803014914],[11.292574958452747,44.51014841718354],[11.292605991745553,44.51020733693587],[11.29276377250911,44.51050601523466],[11.29291361076438,44.51065028772962],[11.29310280621532,44.51083247148443],[11.293288202005153,44.5113182888478],[11.293343863168708,44.51173839178719],[11.293420494115448,44.51231677963359],[11.294247195388719,44.51360142578277],[11.294748885470097,44.5140921995865],[11.29542572929463,44.51475383794749],[11.295556467370757,44.51488162012708],[11.29588066511303,44.51514130612506],[11.296822560969868,44.515502852178315],[11.297614769692975,44.5161893348866],[11.297572476759944,44.5161965959386],[11.296974978591004,44.51634631425967],[11.296191190464157,44.516530799586974],[11.294529792864747,44.5170166206333],[11.293537027895702,44.51716769328603],[11.293370012049277,44.51728129409764],[11.293351658536928,44.517241007255926],[11.291746303780343,44.51727105955714],[11.29054128443264,44.51717140557859],[11.289847043775442,44.51705767718708],[11.288811241399058,44.51679998247222],[11.2885641948983,44.51673852358248],[11.287919753023083,44.51653612713497],[11.287393309543306,44.51635422920926],[11.286327395227746,44.51584083030203],[11.285978671660953,44.51562672012048],[11.285645398824304,44.515403855103095],[11.285164337892665,44.515082155625805],[11.28401741023063,44.51437452389853],[11.283980699252858,44.51434723341735],[11.283917318086448,44.514302642436945],[11.283882127796288,44.514275627586436],[11.283825988970364,44.51423090966419],[11.283637260633848,44.51409211162194],[11.283448774683237,44.51395401961807],[11.283403236462007,44.51392201712595],[11.282986616216776,44.51360443892465],[11.282243026249429,44.51307768603586],[11.28116787509677,44.51229459827586],[11.280547565122358,44.51180395565824],[11.279796995520744,44.511148697366025],[11.27886772633208,44.510178085449816],[11.277958307142173,44.509255026402975],[11.278512060065118,44.508980937911474],[11.278890254895185,44.50879714531055],[11.279201077455856,44.50865205727872],[11.280152678870353,44.50824021772049],[11.280482643785744,44.508097408599774],[11.281258425764062,44.50779704884759],[11.28178765500444,44.507609967225356],[11.282142026659763,44.50748831663526],[11.282423747874025,44.50739508924133],[11.282485040057432,44.50737480530776],[11.282888882178135,44.5072491563921],[11.283239780941562,44.50714692737351],[11.283588832739396,44.507039314671324],[11.285141929286445,44.506573186412666],[11.285287453956121,44.506529662636204],[11.28752029325122,44.505861747373565],[11.289897001259893,44.50515029191394],[11.289930541556497,44.505127868886845],[11.289957545640009,44.50516050168548]]],"type":"Polygon"},"properties":{"codice_area_statistica":9,"geo_point_2d":{"lon":11.287754399236755,"lat":44.51157660549796},"area_statistica":"TRIUMVIRATO-PIETRA","cod_quar":11,"quartiere":"Borgo Panigale - Reno","cod_zona":"C","zona":"Borgo Panigale"}},{"type":"Feature","geometry":{"coordinates":[[[11.369843843477957,44.49743513981487],[11.369664759576132,44.49750788929268],[11.36912836614576,44.49772720753496],[11.368484519353528,44.49798645558777],[11.367324289276903,44.498459850314525],[11.365680048622963,44.4991242706235],[11.365563439992098,44.49917140294387],[11.365493118174713,44.49919920172954],[11.36542099682337,44.49921609963175],[11.364861871373137,44.499442665759176],[11.364609557446487,44.499545030388944],[11.36399637629565,44.49979403008926],[11.363601640929145,44.49995547287817],[11.363370184570243,44.50005488216788],[11.36311814553064,44.50016479996369],[11.36235076985893,44.50050495590426],[11.361912440128734,44.500701918900575],[11.3615899117822,44.50084506185976],[11.361323737481637,44.500963019327784],[11.360925193108853,44.50113330913625],[11.360867018179093,44.501156748665395],[11.360796725743716,44.50120501579458],[11.3607118360157,44.50126373966124],[11.359895215956012,44.501590952438015],[11.358517483271221,44.50213965793884],[11.358373793806967,44.502065825686856],[11.358021137079906,44.50188465112103],[11.357891511471575,44.50181329153285],[11.357314816286078,44.50152211244064],[11.356319994046046,44.50099326066698],[11.356239594689177,44.50094751267255],[11.35627123504889,44.50076969791137],[11.356380814795493,44.499977631058464],[11.35639207214637,44.49978877671171],[11.356510364877382,44.49885685478309],[11.35653102230636,44.49865749839033],[11.356572109779131,44.498598349495516],[11.35665530740217,44.498363114070905],[11.356603221727715,44.49815934469747],[11.35678424351159,44.49650073539122],[11.356969481342528,44.49481399530872],[11.357060261727074,44.494276170129346],[11.35707302628287,44.494032089600736],[11.357082234159371,44.493927262445],[11.35721562391767,44.49398825536869],[11.357305526334066,44.49399040503196],[11.357488789267862,44.493967228865166],[11.35768522129653,44.493934084631185],[11.357843751035427,44.493901722941814],[11.358061659875428,44.493844745739],[11.358457666808093,44.49374165948425],[11.359034983084358,44.49356329960829],[11.359668631731285,44.49336410172155],[11.36046018319421,44.49313621199736],[11.361815279791992,44.49278972574947],[11.362377258581832,44.49265187181466],[11.363146215539876,44.49245452666451],[11.363348009523277,44.49240301343324],[11.363577018144936,44.4923430500938],[11.363827711916214,44.49227475098466],[11.364041162877879,44.49223877666907],[11.364211192197411,44.4922194737947],[11.364403716203546,44.49221154314376],[11.364602234723508,44.4922153173918],[11.364768046901833,44.492227655102546],[11.364940921117222,44.492241079619674],[11.364780263202869,44.49299296379866],[11.364731263898873,44.493281674421524],[11.364719838242229,44.4933565065157],[11.36588408069108,44.49331287419259],[11.366913305564607,44.493297876023],[11.367200827303565,44.493301393713516],[11.367408154643051,44.493303945104984],[11.367816918244774,44.49330892588348],[11.368281141745582,44.493324313918755],[11.36906052810534,44.49336763966007],[11.369479217085935,44.493401522844486],[11.370073086556864,44.49345688466722],[11.370532582920879,44.49350765180394],[11.370991914563502,44.49356085120647],[11.371194924613988,44.49358904371427],[11.371451912443714,44.49362735873839],[11.37177294264019,44.49367523569831],[11.372200833491037,44.49374673754072],[11.372491845150474,44.49379901737162],[11.372939614836245,44.493870634435694],[11.373854601478904,44.49402841215622],[11.374348765733265,44.49411193256229],[11.374564835830155,44.49414944416818],[11.374656899206585,44.49416545318791],[11.374719591708692,44.49417644653017],[11.374809683770481,44.49419222635848],[11.374892077999636,44.49420644677353],[11.374977815499989,44.494221227751595],[11.37495654734943,44.49433025937324],[11.374910839037867,44.49447114645099],[11.374859840301802,44.49463104899081],[11.374815868448126,44.49479395622044],[11.374797180255513,44.49487670961427],[11.374770346802812,44.49500450131387],[11.374744972087779,44.49514839528127],[11.374735915314062,44.49523014706496],[11.3747244569582,44.4953320515678],[11.374713160997944,44.49544353143418],[11.374709800645425,44.49550790676442],[11.374707733089679,44.49557407372088],[11.374706581500002,44.495637088724244],[11.37467095171943,44.49565358443992],[11.374633386808734,44.495667338602864],[11.374422623575438,44.495747659543426],[11.374048880009791,44.49589872705251],[11.373371887425417,44.496168342842005],[11.373157657940153,44.49625445914907],[11.372731722469592,44.49642569283039],[11.372088950753456,44.496681553947106],[11.371091355487563,44.497080991151904],[11.37064910315831,44.49725648108774],[11.370561578029351,44.49714214747316],[11.369843843477957,44.49743513981487]]],"type":"Polygon"},"properties":{"codice_area_statistica":62,"geo_point_2d":{"lon":11.36379362201359,"lat":44.4965697381099},"area_statistica":"CIRENAICA","cod_quar":14,"quartiere":"San Donato - San Vitale","cod_zona":"T","zona":"S. Vitale"}},{"type":"Feature","geometry":{"coordinates":[[[11.356025608164748,44.48440667202458],[11.355954725650713,44.484418352899525],[11.355862719151753,44.484437284647214],[11.35575443140123,44.48446505976661],[11.354117076671551,44.484662351777175],[11.353281198780511,44.48477617533386],[11.35029717898773,44.48513444950875],[11.34924731754194,44.48526184962573],[11.349216231524297,44.48518326651644],[11.349153381224935,44.485030498491746],[11.34913681859123,44.48500010446649],[11.349080244257411,44.48488931238937],[11.349060195247231,44.48483159519447],[11.349130706242477,44.4848190710035],[11.349525268834933,44.48478603157957],[11.349938356627971,44.48464816131248],[11.349892429704866,44.48453792467198],[11.349778215526964,44.4842366271541],[11.349766299063479,44.48419229158405],[11.349704874664505,44.48396356658314],[11.349687058073469,44.48391603949303],[11.349454745523794,44.48331865528226],[11.34947988018296,44.48328068716225],[11.349459262955707,44.48325422073558],[11.349442315093748,44.48322361861274],[11.34944610266,44.483180778316196],[11.34949749863457,44.4831463658771],[11.349465326480653,44.48301847992662],[11.3493088346582,44.48300765660729],[11.349318300024578,44.48295839764413],[11.349309941411715,44.48287863558982],[11.349297460914524,44.48276825049693],[11.349295058207785,44.48270528175023],[11.349277145266708,44.4826349799933],[11.349255768911581,44.482597428944786],[11.349225723207203,44.48257572082568],[11.349163322367993,44.482571873500696],[11.349109185495642,44.48258280039766],[11.349064156904632,44.48259507928344],[11.349007663700316,44.48260056303515],[11.3489703322504,44.482600971113676],[11.348886681109896,44.48258901743998],[11.348905797565054,44.48253833556866],[11.348928106265962,44.48247915257175],[11.349018617581475,44.48224697659145],[11.349086893434244,44.4821052570937],[11.349140315353266,44.482029868297595],[11.349313000683189,44.48200560855092],[11.34968702693111,44.48182051416789],[11.350223654906765,44.48154335937173],[11.350648312766417,44.48133257028279],[11.351120984993608,44.48109035291815],[11.351169283966135,44.481059361473385],[11.351234015610338,44.4810204873652],[11.351301948289418,44.48097803627196],[11.351411049378573,44.480896449071146],[11.351529427299702,44.480776616669864],[11.351578370283622,44.48070534314746],[11.351815925576968,44.480379560511786],[11.351918929930685,44.48024112995848],[11.35200895397177,44.48012014371966],[11.352191653883828,44.47986377523522],[11.35226852282563,44.47975589756277],[11.352360498354876,44.4796231224296],[11.352438414029901,44.47950751684116],[11.352508769230145,44.47942373816378],[11.352609307764208,44.47932726490467],[11.352660377899443,44.47927705817101],[11.352704621478892,44.47930475659698],[11.352807231848049,44.47926420064448],[11.352943894355953,44.479222420570764],[11.352994941800468,44.47920730630269],[11.353054597935358,44.47919301385034],[11.353130058239973,44.47917930484942],[11.353239431085285,44.4791677775434],[11.353312274412005,44.47916560068918],[11.353364985867815,44.47916653960378],[11.353430036129703,44.47917069011687],[11.353503263445141,44.47917962343941],[11.353507807529574,44.47925352215119],[11.353842351219079,44.479332086102204],[11.353857270694316,44.47937444179954],[11.353891309105265,44.479418194775775],[11.35394243274521,44.47945498752177],[11.354149919334567,44.479592436777885],[11.354261033437709,44.479666676389336],[11.354492360884914,44.47981251889958],[11.354572198038008,44.479871630746715],[11.354620378157922,44.4798383806351],[11.354647010434924,44.479855557419704],[11.35484780086317,44.47997589453081],[11.355050274063581,44.48013770756679],[11.355269386801707,44.48030113949314],[11.355361934208902,44.48036421075818],[11.355431265120105,44.48041437412654],[11.355581397899947,44.48051007976418],[11.35608834906559,44.48080067360919],[11.35646930788131,44.48110628069228],[11.356596160012366,44.48120833525546],[11.356631937315228,44.48122212685814],[11.356684189858909,44.48124877613427],[11.356638910653015,44.481295354089944],[11.356611422110038,44.481330941686736],[11.356587365581372,44.481410841244866],[11.356563276144655,44.481552679363894],[11.356497667897575,44.48178764220731],[11.356444298885267,44.48195808279812],[11.356430479656614,44.48200212069672],[11.356414539980543,44.482083743203475],[11.356469697839492,44.48208509831555],[11.356438184206871,44.48212160619824],[11.356394458217395,44.482158375166414],[11.356308845126907,44.482217002800894],[11.356207644352684,44.48228294713126],[11.356060934594893,44.48237168896746],[11.355953527211593,44.4824480871524],[11.355867267463491,44.48249473633802],[11.355783036715978,44.482542747991225],[11.355615832506029,44.48262191030626],[11.355450631846045,44.48270243543963],[11.355395031021553,44.4827316347918],[11.355370489727152,44.48275456663565],[11.355355272026372,44.482779196644756],[11.355430205287256,44.482924401863144],[11.355787402262482,44.48362368086117],[11.355829926111296,44.48370692355729],[11.355948453600107,44.48391816304317],[11.356145850676782,44.48432914462347],[11.356151069801928,44.48440815171558],[11.356087334228151,44.484403696547695],[11.356025608164748,44.48440667202458]]],"type":"Polygon"},"properties":{"codice_area_statistica":55,"geo_point_2d":{"lon":11.352870155153669,"lat":44.482466080114285},"area_statistica":"GIARDINI MARGHERITA","cod_quar":15,"quartiere":"Santo Stefano","cod_zona":"O","zona":"Murri"}},{"type":"Feature","geometry":{"coordinates":[[[11.39103658990763,44.49323663154074],[11.391101557000413,44.49324660495484],[11.390875875562065,44.49352394816923],[11.390651390591861,44.49379984346238],[11.390612937057037,44.49381912207643],[11.389886148888284,44.49464425757531],[11.389392027866156,44.49518736508508],[11.388597188533804,44.496116672059316],[11.38845969951222,44.49629436995472],[11.38832456295648,44.496279615394606],[11.388018983078329,44.49624393043066],[11.387761908814655,44.49621051597968],[11.387544899840846,44.496181826557],[11.387438886408008,44.49616780319793],[11.386294296524255,44.49602269482962],[11.385579668839751,44.495924928380894],[11.384866327415452,44.49583551197683],[11.384664995892013,44.49581027961752],[11.384132713921378,44.49574057280384],[11.38391741418915,44.495712380928026],[11.38296506099024,44.49558251684089],[11.382787355225616,44.4955561217717],[11.382349222041384,44.4954836220989],[11.381657699327414,44.495369153206326],[11.380756855211294,44.49520882954986],[11.379765379568978,44.495044140445835],[11.378906640199254,44.494897040417854],[11.3785262320649,44.49482754525267],[11.378148143413643,44.49476836246408],[11.377771285297005,44.49469952002805],[11.377520868607926,44.4946563020287],[11.377485723778639,44.49465066018291],[11.37724598188098,44.49460919981815],[11.37720169528354,44.49460144360388],[11.377092647183806,44.494582252317386],[11.376888085755727,44.49454699058419],[11.376399301747222,44.49446264898331],[11.376187960386938,44.494424565287254],[11.375409841374754,44.49429555734699],[11.375102018660286,44.494242599455106],[11.37533300222846,44.49354670110029],[11.37548510376616,44.49325787506237],[11.375571018092748,44.493032111920336],[11.375710841468607,44.49264047950745],[11.37586436088298,44.49221853822927],[11.375909177477952,44.492067559384495],[11.37599541933337,44.491744984282725],[11.376068610630096,44.491471141661066],[11.37608227113887,44.49131113346195],[11.376110552495037,44.49098008689647],[11.376160580108237,44.49015312133006],[11.376170251085936,44.489992746005726],[11.3760870684413,44.489222757734424],[11.37609527365502,44.48893651171547],[11.376155998833001,44.4866493642386],[11.376204451246211,44.48664837366468],[11.376293199744117,44.48664652623416],[11.376403130386043,44.4866416900372],[11.376526640355376,44.486621311636945],[11.377112377308427,44.486522645844836],[11.377243376673977,44.486490686420666],[11.377303574904976,44.48661007648411],[11.377694864085731,44.48777782721999],[11.377706985278001,44.48781397221274],[11.377910136328495,44.48837692163545],[11.377947184128983,44.48846318690769],[11.377993014312453,44.48858172354424],[11.37801277626065,44.488632878689835],[11.378201103106528,44.48903707862629],[11.378309676062802,44.48923289153214],[11.378503693380768,44.48957094740124],[11.378563089036545,44.489683133389875],[11.378696835192255,44.490034004068704],[11.37881235403907,44.49000809107901],[11.378943438031492,44.48997186072297],[11.379130705918026,44.489900798588046],[11.379201527090638,44.48988879850352],[11.379621874815776,44.48974165791995],[11.379881399423748,44.489691144594794],[11.379945687490254,44.489688282838685],[11.380112255150236,44.48968065076537],[11.38017269581644,44.489673178753534],[11.38025830000987,44.489678325786976],[11.3803353984789,44.489687701284566],[11.380480004314395,44.48970873173021],[11.380758061353662,44.48975512989227],[11.38082138906071,44.48976142529667],[11.380925776068228,44.489769186945196],[11.380993681456687,44.48976867984802],[11.381070591277279,44.48976445587541],[11.381113306653775,44.48975717304011],[11.381155124889874,44.48974638889157],[11.381390141257267,44.48967467812581],[11.381488070431145,44.48964584342859],[11.38152461378112,44.489635241212106],[11.381624649643557,44.48961181801337],[11.381775582272198,44.48958437092767],[11.38234733023782,44.48945854826907],[11.382867269479037,44.489339115764345],[11.383487566320916,44.48923479841263],[11.3842165803147,44.49148852277341],[11.384172157174389,44.4914940419219],[11.384187776386911,44.491550161895816],[11.384208117177286,44.491623378184876],[11.384234749291688,44.49170900366389],[11.384264752022895,44.49180542485187],[11.384294815405884,44.49183915977857],[11.386330803207594,44.4909898222238],[11.386978915362679,44.490728565538724],[11.387398746265308,44.49056262772876],[11.3877281327985,44.49042865788319],[11.387801935193693,44.490396982470564],[11.387848928425772,44.49037558160259],[11.387958916084692,44.49032948322687],[11.388342684858088,44.490193131600215],[11.388679304059037,44.49006729905723],[11.388941079960821,44.489971371988304],[11.3892105411548,44.49038905196555],[11.389710272548896,44.49120376821981],[11.38988085767116,44.49143843231781],[11.390114925040345,44.49170152950698],[11.390199525560766,44.49200301008179],[11.39031753961068,44.49222251560057],[11.390473939557191,44.49251339984339],[11.39052217826967,44.49259784215385],[11.39062278348604,44.49274585330393],[11.390689128259151,44.49286308185914],[11.390829870371839,44.49311174731223],[11.390888287676455,44.49322886270064],[11.390958292430216,44.49322638814516],[11.39103658990763,44.49323663154074]]],"type":"Polygon"},"properties":{"codice_area_statistica":68,"geo_point_2d":{"lon":11.382646760058421,"lat":44.492510263676174},"area_statistica":"GUELFA","cod_quar":14,"quartiere":"San Donato - San Vitale","cod_zona":"T","zona":"S. Vitale"}},{"type":"Feature","geometry":{"coordinates":[[[11.323802677920064,44.519327952504966],[11.323968170452284,44.519805724954466],[11.324258852077689,44.52058487440865],[11.324529649263683,44.52119864595935],[11.324840945132964,44.52169886208139],[11.32519216873883,44.522285579760876],[11.325354292839583,44.52251094209197],[11.32622662028321,44.5236817215086],[11.326934879150011,44.52447855085609],[11.327275723666588,44.52478763684362],[11.327010172936825,44.52458289496668],[11.326021378452543,44.52369913751642],[11.32503615129446,44.52298678825329],[11.323381939306083,44.521996518733516],[11.323320701478208,44.52196376246852],[11.32326956919097,44.52193640908993],[11.323079917287155,44.5218346688459],[11.322880136240261,44.521731342892906],[11.322714470930123,44.5216460927478],[11.322661631438793,44.52161851275794],[11.322551002667614,44.52156165290207],[11.32241792894832,44.52149633705095],[11.322167892516498,44.521379088028546],[11.321897730738867,44.52125251605135],[11.321666107037329,44.52114764801944],[11.321665653481272,44.521109315376016],[11.32139635061943,44.52099226744049],[11.321350264201202,44.52097278684544],[11.320978500745564,44.5208168688358],[11.32071438582225,44.5207074469934],[11.320446160765995,44.520598432177096],[11.320391723874048,44.52057778855852],[11.320038344333076,44.52044645785972],[11.320005442157987,44.52043448696936],[11.31985151814183,44.520381394205415],[11.319484773427416,44.52025597799525],[11.319191657121056,44.520157584849635],[11.318874005797634,44.52005255932382],[11.31880938565033,44.52003148262448],[11.318588896588475,44.519962149281895],[11.318326168981919,44.51988018750914],[11.318035650843395,44.51979770914855],[11.317904635363398,44.519759623950044],[11.317726399756564,44.519713386762355],[11.31760046469079,44.519679654327305],[11.317512629657523,44.51965667153376],[11.31745875898368,44.51964517961569],[11.317419748530735,44.51963685198106],[11.317254387364367,44.519601434835444],[11.317147435214407,44.51958184667804],[11.317044668470354,44.5195608680963],[11.316951848099349,44.51954701562231],[11.316866767125587,44.51953603985485],[11.316763691645885,44.51952377275584],[11.3166801464033,44.51951408005416],[11.316601526532768,44.51950547567451],[11.31644151393596,44.51949100578142],[11.316358015564605,44.51948471485807],[11.316316446756225,44.51948326269492],[11.316091904246157,44.5194785190702],[11.315921419584571,44.519470634725266],[11.315845134376367,44.519472992583204],[11.31571722553916,44.519474507099],[11.31562257262313,44.519480127232754],[11.315455045601439,44.51949162771241],[11.315278212890222,44.51950295658298],[11.315100395354467,44.51952150719579],[11.314879391657707,44.519552096461695],[11.314771824243742,44.519568411737204],[11.314537966482654,44.51960773239471],[11.314404564300203,44.519632583409724],[11.31423408406065,44.51966484784599],[11.313968338298038,44.519715877933535],[11.31355594842633,44.51979707624709],[11.313374644562083,44.51983216950083],[11.313235132890611,44.51986164423585],[11.31311175229022,44.519885390403324],[11.312783243305446,44.5199498519393],[11.312622562867778,44.51998146529178],[11.312440588111176,44.52001585044735],[11.312273337803877,44.52005029716099],[11.312025320942544,44.5200944007444],[11.311841548064281,44.52012438310304],[11.311745255343455,44.52013820754718],[11.3116688684298,44.520149153107965],[11.311619620046004,44.520154291573746],[11.311466571618741,44.520172424968486],[11.31135023358943,44.52018306294896],[11.311236700024264,44.520191753493414],[11.311161030335867,44.52019697657329],[11.3110803507566,44.520199609266015],[11.310952374736255,44.52020265023226],[11.310795506761986,44.52020375519692],[11.310698605653847,44.52020506851985],[11.310543075170967,44.52019672038954],[11.310462595776759,44.52019168741966],[11.310409290763193,44.520189705424905],[11.310316746044407,44.52018185567785],[11.31023360625178,44.52017318534173],[11.310163006283563,44.52016660183839],[11.31006740978846,44.52015476249892],[11.309894592979134,44.52012801997728],[11.309737455074005,44.520099690595245],[11.309591494754875,44.52007113484959],[11.309362258424567,44.520017715105126],[11.309187813055752,44.51996884917027],[11.309003087283848,44.51991137740965],[11.308895159112739,44.51987403921254],[11.308795616474212,44.519838421850416],[11.308670329309521,44.51978847985179],[11.308504265184185,44.51971603672167],[11.3083979917868,44.51966642111342],[11.308250332766983,44.51959163386711],[11.30814013075698,44.51953174451689],[11.308007844729106,44.5194543054551],[11.307887961867804,44.51937867706638],[11.307750345638597,44.5192841415816],[11.307600624596347,44.51917302484859],[11.307519617189694,44.51910678309262],[11.307411520314526,44.51901093928299],[11.307346848101867,44.51895048895465],[11.30730940156543,44.51891352512683],[11.307187236628842,44.51878960739409],[11.307091274350343,44.518679194953506],[11.30701568592918,44.51858763615553],[11.306936912367574,44.51847913584437],[11.306858366107248,44.518360448991416],[11.30677735725752,44.51822399578411],[11.306718813511905,44.51811156651952],[11.306642827599354,44.51794296260728],[11.306629833398626,44.51790703488992],[11.306606941231767,44.51784348926635],[11.306582860131373,44.517772135435564],[11.306558395629922,44.51769106658311],[11.306543543959915,44.51763357924898],[11.30652859546576,44.517567262359194],[11.306504194162786,44.51744315998687],[11.306490038003483,44.517346227384714],[11.306481557367638,44.51725250205011],[11.306475630938559,44.517166107204346],[11.306472675761661,44.51707848199086],[11.306477561788142,44.51695361680542],[11.30648209368303,44.516886726250874],[11.306496917346559,44.51674904768597],[11.306509294973171,44.51666129271813],[11.306522146414864,44.516578848686926],[11.306545169313978,44.51646720189013],[11.306569943880817,44.5163425560072],[11.306588728006998,44.5162542214497],[11.306610595599555,44.516154751434556],[11.306631419287834,44.51606071304585],[11.306867737890821,44.51525552902734],[11.306870999668815,44.515157749312344],[11.306972295306569,44.51502190618523],[11.307053617094619,44.514860737316035],[11.307135066391934,44.51471523926857],[11.307218858964724,44.514585763372615],[11.307258759439826,44.51453294011895],[11.307433371105324,44.51431400647772],[11.307356387773403,44.51418060512018],[11.307241169895388,44.51394365479568],[11.307531193894883,44.51387007531336],[11.307900744495395,44.513775099671356],[11.308259988532086,44.51368392325811],[11.308693272753114,44.5135719918443],[11.309094582140363,44.51346889790116],[11.309454153236874,44.51337654077535],[11.309866888702077,44.513270062054914],[11.310233711565655,44.51317629537443],[11.31068159709111,44.51306154018563],[11.311062632698901,44.51296390912858],[11.31134106037874,44.5128916260251],[11.311624147211976,44.512818824773355],[11.312042824121455,44.51271293806473],[11.31256421840344,44.51258011291395],[11.312980074340635,44.512473289628545],[11.313383000109937,44.51237040891047],[11.313772082862842,44.51227033707102],[11.314150256304746,44.512174716264184],[11.314483419137748,44.51208593949376],[11.31486210723899,44.51199066599303],[11.315212834014847,44.51190099976984],[11.315602164916763,44.51180099767372],[11.316002577912652,44.51169843774644],[11.316309835938963,44.51161964289641],[11.316702408185987,44.51151930119494],[11.317044784901979,44.511431779359214],[11.31755811719566,44.511299275054434],[11.317746566425539,44.51125124640661],[11.318143029238117,44.5111504696507],[11.318292473476783,44.51111538563638],[11.318470044966025,44.51106909813543],[11.31869528099056,44.511012848644164],[11.318939563567476,44.51094864964057],[11.319153940400001,44.51089460040177],[11.319440365596787,44.51082081165926],[11.319656666782938,44.51076455275663],[11.319907920195575,44.51070138036083],[11.320123816833652,44.51064477769311],[11.32034842169442,44.510585386865294],[11.320555818874752,44.51053020749958],[11.320756820996733,44.5104752567967],[11.32096298462472,44.51041722994971],[11.321233548575902,44.51034015816204],[11.321457225637024,44.5102733028828],[11.32166374838735,44.51020851554026],[11.321853422640899,44.51015064239071],[11.321993308307222,44.51010593514482],[11.322182628051328,44.51004833873531],[11.322313463353384,44.510007326204324],[11.322519394940718,44.50994353961965],[11.32272225808703,44.50988169663367],[11.322924688559308,44.50981879078561],[11.323138588956548,44.50975295038491],[11.323336516356173,44.509690405523806],[11.32355811480279,44.50962233706916],[11.323783216466447,44.50955347666473],[11.323995227075041,44.50948793419997],[11.324198260072587,44.50942411356614],[11.32440935978164,44.50935751757146],[11.324595042081851,44.50929747050079],[11.324740149481768,44.50925130316359],[11.324965964085647,44.509175133824165],[11.325192993587955,44.50909821008299],[11.325352804871823,44.50904535063926],[11.32555928696983,44.50897659593431],[11.325808382934637,44.508891488217955],[11.325978508883697,44.50883229599571],[11.326190075752054,44.508758575154445],[11.326374371881368,44.50869540253201],[11.326603271044469,44.50861465679942],[11.326887393879819,44.508515148922015],[11.327030052760255,44.50846824535485],[11.327254714906196,44.50838792678245],[11.327598259156522,44.50827055094067],[11.327902327105432,44.508172515385496],[11.328092663315836,44.50811578868429],[11.32823452822384,44.5080767950538],[11.328387005729455,44.508038935167995],[11.32860706004663,44.50798925362857],[11.328758731840235,44.50795960201835],[11.328918476755588,44.507930496704994],[11.329095399848589,44.5079031202735],[11.329443529481939,44.50785046380533],[11.329882918405104,44.50778963290334],[11.32998811302763,44.50777503527472],[11.329797155826109,44.50811850060999],[11.329701965923903,44.5080912119915],[11.329616216283704,44.50807982723135],[11.329506817200372,44.50810321579954],[11.329353568175165,44.50814064279683],[11.32909491847044,44.5082036268192],[11.329037390349516,44.50822011392759],[11.328525743665264,44.508366760577374],[11.328315758445953,44.508435862183966],[11.328109534598774,44.508507497436895],[11.327918715965222,44.50858088875207],[11.327387552395638,44.508792035577216],[11.327171980546348,44.50888204490692],[11.326823117477618,44.50904922204282],[11.32675283286387,44.5090881953537],[11.326652048543094,44.50914129411266],[11.326258714841053,44.50926814414123],[11.326048061053857,44.50940057924619],[11.325857870711978,44.50952910402807],[11.325660586232587,44.50965926744633],[11.325462447065474,44.50980496835685],[11.32527788173766,44.50994149789126],[11.325126267426798,44.51006322194276],[11.324981031219844,44.510182736295015],[11.324840255391779,44.51031065804331],[11.324724144243087,44.510415967025274],[11.324607154713076,44.510533681304935],[11.324496664835088,44.51064970566786],[11.324419761727867,44.51073240272608],[11.324329883055139,44.5108352415965],[11.324235328060183,44.51095115730603],[11.324130103705567,44.51108352178451],[11.324050356528776,44.51118869287928],[11.323944863301286,44.51133868067546],[11.323861272183096,44.51146363650276],[11.323771061910682,44.51160723628157],[11.323687477944919,44.51174473240308],[11.323611534774107,44.5118817038269],[11.323530790062843,44.51204380005688],[11.32346546953435,44.512182787795766],[11.323417851113586,44.51229551482349],[11.323358765527045,44.51243374541464],[11.323302534833545,44.512581766672504],[11.323255006045954,44.512736011621044],[11.323220569903906,44.512856275493355],[11.323184711630992,44.51299045924925],[11.323149917521922,44.513136225637176],[11.32312753562009,44.51324797980551],[11.323111844174372,44.51333592107447],[11.322953888510085,44.513280699848025],[11.322900404653154,44.513795123265076],[11.322905462536847,44.514179420697594],[11.32294850829013,44.51475973205036],[11.322984771967546,44.51500194618712],[11.323231196784674,44.5165108555518],[11.3234821069182,44.517629997112714],[11.323645111878104,44.51845613865485],[11.323682269066847,44.51864441794596],[11.323802677920064,44.519327952504966]]],"type":"Polygon"},"properties":{"codice_area_statistica":27,"geo_point_2d":{"lon":11.316612038563152,"lat":44.51589781509921},"area_statistica":"LAZZARETTO","cod_quar":12,"quartiere":"Navile","cod_zona":"I","zona":"Lame"}},{"type":"Feature","geometry":{"coordinates":[[[11.375544073602109,44.50209374793955],[11.375603067260311,44.50255496427075],[11.375672369685226,44.50308750941693],[11.375699177997577,44.50334418189765],[11.375712299498185,44.50361136613018],[11.375716386852329,44.503801415310434],[11.375710380137566,44.50419224277446],[11.375691730631358,44.50445459662161],[11.375664181146288,44.50469265769821],[11.375625358734752,44.50496938532156],[11.37556533396598,44.505275092293644],[11.375532954371945,44.50540823889387],[11.375500553159197,44.505541475957976],[11.375403371163582,44.50587703434721],[11.375284382211593,44.50622114871268],[11.37519411207273,44.50644512031803],[11.375066757072847,44.506743459415986],[11.374931678040111,44.50701737305663],[11.374809693080461,44.507238313109],[11.374679422672948,44.507468689024286],[11.374555126568156,44.50766374948716],[11.374428985129283,44.507850565835824],[11.374305661448487,44.50802903207162],[11.374212787484948,44.50815528917319],[11.37406019453384,44.50834724656664],[11.373896716391162,44.508544111453396],[11.373729144814513,44.50873592976194],[11.3735602175776,44.50891948464859],[11.373438784588451,44.50904579477961],[11.373376020459922,44.50911119799691],[11.373218541422375,44.509260403637704],[11.373169565733942,44.50930598451714],[11.373029896060928,44.50944176592741],[11.372844251751165,44.50960380003806],[11.372748522817758,44.50969085509973],[11.372621118833786,44.50979722175316],[11.372495181831473,44.50989913751618],[11.3723629268318,44.510003795186265],[11.372221425767545,44.510113137125835],[11.372102903403492,44.510205895804816],[11.371963848073552,44.51031321503829],[11.371790686406303,44.51044536961544],[11.371645334190962,44.51055876098125],[11.371501289551267,44.510670594560175],[11.371311358732322,44.51081741085318],[11.371237301850183,44.510874359998034],[11.371200558340902,44.51083264017759],[11.371124011809568,44.510744177605574],[11.371093573781833,44.51070902467804],[11.371039044902712,44.510646005070214],[11.370690717955679,44.510243506122976],[11.370607174230658,44.510148436592004],[11.370151009751298,44.50962926956863],[11.370042137375522,44.50951390259071],[11.369609632531214,44.509021988012464],[11.369426745679164,44.50881433213261],[11.36921388368575,44.50857261121548],[11.368966982623725,44.50829586512973],[11.368857588749556,44.508185513242445],[11.368616742592328,44.50797707821898],[11.368563841031945,44.507936701089974],[11.368370932451043,44.5077963655363],[11.368210844470498,44.50769602233973],[11.368054685755471,44.50759638963032],[11.367724343351199,44.50741982379844],[11.367517420470463,44.5073188486008],[11.3672816916382,44.507221657316116],[11.367075867644282,44.507147783252655],[11.366834162929223,44.507068260955734],[11.366619956667712,44.50700731650025],[11.366280207738614,44.5069282322056],[11.365965286557168,44.506858310065525],[11.365695444081434,44.50679840896899],[11.365087884436369,44.50669680094434],[11.365131525682274,44.50652610834907],[11.365157099914896,44.50645425113832],[11.365187001220283,44.506372122363366],[11.365369112509125,44.506181563688195],[11.365776716258589,44.50581651623171],[11.366038619231897,44.50555447886733],[11.366746203118097,44.50487269323216],[11.367026173361127,44.50460036714625],[11.367582731506698,44.50406712627443],[11.367790307060329,44.50387265956792],[11.367891245796393,44.50379345879955],[11.368038919486823,44.503715863185555],[11.368189646910135,44.50349441498632],[11.368275916367152,44.503423278416435],[11.368404669481501,44.50334848755265],[11.369091647997958,44.50313242154844],[11.369531652552963,44.502991527286476],[11.370677042116272,44.502617293792895],[11.371211765227242,44.502446103822926],[11.37176382043615,44.50226935674712],[11.373050191614379,44.50184144060366],[11.373209324775194,44.50178179424998],[11.373379743889597,44.50173492173857],[11.373681136187617,44.501701980334104],[11.37373670617649,44.5019893932078],[11.373915258868434,44.501972131267294],[11.374187374422695,44.50193873506187],[11.374234734676634,44.50192633476744],[11.3742818300842,44.501907413097996],[11.374613031309398,44.50175698684445],[11.37468095383766,44.501730231642846],[11.374770360646567,44.50170314648448],[11.374932475953614,44.5016541037336],[11.375065563000453,44.50162034791872],[11.375125597477501,44.50161060938594],[11.375175780758699,44.501608259849824],[11.375238919802781,44.50160434434156],[11.375479504741243,44.50160085948648],[11.375544073602109,44.50209374793955]]],"type":"Polygon"},"properties":{"codice_area_statistica":48,"geo_point_2d":{"lon":11.371360061648861,"lat":44.50575645988849},"area_statistica":"MICHELINO","cod_quar":14,"quartiere":"San Donato - San Vitale","cod_zona":"Q","zona":"San Donato"}},{"type":"Feature","geometry":{"coordinates":[[[11.341091699603997,44.491311205710005],[11.34164621840262,44.49132007900855],[11.34175249045882,44.49132409277607],[11.34181331567987,44.491807922465014],[11.341827488344569,44.49192065020956],[11.341864263489859,44.49211288425096],[11.341885549336839,44.49221259235589],[11.341901600574989,44.492260093808916],[11.341952900402141,44.49244190192195],[11.342006009918164,44.492610159995635],[11.342073420691463,44.49289966854893],[11.342079326309248,44.49292936395136],[11.34214027772394,44.49311660055713],[11.342190007018148,44.493239365792164],[11.342274239871735,44.49349757815454],[11.342323643201452,44.49359177580518],[11.342573672622835,44.493613526894556],[11.342688990620127,44.49399994602579],[11.342542170753582,44.49410255460046],[11.342528526994448,44.49427219121024],[11.342552464345427,44.494431135769084],[11.342586227909733,44.494907921966906],[11.342438615741516,44.494931774046314],[11.341066458151817,44.49515686304166],[11.34098203317741,44.49516872230505],[11.34055933125749,44.49523309797071],[11.340355366512403,44.49526317122243],[11.339705088334714,44.49535696631601],[11.339002660194414,44.49546364665363],[11.338600218333795,44.49552365679685],[11.338547076166087,44.49553149741286],[11.337691545049712,44.495662687161904],[11.33733068657739,44.49574041358507],[11.337133266021988,44.49579678766706],[11.33701608092284,44.495834629969146],[11.336902805734562,44.49560992178539],[11.336695368239008,44.49507783020184],[11.336457556628377,44.49446128545456],[11.336409795711699,44.49433746015365],[11.336051944469778,44.493535271253826],[11.33584363290911,44.493208580857576],[11.335921669083804,44.49315521016231],[11.336155900506759,44.4930564478711],[11.33629041076515,44.49299967952691],[11.336530767367384,44.492896856974994],[11.336616170216967,44.492850663126106],[11.336691368208472,44.492804669100394],[11.336786207073109,44.49271889565128],[11.336874743950629,44.49265293979115],[11.33707421074893,44.49254982782364],[11.337305076903585,44.49242581678623],[11.337499320070794,44.49232956296747],[11.337724697057318,44.49222591029837],[11.33777072169948,44.49219740184087],[11.337810417951982,44.49216789764312],[11.33785300849107,44.49213214037641],[11.337901432921814,44.492085010379114],[11.338209930982883,44.491917203424805],[11.338396041828258,44.491834051366894],[11.338588098846918,44.49174235076706],[11.338691636163317,44.49169745833152],[11.338794075117383,44.49166441770664],[11.339004578839976,44.49160158787664],[11.339267189007922,44.49154443283359],[11.339567094136894,44.491476393928394],[11.339790477785062,44.491421175939806],[11.33990990213101,44.49138046706012],[11.339990595473644,44.491354055874],[11.340127100052548,44.49134732351752],[11.340519230854158,44.49132520421925],[11.34082993907943,44.49131095602797],[11.341091699603997,44.491311205710005]]],"type":"Polygon"},"properties":{"codice_area_statistica":78,"geo_point_2d":{"lon":11.339410595014714,"lat":44.49357978334701},"area_statistica":"MALPIGHI-1","cod_quar":13,"quartiere":"Porto - Saragozza","cod_zona":"L","zona":"Malpighi"}},{"type":"Feature","geometry":{"coordinates":[[[11.364685541371527,44.45380057966136],[11.364388405872225,44.45390653756171],[11.364110011427384,44.45398358621954],[11.363849127004446,44.45400121432563],[11.363626454133795,44.45397934832646],[11.363359762228583,44.453923769094466],[11.363070012075626,44.45386052817564],[11.362833840399121,44.453785995559194],[11.362681529238124,44.45374637654173],[11.362582188893741,44.45370315830267],[11.362365062570893,44.453623387125376],[11.362154452817272,44.45352816720539],[11.36198548366005,44.453431068018006],[11.361919472914993,44.4533593954403],[11.361852275987488,44.453284173318785],[11.361807744170235,44.45315231478079],[11.361703377348574,44.45303957337365],[11.361543723620384,44.452881999142996],[11.361236446400808,44.45262170630343],[11.360946974143578,44.45245694948376],[11.36065587164937,44.452251704762936],[11.360260394373139,44.4520630936205],[11.35991844785238,44.45189941911047],[11.359684141625062,44.45180007511565],[11.359412794917892,44.451684139124275],[11.35927573681686,44.451591471824536],[11.359130009276262,44.45148450727728],[11.35900630644191,44.4513221082879],[11.35896946571705,44.451210003499945],[11.358862599138302,44.451064613521986],[11.358747425535348,44.450913606387786],[11.358600769403779,44.45078351455069],[11.358453893594252,44.45064763836275],[11.358371168189423,44.450600148011],[11.358094836340667,44.450359868343526],[11.357910107413769,44.45018714232576],[11.3578105484654,44.45012264217073],[11.357636269805917,44.449965643535705],[11.357578746101536,44.44984417956218],[11.357524002529809,44.44959662115817],[11.357512439008852,44.449339915560664],[11.357513293979101,44.44894022559388],[11.357518923254013,44.44841683971621],[11.35752923810491,44.447873101083346],[11.3574736820467,44.44770616003646],[11.357438869616761,44.44751409632786],[11.357461187937728,44.44736603706915],[11.357580512051506,44.447218864299316],[11.357654607079095,44.447052369573896],[11.357751411019027,44.44684778371836],[11.35776775027369,44.44668421028101],[11.357834265795939,44.44670942126588],[11.357902116996096,44.44674127558356],[11.358069624785042,44.44681990168705],[11.358138891014713,44.446800735649944],[11.358138964545553,44.44680068911778],[11.35814652128237,44.4467985974477],[11.358210315884179,44.44675246443846],[11.358211416310237,44.446751703489106],[11.35822590494294,44.44677788996725],[11.358245271838115,44.44681287028136],[11.358248238949061,44.44681789548099],[11.358364581285677,44.447025334660204],[11.358364595291155,44.447025370381446],[11.358454991162196,44.447202952562485],[11.358455017724749,44.44720298802427],[11.358538320783769,44.447360460720965],[11.358538334427273,44.44736048744702],[11.358589325384505,44.44745674351103],[11.358589339390234,44.447456779232255],[11.358695854033718,44.44766384493391],[11.358695868039565,44.4476638806551],[11.358757215586255,44.44778355459063],[11.358757229229964,44.44778358131665],[11.358861734768562,44.447882674645236],[11.358861760969459,44.447882701111766],[11.358963511161082,44.447971723306345],[11.358963537362063,44.44797174977284],[11.359413891917452,44.44832140495791],[11.359427542069305,44.448332367131655],[11.359601846593907,44.44847223050202],[11.359770129445455,44.44861390157393],[11.359770155647093,44.448613928040224],[11.359867176692287,44.448702480008755],[11.359867202531623,44.44870249747989],[11.3599567368615,44.448780527004736],[11.360038279510427,44.44887449430714],[11.360143821637127,44.44899889844644],[11.360143847839108,44.44899892491264],[11.360170534542942,44.44903773271875],[11.360170547825167,44.44903775044942],[11.360213316541447,44.44908579555636],[11.360213330186143,44.449085822282164],[11.360277579509255,44.44916043116806],[11.360277605348916,44.44916044863909],[11.360360939940264,44.44924084768367],[11.360360966142458,44.449240874149815],[11.360511994513384,44.449363761255974],[11.3605120207157,44.449363787722085],[11.360747336846364,44.44955076789361],[11.360936247835504,44.449697070107455],[11.3609362736756,44.449697087578315],[11.361080981086035,44.449818997324236],[11.361215262270134,44.449973757115785],[11.3614254170222,44.45019895936663],[11.361425442862664,44.450198976837385],[11.361655739931903,44.4504760853324],[11.361655765772559,44.45047610280307],[11.361788522303096,44.45063255893265],[11.361795172182804,44.450639137320756],[11.361803431946234,44.45064730287615],[11.361826981136424,44.45067059162729],[11.361827007339931,44.45067061809307],[11.36194319883627,44.45076720710592],[11.361943225039875,44.45076723357168],[11.361969095353164,44.4507863690638],[11.361969121556788,44.45078639552954],[11.362125791072307,44.45089284195856],[11.362125817276052,44.45089286842427],[11.36227167582479,44.450984909064104],[11.362271714223604,44.45098492627478],[11.362313850885377,44.45096798460081],[11.36231417121925,44.450967824926984],[11.362320379792036,44.45096532875326],[11.363617324186574,44.45030952209117],[11.363686003684558,44.45027482628373],[11.36369102286179,44.45027338096368],[11.363934022046807,44.45020506962156],[11.363995412022048,44.45018781865101],[11.364012474210435,44.45018301801135],[11.364013867224578,44.450182656066076],[11.364019607099848,44.45018100675136],[11.364023062160033,44.45018004393972],[11.364038927894324,44.45017549313929],[11.364069667094531,44.45016671817071],[11.364070436586724,44.450166477169084],[11.36418615132695,44.45013411095413],[11.364197820872812,44.45013084438689],[11.36425876642856,44.45010289833931],[11.364259559218779,44.45010261184069],[11.364497103095005,44.449994152474645],[11.36489053827121,44.44979694712226],[11.365784253876235,44.449540408188355],[11.365875604349034,44.44953497694064],[11.366026480696712,44.44952591717515],[11.366740995200908,44.44930516120373],[11.367098821767584,44.44919928005601],[11.3675216785811,44.44885628793617],[11.367826575291215,44.44849041661481],[11.367975681224049,44.44831234838407],[11.368346808927656,44.44814710305757],[11.368550383973158,44.44813105888729],[11.368724892653882,44.44807623092592],[11.368958917811664,44.447920013222955],[11.369233270059024,44.44773145782831],[11.36941199651756,44.44778063883345],[11.369524108195062,44.447872830523714],[11.370278848003322,44.44820037857426],[11.371279020964522,44.44851774612929],[11.372568083752542,44.449121101682735],[11.373161940692778,44.44924151048133],[11.373435021822655,44.450669359336935],[11.373176552639196,44.451366234599455],[11.372986024405984,44.45145234442437],[11.372651950681131,44.451776064276544],[11.372642593628756,44.452262392135495],[11.372652547544334,44.45254688461412],[11.372652636543448,44.45254690977221],[11.372652637636644,44.4525469367574],[11.372389736294544,44.4524928302994],[11.372119571024001,44.45245269322469],[11.372106126028278,44.452417709283345],[11.371735330338662,44.45148940957178],[11.371614545543165,44.45151416451021],[11.371984273677228,44.452435698807456],[11.371795830812406,44.45240459399325],[11.37141718297824,44.45236589891074],[11.37114729573713,44.45230869375865],[11.370591749971256,44.45221168705212],[11.370256479940052,44.452088254745625],[11.369912633761283,44.452009715593746],[11.369395451391059,44.45195339975447],[11.368933724726302,44.45191828431678],[11.368590744011097,44.4519254103167],[11.368293810459726,44.4519781416252],[11.367945754247314,44.45211900613012],[11.367863605712987,44.452143540817666],[11.367649644612152,44.452237861044736],[11.36734651585453,44.45241132670533],[11.366887369363738,44.4525747836562],[11.366730434296269,44.45263036076336],[11.366595089115926,44.452664720984465],[11.366298905118686,44.45274889577222],[11.366073754054531,44.45286843631083],[11.365934883673848,44.45295151906096],[11.365875432138912,44.453042948629594],[11.365832718430411,44.45311935698326],[11.365911511425566,44.45334648097021],[11.365842211506646,44.45338889721888],[11.36601827494747,44.45355068963155],[11.366066621412244,44.453591927939605],[11.365997339689162,44.45359217555966],[11.36583465568965,44.453640560442075],[11.365722812006858,44.453672136887405],[11.365683434598084,44.45368366606605],[11.36563437070171,44.45369809675534],[11.365495494285849,44.45373410430745],[11.365454049328772,44.453744235828474],[11.365368335565467,44.453764602350624],[11.36529865491874,44.45378205284573],[11.365264146528473,44.45376414140448],[11.365045298542842,44.45376664107934],[11.364883264363932,44.45376796336895],[11.364685541371527,44.45380057966136]]],"type":"Polygon"},"properties":{"codice_area_statistica":90,"geo_point_2d":{"lon":11.365617202718465,"lat":44.4507178363361},"area_statistica":"PONTE SAVENA-LA BASTIA","cod_quar":16,"quartiere":"Savena","cod_zona":"R","zona":"S. Ruffillo"}},{"type":"Feature","geometry":{"coordinates":[[[11.376293199744117,44.48664652623416],[11.376204451246211,44.48664837366468],[11.376155998833001,44.4866493642386],[11.376101402730303,44.48665050067927],[11.376108980066789,44.48643486594136],[11.376114823002677,44.48626755719818],[11.376126874732819,44.48592337133085],[11.37613988356053,44.485552283782276],[11.376148206060362,44.48531474819412],[11.376160308465757,44.4849693368683],[11.376185822169885,44.484241081137526],[11.376189248083586,44.48414337669199],[11.376210941920657,44.483524185796995],[11.376218862310994,44.48329811880799],[11.376229825719635,44.48298535649],[11.376233364402216,44.482884237694186],[11.376235396028951,44.482785643987214],[11.376246095775414,44.48259642976024],[11.376249292486566,44.48251692430778],[11.376301373108914,44.48121952920721],[11.376307628443463,44.48107260262772],[11.3763243348366,44.48067957051371],[11.376329423261405,44.48051660757693],[11.376340351902854,44.48015624910401],[11.37634967956103,44.47984842710092],[11.37635578180421,44.47964695692373],[11.376371026732404,44.479327551404005],[11.3763894391713,44.478837210562546],[11.376406277207959,44.47835114268425],[11.376422717602392,44.477923401904654],[11.376437651638994,44.47753783363903],[11.376451772565973,44.47711459738026],[11.376463337330826,44.47673059364034],[11.376473462110523,44.476440553028205],[11.376483619217844,44.47619899075514],[11.376485616393191,44.476145995857486],[11.376632773020868,44.476087044022805],[11.376809298807121,44.47601595716451],[11.376978363045932,44.47594784321803],[11.37813362829888,44.47548227581147],[11.37834982507271,44.475412556732614],[11.378703186232,44.475950391734564],[11.378978693226115,44.47631460343794],[11.37930295577214,44.47675838054788],[11.379503361670942,44.47704794021723],[11.379533463751024,44.477092784885464],[11.379739607582852,44.4773882652615],[11.37976532359951,44.47742511696516],[11.379930568567238,44.477666848818345],[11.38002630681204,44.4778068958179],[11.380237282978197,44.47811718281549],[11.380396594196766,44.47834988204699],[11.380584945218434,44.478629986312605],[11.380644040574856,44.47870840890922],[11.380695182393723,44.478786664252304],[11.380820941602915,44.47896880179457],[11.380908080181776,44.47909053604163],[11.380977555108682,44.479182056814956],[11.381067167358264,44.47928607623976],[11.381251548364816,44.47951327286951],[11.381381252687735,44.479668058602414],[11.381630422432556,44.47992405270582],[11.381968492636421,44.48025501941644],[11.382172521506737,44.48045626416339],[11.38228987229378,44.480570965993586],[11.38235399450475,44.48062820768914],[11.382765912024391,44.48103483705597],[11.382895608958354,44.48125965238275],[11.383041746923016,44.481548492898355],[11.383463374311997,44.482391668908754],[11.38349916771715,44.48246309535506],[11.383646526003025,44.48269068291109],[11.383735946737502,44.48281443786415],[11.38386908144097,44.48298393130819],[11.383601829913072,44.48302670179777],[11.383300698895987,44.483096286535755],[11.383111725173158,44.4831458119618],[11.382693465234649,44.48324836808995],[11.382282122434614,44.48334758240641],[11.382003707961806,44.48341893128241],[11.381865340510686,44.48345438988561],[11.381690275384692,44.48350491011261],[11.381545880701555,44.48355202640414],[11.38139118454859,44.483618244860125],[11.381239333016538,44.48367804793513],[11.38022345747069,44.4841742296412],[11.379742164940994,44.48435518744162],[11.379486522805395,44.484432870390826],[11.378797633706414,44.48463123209803],[11.377600893867944,44.48498190526693],[11.3774692408367,44.48502585216841],[11.377351656454783,44.485093857936405],[11.377282740066955,44.4851365070462],[11.377201516300623,44.485198137806215],[11.377137615373227,44.485262711725554],[11.377080860918715,44.48533511308928],[11.377040560651732,44.48542250320784],[11.377003994588094,44.4855108058387],[11.376985439146612,44.485598238281916],[11.376982938266579,44.485678440434214],[11.376999244366859,44.485769630244604],[11.377224258121615,44.48642469045863],[11.377243376673977,44.486490686420666],[11.377112377308427,44.486522645844836],[11.376526640355376,44.486621311636945],[11.376403130386043,44.4866416900372],[11.376293199744117,44.48664652623416]]],"type":"Polygon"},"properties":{"codice_area_statistica":82,"geo_point_2d":{"lon":11.378918297752174,"lat":44.480991053240324},"area_statistica":"PONTEVECCHIO","cod_quar":16,"quartiere":"Savena","cod_zona":"N","zona":"Mazzini"}},{"type":"Feature","geometry":{"coordinates":[[[11.357541807705793,44.550614619657395],[11.357458207196284,44.550620730452096],[11.357315329593066,44.550645737259494],[11.357175959270599,44.550673111143105],[11.35697828258299,44.55074030954883],[11.356850076600457,44.55080005059535],[11.35672973102772,44.55087518554732],[11.356581030385579,44.551024780339176],[11.356529790537044,44.55107125580906],[11.356668876373902,44.55120892257182],[11.356737896377197,44.55127851839391],[11.35682797439394,44.55134767939531],[11.356959754469306,44.551480545257604],[11.35709000496812,44.551650028739836],[11.357285337392105,44.55185919251997],[11.35731410672513,44.55191626846838],[11.357304910626084,44.55191862798127],[11.356689125345154,44.55208270202854],[11.355595576181273,44.55236017070299],[11.355100349001258,44.55248910517879],[11.355101216412693,44.55249125688679],[11.355144773369037,44.55260096302336],[11.355139055936295,44.552602485376426],[11.354876909101204,44.552670623146355],[11.354706114154524,44.55270158610194],[11.354702912630271,44.552702120273835],[11.354543103806042,44.552758864602374],[11.354535855249216,44.55276144479301],[11.35453031910089,44.55276340449905],[11.354405027068383,44.55280785043769],[11.354197607126377,44.55288096155957],[11.354194764469455,44.55288196544886],[11.353282594935795,44.55338409164432],[11.353268741356539,44.553362753225905],[11.353261989352026,44.55335235949044],[11.353255183041073,44.55334186784655],[11.353233960008655,44.55330918514825],[11.353233933035579,44.553309140691766],[11.353172419241464,44.553188352823625],[11.353172405210962,44.55318831710283],[11.353144245397159,44.553133784264425],[11.353144231729363,44.55313375753868],[11.35300692049637,44.55285077648726],[11.352849594698174,44.55252600404551],[11.352607801320397,44.55202687421027],[11.352607787653128,44.55202684748442],[11.352398280118633,44.55161145927426],[11.352398254234641,44.551611441802656],[11.352357792226737,44.55156869449144],[11.352865436352717,44.55124437760093],[11.352782563125999,44.55116081399353],[11.352720818149093,44.55106387825248],[11.352662800645948,44.55096945837496],[11.352612003851183,44.550874889649414],[11.352561831544458,44.55079581035038],[11.352544255662554,44.550718642966935],[11.352540613126877,44.55062826982512],[11.352562567003206,44.55054512032],[11.352610696552487,44.550394236605705],[11.352632741366907,44.550313659927944],[11.352651292903623,44.550235747964834],[11.352658812392532,44.550186484295146],[11.352653864623944,44.55014088052618],[11.352642978254643,44.550089745575406],[11.352592844884615,44.54998850129779],[11.352414876940582,44.54967607286223],[11.35221214820382,44.54934272838712],[11.35217744640367,44.54929292136382],[11.352154460577383,44.54926673857094],[11.35212304761543,44.549246058905545],[11.352084325420241,44.549229256879194],[11.352027911245646,44.54921735664383],[11.351978025350395,44.54921000317653],[11.351935720829971,44.54921271133254],[11.351892207188584,44.54921728089726],[11.351704704652217,44.54925330991804],[11.350896534530607,44.54945195159769],[11.350422412925354,44.54955003865725],[11.350316537174633,44.5495700886354],[11.350248823498752,44.549579594078565],[11.350189786432725,44.54958415851481],[11.350144449495446,44.54958066269159],[11.350092880969328,44.54955872296418],[11.35006842178943,44.54953407350347],[11.350029345022765,44.549445915173145],[11.349906318567186,44.54913595269061],[11.349782271175647,44.548800281896725],[11.349721478989196,44.54869492553564],[11.349652753890222,44.548584204887646],[11.349540502665036,44.54843143811046],[11.349450691750336,44.54830477576903],[11.349412490560065,44.54824864813499],[11.349392695385758,44.548203169743445],[11.349345418899668,44.54807826061653],[11.349229306369795,44.54777069374923],[11.349122463398071,44.547485406264435],[11.34903541166816,44.547279275617676],[11.348942789893185,44.547051086322746],[11.348913926606567,44.54697732848785],[11.34885625918181,44.54680562181916],[11.348848666492742,44.54676522172279],[11.348835346774027,44.54665663738748],[11.348813306103006,44.54647992140973],[11.348786269804524,44.546401498650205],[11.348745443644905,44.54635110537485],[11.348704875594096,44.546307125567296],[11.348620487647098,44.5462128050177],[11.348536271867294,44.54612275705696],[11.348476003128136,44.546034349957594],[11.348426800454778,44.54592436119495],[11.348393437893707,44.54576282221821],[11.348408677477046,44.54569634920468],[11.348365105550693,44.54554012467662],[11.348325297046376,44.54531722208712],[11.348316993461614,44.545287612583536],[11.348307219318022,44.54525273985158],[11.348297674745128,44.54521887968029],[11.348275661792865,44.54514074955519],[11.348234052006667,44.54501043885657],[11.348129260640256,44.54469014233588],[11.348063200682699,44.544475845882644],[11.348013290533158,44.54437825893263],[11.347937431949001,44.54427712754794],[11.347725251945473,44.54407199401864],[11.347435668794011,44.543798619318345],[11.347038580227542,44.54342271901169],[11.346324482745834,44.54279193654582],[11.346576685849504,44.54266202241761],[11.34669039563612,44.54278172302039],[11.346721309603069,44.54281799782693],[11.346836241477058,44.54292455648546],[11.347045480279602,44.54312841980956],[11.347091654019023,44.54315192127037],[11.347150418085374,44.54313665105312],[11.347503652597782,44.543044934721046],[11.348146077458825,44.54286073663229],[11.34903645930611,44.54261529292645],[11.349622610274725,44.54245370653287],[11.350177297602423,44.54230079516205],[11.35022524136489,44.542287573642845],[11.350315751371244,44.542444937696814],[11.350414664362305,44.542568063117486],[11.350472966026928,44.542643276036756],[11.350665551089302,44.54262518540891],[11.350758795774484,44.542615946166954],[11.351079839405957,44.54259688382872],[11.35102398730388,44.54232274609125],[11.351237211056082,44.54230079946558],[11.351340504822554,44.542290110412075],[11.351660808678512,44.54220428998181],[11.351717220804671,44.54218724735426],[11.351653687341482,44.54210905498442],[11.35439040285719,44.54116983699671],[11.354434682688245,44.54115320530037],[11.354459675561966,44.541213609866304],[11.354500414045097,44.54130706200133],[11.35463298879543,44.54126183550042],[11.354703628052958,44.54123742194225],[11.354763039066523,44.541217066035095],[11.354827918701,44.54119497683026],[11.354901458890053,44.541169774101384],[11.3551105073571,44.54109813142559],[11.35591415962837,44.54090364911539],[11.356100495694223,44.54090151371487],[11.356198862313605,44.54090106779995],[11.356178041318737,44.54108071076722],[11.356141387844877,44.54136336327782],[11.35632358170263,44.541353372785956],[11.356591167031008,44.54125659935101],[11.356667648256188,44.54114117451529],[11.357614510067474,44.54052409798445],[11.3585986829538,44.53985801611098],[11.358759600010991,44.539756752649716],[11.358872430436913,44.53968159970087],[11.358939763683273,44.539785753846935],[11.359315047843356,44.54038523606314],[11.359761947484742,44.5410727756205],[11.360287853125493,44.54189686845207],[11.360561069506359,44.54231900055521],[11.360673772640352,44.54249343433037],[11.360863991559558,44.54278954532097],[11.361134832434864,44.54320937546141],[11.361307863273275,44.543481894504836],[11.36162785327577,44.543979784829325],[11.361863295351046,44.54437692096377],[11.362006224380837,44.54464732495986],[11.362095410434799,44.544827087233834],[11.362191970609006,44.54504472346146],[11.362316910907378,44.54535394003304],[11.363200880814157,44.547843914305865],[11.363317189192882,44.548171907538915],[11.363575558705142,44.54889078305429],[11.363579518219408,44.54898856735992],[11.363560146909066,44.549101517843894],[11.3634994465221,44.54920798701401],[11.363440880613709,44.54928260608863],[11.36333737810082,44.54934591208829],[11.363253785323158,44.54939413171073],[11.363115511965459,44.5494434832766],[11.36213678996752,44.549693745602376],[11.36131575761714,44.54990234194307],[11.361151228861807,44.54994414098841],[11.360380029349937,44.55014738759918],[11.360318881056708,44.55016356015719],[11.358953213211095,44.55050343026663],[11.358715546149952,44.550538337864346],[11.358408835965175,44.55058100922822],[11.358075785248241,44.55060087139724],[11.357944008082912,44.550603341465205],[11.357611955548508,44.55061020904515],[11.357541807705793,44.550614619657395]]],"type":"Polygon"},"properties":{"codice_area_statistica":18,"geo_point_2d":{"lon":11.355656096553137,"lat":44.546236233978945},"area_statistica":"SAN SAVINO","cod_quar":12,"quartiere":"Navile","cod_zona":"E","zona":"Corticella"}},{"type":"Feature","geometry":{"coordinates":[[[11.241076213248592,44.52948013713596],[11.241030648367103,44.52950063018317],[11.240843518687688,44.52962034644922],[11.240605075377502,44.529775747388165],[11.240334813352453,44.529979989923945],[11.240185674974592,44.53010198437527],[11.24002713216216,44.53025279127109],[11.23996305498457,44.530339950911596],[11.239820354335123,44.53040045719095],[11.23978120065467,44.53040995787006],[11.239611293203687,44.530493522061064],[11.23942381220493,44.53074637255649],[11.23906789915591,44.531217579320774],[11.2387862092746,44.53161651531447],[11.238558701322594,44.53189898448516],[11.23832326956144,44.532165881108796],[11.238217771512774,44.53228334423444],[11.237924320764602,44.5325671140024],[11.237573340064804,44.53288085480764],[11.236903310475277,44.53338443560128],[11.236416756379217,44.5337008382887],[11.235997099613833,44.53394510557821],[11.235648416820343,44.534127664346656],[11.235201605182496,44.53433311937817],[11.234797255011566,44.5344984093053],[11.23449724634963,44.534611817400766],[11.233744261933337,44.53486522913437],[11.233095517007916,44.535064148038295],[11.232605122878745,44.535205600097264],[11.232604467944183,44.53520427152713],[11.232334455076154,44.534686702220895],[11.232329927607287,44.534677905244564],[11.232290084501196,44.534599993130556],[11.232277459392979,44.53457526695158],[11.232247693112818,44.53451731447023],[11.232200165538835,44.53444679063062],[11.232200046158734,44.53444663091915],[11.232064406867524,44.53428301510519],[11.231941187467754,44.53412490892528],[11.231870049570487,44.53403957824126],[11.231815518241332,44.53397381847233],[11.231300342656233,44.53337848601863],[11.231206273367764,44.53327960416161],[11.231190471159119,44.53326295221864],[11.231139432137544,44.53320192221793],[11.231092942901142,44.53313347520083],[11.231021034066927,44.53302723712373],[11.230974701385888,44.532966835272845],[11.230950982862566,44.5329014181691],[11.230930209071177,44.53284027373689],[11.230922943428853,44.532808546712786],[11.230918491602118,44.53278854002959],[11.230909394476289,44.532759936669365],[11.230909336267631,44.53275973074834],[11.23089284653175,44.532730344593205],[11.230812295282394,44.532586293526066],[11.230628232436006,44.53223445169716],[11.230628163370325,44.53223429100085],[11.230563546417084,44.5320875877287],[11.230563478038846,44.532087445024004],[11.230563423954626,44.53208734705276],[11.230530034997253,44.53202607092383],[11.230509038118106,44.53198378209919],[11.230500734557916,44.531966722468],[11.230441052507231,44.53188661356926],[11.230382252049512,44.531807504701746],[11.230276241422436,44.53168814049551],[11.230198905043169,44.53157942418037],[11.230053346747805,44.5313745609457],[11.229942419179583,44.53122987827822],[11.229921133465394,44.53119978443233],[11.229808750816149,44.531040374876596],[11.229781186974114,44.53095790977114],[11.229778393079712,44.53094933990107],[11.22977294714819,44.53093163022933],[11.22969683866791,44.530670395399405],[11.229655388117086,44.530527452286904],[11.229674456942687,44.53046453013294],[11.229785923952564,44.53009754264254],[11.22993400825298,44.52952637311323],[11.229949706249197,44.529467144777165],[11.230065995078148,44.529028096377594],[11.230151221900929,44.52870572455293],[11.2301510180078,44.5286713747989],[11.230151130766917,44.52865652738829],[11.2301503125285,44.52861828252819],[11.230143753305608,44.52857997877316],[11.23012481732828,44.528467681760354],[11.230076697317555,44.52823737323908],[11.22997839528177,44.527578965287354],[11.229944599967743,44.527352662072694],[11.229932562345631,44.52726577950241],[11.22991320574894,44.527125294649665],[11.23001677513222,44.5268684182219],[11.230025454979252,44.526848875168724],[11.230044849372819,44.5268060582657],[11.230078528832896,44.5267682287952],[11.230100127836439,44.52674426517668],[11.230343614541578,44.52640443327388],[11.230370731050648,44.52637435710143],[11.230611231219239,44.52610799879753],[11.230694228432352,44.52601579331779],[11.230765277330075,44.5259412412042],[11.23105327702441,44.52563823161273],[11.231211743657914,44.52547228726911],[11.23135101214362,44.5253506594298],[11.23146872001679,44.52524838524584],[11.231569840689238,44.52511643867068],[11.231698323562302,44.52493585643795],[11.231967271175119,44.524558000587454],[11.23209235256431,44.524382651869594],[11.232142901026664,44.52435625828491],[11.232174370755224,44.52434004151796],[11.23283315951712,44.52416952329025],[11.232922291696006,44.52416161315361],[11.233684288429256,44.524179331269686],[11.234418271602525,44.52420489368204],[11.234418561506292,44.52420490601286],[11.234954800365525,44.5242212635474],[11.235226932622096,44.52422956535489],[11.23579487923186,44.524232982593986],[11.236083622936217,44.5242347182465],[11.236271612572724,44.524234969932635],[11.23650154312181,44.52422203012541],[11.236832705845407,44.52420071451816],[11.237016997293706,44.524188847976525],[11.237479649530865,44.524133678884475],[11.237785130709032,44.52409733445362],[11.238038342738127,44.524059808315954],[11.23822377457895,44.52403239705881],[11.238462418608162,44.52397988726812],[11.238957136580469,44.523836839634654],[11.239124457278443,44.52377424902888],[11.239169106672758,44.523757546757025],[11.239759058071543,44.523537087166915],[11.239884985302583,44.52346455851709],[11.24008668268326,44.52334878907123],[11.240233001271518,44.523246889668044],[11.240411997747326,44.523095392846756],[11.240433733345174,44.523073495169456],[11.240837236200669,44.52320255831547],[11.240774107908303,44.52333950202056],[11.240735738641375,44.5234260945433],[11.240695366934263,44.52361863244176],[11.240698486534766,44.52381252230282],[11.240774845917288,44.524008080455474],[11.240942118425073,44.524217239308115],[11.241111673847549,44.52437401222834],[11.241685245882769,44.52485230055334],[11.241957272190419,44.5250994261716],[11.242171373546183,44.52529534799747],[11.24228863257248,44.52543467303985],[11.242347374094637,44.525507412188134],[11.242480968440983,44.5256972265756],[11.242697926903915,44.52603958982939],[11.243214766356674,44.52682873569862],[11.243845054753365,44.52773211526558],[11.243972978625608,44.5278336702491],[11.244177329985217,44.5279981088966],[11.243911813074579,44.52810846008602],[11.241425539545581,44.529153148142775],[11.241281664619041,44.52921540780432],[11.241338885820696,44.529242876448066],[11.241365479479265,44.52927702312979],[11.241373654089621,44.52932508928759],[11.241364033183928,44.529403654381525],[11.241338505034117,44.52945238225613],[11.241297037490988,44.529469779109405],[11.241227511509035,44.5294696316926],[11.241136979260999,44.529471409058985],[11.241076213248592,44.52948013713596]]],"type":"Polygon"},"properties":{"codice_area_statistica":1,"geo_point_2d":{"lon":11.235874029541966,"lat":44.52867378606865},"area_statistica":"LAVINO DI MEZZO","cod_quar":11,"quartiere":"Borgo Panigale - Reno","cod_zona":"C","zona":"Borgo Panigale"}},{"type":"Feature","geometry":{"coordinates":[[[11.263357581973064,44.52599237088016],[11.263489332623584,44.526166910815846],[11.263671153452847,44.52643455239894],[11.26372918033184,44.526519961263205],[11.263900966658152,44.526772812202275],[11.264002630204923,44.526912910267875],[11.264080388603508,44.527020019877995],[11.26415761590721,44.52713322569073],[11.26408820135205,44.527158612229364],[11.263941693870333,44.52721096886267],[11.263895567964921,44.527227449029816],[11.263481557758366,44.52737490118839],[11.262635185512284,44.52767833004766],[11.262375315708269,44.52776945485292],[11.262057595604425,44.527884051732265],[11.261713675676917,44.52800457734277],[11.261043796894693,44.528248402589824],[11.260582944565355,44.52841408388587],[11.260025489471975,44.52861364391488],[11.259555269318604,44.5287813070229],[11.259075723629483,44.52895489636178],[11.258723269937374,44.52907636504168],[11.258650416258382,44.5291030856727],[11.258290380802482,44.529040204802435],[11.258083747271515,44.52898649596848],[11.257217414012892,44.52876132568972],[11.256537015134555,44.52855922917058],[11.256134498877993,44.528447478122736],[11.254524199822582,44.52778205344711],[11.251484437270282,44.52667745835166],[11.250173059664098,44.526207805258686],[11.250131491361866,44.52619272610476],[11.250094452507927,44.52618971110431],[11.249866375164412,44.52609633064615],[11.24969818428213,44.52615155403818],[11.249577983444224,44.526106272266446],[11.249440289903161,44.52605443910334],[11.248155167168537,44.52559488640932],[11.246478753101732,44.524983656784045],[11.246281517567827,44.52491286178177],[11.245120271777804,44.52449946897516],[11.244932844653837,44.524432331825295],[11.242070111323358,44.52340694408241],[11.241959048133522,44.523367308445515],[11.240964341731239,44.5230151327015],[11.240615363081922,44.522887655601274],[11.240662428580595,44.52283620045889],[11.240685891884501,44.52281210820771],[11.240922642079388,44.52244399172577],[11.241154684501852,44.52197355404152],[11.241203358353225,44.52184825510798],[11.241247958581846,44.521657767569494],[11.241292991401153,44.5213558738346],[11.241289529231333,44.52093788990142],[11.24128952785111,44.52093785391828],[11.241286687422248,44.520919571468596],[11.241242698041782,44.52063584615288],[11.241211725802405,44.52048021476916],[11.241170378061554,44.52027124883317],[11.24095099489421,44.519452397309195],[11.240890375725014,44.51922515622964],[11.240842793289907,44.51911244189226],[11.240842630679767,44.51911213899702],[11.240747122358886,44.51893483570068],[11.24060679461027,44.518649237917884],[11.240606688504727,44.51864909595941],[11.240604884300307,44.51864535929668],[11.240534576022101,44.518557523822935],[11.240512935025189,44.518528024037444],[11.240468896568142,44.51846767091031],[11.240307713583476,44.51828393194266],[11.240158873281755,44.51811425561301],[11.240053379773148,44.51800166002971],[11.240012821853453,44.51795822626476],[11.239929949288621,44.517873121652414],[11.239850739511004,44.51779165416935],[11.23981116229946,44.51774950646098],[11.239722224225074,44.51765451885122],[11.239673174918957,44.51754283206097],[11.23964451639781,44.517477288471234],[11.239531398603258,44.51721394996377],[11.2395152597351,44.51698226143768],[11.239508658669518,44.51688749488209],[11.239489735467272,44.51671152383345],[11.239461188215262,44.516449559999934],[11.239419628470726,44.51610379444054],[11.239389849618806,44.515853999189204],[11.239347260428879,44.51567376598407],[11.23931631920154,44.515542044178254],[11.239262132239427,44.51537993553936],[11.239165120476425,44.51518772504069],[11.238737408755041,44.51443036408099],[11.238442984750758,44.51388812414053],[11.23841026100984,44.51375248487504],[11.238395497825238,44.513690269500366],[11.238359711574507,44.51322727574839],[11.238351391075179,44.51311908394027],[11.238255832458767,44.512738924416034],[11.238163711075762,44.512530304439125],[11.23814752662382,44.51250554057984],[11.238081012850225,44.5124038011597],[11.238046783268512,44.51235134804594],[11.237960062010565,44.51225349771205],[11.237908697364862,44.51219547478214],[11.23790851584622,44.512195334299385],[11.237908450230863,44.512195263565104],[11.23788511975449,44.51217674349889],[11.237791834335564,44.512102626460226],[11.237777463397276,44.51209597618465],[11.237652048398783,44.512037712194136],[11.237514105588723,44.51200647626748],[11.237301309621442,44.51198886966356],[11.23696096329367,44.51197519352238],[11.236744362936756,44.5119732348788],[11.23664939528632,44.51198432321019],[11.236636968663984,44.51198573701272],[11.236248540371273,44.51206818498458],[11.236209383611445,44.512076973312105],[11.2360736255589,44.5121074324943],[11.236017750308287,44.51211989718476],[11.23583036702886,44.5121499358381],[11.235805306960698,44.51215393764849],[11.235805181928994,44.512153958102395],[11.235695926026073,44.51215924873886],[11.235048059003171,44.5121049646772],[11.234984929875642,44.512082703914366],[11.234850242359679,44.512025023492356],[11.234157249726563,44.51165544737409],[11.234070160169596,44.51160898796812],[11.234009888227106,44.511552830071764],[11.233977225419777,44.51148365429321],[11.233941541973032,44.51140753361178],[11.233874467690299,44.5112968271169],[11.233809642753952,44.511189335498344],[11.233402057635386,44.51040060931899],[11.23338577341507,44.51037481142982],[11.233208267869704,44.510092272143346],[11.232992559798141,44.50974857811328],[11.232728600392289,44.50930194663001],[11.232630027300335,44.509121041141626],[11.232509591485018,44.508899997499654],[11.232920151431541,44.50875971990673],[11.233948136869774,44.50839806829574],[11.234328490023842,44.50826519168532],[11.235209213109778,44.50795775254113],[11.235224988751394,44.50795149295082],[11.235257675894072,44.50793906855678],[11.235375510449082,44.507891838395025],[11.235576253482503,44.507821666432825],[11.235979478746758,44.507680783237774],[11.23604470838774,44.50765677408025],[11.23617997398851,44.50760713106688],[11.236566367659496,44.50749265596884],[11.236678758411715,44.50745050053604],[11.236693206032376,44.50744504998633],[11.237012721905371,44.507329957129315],[11.237010453003268,44.50732655360191],[11.237009853231667,44.507325674099434],[11.237005115848827,44.507318582872735],[11.236763320207888,44.50695885129481],[11.236735393081437,44.50691712236382],[11.236651039332132,44.50678683327651],[11.236371400600648,44.5063542551724],[11.23602059438404,44.50582579743157],[11.235901793090381,44.505646650277036],[11.237011477797148,44.50528735889937],[11.237063910033458,44.50527056792362],[11.236810657196628,44.50488438619263],[11.236197580504037,44.50394872210896],[11.235822317275863,44.50338883746826],[11.235719585056652,44.50323532979143],[11.236336799506446,44.50307586810625],[11.236456610532903,44.50304671128438],[11.236689107206887,44.5029902383577],[11.236991443188408,44.502925185376796],[11.236991543060036,44.5029251654146],[11.23740322835643,44.50283834290728],[11.237670291982253,44.50278188369494],[11.238031113358401,44.50270581471455],[11.238262205728068,44.50266859563383],[11.238291249677806,44.5026639480069],[11.238702729260261,44.50261029036713],[11.238838238532535,44.502596937820904],[11.23897637005717,44.502570596968155],[11.239046606118258,44.502547748252205],[11.23911036865371,44.50252699803112],[11.239110716476759,44.502526883177886],[11.239359333866958,44.502416838317764],[11.239578373013215,44.502318527391324],[11.239744431457234,44.50224100718721],[11.239978243276118,44.502117567521424],[11.240005592011894,44.50210315790671],[11.240005677588039,44.502103093209435],[11.24020315747229,44.50198386798052],[11.240478232679756,44.50180181193525],[11.240577631523362,44.50175055392481],[11.240741351398327,44.50168036125605],[11.240910911430724,44.50162897714853],[11.240926804139564,44.50162419089146],[11.240970808414188,44.50161276704851],[11.241313608731579,44.5015239966863],[11.241441333197756,44.50147926682869],[11.24157734081678,44.50142420126001],[11.241660539272159,44.501389429053816],[11.241823251031436,44.50132187437829],[11.24197565368603,44.50127809970818],[11.242064983661555,44.501252668507895],[11.242225880804721,44.50122015095524],[11.242795366458617,44.501181956332694],[11.242938584847003,44.501174569217866],[11.243179573703454,44.50116242499339],[11.2439531460589,44.501120772332634],[11.244507107755785,44.501092426052665],[11.244710238727812,44.501082067223045],[11.244973574202307,44.50106879560556],[11.245237866487859,44.50106242755128],[11.246145557535163,44.50106246887712],[11.246242194039906,44.50106684225132],[11.246497960730983,44.501078563181075],[11.246647739122114,44.50109886030906],[11.246831451467674,44.501123953938055],[11.247022354513915,44.50117871329874],[11.24713269766738,44.50121929460567],[11.247310139865025,44.501284806463715],[11.247458074101052,44.50133761115952],[11.247559819758054,44.501374094085946],[11.24774130875899,44.5014267239193],[11.24777988797454,44.501438153802766],[11.248091272662423,44.50148040211021],[11.248266389899374,44.501476566327106],[11.248340572156028,44.50147501531164],[11.248555874220616,44.501454029940795],[11.24870560536188,44.50143380465383],[11.248768417710446,44.50142542830036],[11.248988667453116,44.50138787891947],[11.249116828601517,44.501360875963435],[11.249265561674367,44.501329758470376],[11.249603098033717,44.50125722655484],[11.249734135605069,44.50122914892989],[11.250079292682765,44.50115985939692],[11.2501326600904,44.50114271988207],[11.250133221217679,44.50114259178827],[11.25013319434779,44.50114254730495],[11.25013333088142,44.50114249960087],[11.250077385722403,44.50105211801785],[11.249914817374936,44.5007887015385],[11.249463774459537,44.5000759067033],[11.24931348152372,44.4998381388837],[11.249020180303596,44.499366798356554],[11.248758945352034,44.498931402904994],[11.248610446065605,44.49868844029771],[11.24851843755839,44.4985040249987],[11.248444757122476,44.498333040603825],[11.24836515003401,44.498147264592774],[11.248186709946426,44.49774279043035],[11.247865037416387,44.497048210063056],[11.24777909349145,44.49686272943055],[11.247666101114264,44.49661850821626],[11.2476481706328,44.49657349718218],[11.247626428498739,44.49647643617802],[11.247620620462834,44.496448696507294],[11.247625484259013,44.49639263162503],[11.248085752084423,44.496471830087984],[11.24842363849646,44.49652751866801],[11.24854651484998,44.49654783902747],[11.248605101912649,44.496555651624206],[11.248772185712111,44.49657814384547],[11.249140828010551,44.49664269517222],[11.249216923949527,44.496656068195776],[11.249959398463917,44.49679347291092],[11.250443904354585,44.496888523839054],[11.250584411354504,44.496921125077186],[11.250850644759513,44.49696602053116],[11.250952415456858,44.496985980208606],[11.251046337037486,44.497005275333166],[11.251108944809754,44.49701818384988],[11.251243109876064,44.49703305719311],[11.251600376953368,44.49707284269105],[11.252011004100543,44.497110746205614],[11.253050209858175,44.49721580913725],[11.25343204492143,44.49725723762726],[11.253527138344834,44.497270025709575],[11.253547091602286,44.49727274671989],[11.253612820279624,44.49727555436324],[11.253881108000323,44.49728716461589],[11.254061817844201,44.49729529100015],[11.254274716462714,44.497305077134236],[11.25447154854152,44.49730855425724],[11.254695514604949,44.49731275549378],[11.255395237165288,44.4973358260199],[11.255628798044999,44.49734876643081],[11.255896898008718,44.497369837373185],[11.256212113306129,44.49740583007407],[11.256431373162343,44.497440936781906],[11.25677332115909,44.49749591714988],[11.256954776457116,44.49751257667298],[11.256954762499722,44.49751254093856],[11.256955065536363,44.49751257095776],[11.25693939437565,44.49747479982412],[11.25693279008308,44.497440234408494],[11.256922251804937,44.49738325829626],[11.256821437519145,44.497031908671495],[11.256797801491583,44.49695983305533],[11.25679660166589,44.49695612069932],[11.25679650431299,44.49695587955394],[11.256789023985766,44.49693511441289],[11.25666527415186,44.496591069007415],[11.256579059807118,44.49631257657599],[11.256551078437454,44.496262823198215],[11.256542873921397,44.496248059077544],[11.256529130944626,44.4962100427063],[11.25650488822165,44.496142435295695],[11.256493033513935,44.4961129340579],[11.256476420689301,44.496070950247066],[11.256470743375695,44.496030406758],[11.256461821656593,44.49596380187381],[11.256407079672307,44.49584897551373],[11.256399304794835,44.495829044404],[11.2563699364502,44.495753111844174],[11.256348981079253,44.49568235153067],[11.256333341687268,44.49562875311623],[11.256271913511718,44.49546286108902],[11.256235441080195,44.49537459130349],[11.256232134728906,44.49536648229559],[11.25623175092855,44.49534577491342],[11.256231626244945,44.49533537037957],[11.256233194371315,44.495294836718635],[11.256233028550831,44.4952295711922],[11.256226667030479,44.49518693460151],[11.256226586068783,44.49518679216013],[11.256226583639485,44.495186729189996],[11.256208374956344,44.4951516188458],[11.256190949645125,44.49511073135613],[11.256169550195803,44.49504507524736],[11.25616925951261,44.49502189031031],[11.256169199830843,44.49500371525263],[11.256169009254677,44.49500203553401],[11.256169002042022,44.4950015225287],[11.256167266007225,44.49498749478701],[11.256164685123457,44.49496591256086],[11.256144499124156,44.49493855650695],[11.256133944596275,44.49492416289107],[11.25605043685025,44.494849381216234],[11.255980118105748,44.49477739972306],[11.255948386719178,44.49473995481803],[11.255940196087712,44.49473010579253],[11.25591452900656,44.49469629511974],[11.255856385847753,44.49460964178366],[11.255823984207154,44.494561010860004],[11.255805128526868,44.49452378862048],[11.255781018248259,44.4944755520046],[11.255742424925355,44.49439193328499],[11.255734278336403,44.49437637572871],[11.2557054087825,44.49432083300437],[11.255675051116029,44.49427366508168],[11.255629782839993,44.49420285386644],[11.255580396787659,44.49413125974375],[11.255539189056611,44.49407115337039],[11.255500290439082,44.4940180864015],[11.255459055652043,44.49394651122597],[11.255435969641495,44.493906230595535],[11.255391199848491,44.4938052777451],[11.255340612680817,44.49369599537014],[11.255303867901993,44.49364104024705],[11.255276379461332,44.49359976624469],[11.255257476591927,44.49356130248278],[11.255197020441608,44.49343776583918],[11.255173118032763,44.493394242340266],[11.255144852357606,44.49332921680433],[11.25523018804296,44.493306014802705],[11.255292326969071,44.493289230728905],[11.25571640633148,44.493164889468815],[11.256034283647379,44.493071912918836],[11.25639447341064,44.492968268329484],[11.256950821794462,44.49280836753993],[11.257495991100177,44.4926479468898],[11.257889706404592,44.49253224631333],[11.258811349933373,44.49226650539518],[11.259369895643506,44.49210555003093],[11.2596508619975,44.492023034723275],[11.260331401472731,44.49182337936792],[11.261079996965973,44.49160502400901],[11.261327813744291,44.49153280292297],[11.26140592016032,44.49150914532834],[11.261705736836836,44.491418581326215],[11.26177407614351,44.49139441478231],[11.26178185670769,44.491391694888236],[11.261831446964605,44.49140078626849],[11.261882949016837,44.491395894723205],[11.26275959947422,44.49118945821045],[11.262969254214168,44.491142594070325],[11.263011787659206,44.49113312642855],[11.263603981618202,44.491001155850256],[11.263710083219534,44.49097751773258],[11.263959783252089,44.49092161130197],[11.264027317187702,44.49090657000878],[11.26402761636276,44.490906501057246],[11.264071832933858,44.49090575916801],[11.264759510290515,44.490756377371106],[11.265870909157133,44.490520016282325],[11.26592972457093,44.49050752359798],[11.266567716933062,44.49037281003732],[11.266771194119787,44.490329932676644],[11.267073173896074,44.49026796687907],[11.267531288696862,44.49017410875229],[11.268088341947061,44.49002574395214],[11.268136905315089,44.49002133109049],[11.268187982820685,44.49001494169894],[11.268225167946277,44.4900680294079],[11.268323012334513,44.49028365108911],[11.26834982841894,44.49034274246148],[11.268374547028364,44.49039736520289],[11.268598842267966,44.49092728435852],[11.26871633701736,44.49112351068614],[11.268732518142302,44.491150611022064],[11.26873256841108,44.49115061002305],[11.268732662313012,44.491150761201034],[11.268794501653922,44.49114846090256],[11.268883250492783,44.491145382678475],[11.269077905099993,44.491141873864294],[11.269180100777437,44.4911401485977],[11.269317724710675,44.49114099592051],[11.269556775588082,44.49114267148798],[11.269795175486857,44.491070529194744],[11.26984737391823,44.49105476307407],[11.269912779011326,44.491040642879916],[11.269914250765176,44.491040325532445],[11.270067129151737,44.49102040572599],[11.270321761114355,44.490989648585476],[11.270400848150867,44.49097678645159],[11.270633548894812,44.49093671497335],[11.270739708132114,44.490897467668795],[11.27081394565327,44.49087696847963],[11.270827474448385,44.49087330538623],[11.271088762347524,44.490807340011926],[11.271302677865918,44.49076482307222],[11.271505198950354,44.49073656750773],[11.271535512799833,44.49073439786836],[11.271668744237614,44.490725147819056],[11.271773235786489,44.49071682065132],[11.271787669447578,44.490717352652716],[11.271955415767865,44.49072310693069],[11.271988206118476,44.49072414682433],[11.272154336891898,44.49072975291058],[11.272198578518493,44.490727395906674],[11.272221528414063,44.490726353940225],[11.272232686135846,44.49072381818621],[11.272267795460467,44.49071624136867],[11.272327771105928,44.49068184597887],[11.272610148304144,44.49043462214386],[11.272659398500474,44.4903915635345],[11.272717664162146,44.49034359905487],[11.272844289209221,44.49023944772793],[11.273001219241168,44.49012644647859],[11.27304120379317,44.49011358685483],[11.273048934432724,44.49011121828741],[11.273065815581745,44.490109360718414],[11.273091447823576,44.490106797743515],[11.273178049715955,44.49013039761655],[11.2734297775182,44.490192679205],[11.27359460315597,44.49023366238973],[11.27477501305169,44.490540245188775],[11.274839625411312,44.490556881836916],[11.274621149166451,44.492464546190305],[11.274466738185009,44.49382613225933],[11.274363767554068,44.495114384196214],[11.274113280734477,44.49740118890714],[11.27398862660543,44.49879780380046],[11.273847760729206,44.49879459600583],[11.273350312356483,44.49876824996196],[11.273326196642735,44.498913779884305],[11.27331295375685,44.49965445230834],[11.273331104081562,44.49979323482786],[11.273380126804623,44.49998841591124],[11.273421726689074,44.500156376933894],[11.273463668564116,44.50033345074467],[11.273495782500962,44.50042177472723],[11.273539588268736,44.50056460156125],[11.273584541944672,44.500901285167004],[11.273715507487795,44.502029095123326],[11.273897590403644,44.50200189058888],[11.274024147905001,44.501976611086526],[11.27462518882517,44.50390584527206],[11.274831278134911,44.504393324526866],[11.275218499906474,44.50532344223211],[11.275244325090467,44.50538546842556],[11.275298269560624,44.50549799678189],[11.27577867819604,44.50650024721831],[11.276718666765731,44.50798801308549],[11.277682250455527,44.50926867302671],[11.277751704622512,44.50936219235379],[11.277719370975989,44.509377664735965],[11.277617766524411,44.509424434750045],[11.27751156433609,44.50947332198075],[11.27732286456041,44.50956018927961],[11.277267050672123,44.509585888729724],[11.277179124513529,44.50951552309907],[11.277085760188305,44.509465737724696],[11.276964030952618,44.50943028297644],[11.276588824383552,44.509371264226],[11.276096331753978,44.50928746704641],[11.27590290646214,44.509287254307814],[11.275727794193871,44.509319238474866],[11.275423426982005,44.50944819079178],[11.275044148116422,44.50961486159698],[11.274954920817855,44.50965129068818],[11.274764815652325,44.50975032623192],[11.274632037544848,44.50985638453173],[11.274514248845803,44.51000139523318],[11.274329855007274,44.51072937092287],[11.274353393020228,44.510805000706036],[11.274383687645383,44.510878056172416],[11.27446156996204,44.51097259790533],[11.273835231903162,44.51130284811676],[11.273245967094173,44.51159694952087],[11.269484050167511,44.51346559795867],[11.26907870254899,44.51366902945223],[11.268210653170991,44.51409993923773],[11.267954934085012,44.51422072089701],[11.26774142355914,44.51434500274623],[11.267515535483804,44.51445446875831],[11.267456375952444,44.5144810760908],[11.267376239373847,44.51453030937175],[11.266887517045324,44.51481763645647],[11.26664147741671,44.51497922063571],[11.266509659522598,44.515078921545665],[11.266309640247515,44.515226807646094],[11.266046774423183,44.515430235407536],[11.265807007345273,44.515639172792355],[11.265598076764428,44.515837054703404],[11.265401859837231,44.51604063462468],[11.265247831358579,44.51620464801926],[11.265066472747774,44.51641539564058],[11.264919498787364,44.51660012755088],[11.264680664299298,44.516940175378316],[11.26452714100935,44.517171237853546],[11.264266031371783,44.51758176659674],[11.264172918388354,44.517721685734394],[11.263171992038687,44.51924432225674],[11.262551464323462,44.5201899900562],[11.262282218422099,44.520590610489656],[11.262098285638775,44.52086939160756],[11.261966073035232,44.52103744243919],[11.26181687693465,44.521207567107666],[11.261734985971954,44.52129277836013],[11.261667019138935,44.52136029373941],[11.261490605497773,44.521518767740524],[11.261344319759312,44.52163832977603],[11.26119034969219,44.52174760986773],[11.261009626788283,44.52186795261786],[11.260710242227937,44.5220426528414],[11.260371192734349,44.52223069623969],[11.26014759332477,44.52235361508129],[11.2595186277637,44.52270180736985],[11.25916211147536,44.522891984390434],[11.258851837433165,44.52304536110426],[11.258711208426192,44.523107389507345],[11.258494672101385,44.5232029056064],[11.258961834614395,44.523074720458396],[11.259347416874942,44.52300191129751],[11.26081018967734,44.522480943529374],[11.263357581973064,44.52599237088016]]],"type":"Polygon"},"properties":{"codice_area_statistica":10,"geo_point_2d":{"lon":11.256353123396279,"lat":44.50887979505894},"area_statistica":"RIGOSA","cod_quar":11,"quartiere":"Borgo Panigale - Reno","cod_zona":"C","zona":"Borgo Panigale"}},{"type":"Feature","geometry":{"coordinates":[[[11.420572041402286,44.50840081749468],[11.419224572156951,44.50853208438264],[11.417963293048066,44.50864890607192],[11.416910494959179,44.50874715674594],[11.416446185322352,44.50883946820827],[11.41593199905117,44.509049749621845],[11.41545988911429,44.50924352792673],[11.415096902673959,44.509331061039866],[11.41450510062832,44.50940927216767],[11.413786449724729,44.50942637051745],[11.413387228208956,44.50938565777215],[11.412899890630946,44.509322067247815],[11.412662490028113,44.509289724601636],[11.412149097007566,44.5091971171757],[11.411840615429654,44.50910347300923],[11.411419067136544,44.508907246796525],[11.410760294109881,44.50859524198642],[11.40980209732979,44.508170604066045],[11.408817279134128,44.507876867886935],[11.40786881384928,44.5076930338244],[11.406947299110735,44.5075234958166],[11.405308143372395,44.507313897729105],[11.402277864977819,44.50692692490195],[11.401703670893266,44.50683216495683],[11.40135906024878,44.50675835595827],[11.40078370538579,44.5066989688538],[11.399635756710746,44.50669732323733],[11.399222237272225,44.506736975217876],[11.398619240433467,44.506795794643715],[11.397850272473164,44.50682060174392],[11.3978034240672,44.506817237600934],[11.39775652173113,44.50679538330958],[11.397709562675402,44.50676693131239],[11.397667936047698,44.50674273353317],[11.397627328212304,44.50673723966853],[11.397587257946663,44.50673565061284],[11.397487896363423,44.50674845959439],[11.397377706239059,44.506761036780134],[11.397243756806235,44.5067430539881],[11.39697967381953,44.50667496768565],[11.396862348912228,44.50665927310446],[11.396923387319765,44.5064088995411],[11.397119599542755,44.505659106026556],[11.397213132904303,44.5052376223488],[11.397239170416487,44.50510932015864],[11.397248542941647,44.504895510484474],[11.397254390702198,44.504672439166654],[11.397267073366919,44.50452923009587],[11.397288428159447,44.5043655831248],[11.397293706831277,44.504066668123606],[11.397283836564572,44.50365508905319],[11.397258600542385,44.50346730335796],[11.397220765405136,44.503314928260686],[11.39716171068224,44.503157993334824],[11.39710377446466,44.50302863675634],[11.396907417506814,44.502727825044644],[11.396745611540144,44.50247994284172],[11.395727831528859,44.500916108713966],[11.395683257433314,44.50084748134557],[11.394772668394255,44.499365346589094],[11.393944025522272,44.49803378221835],[11.393314360399092,44.496900543825824],[11.393252280039539,44.49678880006258],[11.393221169742617,44.49673613005318],[11.393124672464909,44.49657911361862],[11.393016871516178,44.49640281648037],[11.39287147587174,44.496165045497555],[11.392200790957107,44.49506818465119],[11.39209019160569,44.49488729090542],[11.391735720747565,44.49435599516953],[11.391512261731357,44.49407779791115],[11.391430665553244,44.49408164996969],[11.391347107057081,44.494078422038235],[11.391252362296886,44.4940683073373],[11.391169780288726,44.494048971211136],[11.391071238166903,44.49401949933571],[11.391037303287929,44.49400378944452],[11.390961125610138,44.49396851049062],[11.391242751153504,44.49367236816716],[11.391516414652475,44.49338458429409],[11.391573683252766,44.49341266986999],[11.39163251294009,44.49344540405152],[11.39168211912853,44.49348049207188],[11.391734427495365,44.49352537227584],[11.391787406922061,44.49358665910041],[11.391830315330232,44.49365817679147],[11.392230195619199,44.49371246427483],[11.39231529461444,44.49372907311823],[11.392471001009945,44.493759461444256],[11.39290980507982,44.4938237788471],[11.39329496001331,44.49388023480876],[11.393430731557734,44.493898625219366],[11.393558593772047,44.49391367931085],[11.393885741097307,44.49396794660999],[11.394508307130486,44.49407316481547],[11.394822298606151,44.49412370824512],[11.395313668594216,44.494198445875696],[11.395800830281773,44.49426130528411],[11.396375792064223,44.494336939636504],[11.397607003670519,44.4944951347767],[11.39740458703442,44.495329522793135],[11.399452308837947,44.49560571128508],[11.399783763299402,44.49565116560793],[11.400345145264538,44.49572705639778],[11.402095075499796,44.49597262939461],[11.402331752250042,44.495907682545024],[11.401890956907259,44.49512639716129],[11.401753247138707,44.49489495761999],[11.401950184614034,44.494923655237564],[11.402066652378597,44.49494015489076],[11.402591079442834,44.4950617171206],[11.403411851358529,44.49530964578713],[11.403794140996334,44.495420142036885],[11.403847119208312,44.4954354561025],[11.404345308196737,44.49556230714008],[11.405569396368206,44.495778866947674],[11.406883706049953,44.496016602895466],[11.40860793524863,44.49631188888844],[11.410465344752893,44.49661051229708],[11.411221813824673,44.49674780448889],[11.413119443109858,44.49706515164155],[11.413755102819145,44.49716202057148],[11.414108039721482,44.49721580148593],[11.414737019081825,44.497311644884746],[11.416143103279508,44.497561124472156],[11.416529154651714,44.49762960936563],[11.417616863835471,44.49784968294961],[11.41978859229081,44.49828487173665],[11.42049868444684,44.49839861643238],[11.420502736898545,44.498404139102426],[11.420529570959124,44.49844070569146],[11.420854380689175,44.49846250884002],[11.421253755313018,44.49846304084744],[11.421620221208807,44.49844738978545],[11.421856441661449,44.498437309787704],[11.421930867922455,44.49843122940606],[11.422409746724316,44.4983912874054],[11.42245486115681,44.49838753920589],[11.4224801777141,44.49844543761915],[11.422722927716503,44.49950368715806],[11.422856294493736,44.50009642135524],[11.422868073257487,44.5001399508315],[11.422884264740727,44.500208008665375],[11.422942044418349,44.50045977238393],[11.422955188753084,44.50051712781355],[11.422955477116368,44.500518319034086],[11.422994416534769,44.500686362638014],[11.423119491117905,44.50117842569206],[11.423127474111741,44.50120836081202],[11.423127758754754,44.5012094620853],[11.423127785381796,44.50120949753035],[11.42404317269811,44.50096949034009],[11.42511328561009,44.50061362963852],[11.425126524602907,44.5006092251973],[11.425416759130401,44.50103136479916],[11.425416786131851,44.501031409238266],[11.425416812760174,44.50103144468274],[11.425553936818858,44.501267053989366],[11.425553950506268,44.50126708070621],[11.425734247581072,44.50170704888464],[11.425809879789362,44.501902147670066],[11.425960141976189,44.502290889952185],[11.425975433716358,44.50233049133388],[11.426432334569636,44.50348883560744],[11.426597592573204,44.50389345379919],[11.426794233268597,44.50437489858475],[11.42698236514549,44.504835538937485],[11.427271913324914,44.505544473679144],[11.427466847123943,44.50602179429447],[11.427466887071866,44.5060218474603],[11.42776926005061,44.50588096360492],[11.427868110796817,44.505864835163244],[11.428237047316516,44.50580461961644],[11.42829513425728,44.505726304024385],[11.428314696965254,44.50567877746798],[11.428363066245147,44.505561561447145],[11.428945956663554,44.506276638499706],[11.428891228003915,44.50634615047619],[11.428890853313682,44.506346518551354],[11.428849382084273,44.50638903781831],[11.428835244244171,44.50640846907974],[11.428829020990099,44.50642975751001],[11.428827027045724,44.50645140607735],[11.428830689169505,44.50647293429573],[11.428841172157773,44.50649664004019],[11.42884480659757,44.50650508812958],[11.428849595208007,44.506511945215195],[11.428883143405345,44.506560313319426],[11.428957012713557,44.506654132588785],[11.428957038972953,44.506654159037694],[11.429024330489625,44.50673923270553],[11.43034249773741,44.50842096768347],[11.430453032371119,44.50856079158383],[11.429292578079062,44.50899077123904],[11.428308179853419,44.5084481929157],[11.428218592750689,44.50839881113159],[11.428041184695573,44.50834073734736],[11.427726043963519,44.508243559758505],[11.42762598637766,44.50822830382176],[11.427415831826284,44.50818354707144],[11.42718151590309,44.508145587473386],[11.426760908133254,44.50808368913507],[11.426377632186648,44.5080243266573],[11.425326209824224,44.50788284268735],[11.42530791901952,44.507920771976096],[11.42521712596575,44.50790955728432],[11.425228892108299,44.50786294412905],[11.424943674412214,44.507824584970365],[11.424719737898267,44.50804950854464],[11.424045885271916,44.50800604199624],[11.42391045017232,44.50810782909709],[11.42324614445905,44.50812653381372],[11.42327233943287,44.50829197586751],[11.423084243713186,44.508306447795896],[11.422440802346104,44.508292871880904],[11.421691223483856,44.50829822585585],[11.420572041402286,44.50840081749468]]],"type":"Polygon"},"properties":{"codice_area_statistica":65,"geo_point_2d":{"lon":11.41019269812238,"lat":44.50221147619185},"area_statistica":"ROVERI","cod_quar":14,"quartiere":"San Donato - San Vitale","cod_zona":"T","zona":"S. Vitale"}},{"type":"Feature","geometry":{"coordinates":[[[11.381306432885658,44.50596303777516],[11.381291056351845,44.50618993509287],[11.381289484675596,44.506402428399625],[11.381217432694534,44.507780918526755],[11.381207488107876,44.507971935282136],[11.381186412410774,44.50817259190413],[11.381180390243491,44.50824495408324],[11.381142481741982,44.50846538034484],[11.381099312384778,44.50868915724662],[11.381013454804059,44.50902006376656],[11.380916564208617,44.509308069062584],[11.380822850950635,44.50956846916426],[11.380797678075076,44.50962101098024],[11.380781660492476,44.509650918461396],[11.380758392347825,44.50969431895398],[11.380692758799325,44.509823452136146],[11.380642536618529,44.509926021409925],[11.380561254661544,44.51009939534823],[11.380473241279073,44.510247126270436],[11.38036719337145,44.51041511084485],[11.380154418212685,44.51071188770853],[11.379947964086073,44.510997414216256],[11.379581435921809,44.51146275449163],[11.37942579758022,44.5116541522718],[11.379131662333087,44.51201459667318],[11.37907809207049,44.51208416861724],[11.378566378357032,44.512750587606725],[11.378294370577825,44.51309450816538],[11.377171409708982,44.51452564670399],[11.377120577491777,44.514587787595225],[11.377089708319634,44.5145731080761],[11.376340063260422,44.51421690182095],[11.376057917065497,44.514085414085216],[11.375738048732357,44.51393187125523],[11.374490363684385,44.513341300571504],[11.373862233700333,44.513039500370795],[11.37366462386807,44.512938423785506],[11.373509313624409,44.512853761251904],[11.373324116703868,44.512754388531434],[11.373052019730993,44.51258002126589],[11.37290010148612,44.512475976895956],[11.372787858825316,44.51239810628646],[11.372715412355543,44.51234783845544],[11.372609367780614,44.51226147546037],[11.37249527957043,44.51217190358391],[11.372358648815737,44.5120600866335],[11.372168311093159,44.51189159819068],[11.372043325529082,44.51176722335848],[11.371933751441452,44.51165739137847],[11.371884010012877,44.511604499613355],[11.371754335942661,44.511467798346935],[11.371536478950343,44.51121508550123],[11.371410716672635,44.51107149663104],[11.371356119748521,44.511009297825176],[11.371326866472955,44.510976064902536],[11.371237301850183,44.510874359998034],[11.371311358732322,44.51081741085318],[11.371501289551267,44.510670594560175],[11.371645334190962,44.51055876098125],[11.371790686406303,44.51044536961544],[11.371963848073552,44.51031321503829],[11.372102903403492,44.510205895804816],[11.372221425767545,44.510113137125835],[11.3723629268318,44.510003795186265],[11.372495181831473,44.50989913751618],[11.372621118833786,44.50979722175316],[11.372748522817758,44.50969085509973],[11.372844251751165,44.50960380003806],[11.373029896060928,44.50944176592741],[11.373169565733942,44.50930598451714],[11.373218541422375,44.509260403637704],[11.373376020459922,44.50911119799691],[11.373438784588451,44.50904579477961],[11.3735602175776,44.50891948464859],[11.373729144814513,44.50873592976194],[11.373896716391162,44.508544111453396],[11.37406019453384,44.50834724656664],[11.374212787484948,44.50815528917319],[11.374305661448487,44.50802903207162],[11.374428985129283,44.507850565835824],[11.374555126568156,44.50766374948716],[11.374679422672948,44.507468689024286],[11.374809693080461,44.507238313109],[11.374931678040111,44.50701737305663],[11.375066757072847,44.506743459415986],[11.37519411207273,44.50644512031803],[11.375284382211593,44.50622114871268],[11.375403371163582,44.50587703434721],[11.375500553159197,44.505541475957976],[11.375532954371945,44.50540823889387],[11.37556533396598,44.505275092293644],[11.375625358734752,44.50496938532156],[11.375664181146288,44.50469265769821],[11.375691730631358,44.50445459662161],[11.375710380137566,44.50419224277446],[11.375716386852329,44.503801415310434],[11.375712299498185,44.50361136613018],[11.375699177997577,44.50334418189765],[11.375672369685226,44.50308750941693],[11.375603067260311,44.50255496427075],[11.375544073602109,44.50209374793955],[11.375479504741243,44.50160085948648],[11.375851012835657,44.50149057055061],[11.375946231865449,44.50174707052803],[11.376021183199938,44.501941577459434],[11.376087511560982,44.50207865637627],[11.376179684760947,44.50226047119389],[11.376286476011892,44.502449102662126],[11.376353304915158,44.50255204225109],[11.376389758511829,44.50260709930379],[11.376438712273544,44.50269115446446],[11.376530363382182,44.50281365291677],[11.376649244269432,44.50296233100162],[11.37679557899765,44.503139596655046],[11.376917789429754,44.503268030368965],[11.377024946806317,44.503382022196455],[11.377144679096636,44.50349898397753],[11.37731210724526,44.503641158804434],[11.377488815932532,44.50378880270702],[11.37761666719029,44.50388264734003],[11.377731952128277,44.50397062283219],[11.377850058078115,44.504050626185716],[11.378019402067599,44.50416250242208],[11.378234316329083,44.50428442113443],[11.378405107954919,44.50438546355215],[11.378557557249925,44.504468531676565],[11.37871840560514,44.50454808462151],[11.378857192191496,44.504613792018574],[11.378978577251695,44.50467229074668],[11.379114164799331,44.50473356321579],[11.37924913150646,44.50478575587076],[11.379387715074092,44.50484335553792],[11.379536474183231,44.50489751100088],[11.379653359080496,44.50494431845584],[11.379889172516432,44.5050173555443],[11.379998183066222,44.505046861834884],[11.380157862111512,44.505094207932615],[11.380384862931974,44.505154383026195],[11.38058928164468,44.505200615504904],[11.380729891310594,44.50523099253535],[11.38087555969195,44.505261714009706],[11.381109315328933,44.50530238225247],[11.38125968073711,44.505323327500584],[11.381409802966134,44.50534231506412],[11.381459724584014,44.50534860168041],[11.381563031498631,44.50536189480953],[11.381603461354924,44.505366785937554],[11.381489925412287,44.50557733897908],[11.38136402266229,44.505563382847086],[11.381306432885658,44.50596303777516]]],"type":"Polygon"},"properties":{"codice_area_statistica":43,"geo_point_2d":{"lon":11.376927710998634,"lat":44.50895394202033},"area_statistica":"SAN DONNINO","cod_quar":14,"quartiere":"San Donato - San Vitale","cod_zona":"Q","zona":"San Donato"}},{"type":"Feature","geometry":{"coordinates":[[[11.332123359106346,44.48400503278275],[11.332091370951579,44.48417421494213],[11.33208056818183,44.484218368318366],[11.332149711245787,44.48438502529287],[11.332423939536984,44.48488551265492],[11.331821721293624,44.48509812346515],[11.33177560338487,44.485123912669415],[11.331355407694035,44.48503282722422],[11.330906218268542,44.48368151820666],[11.330632839336026,44.48368485829669],[11.32915732920908,44.483345506605275],[11.329069656802881,44.48358310051105],[11.328951633767105,44.48364143259028],[11.328728439650549,44.483683238659104],[11.328720944347117,44.48375146922512],[11.328792019837353,44.483932177903505],[11.328699372537205,44.483988290553945],[11.328753568100256,44.48404821360786],[11.328781760829168,44.48408040793912],[11.328804105587249,44.484111011070084],[11.328822229257474,44.48420300801364],[11.32879435633559,44.48423571591326],[11.328607339051953,44.48427941247951],[11.328453843798977,44.48433723426196],[11.328594013447281,44.48452248441231],[11.32695202653257,44.48497369629276],[11.326898552180113,44.48489710288076],[11.326810196444633,44.48478105983575],[11.326693585473171,44.4846286909624],[11.326543483224732,44.48444018390807],[11.326468972881809,44.48435635779802],[11.326361927164692,44.484216478299004],[11.325647664665308,44.48452571407566],[11.325010830771916,44.48462948652894],[11.324806363905278,44.4846066429421],[11.323910096138517,44.48245853322654],[11.323766801179481,44.48214057947919],[11.32360240784077,44.48182074131996],[11.323224150040232,44.4810450064038],[11.323333312147598,44.4807245516733],[11.324625572514261,44.47941301382392],[11.324468146604055,44.47933305340229],[11.324346440230153,44.47926627450224],[11.324280236810669,44.47922323061022],[11.324226223127921,44.47917461795441],[11.324138149696646,44.47908051533876],[11.324065234327104,44.47899320711262],[11.324004723175133,44.47892250819517],[11.32393153117349,44.47884595462624],[11.32385124848853,44.478781140712115],[11.323775674107425,44.47872627780778],[11.3236929597369,44.47868159809846],[11.32357038543094,44.47863850388495],[11.323388238998323,44.478590446225404],[11.322943669639418,44.47848155942541],[11.322399907132098,44.47834168536855],[11.322059741154074,44.47825553627635],[11.321506724593448,44.47811556710894],[11.321370492762242,44.478085027825834],[11.321291547025055,44.47805540311801],[11.321222960531067,44.478019391923276],[11.321171794975243,44.47798859907715],[11.320563617959658,44.47780162796413],[11.319860626463818,44.47780849807269],[11.319814474337559,44.477760146673965],[11.319255273807109,44.478030199046124],[11.318961330004049,44.47763547344954],[11.318823080751114,44.47769548433815],[11.318560408687993,44.47738411681781],[11.317206676686755,44.477420327216265],[11.317114113219903,44.477422377135],[11.316985628363478,44.47739971469133],[11.316983950283657,44.47733954829594],[11.316936161200308,44.477142757899706],[11.31682983137254,44.47721058998562],[11.31670066052149,44.477127389583444],[11.31644690634114,44.47726871251025],[11.316223301164037,44.4765630516958],[11.316178458282813,44.47647143270579],[11.316014721670474,44.47644819702636],[11.315893943170789,44.47648453316041],[11.31569874064035,44.476470028721565],[11.315699625864275,44.47644092332635],[11.31560723782102,44.4763780956426],[11.315619711268319,44.47613310661942],[11.315621318485155,44.47610159188314],[11.315542009733173,44.47592346345363],[11.315475325490649,44.47580381194119],[11.315192644948297,44.47567314672301],[11.315286354135422,44.475248825571455],[11.31484381459975,44.47518196215824],[11.314856101492786,44.4750946127207],[11.314863835220562,44.474834298365735],[11.314828608193979,44.474627763516956],[11.31502223494669,44.47462198251012],[11.315302660886335,44.474034096218745],[11.315397960088331,44.474013933040226],[11.315358508086312,44.47394090278057],[11.315357466356273,44.47379094034182],[11.315333846469084,44.473734495869415],[11.315381955122938,44.473740632180096],[11.31528620940459,44.47368148235849],[11.315316070303606,44.473627446202606],[11.315341135055279,44.473608860585855],[11.315370694156808,44.473586924860484],[11.315358915224653,44.47354788535392],[11.315267407064074,44.47319442607741],[11.315340176925673,44.47316575326737],[11.315428782440796,44.47316520748496],[11.315500497172476,44.47314736811557],[11.315575453700598,44.473145685657876],[11.315548996271017,44.473116351643284],[11.315485813110332,44.47306476987094],[11.315438225853548,44.47299012212087],[11.315336151186234,44.47286693905683],[11.315269255340874,44.47273070883894],[11.315185517499177,44.47276180068355],[11.31521533026926,44.47272975891558],[11.315202942503461,44.472584734926066],[11.315310054027787,44.47254699321274],[11.315127024885076,44.472150160802094],[11.315014960134448,44.47190244876728],[11.314908714711871,44.471695355452916],[11.314830414399923,44.47158605798112],[11.314304058865773,44.47117998081798],[11.314356805070888,44.47116546156651],[11.314081246100393,44.47087465455771],[11.314018926503472,44.470808884324406],[11.314268257338412,44.47067610981708],[11.31425030429386,44.4705991682793],[11.314323495050212,44.47055259036893],[11.31433869145956,44.470525787578204],[11.314343585710175,44.47049503443527],[11.314342808472231,44.47046869952465],[11.314329522755566,44.47043062671287],[11.314254449165169,44.47028266917501],[11.314211564726397,44.470195537935645],[11.314190528023367,44.470109917351245],[11.314186953305256,44.47006624608629],[11.314136210063019,44.46944546373186],[11.31411908427826,44.469288940222505],[11.314112586196977,44.46908004908277],[11.31420905502656,44.46904037250354],[11.314448887254198,44.46901128426949],[11.314604081571009,44.468977051654655],[11.314744635190872,44.468940108821734],[11.314856460991765,44.46885737585363],[11.314891453531228,44.468758618719264],[11.314625620335704,44.46857364857965],[11.314333430565721,44.46851218797321],[11.31414056955997,44.46848308512023],[11.31406552380761,44.468546283358236],[11.313948559726796,44.468469467203406],[11.313876403594554,44.46841589674779],[11.314273548451999,44.46828986684879],[11.314184306490995,44.46812625280182],[11.314224421625168,44.468031758287886],[11.314208093863087,44.46795519788521],[11.314127117388534,44.46782319548531],[11.314041315528716,44.467655937536804],[11.314053533588732,44.4676065985613],[11.31412536225576,44.46754187207404],[11.314315163343856,44.46735310147863],[11.314583375237845,44.46708966647461],[11.314542531787225,44.467081131858],[11.314691483167888,44.466928884256085],[11.314707325316368,44.466784584060065],[11.314951495439503,44.4661701551636],[11.314983457631719,44.4659375813701],[11.314895471951198,44.465962745412895],[11.314483581560204,44.46610299452676],[11.314456553597836,44.46597613734689],[11.314402156980107,44.46566259841502],[11.314355463141752,44.465511454702856],[11.314314159352692,44.465265142961435],[11.31425902696349,44.46507446869119],[11.314235732013168,44.46501244470181],[11.314216188133267,44.46496040059903],[11.314206557406331,44.4649349293451],[11.314160280904161,44.464846471371736],[11.313974048210339,44.4643763121546],[11.31387855072195,44.46424698954191],[11.313752984553918,44.46425637660222],[11.313409060341044,44.46428776191826],[11.313236351977999,44.46354308929798],[11.313171547610345,44.46326370047069],[11.313087283706132,44.463275121719555],[11.313071385644824,44.46288639520852],[11.313068148805536,44.46280732767628],[11.313058686562014,44.46272277764403],[11.313057537739224,44.46269433460495],[11.312901687920435,44.462209747816246],[11.312885716321517,44.46217138710543],[11.310440080976543,44.46116047271798],[11.310425814460018,44.46111717071108],[11.310362812450496,44.461056345627405],[11.310298930997927,44.46102260922303],[11.310224246726406,44.460983968903534],[11.310173725075925,44.460960360104096],[11.310092965523078,44.460929584906076],[11.310036090101015,44.46090965165763],[11.309953998302865,44.46087951549855],[11.30982919471875,44.46082266844072],[11.309759591081233,44.46077355398178],[11.309699300806699,44.46073396488831],[11.309609787175505,44.4606804187515],[11.309506152474135,44.46061495965802],[11.309427984511037,44.46057274322534],[11.309358155164437,44.46053765018557],[11.309317739352723,44.46051655536286],[11.309267809066025,44.460480510562626],[11.309234308932018,44.46044289102098],[11.309212108869682,44.46040557404412],[11.309176354849388,44.460335662616686],[11.309127713951712,44.46026250082064],[11.309107896096942,44.46023076228236],[11.309082496699705,44.46019168245835],[11.309048762954188,44.46015546299393],[11.309000263972418,44.46011617518307],[11.308938460203553,44.460078020706035],[11.308884698913166,44.46004681561409],[11.308823079629427,44.460015886458045],[11.308735419316621,44.45997454572719],[11.308646429877786,44.459901722587496],[11.308584538676588,44.45984890439361],[11.308551113712515,44.45981572142579],[11.308516517590435,44.45977770070867],[11.30848247897601,44.45973628371632],[11.308446595084439,44.45969046572898],[11.308416946964748,44.459643396305374],[11.30840041725495,44.459597799113524],[11.308384002972135,44.45955481034902],[11.308368442230003,44.45950158633178],[11.30833930872797,44.45943504278348],[11.308321546270768,44.4593830426241],[11.30829956442144,44.459313608650646],[11.30827493917411,44.45925205141204],[11.308261172436922,44.45918916728547],[11.308269746521242,44.459135311202445],[11.308282571385003,44.45908182830154],[11.308291706044907,44.459046020168195],[11.308307406567483,44.45898449377954],[11.30832639751179,44.45891811145203],[11.308335588702564,44.45882251566644],[11.30833071499049,44.45872407136223],[11.308343419793063,44.458644906358195],[11.308364151938612,44.458585708927224],[11.308380978165008,44.45853903211692],[11.308407192976096,44.45846713812663],[11.308419699160112,44.45841546217664],[11.308430461434513,44.45837726242554],[11.308436591811992,44.45832583243495],[11.30842468693765,44.45827573942712],[11.308395983486667,44.45821243713647],[11.308365592834393,44.45815894581813],[11.308291386453405,44.45805290080926],[11.308251988491437,44.45799507226458],[11.308207629572435,44.45792363299737],[11.308144966039752,44.45784095041066],[11.30808926737509,44.457775835157676],[11.308023860491598,44.45770582066355],[11.307918183216204,44.45762311632475],[11.307837220036895,44.45757490551691],[11.307815647317257,44.45755058437974],[11.307766373644284,44.457498897050286],[11.307718339729966,44.45740371089904],[11.307685567228416,44.457364707772925],[11.307658751376584,44.45733938526981],[11.307617342554272,44.457302906391895],[11.307573261897192,44.45726337559674],[11.307524311422574,44.457224663431255],[11.30745503128871,44.45717626120643],[11.30736793797841,44.45711408483968],[11.307289086217201,44.45705435259799],[11.307217117111627,44.45698235464362],[11.307178415047822,44.45694980006452],[11.307135508071314,44.4569173934721],[11.307091551700763,44.456886106393156],[11.307015363810693,44.456836547121334],[11.306950559680951,44.4567916641891],[11.306901934191963,44.45674905604566],[11.306874090107126,44.4567202701125],[11.306853106510841,44.45669110246762],[11.306839085445409,44.45666414381281],[11.30682745714626,44.456635705385175],[11.306820021352953,44.45660903678085],[11.306815246239788,44.45658258449015],[11.306808830530384,44.45655181707628],[11.306801928239935,44.456516036021654],[11.306790071681602,44.456477015098294],[11.306769977230347,44.456435315801414],[11.30674050869461,44.456390492947904],[11.30669839380617,44.456343395880204],[11.306635598081437,44.45628725489402],[11.306569661364449,44.4562336980758],[11.306531711751756,44.456210013674884],[11.306487721753903,44.456185190933894],[11.306441865622524,44.456157984169025],[11.306367349825466,44.45611860867094],[11.3062896829957,44.45606624295524],[11.306219721153933,44.45600270229899],[11.306181283176194,44.45594937295028],[11.306157384296586,44.455916059834166],[11.306129858868646,44.45588034424756],[11.30610232461931,44.455844403766285],[11.306070092716205,44.45580886426382],[11.306031406001178,44.45577155558453],[11.305992672587362,44.45574072073357],[11.305962461895843,44.45571884239014],[11.305930110823915,44.45570038326328],[11.305886275737668,44.4556839476196],[11.305845162797313,44.45567024779374],[11.305783776211635,44.45565241111193],[11.305704735682198,44.45564525699211],[11.30552649531091,44.45564503973912],[11.305399769619514,44.455638587366764],[11.30533410706234,44.455631540934576],[11.305276913747681,44.45561549184895],[11.305216098671723,44.45557991712096],[11.305164943011205,44.45553491960394],[11.305107973354872,44.45544982466506],[11.305089798330311,44.45541980774535],[11.305068959720073,44.45538438900511],[11.305042075334455,44.45534737283086],[11.305017537581051,44.45531536875241],[11.304992046530057,44.45528117826967],[11.304962997722814,44.45524696958924],[11.304929157534847,44.45521269559497],[11.304893422494645,44.455182970171435],[11.304844688627542,44.45514839368248],[11.304808668922686,44.45512037547859],[11.304703558776446,44.45502980636815],[11.304666557200768,44.45499759470526],[11.304633484081544,44.45496811254641],[11.304598722295328,44.4549334069256],[11.304568165768693,44.45490047994716],[11.30452198627815,44.45484232784933],[11.304503190495863,44.454811216039396],[11.30448315329927,44.45477858083198],[11.304458904196775,44.45474399604767],[11.304406930664598,44.45468840057919],[11.304346583385055,44.454634648606934],[11.304308802526121,44.45460178636046],[11.304272374750184,44.45457040923331],[11.304239539556475,44.454546962928326],[11.304208581488309,44.45452139011228],[11.304185710978954,44.454499156075364],[11.304147648072027,44.45446007864181],[11.304076420066888,44.454381815879884],[11.304051675377247,44.454346763869125],[11.303980767580128,44.45426417331478],[11.30392548769143,44.45420917550809],[11.303869373646503,44.45416587993865],[11.303808849192967,44.45412229523608],[11.303765790181146,44.454093590513345],[11.303734146614357,44.454070390092504],[11.303702385390787,44.45403940475104],[11.303657457960691,44.453967029860074],[11.303603062535686,44.453871232073126],[11.303587232339268,44.45383784561421],[11.303537832944903,44.453793009972046],[11.303522461055994,44.45374155495342],[11.303501942216409,44.45369920643164],[11.303482701265782,44.453671452413495],[11.303392484311363,44.453660957156664],[11.303344158030589,44.453632214508524],[11.303305044500888,44.453598991698925],[11.303258371677414,44.453553164646415],[11.303182141147785,44.45350232526781],[11.303102134789611,44.45345294842089],[11.303005454729341,44.45340401592195],[11.302957487931385,44.45337417653649],[11.302910304994974,44.45333901876065],[11.302889474099015,44.45330885699799],[11.302880888031126,44.4532778090332],[11.30287701827004,44.45324172347576],[11.302875868049307,44.453212470080366],[11.30287288247922,44.45318384788319],[11.302865854237583,44.45315501915226],[11.30283587742647,44.45311185300131],[11.302760749260502,44.453011665611626],[11.302739959189491,44.45297006963816],[11.302711741361893,44.45293903054461],[11.302682292153898,44.45291918856382],[11.302652568377239,44.45289012440298],[11.302635448086164,44.45285906850552],[11.302623427870076,44.45282826083791],[11.302594093708759,44.45276882288226],[11.302547744806452,44.452719054842966],[11.302475431232901,44.452647916039844],[11.302435832300887,44.452612226989125],[11.302381632452862,44.452569918369726],[11.302337742600624,44.452537295700424],[11.302292367038921,44.452502047196845],[11.302255865440118,44.45247032880212],[11.302225508595518,44.45243729812571],[11.302164457490331,44.45235561496036],[11.302120133902088,44.45227965321557],[11.302094967270122,44.452238928607265],[11.302067065555583,44.45219864626133],[11.302044779778903,44.45216118552357],[11.302029707488865,44.452127540484035],[11.302023325147934,44.45209530467412],[11.302021025313845,44.452058854325095],[11.302025645471101,44.45202674775078],[11.302028200268568,44.45199901309713],[11.302022101258405,44.45196886918959],[11.302005637596846,44.45189470428601],[11.301995980237738,44.45180887874404],[11.301991149042534,44.451753429838384],[11.30198323096828,44.45171953249477],[11.30197221879782,44.45167662287463],[11.301963151322806,44.45163810334106],[11.30195337711744,44.45159695127945],[11.301940637447222,44.451559973223034],[11.301932626156484,44.45152849946641],[11.301891633821269,44.45147235729629],[11.301843725663936,44.45142764387755],[11.301821409963443,44.451382054305],[11.301811976974127,44.45135213965519],[11.301796664941667,44.451314943369105],[11.30177767333897,44.45128389805849],[11.301752534657897,44.45124866441905],[11.301726845895256,44.45120199049811],[11.301685797722657,44.45113482113423],[11.301669317201993,44.45109763038371],[11.301659867760854,44.451054500165775],[11.301644017056754,44.45099111701493],[11.301622519372833,44.450946186106094],[11.301577236428122,44.45088830278571],[11.301550262128258,44.45085656312427],[11.301517791686535,44.450827283953494],[11.301483010886498,44.45080413714076],[11.301426896244989,44.45077284988722],[11.301322889519392,44.450726980500086],[11.301276612606067,44.450703606238434],[11.301247400854722,44.45067761028408],[11.30122872909425,44.45063997749579],[11.301219845068681,44.45061378782607],[11.301215065300685,44.45058713731058],[11.301207740148175,44.45055040112323],[11.301195527279877,44.45051209797143],[11.301175988606133,44.45043704063593],[11.301142989836572,44.45032456053025],[11.301127492472792,44.45028230839564],[11.301118332422124,44.45023917229388],[11.30111686610705,44.450204406615235],[11.30112085940639,44.450173609085546],[11.301131071919526,44.450148519909256],[11.301145565250035,44.45012522599525],[11.301167408278012,44.45009642735134],[11.301211175035323,44.450040565934984],[11.301229066056367,44.450003627525376],[11.3012458065191,44.449947320601076],[11.3012688776793,44.44988484527932],[11.301284167103933,44.4498069612422],[11.301291880782736,44.44975857855498],[11.30129196184271,44.44970050083304],[11.30127922919346,44.449641286007186],[11.301277030100232,44.44959522777218],[11.301216838132769,44.449530181643645],[11.301176742139738,44.449489442667826],[11.301112957565357,44.449437873846676],[11.301056186242052,44.44939974862387],[11.3009509145033,44.44934464065805],[11.300896023113715,44.44931181603451],[11.300852772669385,44.449285787832615],[11.300818108440241,44.44925757897231],[11.300795437161963,44.449230730863384],[11.300766295217729,44.44918888870907],[11.300729280257933,44.449138904775204],[11.300697710249365,44.4490873976782],[11.300684958084728,44.44904142607131],[11.300674234472103,44.44897734526226],[11.300659634530005,44.44891792492078],[11.300646263246385,44.44884242809053],[11.300621912411533,44.44875968933032],[11.300585480464246,44.44869221945267],[11.300542924414126,44.44862593528926],[11.300516886398338,44.44859303316672],[11.300456074821934,44.448534562044],[11.300390958903483,44.44847913049368],[11.300330235830506,44.44842066652192],[11.300289113598717,44.448383521957524],[11.300246576915315,44.44834780128948],[11.300184017481362,44.44828993240464],[11.300146094158254,44.44825199411826],[11.300081871507853,44.44819657139845],[11.299997264808821,44.44812739815788],[11.299955997798671,44.44808143379011],[11.299930745174972,44.44805347616817],[11.29985635251135,44.44798932758155],[11.299775946947076,44.447934635827686],[11.299703702742713,44.44788006769299],[11.299631667898844,44.44782826811128],[11.299599915357343,44.447807283365115],[11.299563026128238,44.44778286403906],[11.299535749180638,44.44776575928989],[11.299450583393206,44.4477248922347],[11.299344167036763,44.44767028296426],[11.299259806733968,44.447613428837506],[11.299182830703277,44.44756956079659],[11.299152911755767,44.44754533405181],[11.299103686865518,44.447505678453034],[11.29901843902389,44.447446051198355],[11.298943735502794,44.44739667261916],[11.298827228446445,44.447317400743955],[11.298793626779803,44.447296678073485],[11.298738979348679,44.44726038146537],[11.298696860466329,44.44723045850978],[11.29861242400129,44.4471751538892],[11.298561110029311,44.44713861002208],[11.298496877901938,44.44708319559168],[11.298428269487898,44.447028346375525],[11.298362300739692,44.44697350699176],[11.29829969866593,44.446923434214604],[11.297937267538678,44.446639233354645],[11.29767726993523,44.44612482443957],[11.297462228359528,44.445991726856704],[11.296484887254833,44.44595152409372],[11.296360862622626,44.4459124267061],[11.29625142021606,44.44588626077007],[11.296177856838026,44.44587131059002],[11.296108638077675,44.44586075630034],[11.296047978535682,44.445855998580086],[11.295960362637855,44.44585477185615],[11.295849713089119,44.44585102841702],[11.295751395011127,44.445842553562215],[11.295684436398574,44.44583643688517],[11.295579618251113,44.44582211483234],[11.29552019561143,44.445806906884634],[11.295482975182063,44.44580314497903],[11.29537881076921,44.44577663800697],[11.295210665320646,44.44574366603225],[11.295150129226194,44.44571575052362],[11.29500698438649,44.44568128532071],[11.294872249097097,44.44564815432959],[11.29480860781316,44.445625657640505],[11.294730370201833,44.44559274115968],[11.294611478320578,44.44553897239526],[11.294536367148549,44.44549571190656],[11.29448476894527,44.445455336774394],[11.294409747342897,44.44539157535475],[11.294336797215697,44.445307219190425],[11.294281318974786,44.44525376006184],[11.294223556614144,44.44521610145662],[11.294170430034656,44.445190278179275],[11.294108051619272,44.4451708076185],[11.293991825956175,44.445155245911636],[11.293874612096797,44.44515424323196],[11.293710998419202,44.44517115172402],[11.293445403477746,44.44520539532564],[11.293094700187929,44.445246272346076],[11.292842005727277,44.44527685240872],[11.292712879040305,44.445290645093],[11.29258818579176,44.44530276412996],[11.292413877214338,44.44532417980618],[11.292260147671485,44.44534737864988],[11.292034860770116,44.445388551879674],[11.2918795465044,44.44541558114831],[11.291697308206613,44.445447616013176],[11.291496172042253,44.44547555560094],[11.291290854122355,44.445503578765916],[11.291083159506833,44.44552417705526],[11.290956243131296,44.445531207410426],[11.290860523242749,44.44553611716183],[11.290756594325101,44.44554417143695],[11.290633742987128,44.44554813998388],[11.290524945114637,44.44553837645933],[11.290394835250682,44.44551708489076],[11.29013763130326,44.44545905526971],[11.28986302141021,44.445406784801435],[11.289660760780816,44.44535259447055],[11.289577068211903,44.445324717313795],[11.289442189761848,44.44525373560596],[11.289394630703145,44.4452275463723],[11.289325187778399,44.44516843212906],[11.289276816696473,44.445122102181955],[11.289224496016706,44.445057990143994],[11.289166821920984,44.44494241821208],[11.289130604166386,44.444860085944846],[11.289101917811859,44.44480293612419],[11.289066025972703,44.444771075197544],[11.28902542182107,44.444745331524096],[11.288976811238896,44.44473177592048],[11.288907195645427,44.4447238629908],[11.288844114849434,44.44471659322787],[11.288748240922104,44.444701446374125],[11.288692641757684,44.44469171284751],[11.288641240650533,44.44467878021294],[11.288584214880862,44.44466051370654],[11.288522416231707,44.44463072942415],[11.288466867181912,44.44459460799402],[11.288423071525738,44.444554388790905],[11.2883967000225,44.44451690820631],[11.288371404056399,44.44447864983265],[11.28836125627178,44.444440844028044],[11.28834889080992,44.444373607974974],[11.288347518587239,44.44431080593339],[11.28834866947039,44.44425726206337],[11.288355426608936,44.44420826018859],[11.288390160698563,44.44407183085721],[11.288407658824454,44.44399313896625],[11.288415725317362,44.443950313670655],[11.288416812836154,44.443923139853354],[11.288416553554946,44.443833172483856],[11.288411668970545,44.44376345478295],[11.288408823662268,44.44369060829061],[11.288402628167542,44.443476649259686],[11.288390744546193,44.44320006471149],[11.28838591816429,44.44294136200966],[11.28838680052036,44.44279439390907],[11.28838656497337,44.44275457986656],[11.288375281758645,44.44272019081631],[11.288341757496331,44.44269195527677],[11.288308129360681,44.442677468871004],[11.288240355012888,44.44267030185377],[11.288112242717927,44.44267101514038],[11.287784320898515,44.442683240896514],[11.285547588641535,44.44289513286306],[11.283277821972607,44.44311009940543],[11.281080430294773,44.443318173049896],[11.281121507579178,44.4431973828127],[11.282158695530903,44.44014900398765],[11.282392912406545,44.43946057819253],[11.282533065020111,44.43904976626321],[11.283136594143201,44.43901911614505],[11.284089363486697,44.437693563431324],[11.284073384024122,44.43700182108051],[11.283951623892996,44.432690393312264],[11.283936527972916,44.432142099373436],[11.283424484196926,44.43118353745184],[11.28337240288484,44.43108604487329],[11.283332473956275,44.430926055704404],[11.28260107807816,44.427996203055294],[11.282597584673592,44.42724118206315],[11.282593010254883,44.426983022608376],[11.282586564040436,44.426595478012885],[11.282585699952303,44.42652682283069],[11.28258507097133,44.426476789496476],[11.282584132266622,44.426432353020346],[11.282275940445896,44.42581735661405],[11.282723913774262,44.425890468448806],[11.284314441287515,44.426150520745615],[11.284874814020476,44.42624507006345],[11.285339095105522,44.42631933066468],[11.285615520330087,44.426363545516494],[11.2870317856326,44.42659007462753],[11.287069401345896,44.42658819571542],[11.288526588699943,44.426847052292544],[11.288997720143609,44.42696813664564],[11.289378861763524,44.42711747361427],[11.289535229488521,44.42720097050378],[11.289662803219175,44.427170287521605],[11.289836474895306,44.42715385829238],[11.29000161020672,44.4271398507039],[11.290416338901055,44.4271439004025],[11.290674183261354,44.42711171891598],[11.291139437214639,44.42696170660076],[11.291531536797642,44.4269088233106],[11.291898758354227,44.42688286999834],[11.29237682072196,44.42704093729376],[11.292456959141703,44.42716361906524],[11.292457024018713,44.42716367177851],[11.29264548577328,44.42740626346436],[11.292645538801033,44.42740633442085],[11.292754679873687,44.427548113379366],[11.292754719644698,44.4275481665967],[11.293053307330021,44.427613632759694],[11.293198294787404,44.427606768241745],[11.293314047331801,44.42755493727138],[11.293363774400904,44.42758260284923],[11.29341365191944,44.427673842303676],[11.29344220555398,44.42782181288061],[11.29347938749806,44.427989298963496],[11.293479452728853,44.427989360671766],[11.293534117000723,44.42804334084425],[11.293564973269861,44.428169874756826],[11.293571674198464,44.42824063622325],[11.293593155295376,44.42842906283493],[11.293597976201713,44.428471359589615],[11.293648149166833,44.428592274822016],[11.293706381557719,44.428732608924825],[11.293711638138168,44.42874526010407],[11.293723564001965,44.428822398503726],[11.293724170574597,44.42882666258827],[11.293707431766906,44.42886829418727],[11.293558157692265,44.42923961983795],[11.293690211636738,44.42956386291021],[11.293647996881255,44.429809466839856],[11.29363330822958,44.42997574429694],[11.29366471607328,44.43011633824597],[11.293649432414037,44.43036758590241],[11.293648963438901,44.430516139470484],[11.293183944078873,44.431454989617414],[11.292992249058761,44.4316934768066],[11.292963604218437,44.43178407889411],[11.292830983556989,44.43192684217493],[11.292801568431953,44.43199776183989],[11.292812705071752,44.43210162708102],[11.292710873307698,44.43232873907238],[11.292589038196766,44.43246622595008],[11.292488943993467,44.43261733828598],[11.292376831484022,44.432762507027384],[11.292219384269877,44.432913087275125],[11.292080951422003,44.43300757700274],[11.292012786009007,44.433091662143234],[11.292012874242582,44.433091669374434],[11.292012838337866,44.43309171510865],[11.292351077538072,44.43312655208152],[11.292408690335288,44.43319510288453],[11.29240930941227,44.43327614150856],[11.292410462217532,44.43342125943412],[11.292365698008139,44.43358195574041],[11.292365773687843,44.433581963223396],[11.29236576324425,44.43358201744914],[11.292572577073598,44.433609373736786],[11.292712030272902,44.43352103876088],[11.292889920694133,44.433471318302416],[11.293418586615909,44.43347588640693],[11.293501073946715,44.433416846220574],[11.293520171161834,44.43331664993161],[11.293525843421197,44.433286935189074],[11.293672538618942,44.43320295487705],[11.29404059673702,44.43319996167193],[11.294096440308518,44.43319950568277],[11.294229054965355,44.43321708766598],[11.29427798283927,44.43319113996321],[11.294353682588879,44.433150997136714],[11.294428372745907,44.43315343018063],[11.294592189477157,44.43322665132567],[11.294671212355965,44.433348732655546],[11.294689960969505,44.433377677499024],[11.294690013653195,44.43337773945876],[11.29482643203546,44.433359602712706],[11.294884541478632,44.43335187164412],[11.29513321906763,44.433265290162026],[11.295421254440493,44.43322122862823],[11.295714107937838,44.4331798963153],[11.295726267301482,44.433176932987735],[11.29607427131628,44.43309437477039],[11.296084041718391,44.43309040614069],[11.296107380013323,44.43308094306951],[11.296275605650969,44.43301265915257],[11.296297264667935,44.433003950034106],[11.296298300565502,44.43300345205571],[11.296332434967647,44.4329895855347],[11.29633369881601,44.43298624712914],[11.296333797489645,44.432986200130934],[11.296383730468083,44.432854134819166],[11.296415869414224,44.432752784435294],[11.296524438367978,44.432677444722785],[11.296654582402581,44.43269515461179],[11.296786936798828,44.432743618022954],[11.296898924978326,44.43271386171281],[11.297013860937131,44.43268334377201],[11.297064193604342,44.43264519499461],[11.297045614290342,44.43257186395873],[11.29704556195751,44.4325718109957],[11.296960818083765,44.43249748855227],[11.296928419531206,44.43240655623776],[11.297017548037912,44.4323164106868],[11.29720296161463,44.43221871892916],[11.297352530474301,44.43210824420361],[11.297611216080943,44.43193648868071],[11.297761152878543,44.43179505482043],[11.297874295514951,44.431676868062574],[11.297954334402665,44.43157510222744],[11.298038907110882,44.431488999747906],[11.298108935834527,44.431452704689534],[11.298182611817463,44.43136908113031],[11.298272397012346,44.43135601126293],[11.29842676881137,44.431307889972764],[11.2985919928922,44.43125617396252],[11.298658451939886,44.4312326712188],[11.298799561569389,44.43118278185781],[11.29884914025334,44.43115301995559],[11.299045820079163,44.431034905322804],[11.299183741357115,44.430987672465335],[11.299457393338061,44.43097765944513],[11.299582958940894,44.43096072590319],[11.29966829379235,44.430949212018085],[11.299775380980897,44.43091667075043],[11.299895580297692,44.43082157572031],[11.299895674729212,44.430821420772396],[11.299897940942849,44.430819619595184],[11.299936601454224,44.4307460090889],[11.299938897548909,44.43074176758414],[11.299982549271999,44.43067336808318],[11.300182164045568,44.43057763602242],[11.300290386697062,44.43047416632734],[11.30048287897624,44.43037689375419],[11.300504525730497,44.430308370310776],[11.300511581602791,44.4301478634759],[11.300558783770438,44.43007039852954],[11.300849745073227,44.42984116031117],[11.30085609162756,44.42970261626378],[11.300805747388704,44.429520768575934],[11.300758347273685,44.429393435747315],[11.30073453372533,44.42932639560839],[11.300734469191669,44.4293263518956],[11.300652939520829,44.42926893742711],[11.300564577053295,44.429077754787706],[11.300564525073645,44.429077710821815],[11.300357897854738,44.42889343958427],[11.300357833321836,44.428893395871256],[11.30025656416304,44.428812206682345],[11.3002575026644,44.42873623218757],[11.300328278581434,44.428650261933875],[11.300376677548979,44.428591471491345],[11.300395210596394,44.42848363308361],[11.300404798489103,44.4284356626732],[11.30040477781636,44.42843545602821],[11.300405660038127,44.428431044944304],[11.300394453234436,44.42833851618402],[11.300394093834928,44.42833512041409],[11.30049311039496,44.42830514480686],[11.300573329240429,44.42828085950957],[11.300697520432845,44.428204093633475],[11.300742724916887,44.42817212336938],[11.300880122142875,44.42807493414768],[11.301203139267653,44.42796264186318],[11.301269802335753,44.4279524574408],[11.301347504983735,44.427940582997145],[11.30157582741139,44.427816676540395],[11.301597664323813,44.4277911278165],[11.301651642617045,44.42772793906662],[11.3016919486539,44.42768066360303],[11.301789757992486,44.42756591498261],[11.301923804052109,44.42746024852458],[11.302169793052892,44.42738607554529],[11.30241463572297,44.42734286736058],[11.302617130431589,44.427240879077225],[11.302955638251158,44.42710641086805],[11.303590624982373,44.42695734394153],[11.30384611558561,44.42680505742854],[11.303992377930236,44.42671787657126],[11.304255010362583,44.42656132177391],[11.304352318455312,44.42645892373327],[11.304416365898629,44.42639152422442],[11.304533517721621,44.42638838512512],[11.304845404112053,44.42638003607658],[11.305037978815088,44.426425653639946],[11.305090045089644,44.426405660705086],[11.305134426278741,44.426388631760986],[11.30561812104671,44.42620293353977],[11.306021591013357,44.42594102566025],[11.306222873718946,44.4257484704785],[11.306418453797672,44.42557065950517],[11.306600122024054,44.425478645743844],[11.306760991142799,44.42543657571436],[11.306890005929953,44.425323118712875],[11.307094252129223,44.425186201680624],[11.307420734947057,44.42502318164077],[11.307639116675203,44.42486628005174],[11.307800793028036,44.42468520884409],[11.307881763130837,44.424627872374614],[11.30818814785275,44.42455246540964],[11.308438003714194,44.42429815608152],[11.308758135273983,44.424160054013754],[11.308761790233666,44.424158440637584],[11.308847159199345,44.42412161265346],[11.308851335442156,44.42411888140174],[11.308853335642876,44.424117994696154],[11.308861908757667,44.42411239268973],[11.308871533538865,44.424107975772216],[11.309439080457336,44.423735155136846],[11.309451878793093,44.4237267938135],[11.310783427430318,44.422847366813],[11.313373452934036,44.42113673365822],[11.313378016568054,44.42113364328496],[11.313380746410374,44.421131832442775],[11.313418403149377,44.42111295594283],[11.313431470901614,44.421121639796816],[11.313582503422987,44.421221965883475],[11.313582541788307,44.42122198311133],[11.313602436262297,44.42123335543699],[11.313712641900647,44.421296400387945],[11.313716017573553,44.42129822253594],[11.313716672980199,44.42129859636804],[11.313717134430014,44.421298830088176],[11.313720664274776,44.42130073913823],[11.313880267920574,44.42138013092126],[11.313903268845674,44.42139159327571],[11.314047655842506,44.42142916968606],[11.31420082339214,44.421450822222255],[11.31435375542085,44.42143531624487],[11.314422895729857,44.421428305874656],[11.314657379957483,44.421399766716],[11.314750281213428,44.42138846624193],[11.314906323000196,44.42137632649168],[11.314985082470704,44.421370192044556],[11.31570319644701,44.42131615976411],[11.315886068576962,44.421302394100955],[11.31691120178044,44.42121744013517],[11.317310721129616,44.421195250849664],[11.317749877514116,44.4211626945812],[11.31779838224296,44.42115833378677],[11.317861519043712,44.42116662174809],[11.318185723019132,44.42124498808191],[11.318347533128497,44.42128281742464],[11.318497932293479,44.42131797942156],[11.318699815142075,44.42136438420813],[11.318734043651526,44.42137225954169],[11.318804034426364,44.421395028126064],[11.318813790762455,44.42140381463417],[11.318841893939258,44.421428964466386],[11.31884191975438,44.42142898194738],[11.318976580616102,44.42154961037673],[11.318976606431319,44.4215496278577],[11.319241162435707,44.42182724386021],[11.319241175699238,44.421827261596114],[11.31941465151492,44.42190588665176],[11.320804370099498,44.422323797793695],[11.322258902716575,44.42271280729757],[11.322587880932574,44.42276228239219],[11.322832314688455,44.422799036517965],[11.323141636196116,44.42280925315993],[11.323327586541327,44.42281539887473],[11.32338832410805,44.422805556185736],[11.323776164422341,44.422742682755775],[11.324236046078601,44.42267817924797],[11.324669155139118,44.422651337126844],[11.324811951034762,44.422684016827596],[11.32496088361909,44.42271811983105],[11.325382688893951,44.422941869781575],[11.326059410442276,44.423394539085656],[11.326347953616535,44.423503434651906],[11.326679287186701,44.42354337010997],[11.326960770154258,44.423573085401],[11.32708682992633,44.42360369966961],[11.327333319241118,44.423681949603434],[11.32762966659217,44.42378955748121],[11.327853001214576,44.423877839241484],[11.328325924603275,44.424042612632306],[11.328600139946507,44.42414672619652],[11.328860088842546,44.42428603352431],[11.329119225338998,44.424426995318036],[11.329325998059657,44.424551091639515],[11.32950183317229,44.42464934201691],[11.329741384463611,44.42476935668671],[11.329896595182616,44.42482245579336],[11.330058771272101,44.42487316185075],[11.330216309903635,44.424925078669155],[11.330397774749363,44.42498664386525],[11.330560031125785,44.425039031069524],[11.330739445495514,44.4250888170651],[11.330924214411679,44.425134559277105],[11.331123002839417,44.42517775523912],[11.331250558059324,44.425206659857444],[11.331460808190585,44.42524174382522],[11.33163158198823,44.425251760001196],[11.331777620785177,44.42527127483013],[11.33191237774913,44.42530340760981],[11.332186434727015,44.42538333456402],[11.332432373045478,44.42546663520079],[11.33257495588012,44.42551830515816],[11.332600038504141,44.42552985623496],[11.332636374605705,44.42554670500457],[11.332639684419389,44.42554811381308],[11.332642013368723,44.42554918255678],[11.332648693612102,44.42555194491873],[11.332658213856789,44.425555990648],[11.332699477707552,44.42557354894707],[11.332706196737856,44.42557570733372],[11.332707269766336,44.42557615354673],[11.33281338604201,44.425610211896135],[11.332941591603904,44.42565541417986],[11.333052151652952,44.42571052878069],[11.333148230572567,44.42577993839889],[11.333222887804228,44.42585434111763],[11.333222965984099,44.42585441154116],[11.333312653967027,44.42594378453535],[11.333313844591599,44.42594497556117],[11.33331413292277,44.42594527575888],[11.333414911274204,44.42605067182208],[11.333414989812615,44.42605075124083],[11.333473882457612,44.42611192699367],[11.333473933742498,44.42611195295339],[11.333474052087443,44.42611208557449],[11.333608245229843,44.42618868308186],[11.3337096979227,44.42623272986543],[11.333911449138077,44.42631075475761],[11.334159433419241,44.426405839339424],[11.334393216028376,44.42649950327854],[11.3345083348716,44.42655608069926],[11.33455433606247,44.42657868197352],[11.334617469270679,44.42660970147438],[11.334753552829348,44.426697422282686],[11.334788282844652,44.42672122626706],[11.334882011133491,44.42678546093495],[11.334979072704995,44.42683749174092],[11.335076467367378,44.42687769513855],[11.335122668707204,44.42689300892422],[11.335241182473377,44.42693227603499],[11.335380488637679,44.42698006632447],[11.335566588261548,44.427058966630845],[11.335741199593201,44.42712573201505],[11.335950269661325,44.4272097793711],[11.336171332885707,44.42731891443567],[11.336342409763327,44.42740255921771],[11.336438999122564,44.42745466145718],[11.336545967173066,44.42749860182682],[11.336655635814994,44.4275318096475],[11.336793141234363,44.427573441223956],[11.336839010277684,44.42759961833811],[11.336891166225383,44.427629393843695],[11.336982462842675,44.427717938755826],[11.336990605649179,44.42782355347174],[11.336991221080533,44.427828906466154],[11.337001335913186,44.42791560220366],[11.336994969209501,44.42803164195538],[11.337005450355369,44.42810199934238],[11.337008917775893,44.42812531730254],[11.337029012252016,44.42816043948257],[11.337035628403335,44.428171980504054],[11.337064621574017,44.42822263917038],[11.337064700120303,44.42822271858642],[11.3371378938554,44.428307789828104],[11.337137957338276,44.42830780653378],[11.337138088607757,44.42830794788908],[11.337266435991275,44.42834071869272],[11.337296937342298,44.42847614259121],[11.337351392968024,44.4286798294316],[11.337235125278221,44.42877673797342],[11.337294080686291,44.42887681098283],[11.337312882006588,44.428974330094455],[11.33714795307976,44.42920951657819],[11.337271670521897,44.42943710993591],[11.33733507154054,44.429628802102265],[11.337325448682916,44.42972240183451],[11.337349822135412,44.42988056586423],[11.33731990220809,44.43001621851723],[11.337259981797862,44.430167672895344],[11.33720319339654,44.430338760957724],[11.337171456971392,44.4304682569163],[11.337272817011625,44.430607397588844],[11.337336319049955,44.43076251880963],[11.337412336464423,44.43093594724005],[11.337430943785188,44.43112687296371],[11.33747027051375,44.43122678058081],[11.33758063248814,44.431395004315775],[11.3376786425476,44.43152915370351],[11.337713630799925,44.431641231652264],[11.337724548695963,44.4316761905029],[11.337638980856852,44.43165712856043],[11.33755711189527,44.43165205298112],[11.337376441000691,44.431632849563506],[11.337366283872676,44.43163177014815],[11.337069424864291,44.43171665726443],[11.337020790879508,44.43173056272742],[11.33680347461796,44.43175526738482],[11.336660255396227,44.43172782397923],[11.336429631675411,44.43173861210451],[11.336425116947911,44.43173882154044],[11.335865945943242,44.431874555337515],[11.335799832513665,44.43189060946861],[11.335620882502278,44.43190608234691],[11.33556975933958,44.431910504293086],[11.335437338643692,44.43198820564955],[11.335420248894643,44.431998233137456],[11.335122380998387,44.43202101741543],[11.335111679294194,44.43202172246433],[11.334971477928034,44.432058044123735],[11.334906500667019,44.432074875735225],[11.334637207060124,44.432063062224806],[11.334609152299974,44.432061826431024],[11.334576128065555,44.432075249572215],[11.334531877167196,44.43209323257301],[11.33442407673987,44.43208755970705],[11.334273222413021,44.432059576229435],[11.334249236364565,44.432055133225276],[11.334051676714717,44.432141880171116],[11.333910823490708,44.43223505669911],[11.333908937817,44.43223629260569],[11.333842549448509,44.43225082977204],[11.3337996110978,44.43226013409106],[11.333674754561528,44.432353388415656],[11.333657330644451,44.43236639335072],[11.333556804833592,44.432369249526666],[11.333555044763907,44.43236922248637],[11.333502487263353,44.43231017701038],[11.33350242127009,44.432310097335325],[11.332955612998624,44.432296506982674],[11.332894025021965,44.43229497476234],[11.33287463775812,44.43232936502572],[11.332869873088205,44.43233781686965],[11.332797941275686,44.43234629988302],[11.332795562098193,44.43234650154638],[11.332739089992412,44.43234029134533],[11.332704866271957,44.432336534356956],[11.332648521257392,44.432366980377424],[11.332628903202266,44.43237758126377],[11.332512847457785,44.43238705571395],[11.332509788569745,44.432387226246064],[11.332431398102214,44.43231013559517],[11.332431332110382,44.432310055919466],[11.332328905543616,44.43226956599153],[11.332324424989817,44.432267793979975],[11.332239194769112,44.43229097961205],[11.332176822601534,44.43230794550257],[11.33205772293988,44.43230249223266],[11.332015555668633,44.432300553801284],[11.331809440848781,44.43242911796848],[11.331833079608018,44.432490519455875],[11.33178628573086,44.43257756778528],[11.331588851041491,44.43270707058041],[11.33164889692301,44.43283469035108],[11.331663791433801,44.43291315947224],[11.331696066273148,44.43298414348373],[11.331702965361675,44.43299933411068],[11.331746182443542,44.43320987001517],[11.331748269798535,44.43322033349183],[11.33172132889835,44.433291005544255],[11.331682136019747,44.43339385129307],[11.331717388056918,44.43350334190693],[11.331717372940366,44.433503909383674],[11.331726937364799,44.4335330357111],[11.331702455049008,44.43357329154484],[11.331672983241944,44.43362172467499],[11.331671544305697,44.433624085755746],[11.331654641396764,44.43364957544226],[11.331646870560828,44.433654478564804],[11.331348998246794,44.4338429111385],[11.331351655202296,44.43389012087428],[11.33135173339109,44.43389019129883],[11.331469068209136,44.43399838375809],[11.33146914639822,44.43399845418254],[11.331503292740834,44.434029932328365],[11.331516595581604,44.43410786679437],[11.331429640480978,44.43425706134492],[11.331407069323761,44.43429578363765],[11.331406852371513,44.434389190721454],[11.331406943115535,44.43438926088954],[11.331510728466919,44.43451309756137],[11.331513101746928,44.43451558784212],[11.331519894484908,44.43452273226609],[11.331615650064357,44.4346234789528],[11.33166332880268,44.43472632386168],[11.331671477964479,44.43474387466005],[11.331749875627413,44.43483971820741],[11.331902649799952,44.43502916458843],[11.331992417706664,44.43515433145064],[11.331997501001762,44.43516145674949],[11.332028143634728,44.435280107080104],[11.332116575604564,44.435410522675085],[11.332138685319396,44.43555186295071],[11.332138763511416,44.43555193337463],[11.332261972203334,44.43570246155056],[11.332262038198953,44.43570254122622],[11.332301303426135,44.435750524458264],[11.332381927134454,44.435901922523584],[11.332410396838476,44.43596499868084],[11.332465475771158,44.43608702075229],[11.332465553606278,44.4360870821806],[11.332554236780942,44.43616440358392],[11.332554314974297,44.436164474007526],[11.332660036686717,44.43625726486098],[11.332881064493971,44.436604041133826],[11.332881142330224,44.43660410256184],[11.333059473966895,44.43676524283749],[11.333059656182636,44.43676540116144],[11.333171797770595,44.43678111457562],[11.33331702273609,44.43686244728122],[11.333386527897488,44.437070266477214],[11.333360557719548,44.437206962558946],[11.33339440785625,44.43726816396031],[11.33339453448149,44.43726818838006],[11.333394615184636,44.4372683217704],[11.33352998758064,44.43729593864712],[11.333840031324268,44.437272153377],[11.333945220949017,44.43733349860063],[11.334110913980446,44.437580051773175],[11.334173076945152,44.437672534456745],[11.334203580572705,44.43788628209782],[11.334203659128693,44.43788636151551],[11.334317035044654,44.43803362243872],[11.334352480586363,44.43819382018321],[11.334354367111873,44.438202064053655],[11.334449238692,44.438631396437515],[11.334452248405544,44.4386309297711],[11.334453330125353,44.43863568806266],[11.335381760302887,44.438486483984974],[11.335416452536542,44.43848109287928],[11.335578729782592,44.43819813231191],[11.335698157138992,44.438101160926756],[11.336763740714964,44.43770461806292],[11.337344564321192,44.437480039481684],[11.337669771249153,44.43736421423133],[11.337924227440375,44.437266167863044],[11.338068699176793,44.43722607304173],[11.338183922366586,44.43716181979553],[11.338330512657427,44.43709578959737],[11.338542891726561,44.43688832112338],[11.338669633564844,44.43681707942552],[11.338907514028987,44.43661864865895],[11.339144092824444,44.43642699605976],[11.339239430549961,44.43627763291967],[11.339330868117917,44.43601074784559],[11.339902286769128,44.435905625202324],[11.34034532757846,44.43579076198814],[11.340486555414463,44.43568939546404],[11.340617253421694,44.43550340356999],[11.340831287165672,44.4355906170381],[11.341032847730727,44.43574176172197],[11.341387294480084,44.4358858452655],[11.341612118308875,44.4360292016195],[11.341820778965484,44.43613625726831],[11.341820891958246,44.43613625495038],[11.34182599766606,44.43613887801836],[11.341995334434957,44.436132217172506],[11.342005728688656,44.436131976920684],[11.34230282599748,44.436039788952115],[11.342561039699188,44.43599678743208],[11.342835916993794,44.436017029143194],[11.343341590988725,44.43601564379641],[11.34445480051234,44.436006831317364],[11.345220538855676,44.43618520009841],[11.346211443571873,44.43640958519205],[11.346242731193469,44.43653984083429],[11.346242940864398,44.43654099786818],[11.346249806296171,44.4366337012014],[11.346176673002951,44.43676855167766],[11.346106842038083,44.43694666403923],[11.346138120953512,44.43725716212825],[11.346137823877765,44.437465354732886],[11.346013526115252,44.437655830721646],[11.345834105661613,44.438274507426165],[11.346413880593675,44.439534172383006],[11.345984716567381,44.439446790350345],[11.344771369783244,44.44068312521118],[11.344771448357164,44.44068320462118],[11.344966904895907,44.44085915287028],[11.344967074600497,44.440859311432064],[11.345223497080465,44.44100214648502],[11.345223610442376,44.441002153158784],[11.34522796765835,44.44100458438794],[11.345561483381333,44.44102088701067],[11.345584618538648,44.4410221671717],[11.346367677813072,44.441132391178854],[11.347625262544842,44.44249334070064],[11.347633105248544,44.44250183996723],[11.347633274965133,44.44250199852473],[11.347826574684317,44.4424653885327],[11.34814954757767,44.44252850713655],[11.34854952148372,44.442533774127476],[11.349213264851295,44.44247699426061],[11.349213871441217,44.44247676571402],[11.34921621328976,44.44247656447629],[11.34925552595879,44.442461018116056],[11.349268684391351,44.4424560389375],[11.34934367264342,44.442426380419136],[11.349496444732164,44.442365961389726],[11.349650094267867,44.442305181994314],[11.349785734341555,44.44229324337884],[11.35051802945805,44.44222878799211],[11.350831028551909,44.44214131893959],[11.350929417088535,44.442118937778595],[11.35095644016579,44.442224927655936],[11.350996539471602,44.44227033945969],[11.351005930515417,44.44232242445711],[11.351010659198224,44.44237982701133],[11.351042242153833,44.4426213659116],[11.351051786757507,44.442713914659535],[11.3510618715423,44.442807397558724],[11.351066682921864,44.44286654491771],[11.35106962975536,44.44293966678105],[11.351079426800734,44.4430021774784],[11.35108909745272,44.44306122475668],[11.351109464473906,44.44314443991891],[11.35114912883463,44.44322377360673],[11.351185391323773,44.443278771158646],[11.351249841309592,44.44336979290962],[11.351327297119951,44.44348145989452],[11.35135931737082,44.44355223638787],[11.351386910129223,44.44363355614601],[11.351391779060494,44.443694439809875],[11.351391508894427,44.44378101486032],[11.351386612187529,44.44386879253302],[11.351383499529135,44.4439124114687],[11.351375569692337,44.443970956992274],[11.35137804282587,44.44401880014897],[11.35140388503636,44.44406996106713],[11.351468270736829,44.444145886563554],[11.351541706723697,44.44427853134162],[11.351596300014007,44.444366271897486],[11.351643750469364,44.44445764359542],[11.351693030232228,44.44459426991544],[11.351704495863585,44.4446375885319],[11.351716490829183,44.444724460060776],[11.35175502178921,44.44480556338079],[11.35179132715071,44.44484405798747],[11.35186280179137,44.44488523102649],[11.351922734240555,44.44492406706339],[11.352042600098939,44.44500175702731],[11.352191971161464,44.445087526468015],[11.3522781014557,44.44517287934912],[11.35234007438126,44.445262204983415],[11.352392233482867,44.44534998630081],[11.352432760042234,44.44543850245281],[11.352461093672956,44.44548970180482],[11.35252466246887,44.44561906523242],[11.352590597348483,44.445786686125516],[11.352617066982809,44.44587251202135],[11.35262106416888,44.44590445206079],[11.352623549535828,44.44593254311577],[11.352627008813883,44.445984885236314],[11.352636010438763,44.44610795496457],[11.352635537426252,44.44619725296567],[11.352636095880936,44.44627875142131],[11.352636713126119,44.446395196938816],[11.352642301211748,44.446567824556176],[11.352654300411228,44.44663065880738],[11.352667939795642,44.44670335316202],[11.352666014545807,44.446753672619074],[11.352659712916026,44.44680110239342],[11.352642933587994,44.446887108377325],[11.352628405534462,44.44696408332088],[11.352601527982012,44.44710437630254],[11.35257267172185,44.44722919849478],[11.352566228904108,44.44730503451697],[11.352565657332274,44.44735182404187],[11.352568669293357,44.44739239991161],[11.352601744596374,44.447491854702626],[11.352648126540291,44.4476128396523],[11.352668392144349,44.44763522569532],[11.352735934078375,44.44769728432933],[11.352804511598059,44.44775039095508],[11.352838734873341,44.447775469168214],[11.35295629122209,44.44787714376615],[11.353049836057238,44.447966421395996],[11.353232425759924,44.448101451372835],[11.353315135883244,44.44816220668672],[11.353339478514025,44.44818251897629],[11.353405600748731,44.44824361618394],[11.35344623761898,44.448290366395426],[11.353473780963622,44.44832152387425],[11.353535344119255,44.44847590136316],[11.353554412603767,44.44853697828111],[11.353574332323921,44.4485851458595],[11.353586056677392,44.44863547198486],[11.353593226285716,44.44867597110239],[11.353623286905295,44.44880761816533],[11.353633300933822,44.4488466542217],[11.353655251554553,44.448910642568435],[11.353657668022706,44.44893637631604],[11.35366107917193,44.448986864829116],[11.353658316018123,44.44902162698881],[11.35365280242716,44.44905643685389],[11.353641125818228,44.44911020731555],[11.353619556060574,44.44915923029542],[11.353592379363667,44.44921384247816],[11.353545960278646,44.44927249744537],[11.353491526656743,44.44933531479842],[11.353454892468736,44.44937757224309],[11.353417691117592,44.449411657966195],[11.353395893029328,44.44943404678977],[11.353335995402867,44.449523849598954],[11.353300277021475,44.449623317911026],[11.353230065866903,44.449767367131656],[11.353209160038396,44.449840125313095],[11.353173721283362,44.450002561297076],[11.353159229820086,44.45006542837935],[11.353129138930809,44.45013511692336],[11.353105830295014,44.450176226310845],[11.353058605749883,44.45024301805818],[11.35302313748136,44.45028647568575],[11.352954695473631,44.45035946642007],[11.352929713150623,44.450388951847486],[11.352883948182193,44.45043420612646],[11.35284966447338,44.450468987745666],[11.35280675155118,44.450526111709685],[11.352753053354347,44.45061072694227],[11.352726312730608,44.45065558006052],[11.352672819528593,44.450745304529086],[11.352664749485987,44.45078125634445],[11.352663743976628,44.45081536106556],[11.352671089365286,44.4508799566751],[11.352700461909285,44.45095944781809],[11.352727106375504,44.45103046967708],[11.352785074457735,44.451170724438995],[11.352821293746826,44.45124325043223],[11.352845291521781,44.45130751181172],[11.352874036244202,44.45137167534589],[11.352923143870187,44.45149846465124],[11.35293898305193,44.45153733567463],[11.352960150598227,44.45159058211572],[11.352987852106402,44.45165817912132],[11.35304146369803,44.45174909004159],[11.353067796824059,44.45178262223614],[11.353104158678663,44.45181425520536],[11.353150129626373,44.45184824683569],[11.353183887222716,44.45185947946531],[11.35322352866533,44.451868880293055],[11.353265257798816,44.45187143207491],[11.353304386406077,44.45186806870111],[11.353362446977538,44.451862613527105],[11.353405005064198,44.45185576741841],[11.353454463246667,44.451845168982025],[11.353626328324943,44.451798367968784],[11.353786310841327,44.45175331514541],[11.353911014006549,44.45171921656808],[11.354083714347327,44.451665384585716],[11.354193064661978,44.45163331280208],[11.35428397095618,44.451616097538846],[11.354330162734804,44.451607105538415],[11.354392110792963,44.451603631269606],[11.354449908417202,44.45160884009033],[11.35449242415477,44.45162377183431],[11.354515200431177,44.451650093920186],[11.354515253737613,44.451682997468005],[11.354501905104783,44.451706733667606],[11.354473670135775,44.45174315552813],[11.354451394506311,44.45177274750442],[11.354423372188574,44.45181477361058],[11.354371516565969,44.4518864147934],[11.354312479952808,44.45197389565084],[11.354259369230336,44.45205340396461],[11.354201754627345,44.45213749745209],[11.354161641258566,44.452189846794774],[11.35413025377408,44.45222633358042],[11.35410674841918,44.452263801148106],[11.354068057231983,44.452312763144725],[11.354034887542365,44.452343687014164],[11.353983373820393,44.45238508110228],[11.35392310776885,44.45242323464025],[11.353816571745226,44.4524815898541],[11.353759751574337,44.452512920274614],[11.353711300128673,44.452535759679044],[11.353650176293387,44.45256821408297],[11.35357314544127,44.45260204071982],[11.353467385321096,44.45264375173649],[11.35335740460906,44.45268865557415],[11.353307508302471,44.452711515590316],[11.35326158193634,44.452724949007845],[11.353124160676996,44.45277353320291],[11.352960923351082,44.45282994148926],[11.352685524656993,44.452913607491],[11.352615029601013,44.452929626601865],[11.352412233426467,44.4529774776108],[11.352307218970072,44.453001491003384],[11.352186890208674,44.45302473953613],[11.352131416473311,44.453034237011295],[11.352058866590767,44.45305699607978],[11.352010533196943,44.453078734006446],[11.351950407638965,44.45303436542538],[11.351924375101495,44.45301238617315],[11.351885377943907,44.45298054605049],[11.35184404227051,44.452949312256166],[11.351818597622719,44.452922252382415],[11.351788612920865,44.452880098584565],[11.351670197377887,44.452710281588246],[11.351613412792588,44.45262702462315],[11.351561337328315,44.45254366162016],[11.351535577934415,44.452489033082465],[11.351523870225536,44.45245663068486],[11.3515109691446,44.452424243865686],[11.351478376144927,44.452356243119176],[11.351454083478677,44.45229932468614],[11.351417989956618,44.452222393387814],[11.351364325218798,44.452130420492026],[11.351349173554848,44.45209675662205],[11.351334605528756,44.452066672781434],[11.351319553539572,44.452024220278034],[11.351310723267176,44.45198052329417],[11.351298607525974,44.45193294182232],[11.351289709472265,44.45188505100227],[11.351274396535016,44.45181668526686],[11.351226772123388,44.45164880366472],[11.351161656604647,44.451436242078856],[11.351107157475978,44.451292142942584],[11.351025791353893,44.45106641199579],[11.35097630745725,44.45089068225187],[11.350964528628575,44.45083238065515],[11.350961177283942,44.45070974367531],[11.350965246031132,44.45061509613839],[11.350971774545712,44.45054290454624],[11.350980675260315,44.45045153348551],[11.351031726231566,44.45023546301262],[11.351091663424445,44.45004509209103],[11.351118408972523,44.449889182655845],[11.351114672194724,44.44983522575815],[11.351101426607904,44.449779205035924],[11.351053216413817,44.44971377644374],[11.35100088393144,44.449663062021756],[11.350875328035615,44.449589107263115],[11.350678964750555,44.44947381187562],[11.350568168561336,44.449415307471156],[11.350533126144935,44.44940364138185],[11.350447512743337,44.44938513922587],[11.350398601679979,44.4493805196316],[11.350177039719231,44.44938170524258],[11.350031101614437,44.44934756473135],[11.349832401114892,44.44925258094398],[11.349765682387655,44.449234823671496],[11.349607194820617,44.44920206626182],[11.349388604629203,44.44919867884969],[11.34931353810423,44.4492081100467],[11.349116932773748,44.449243674236996],[11.348951270028008,44.449283957970266],[11.34883954861262,44.449302308482075],[11.348738505957536,44.449330279060774],[11.348636402354883,44.44937065901488],[11.348551475053553,44.44940843484722],[11.348522224417726,44.44942366591655],[11.348398641026991,44.44947687519394],[11.348308315241624,44.44949787294281],[11.34817269360808,44.44952542900913],[11.348050883594533,44.44954482351428],[11.347952348155875,44.44955697819756],[11.347783795429342,44.449586345453106],[11.347671538529454,44.44960891907043],[11.347567909038078,44.44965045477806],[11.347438552912184,44.44967788112376],[11.347363633146488,44.44969068401046],[11.347283540738907,44.44969233090171],[11.347211354443665,44.44969494050657],[11.34715625498735,44.44969270642698],[11.346790266077837,44.44965857567928],[11.346489381768261,44.44964112883684],[11.34618837432973,44.4496202897343],[11.346086068412955,44.44961676567181],[11.345987185024285,44.44961993216745],[11.345891620789114,44.44962752268837],[11.345802695930354,44.44964398834242],[11.345717270650116,44.44966938466005],[11.34567578928402,44.44969745201464],[11.345567350637483,44.44967008846534],[11.345471146672256,44.44964632656917],[11.345208774655466,44.44955646003045],[11.3448951837855,44.44944448118663],[11.344822337163967,44.44942022995141],[11.344758611176044,44.449399653467225],[11.344658867625567,44.4493772419622],[11.344608188161372,44.44936799283545],[11.344561138743252,44.44935994750715],[11.344514243794192,44.449355761121176],[11.344463860358413,44.449354221116224],[11.344402651055468,44.449351616039756],[11.344337926891631,44.44935037049047],[11.344257067514626,44.44935074362819],[11.34417282258435,44.449356335742415],[11.344102956046006,44.4493616325474],[11.344040362813647,44.44936935471884],[11.343980052784028,44.449384511171864],[11.343906089359411,44.44939955181462],[11.34404160187241,44.44942261592533],[11.344219333280448,44.44945706550889],[11.344406267328647,44.44951136570737],[11.344611009197866,44.44959138051063],[11.344873633112837,44.44971832513864],[11.345122669756243,44.44985556822555],[11.34520915976421,44.44991796226032],[11.34525271946125,44.44995717414257],[11.345294120310173,44.450012464067534],[11.345328416350611,44.4500999853635],[11.345383105044533,44.45020714556272],[11.345436818592137,44.45029026170579],[11.345466629994174,44.45033576973853],[11.345528423631542,44.450410689465045],[11.345592444038015,44.450471537286674],[11.345760214335364,44.45060644255454],[11.345817443351653,44.45063735197496],[11.345855563526074,44.4506806815753],[11.345915280340789,44.450773703064776],[11.34596045382771,44.45092315486478],[11.345961678433866,44.451023392116966],[11.345974311906266,44.45105922408201],[11.34604490550658,44.45121417620821],[11.34605153685627,44.451240102572015],[11.346078894965663,44.45129368220894],[11.346117645652994,44.45135305046787],[11.346167369647768,44.45140617042046],[11.346272485857897,44.451514283342824],[11.346301897142794,44.45154977042992],[11.346328749096843,44.45159133287951],[11.346344584798354,44.451637127924194],[11.346332441210638,44.451683498048254],[11.346314856527789,44.45172456041521],[11.346287050948643,44.4517655537712],[11.346254874858458,44.45181980781042],[11.346246157382405,44.451847228970365],[11.346235378072555,44.45188436134181],[11.346234652729981,44.45192743587794],[11.346244051643083,44.45197820664899],[11.3462519035007,44.452021104897554],[11.346288581731006,44.45210998132741],[11.34633899072269,44.45221061205541],[11.346402084203639,44.452278995660045],[11.346465385751213,44.45232778520834],[11.346532986855143,44.45236154195995],[11.34660141911337,44.4523856127511],[11.346675644499472,44.45239836512981],[11.346745730977732,44.45240255100865],[11.346902931556535,44.452409285194555],[11.347009201768236,44.452428184545994],[11.34707513791658,44.452451433115506],[11.347162672286366,44.45249269297823],[11.347271146483946,44.45253615998474],[11.347374323376842,44.452570066981],[11.347460978068849,44.45258936926019],[11.347563605468116,44.452639978277226],[11.347626416436919,44.452707223673116],[11.347649838319873,44.45275473506617],[11.34766696664165,44.45283117532574],[11.347665785435721,44.452893578901936],[11.347665342767964,44.45294367868742],[11.347648354633279,44.45305071832456],[11.347614123689114,44.45319604967498],[11.347571381667834,44.453323460736655],[11.347531122767766,44.45342094996353],[11.347447522212903,44.45360017412845],[11.347354813204369,44.45380114683973],[11.34728036327052,44.453942776752704],[11.347253442267185,44.45401431609644],[11.347241011872562,44.45406794832384],[11.347237226887163,44.45413532986539],[11.34724942831509,44.45431839968104],[11.3472660470887,44.454409722816635],[11.347285162997336,44.45448244016797],[11.347331376370636,44.45454414826548],[11.347376613848976,44.454581506273705],[11.347428133050192,44.454614089730136],[11.347469631793757,44.45463875884338],[11.347560007984004,44.454670552191395],[11.347627111519795,44.45468773565601],[11.347799570874846,44.45470622733425],[11.347855359146664,44.45472364338052],[11.3479038715582,44.45476210416494],[11.347940145322443,44.45481820974496],[11.347960138296472,44.45487233650038],[11.347974967242981,44.45496601001483],[11.347980018862732,44.455085425106404],[11.347988783804684,44.45518271636426],[11.347999102623147,44.45523819442755],[11.348006977589474,44.45527284564386],[11.34802159877311,44.45531430813419],[11.348044828031474,44.45535854642954],[11.348074944947161,44.45539211896676],[11.34812521701807,44.45543400947276],[11.348200708151852,44.45549859899558],[11.34826408072679,44.45554370397932],[11.34832826014607,44.45558071696595],[11.348379543859899,44.45562149722875],[11.348424678339526,44.45567035329779],[11.348480296237103,44.4557643579551],[11.348498072543688,44.455844052680185],[11.348503033080561,44.45588688419315],[11.348498133408977,44.455926434538156],[11.348465551024047,44.45600252891576],[11.348408048086291,44.456103497079724],[11.348311694840996,44.45624588430048],[11.348256674954671,44.45632822887149],[11.348201887925681,44.45641638432677],[11.348169346696926,44.45648286295519],[11.34813356170202,44.45657095159948],[11.34811391437677,44.45664677980076],[11.348112034925334,44.456680470304796],[11.348110866519713,44.456812770033885],[11.348128928455592,44.456940028844045],[11.348150921374014,44.457044007003994],[11.348173100138048,44.45715261769126],[11.34819055816658,44.45726480949733],[11.348195804825822,44.45735521404382],[11.348199617126609,44.45745028444968],[11.348202155113306,44.457586298031785],[11.348200713288504,44.457810511241135],[11.348193524176072,44.45810831314424],[11.348194749702278,44.458268957903044],[11.348208803173378,44.45831598665202],[11.348233157156956,44.45835908542628],[11.348188072223534,44.45837514625886],[11.348141794720373,44.45842008503805],[11.34818545829116,44.458457286020746],[11.3482429232735,44.45845780544625],[11.348292347903893,44.45844589555976],[11.348349444487338,44.458425005249914],[11.348417075610305,44.45839066432641],[11.348472801098358,44.458360349397964],[11.348506250082412,44.458332473314655],[11.348534112899666,44.458309483541065],[11.348554753028436,44.45828034951581],[11.348589326526499,44.45825073977292],[11.348625562151346,44.458232799244115],[11.348668031563918,44.45821985294565],[11.348715307736862,44.45821392881545],[11.348811474735234,44.45820159714236],[11.348960492732656,44.45818475689385],[11.349016943027467,44.45817252207431],[11.349272615887092,44.45810055122112],[11.349316999952979,44.45811340283104],[11.349359119756324,44.45810741350173],[11.349414807300318,44.45808713682753],[11.349481026647684,44.458074025525256],[11.349539733451447,44.45806947726535],[11.349575526956409,44.45806558963963],[11.349620231128963,44.45806448946656],[11.349682888727452,44.458065990607324],[11.349736650825811,44.45806821497374],[11.349799262000063,44.45807826950622],[11.349849963679695,44.45808253739437],[11.349913601528616,44.45808653896709],[11.349973284608655,44.45808909146875],[11.350022546655,44.45809193949231],[11.350085141576379,44.45810127399178],[11.350142278979757,44.45811243131198],[11.350187093763985,44.45812348219206],[11.350233284408269,44.458140626517704],[11.350279490288766,44.458161281537166],[11.350329391934656,44.458187892209395],[11.350370441954341,44.45820379192394],[11.350407732812986,44.458218418628384],[11.350440485027171,44.45823583955993],[11.350489127530729,44.45825769569014],[11.350530494546623,44.45825643880716],[11.350646453309196,44.458306599445315],[11.350744182603297,44.45835354330668],[11.350822745101048,44.45837329772892],[11.350937190682991,44.45838669547813],[11.351081748408406,44.45840622491668],[11.351218263420805,44.45842141850948],[11.351299830931149,44.45843774372539],[11.351558969850316,44.458474034019076],[11.351749042665576,44.458551133105495],[11.351890502859577,44.45874796011966],[11.351284733955387,44.45874638578373],[11.35119157700437,44.45875448932801],[11.351083917534766,44.45879272620095],[11.350933596854455,44.45884476932894],[11.350818809220566,44.458901149007865],[11.350738164090625,44.45894726470518],[11.35061668851017,44.45901334269446],[11.350611254965589,44.45905396641474],[11.350585444655923,44.45909613504515],[11.350560865550653,44.45916866219462],[11.350536308775466,44.459241747041325],[11.350505865783196,44.459325081040426],[11.350478416178303,44.45942411700092],[11.35044990686044,44.45947702729307],[11.35041517456515,44.459512069449886],[11.350330402586339,44.45952022471288],[11.350261746458429,44.459560349551765],[11.350164421039604,44.45969388168979],[11.350111681753123,44.45986124600757],[11.350122046649165,44.45998481877659],[11.35018334645295,44.460165400880676],[11.350236015121757,44.46040026644296],[11.350448114677848,44.461399845578924],[11.3506105440495,44.46161949612649],[11.350780940983183,44.461824659181225],[11.35086690179908,44.46194621595135],[11.350961124700397,44.462195259740504],[11.3510216622465,44.462265943970074],[11.351085450511125,44.46236122841132],[11.35115410267484,44.46246180521078],[11.351329886741995,44.4626507507652],[11.351414678366256,44.46275252541276],[11.351530291190153,44.462870509012156],[11.351670482403076,44.46301201416946],[11.351817410506055,44.4631803882321],[11.351951225724328,44.4633196026884],[11.352365100889584,44.46360535259622],[11.352437481082454,44.4636766022539],[11.352585149890299,44.46377258795139],[11.352713803537497,44.46387399782312],[11.35284791689921,44.463976744440195],[11.353017419661365,44.4640685794726],[11.353199586940317,44.46415647111178],[11.353328499486498,44.464217363141834],[11.353504026683508,44.46429359774238],[11.35365189635988,44.4643444657625],[11.353846300073522,44.46439897441947],[11.35393244536492,44.464421685225894],[11.353986778450711,44.46442795599014],[11.354047447303445,44.46443797620589],[11.354176420740222,44.46448127489326],[11.354240759329047,44.46450752307582],[11.354284113718764,44.46452869438854],[11.354313065655532,44.46455809403011],[11.354336190319126,44.4645926373097],[11.354396585424759,44.464699000047375],[11.354439366980687,44.46477437890084],[11.354472879950068,44.46483341108782],[11.35453362971705,44.4649295124473],[11.354575180776985,44.46499522980576],[11.354632545885586,44.46509906215356],[11.354668909549911,44.46516488647457],[11.354705205067246,44.46523057714964],[11.354786708101225,44.465350674394294],[11.354857079551344,44.46541373553409],[11.354891176311362,44.46542944393814],[11.354980552858873,44.465456804663845],[11.35529930442718,44.465554424801375],[11.355555956330354,44.46563303356682],[11.355851840073408,44.46577870287628],[11.356242591737308,44.46593879807362],[11.356719459835592,44.466236285591755],[11.356974501505142,44.466370011426406],[11.357292891979656,44.46655617419019],[11.357670070270931,44.46680666097765],[11.357859497790159,44.46700574856938],[11.357995036385605,44.467199647158175],[11.358030594134217,44.467284347515566],[11.35805538309341,44.46733390802389],[11.358096372954803,44.467440165451485],[11.358167609160224,44.46757634393021],[11.358246483832819,44.467771052629104],[11.358288533351605,44.46783806368418],[11.358470547991887,44.46804648603668],[11.358548119633717,44.468171370126385],[11.358582821199212,44.4682244888018],[11.358626679095794,44.468280200089666],[11.35874308526197,44.46836106908573],[11.358825097173066,44.468430765217164],[11.358978568874763,44.46867641717945],[11.359022030870461,44.468843948987605],[11.359150542465809,44.4689194359067],[11.359229639586504,44.46904779000626],[11.359424543486544,44.46936370571906],[11.359638861574226,44.469737016569724],[11.359733477365928,44.46991033267373],[11.359845903147393,44.47012623199389],[11.359870631243906,44.47026246151163],[11.359873772570568,44.470346300937074],[11.359815050776163,44.47043339979819],[11.35972541506234,44.470623767464744],[11.359663268322665,44.47071948052334],[11.359617531457364,44.47074728073044],[11.35950493433437,44.47080845819272],[11.359419932625878,44.47084559537153],[11.359180685332557,44.47091751949831],[11.359153016955641,44.47093601551013],[11.359115675304455,44.47100772781465],[11.359099119034038,44.4710991674109],[11.359093834721211,44.47112776988697],[11.359077386887783,44.471226580377746],[11.35906899702729,44.47127795162072],[11.359044781182181,44.471422664911685],[11.359016147978966,44.47147025926725],[11.358998559293852,44.471529850928825],[11.358994789709515,44.47160789145347],[11.358995956368123,44.47166179299417],[11.35898933607871,44.471737731799934],[11.358886561332906,44.47180809539026],[11.35878994273402,44.47193450798272],[11.358783145557465,44.471987034634495],[11.358802065711345,44.472025985098384],[11.358806164745443,44.472062180925576],[11.358931262659123,44.472146381096316],[11.358966041764905,44.472188874937665],[11.35898105419152,44.47223068792974],[11.35893180070213,44.472325062820616],[11.358833067853848,44.47239903390473],[11.358620832464073,44.47262632391124],[11.358485471034541,44.4727258086765],[11.358418246552098,44.472756456036926],[11.358371725700609,44.4727657895741],[11.358322134320574,44.47278004793675],[11.358270761263503,44.47280001472993],[11.35825396640834,44.472826289207944],[11.358216710874146,44.4729220363926],[11.358202271288704,44.47303765813371],[11.358183524325545,44.47306541334498],[11.35814195821446,44.47308850845431],[11.358082603406258,44.47311165591966],[11.358072250926678,44.47314180345127],[11.358088293299467,44.473170181389904],[11.35805704318538,44.47318406976133],[11.35801068561168,44.47319434505227],[11.357931336935971,44.47325643661133],[11.357905560300468,44.47328759592367],[11.357849426661554,44.47332672838707],[11.357809982224587,44.47338064950306],[11.35778955157304,44.47345057164113],[11.357766116980507,44.47348400522106],[11.357763606116178,44.47353996329111],[11.357776647073212,44.4735796655292],[11.357832705441789,44.473635404163936],[11.357924145583201,44.47370489714316],[11.35798075814377,44.47374973109862],[11.358026165147235,44.473800108033814],[11.358051560176252,44.47386557258843],[11.358052854319046,44.47393170603489],[11.357997754122158,44.4740807570891],[11.357880527177134,44.474254408131976],[11.357588700093528,44.47464105682885],[11.357526676898033,44.47466885944347],[11.357503337760857,44.47469437769946],[11.357467528633576,44.47474181375353],[11.357349920725051,44.47486549862386],[11.357285955065867,44.47499398138029],[11.357198950640122,44.47511674604036],[11.357026825174666,44.475311038436125],[11.35687561085687,44.47549758871096],[11.356906675460843,44.475722570686415],[11.356977667750263,44.475855612863896],[11.35702875451696,44.4760438648707],[11.357073109767676,44.47612117267641],[11.357107482881112,44.476169167032396],[11.357296281194031,44.47633316709317],[11.357510515925176,44.47651679836161],[11.357597406138424,44.476598088923566],[11.357626049440661,44.47661651086038],[11.357679371896328,44.47665077181443],[11.357709583862654,44.47668596919734],[11.357645611052218,44.47669445653375],[11.357371570096808,44.476728267179574],[11.35722395645724,44.47675111215583],[11.356976788696722,44.476789381382986],[11.356751317564342,44.476837195034285],[11.3565099907046,44.47689906452878],[11.355981801450486,44.47704924616737],[11.355659437678549,44.47714024427042],[11.355564496984687,44.47716378265389],[11.355458206246109,44.477177742315746],[11.35537883051925,44.47717938012945],[11.355302581684722,44.47719466434043],[11.354891091829737,44.47732564318518],[11.3546954256187,44.4773858556866],[11.35448675887606,44.47744266293241],[11.354380559616901,44.47746985353306],[11.354286605865227,44.47748732074601],[11.354113609507559,44.477503780181415],[11.354035509213556,44.477512754889304],[11.353976805334561,44.4775241023735],[11.353898502957279,44.47754899776124],[11.353854117448648,44.47755432427437],[11.353778163955004,44.477577910780745],[11.353622234137545,44.47763948972932],[11.353423011665178,44.47773389324324],[11.35313458961217,44.47786646968768],[11.353050396327374,44.47790592610405],[11.353018057071855,44.477931908031636],[11.35297687940204,44.47797793187693],[11.352914848325712,44.478075727389935],[11.352885718342547,44.47813587103442],[11.352873280612933,44.47818335505861],[11.35287861109693,44.47822679979166],[11.352914527488354,44.47835294220785],[11.352958768224541,44.478454696022304],[11.353037172078178,44.47862146463591],[11.353063071022122,44.47869485116532],[11.353071882551506,44.47873573941223],[11.353040200811625,44.47883905816295],[11.353030392780413,44.47888033021279],[11.353003384864202,44.478921956795865],[11.352874681844053,44.47906691377393],[11.35276870549004,44.479170728436756],[11.352722709110493,44.47921577118611],[11.352660377899443,44.47927705817101],[11.352609307764208,44.47932726490467],[11.352508769230145,44.47942373816378],[11.352438414029901,44.47950751684116],[11.352360498354876,44.4796231224296],[11.35226852282563,44.47975589756277],[11.352191653883828,44.47986377523522],[11.35200895397177,44.48012014371966],[11.351918929930685,44.48024112995848],[11.351875167488796,44.48022885177918],[11.351705808743443,44.480169592753214],[11.351602092784901,44.48011699355238],[11.351501213930757,44.48004111810234],[11.351398686355465,44.479728643109375],[11.351218465865394,44.47944878223519],[11.351130779211305,44.479398256139156],[11.350387188557292,44.47910131347738],[11.349974223623121,44.47947607743211],[11.349948442889534,44.47950135630722],[11.349918659877234,44.47953061569255],[11.34986893999925,44.47954343259947],[11.349835807115705,44.479573193045184],[11.349764266760854,44.479663881461434],[11.34975286747177,44.47969940630974],[11.349777903088155,44.47973259671942],[11.349533252058942,44.479747859370526],[11.349516422227554,44.47980159119887],[11.349219459759057,44.48004357107605],[11.349184266311989,44.480053342944665],[11.349153519385897,44.48010151842783],[11.349120668196763,44.480073791248614],[11.349080256072295,44.48005568138545],[11.349034630683663,44.48003957833436],[11.349057949416695,44.47989219401129],[11.34893497484476,44.47963198353345],[11.348701551362813,44.47914221937755],[11.348467194069062,44.478692373460525],[11.348424729255266,44.47862590758696],[11.34838214011344,44.4785648008044],[11.348369951965962,44.47853556800732],[11.34834833835363,44.478480457563094],[11.34832777670996,44.478451559064695],[11.348285618717519,44.47842155637799],[11.34820623129195,44.478376889042536],[11.348120634202262,44.478338534172224],[11.34798738629217,44.478294974564626],[11.347837000798828,44.478239523731176],[11.34787723874462,44.478134247914205],[11.347910442601622,44.478018817777034],[11.347947647042979,44.47789216011776],[11.347950241582764,44.47784588737463],[11.347974616927562,44.477796546878395],[11.348003563647863,44.477719492354524],[11.348047571125775,44.47764518892413],[11.348091700854892,44.47757393484489],[11.348146971458412,44.477503946014245],[11.348209958837025,44.477433870439604],[11.348335849894521,44.47732423073941],[11.348389858663992,44.477286416054724],[11.348470884431196,44.47722969822125],[11.348529103242047,44.47719026641488],[11.34859286175342,44.47713973742578],[11.34862643028528,44.47709515908011],[11.34865393834354,44.477054657559194],[11.348675456912297,44.47700527665578],[11.348483178511621,44.47697207877586],[11.347628230057262,44.47671903693096],[11.346562576216712,44.476329213240795],[11.346200162301978,44.47733208974903],[11.346148695178538,44.47738096037718],[11.34610867845127,44.47743756296027],[11.34609184758064,44.477493842062316],[11.346067276225732,44.477626460297],[11.346024769492116,44.477620960028524],[11.345842589705018,44.477573704150295],[11.345626020552944,44.47750166823255],[11.345526503550484,44.47746228304978],[11.345410463212136,44.47739933534729],[11.345260096826523,44.47731318182213],[11.345139189929895,44.477241736333454],[11.3450290283222,44.47715697118693],[11.344898178939017,44.47705766855763],[11.344818736208433,44.47699487773865],[11.344708888441042,44.476905055369734],[11.344622352931555,44.47683877304251],[11.344553138009895,44.47678614297063],[11.344506193909039,44.47673106588444],[11.344456780831084,44.476684033800886],[11.344407768559812,44.47664700436405],[11.34434430513127,44.4765982622049],[11.34427605214478,44.47656963116578],[11.34419382945434,44.47654130496291],[11.344046635988997,44.476496280601495],[11.343896160491703,44.47643931395909],[11.343728310346448,44.476366697202714],[11.343662606700118,44.47633200871429],[11.343599224200398,44.47628526305496],[11.343533200479772,44.476242577743605],[11.343371235647064,44.476107784654985],[11.343223388922986,44.47597668969117],[11.343085138503078,44.47579571216439],[11.343014505275837,44.475698169234484],[11.342939345119012,44.47558616195164],[11.342849210292679,44.47542987202437],[11.342726023962085,44.47521619348742],[11.342612659846944,44.4750383596965],[11.34249952366911,44.47486651684888],[11.342415552095789,44.474733785956744],[11.342373036338891,44.47467522312055],[11.342277527598698,44.47454354809359],[11.342163120042317,44.47438230005027],[11.342087718723745,44.47423810379185],[11.341978201391653,44.474044759941826],[11.341899281754424,44.473879542612494],[11.341866550685976,44.473797768169035],[11.341858272662108,44.47372506184685],[11.341859101088183,44.47361190902579],[11.341880116902528,44.4735347666314],[11.341902728057448,44.473363640240485],[11.341916935702427,44.473250212936144],[11.341932055440592,44.47309265411349],[11.341973090540408,44.47291347949604],[11.342006565147045,44.47281307078967],[11.34212496041473,44.47255942380336],[11.34216423923599,44.47240330482087],[11.342219354541987,44.47224109021597],[11.342283537083842,44.47203841183993],[11.342338093003153,44.4719256960184],[11.342293873293924,44.471926603350234],[11.342211574323517,44.47196498663004],[11.342111511562534,44.47202540360257],[11.341906295966478,44.47213467431889],[11.34170511521097,44.47222885453912],[11.341549277723331,44.47229208061406],[11.341296770407695,44.4723839819443],[11.341165601505123,44.472423357766424],[11.341104567466015,44.472411276603935],[11.341082026046795,44.47237171326214],[11.341072900239903,44.47226017797354],[11.341073894943536,44.47216842993921],[11.341087502008584,44.472043095572516],[11.341087905431483,44.47199471625217],[11.341086506180957,44.47195973378045],[11.3410691462726,44.47193340604581],[11.34104274422741,44.47191393467819],[11.340953117813523,44.4718857579446],[11.34083743523744,44.47184643905339],[11.340723064941258,44.47178208387287],[11.340610831494377,44.47171267930953],[11.340536166275301,44.47165084079698],[11.340463013444351,44.471568967416616],[11.340413284124574,44.47148993572604],[11.340390077414533,44.47143371303789],[11.34036585900167,44.47135250182072],[11.340366056014911,44.47124077532447],[11.340382941109162,44.47119707255529],[11.34040460730118,44.4711566027294],[11.340476465089898,44.47109008558419],[11.340521904229641,44.471014675315864],[11.340583346642017,44.4708342184781],[11.340563522357696,44.470805042347635],[11.340473139347356,44.47087202939203],[11.340410699088746,44.47091183175285],[11.340335140582614,44.470943647622924],[11.34023666511596,44.47097867905155],[11.340206646377572,44.4709967145076],[11.340173308990238,44.47102765571791],[11.340155762481023,44.47106928340923],[11.34015200441575,44.471103273302],[11.340143698075652,44.47112821877778],[11.34008213348228,44.47111383426839],[11.340022709888641,44.47110866052717],[11.339930495153093,44.47108928658447],[11.339857966376433,44.47108556972917],[11.339747097333436,44.47108892248906],[11.339703777331792,44.47109062061087],[11.339670193362267,44.47107105305083],[11.339636746298616,44.471033207364755],[11.33960493791849,44.47096715889874],[11.339589325752415,44.47090369533379],[11.339339290603917,44.470709465546534],[11.339256935385135,44.47069359808764],[11.33916477812977,44.470649528169126],[11.339114335722478,44.47061739613794],[11.339095724189898,44.47059212004146],[11.339089154174923,44.47056299616026],[11.339094948992743,44.470534969310634],[11.339133716815033,44.47043541622923],[11.339143516707878,44.47040064537302],[11.339153295021115,44.47036533480098],[11.339153746240617,44.47032031247099],[11.339143374271126,44.47027470168233],[11.339149178842893,44.47023119012779],[11.338378540774697,44.47016032842424],[11.33824173927596,44.470136996009686],[11.338135042334091,44.47000901258655],[11.338097802286741,44.469911106645085],[11.3381084915897,44.46984822949125],[11.338131883844495,44.46980750867264],[11.338124953836262,44.46974103124194],[11.338056956553546,44.46971002351672],[11.337992183042894,44.46970306773856],[11.337941927288096,44.469688162370836],[11.337772925152843,44.46948277173151],[11.337715159580123,44.46942462743576],[11.337533951016383,44.469335080020315],[11.337431441056971,44.46929927802211],[11.337394024321135,44.46930426638367],[11.337414828099218,44.46937722975827],[11.337480603379289,44.46956008551427],[11.337615563200131,44.469747007117654],[11.337904323492657,44.47017132875991],[11.337952622751926,44.470261257010705],[11.338046315181618,44.47054743985555],[11.338107583692487,44.47073824680421],[11.3382477997216,44.471159218008665],[11.338277934557683,44.471286635953184],[11.338287881215624,44.471356859674444],[11.338283250541718,44.47141970275656],[11.338262463528919,44.47148158939805],[11.338245775662799,44.47151138777477],[11.338205545491249,44.471578795146186],[11.33814653617204,44.47166834646265],[11.338130468332333,44.47171964837248],[11.338117498151833,44.471766349515775],[11.338116405672231,44.4718076128713],[11.338151965074083,44.471942409907],[11.338226848577023,44.47216869627018],[11.338264903951002,44.47236627138362],[11.338279247837125,44.472519175059084],[11.33830060709645,44.472678362896254],[11.338350047161475,44.47284964220062],[11.33840114850246,44.47303133948294],[11.338413108287071,44.47312329925869],[11.338402865167275,44.473209934169994],[11.338387831911927,44.4732455953781],[11.338343902332499,44.47331326761657],[11.338287554351908,44.473413450571336],[11.33812296171779,44.47361081017017],[11.3380314145605,44.47373601198858],[11.337970639595104,44.473788346540054],[11.337841504471385,44.47388191762077],[11.337647725324514,44.47399614094847],[11.337573451486227,44.47403129564831],[11.33726740375098,44.47427488007868],[11.337195804582297,44.474311852312326],[11.33712331051081,44.47432641731646],[11.337198706939155,44.47425387008521],[11.337327373470844,44.47414285326584],[11.337443508659808,44.47404517368792],[11.337541998541099,44.473962799649065],[11.33763997901828,44.47386736416269],[11.337755454520611,44.47375288089275],[11.337822873676108,44.473676760523944],[11.337861524446735,44.473599356741886],[11.337905776413999,44.47346576996063],[11.337984735974377,44.47322123533022],[11.338005518180365,44.473153542167324],[11.338016395416332,44.47309913266155],[11.338010192186488,44.473040472644676],[11.337962750996548,44.47286664953242],[11.33785076154202,44.47267647620363],[11.337667094912561,44.47239060536809],[11.337460858245896,44.47212762188602],[11.33740281777554,44.47204659843853],[11.337352668564556,44.471901863926796],[11.337309397490072,44.4717609227042],[11.337225570362511,44.47149632365057],[11.337178981543214,44.471411761658445],[11.337141428817766,44.47141589747238],[11.336787646758024,44.471647647248176],[11.336580165223392,44.47219765978696],[11.33613191453532,44.4724230586867],[11.335978061669616,44.47264548378048],[11.335826191074839,44.473053700052965],[11.335484251380697,44.47303088859402],[11.335310163072197,44.47250837334563],[11.335053325374876,44.47249168788727],[11.334451991542222,44.472959176787],[11.333737757360185,44.4724088934268],[11.333410373087855,44.47206167503403],[11.333206249372639,44.471395440479384],[11.332783250364994,44.471507912468866],[11.332222748526716,44.471639784003216],[11.331872281759747,44.47169870861303],[11.331948844374965,44.471983535844586],[11.331902071798856,44.47244642448658],[11.331757910469431,44.47237791548104],[11.331606472182006,44.47250198581912],[11.331713465781684,44.47270235027478],[11.332412444677212,44.47322483383315],[11.332585604578243,44.47364609304182],[11.333183988948411,44.47377395410434],[11.33325065253563,44.474026906381205],[11.332714814498008,44.47408793877967],[11.332726489279857,44.47438084327753],[11.333293374664862,44.47478280174746],[11.333632186804484,44.47512077509732],[11.333165365490105,44.47511963108318],[11.333186280545332,44.475182527975996],[11.333246883060985,44.47535089851597],[11.33345120412449,44.47548907145153],[11.333585265566693,44.475697883366486],[11.333741346515701,44.4757689641582],[11.333806223779318,44.475899436031],[11.333934010467075,44.47607570533214],[11.333842604587058,44.47618490322651],[11.333542276350276,44.476274920193184],[11.333439492132264,44.476309430638416],[11.333327450031144,44.476462424511105],[11.333173324252096,44.47643442569993],[11.333154700616772,44.476462444350375],[11.333105877531828,44.476502513531955],[11.33296902945563,44.47658336297397],[11.333065154647624,44.47667637596999],[11.332979616891521,44.47672277706955],[11.332865106401794,44.47679623786273],[11.33279277645693,44.47683615710719],[11.332698059314106,44.47688255652278],[11.33264008272433,44.47691696985602],[11.332562625126293,44.47694844125353],[11.332570120355076,44.477063611520585],[11.332702657789381,44.4773701248636],[11.332668350563113,44.477399004072495],[11.332689892429435,44.4774694144072],[11.332713014784186,44.47751638565938],[11.332740161681373,44.47755076104062],[11.332804764524324,44.47762230798543],[11.332868655942107,44.47772394714426],[11.332875041267842,44.477921648958464],[11.332883191453085,44.47796112988475],[11.332574574875725,44.47798669295179],[11.332353574622928,44.478021421265],[11.332234245497649,44.47806271451963],[11.332037154771545,44.47807710298711],[11.331897600002277,44.478068070374306],[11.331293633397802,44.477975354824935],[11.330735653830613,44.477976764693935],[11.3306797251521,44.47797709635408],[11.330325605616478,44.477979383337996],[11.329426176520256,44.47810331398711],[11.32934623451522,44.478115415268086],[11.329208041194626,44.47813394457572],[11.328970479901937,44.47813617173022],[11.328688771429201,44.478131457697586],[11.32780334942787,44.47811549537486],[11.327578317018922,44.478156733521175],[11.327535834075192,44.47819162957883],[11.32757027450174,44.47823019673741],[11.327847168660114,44.478297840905526],[11.32811875465897,44.47832370352313],[11.328990179809153,44.47844726904039],[11.329104563559714,44.47847372567253],[11.32918670492633,44.47851654960626],[11.329292852680926,44.47861123380324],[11.329431226666838,44.478694502187125],[11.329530612240902,44.47870585197604],[11.32971943402578,44.478673199256704],[11.330107934513283,44.478755512082806],[11.330678660704661,44.4788586353778],[11.33101056325238,44.47892443754158],[11.33136721879298,44.47899986114802],[11.331615042059013,44.47902629975886],[11.331985623335443,44.479017595724024],[11.332281520625827,44.47904756111571],[11.332503157918387,44.47916625134325],[11.33292473348425,44.47939168636499],[11.333236384687982,44.47956030054079],[11.333275420953832,44.47963264883325],[11.333263526858344,44.47972854462256],[11.333235816478872,44.4797825594697],[11.333138812632914,44.479872317505794],[11.333051520483222,44.48000728611429],[11.333072351400126,44.48006518825555],[11.333217275768257,44.48017091468244],[11.333421269957713,44.48007752924824],[11.333513769639064,44.480012620210175],[11.333695417108373,44.47999677138715],[11.333778925002989,44.4801408703722],[11.333970898770191,44.48012634044246],[11.334806791298842,44.480549942514635],[11.33486905165733,44.48061337080285],[11.334861427312484,44.480696458732695],[11.334583065960073,44.48069432857707],[11.33457624822201,44.48073145970495],[11.33453383452232,44.48072737566498],[11.334470753736458,44.48094877934163],[11.334228377276464,44.4810606866139],[11.334440832296881,44.48127356596933],[11.334414037216835,44.48131111461711],[11.334591640716077,44.481450984060956],[11.334681526042061,44.481607942680675],[11.334520508983513,44.48165372795067],[11.334316600537285,44.48178402424901],[11.334175817852863,44.48190204626364],[11.334129090260278,44.48197960485505],[11.334192392504576,44.482021216895916],[11.334292496828203,44.482084141738596],[11.334355765583206,44.482123332672856],[11.334404929743254,44.482155384857315],[11.334506400917874,44.482209693077216],[11.334569752132518,44.48225251925654],[11.33468594574091,44.48233227366814],[11.33477939824065,44.48240526399138],[11.334926825840451,44.48252874414943],[11.334224222343206,44.48291959283245],[11.334175200523898,44.4829642488251],[11.334097489870361,44.48300499909609],[11.33400182783379,44.483046845558654],[11.333905098819773,44.483102928861605],[11.333807608111032,44.48318090397376],[11.333727656915457,44.48328245834828],[11.333657992298736,44.48341144936364],[11.33358811008919,44.48354476603038],[11.333531783897408,44.4836585399794],[11.33350692050265,44.48375086574545],[11.333473035748517,44.48384086418821],[11.333425676431117,44.48390485046171],[11.33332750213914,44.483965734189695],[11.333235187331939,44.48400012045317],[11.333130372663105,44.484011175307664],[11.333013130197317,44.483994395946155],[11.332897436187265,44.48395652773896],[11.332817422965388,44.48392413305437],[11.332733296230673,44.48387687805681],[11.332652362328025,44.48380877075116],[11.332123359106346,44.48400503278275]]],"type":"Polygon"},"properties":{"codice_area_statistica":52,"geo_point_2d":{"lon":11.32330159334567,"lat":44.45010024710348},"area_statistica":"PADERNO","cod_quar":15,"quartiere":"Santo Stefano","cod_zona":"D","zona":"Colli"}},{"type":"Feature","geometry":{"coordinates":[[[11.319051259770953,44.496957495665825],[11.318975642688528,44.49696485647029],[11.31886689753783,44.49699131846063],[11.318790656738697,44.4970118175797],[11.318545796892234,44.4971006141336],[11.318242128404295,44.497205467719944],[11.31800893197946,44.497280747448926],[11.317906042766433,44.49730741370573],[11.317812813152342,44.49732550233518],[11.317333012137945,44.497399638733974],[11.317118410241434,44.49743189393399],[11.317040508494301,44.49744034412913],[11.316947690123447,44.497450411404664],[11.316703403023734,44.49746520014056],[11.316412712186587,44.49748056087302],[11.316098894377593,44.49749286107877],[11.31595280618089,44.497502910012116],[11.315295837522395,44.49754148880813],[11.315002523715803,44.49755797045254],[11.314841471755937,44.497573858007236],[11.31467772834357,44.49759611071924],[11.31442654795848,44.497636979796376],[11.313743199220678,44.4977518322244],[11.313501991209932,44.497801580747165],[11.313020095900784,44.497917135322666],[11.31183900920873,44.498239586137494],[11.311684982175345,44.49802565306088],[11.311279552414694,44.49689101137226],[11.31093562793439,44.49597269746777],[11.310910309159297,44.49592305660396],[11.310858403069576,44.49589066274724],[11.310716683850385,44.49585172348339],[11.310669016709042,44.49582760713866],[11.310624572707793,44.49578669872832],[11.310595797898642,44.49574826394644],[11.310589468989903,44.495687084432994],[11.310598283805035,44.49561444419331],[11.310843784369265,44.493962217274394],[11.31100662803793,44.492914440268464],[11.311187163604284,44.49178075305524],[11.311302042599397,44.49099049327344],[11.311331908585531,44.49086531069341],[11.311348005371764,44.49079779842526],[11.31138575623303,44.490643638878524],[11.311411920099816,44.49056640702265],[11.311443635401059,44.49050649177474],[11.311466613222892,44.49047116847134],[11.311519170963773,44.49044569821922],[11.31149049944871,44.49008615702252],[11.312280599589368,44.49006032504623],[11.312942888075638,44.49004035424403],[11.313166527606427,44.490029268904905],[11.313764838905273,44.490010589698684],[11.313998002224452,44.49000913152534],[11.314175290172978,44.489982626058456],[11.31430193607525,44.489947325175315],[11.314414353516232,44.48989920484651],[11.314638412207628,44.489783362941495],[11.314763504268674,44.48970881473294],[11.315472586667322,44.4893352667624],[11.31568636055484,44.489218965211165],[11.316234721300917,44.4889255458268],[11.316375516228863,44.48885414322755],[11.316514789649169,44.48881133656382],[11.316705533456153,44.48879223332008],[11.316902333285896,44.488792038330445],[11.317087111057635,44.4887994871544],[11.317207750598712,44.48880601397902],[11.317737767425655,44.48882755540272],[11.317824642865963,44.48883257946344],[11.318666898900013,44.489069042171934],[11.319443183022567,44.48928260411926],[11.320020833127915,44.489406273796696],[11.32059217574786,44.48953922440265],[11.320913401233295,44.48960948607584],[11.320878882544497,44.48968248770594],[11.321067398578526,44.49013333081517],[11.321293790722253,44.49060773739976],[11.321408238321563,44.49084379873811],[11.32182646363119,44.491574630938366],[11.322125559240838,44.49211007099129],[11.322440414472906,44.492643794189284],[11.32254678205477,44.492815515141494],[11.322924680613962,44.493409982104666],[11.323301948489867,44.49398837296953],[11.323560610245805,44.49440450144072],[11.323772632376656,44.49479042076704],[11.323933223295118,44.495072110470836],[11.324012275979724,44.495211418585455],[11.324065247562613,44.49544073432551],[11.324087404349523,44.49551687723207],[11.324450545357726,44.496672077198824],[11.324504765791067,44.49669825096192],[11.324517520621317,44.49685173736112],[11.32457988455577,44.49686064035343],[11.324585424136325,44.49695253395149],[11.32458644459793,44.497014910076665],[11.324291568336388,44.497026441993626],[11.323678269324551,44.49704476134544],[11.323625120491624,44.49704745466833],[11.323303377654033,44.49706375310943],[11.323029012643326,44.49707932058856],[11.322232090141547,44.49710919196844],[11.322148883913988,44.497112316000795],[11.321797508271255,44.49712961809978],[11.321034844242444,44.497163213594405],[11.320866737871578,44.49717147485845],[11.320727237364755,44.497177596883965],[11.320616327521188,44.49718373170242],[11.320563427330033,44.49718287152587],[11.320428723254144,44.497170080283496],[11.320245723088261,44.49715263491369],[11.320040338036067,44.497126416546116],[11.319328926293082,44.49698678457079],[11.319188203614154,44.49695859368929],[11.319141924018005,44.4969537182341],[11.319051259770953,44.496957495665825]]],"type":"Polygon"},"properties":{"codice_area_statistica":72,"geo_point_2d":{"lon":11.316953276482932,"lat":44.493678701040785},"area_statistica":"XXI APRILE","cod_quar":13,"quartiere":"Porto - Saragozza","cod_zona":"F","zona":"Costa Saragozza"}},{"type":"Feature","geometry":{"coordinates":[[[11.33982971954924,44.5065491424767],[11.338749648858744,44.506693818835146],[11.338300299976165,44.50675398766378],[11.338058196024809,44.50678676456874],[11.337834549635357,44.506815832003916],[11.337691081103683,44.50683336328159],[11.336714040361104,44.506938270672066],[11.335403475157632,44.50709627578252],[11.334994554635662,44.50714074123481],[11.334762976896814,44.50716123238885],[11.334205777465398,44.50722034995809],[11.333565531549175,44.507291695505266],[11.333202808869418,44.50733503908222],[11.332709777619927,44.50740075103758],[11.33235521137978,44.50744959686089],[11.331951837652468,44.507505191282384],[11.331463821008379,44.50757053433686],[11.330143678702152,44.507758203024935],[11.32998811302763,44.50777503527472],[11.330126565072735,44.507530859387245],[11.330733427870005,44.50646050642161],[11.33092476992018,44.50615062017529],[11.330984717360819,44.50605352770834],[11.330152478608557,44.506184419260016],[11.330045656165577,44.50618114415488],[11.329946125191087,44.50616953679002],[11.329836142613274,44.50615262407625],[11.32972713953911,44.506124933193995],[11.329626510359086,44.506086079176114],[11.329564389854008,44.50605735033552],[11.329494230574786,44.50601788339217],[11.329420045518644,44.505973042997375],[11.329368903784205,44.505920854380875],[11.329339759102112,44.50587105269715],[11.329218001419491,44.50546733210927],[11.329194517961614,44.50538942587655],[11.329150948051991,44.50524498635156],[11.328981447678741,44.504706300739485],[11.328854265609802,44.504302069181705],[11.328821948812815,44.50425407856635],[11.328786348718458,44.50422819322153],[11.328737534047153,44.5042198443789],[11.328685834839064,44.50421582157832],[11.328645050960137,44.50421549221063],[11.328609370171982,44.50422010917493],[11.32857042131425,44.50422479279186],[11.328528607772125,44.50423240665066],[11.328444194241355,44.50424684013209],[11.328334966697783,44.50426552474185],[11.326989169663793,44.50449318350375],[11.32686330315533,44.504513889363125],[11.326765601985285,44.50453173434829],[11.326658264836857,44.504541997424994],[11.326550830245552,44.50454728396369],[11.326433698643708,44.50454534990418],[11.326375717993287,44.50453932946339],[11.326295822454593,44.50452063884003],[11.326187091046751,44.504480686525035],[11.326128312095717,44.50444859276836],[11.326068947810972,44.50439830770492],[11.326040379244294,44.50436099799929],[11.326008553623163,44.50429367705411],[11.325996262648417,44.50425350593957],[11.325798566629249,44.503643369407484],[11.325743707709758,44.503449536348626],[11.325577413187107,44.502943387519586],[11.325383373678642,44.50234524810683],[11.325358855841126,44.502289877557736],[11.325329654723879,44.50225655068277],[11.32528397467311,44.50222954618501],[11.32523542527045,44.50220061054598],[11.32484391985286,44.502031008719726],[11.32476488597606,44.5020066818575],[11.324705993415947,44.50199790634091],[11.324661841372844,44.501998247311114],[11.324518571004637,44.5020180356376],[11.323339720531713,44.50221108480585],[11.32261140248595,44.501985194758525],[11.322141848366215,44.50183924593164],[11.32205945956071,44.50180610889755],[11.322033453728611,44.501785085719156],[11.3219611528437,44.501699033322545],[11.321651064649197,44.50119723476533],[11.322366172919123,44.500943940421415],[11.32285197041365,44.500775736945734],[11.323547436211312,44.50055165213007],[11.324080809543846,44.50036532511298],[11.324273322333235,44.50029807242078],[11.325074623073522,44.500024208710165],[11.326559431227075,44.49951481246696],[11.326890568764664,44.49940206675492],[11.326946869190042,44.49947061710166],[11.327173666567164,44.49948272958368],[11.330123121044508,44.50098418650621],[11.331188392777491,44.50151252156545],[11.332152731497112,44.50199754473345],[11.332716563283904,44.502284306648704],[11.333224188985206,44.502580343911944],[11.333647096159075,44.502764777420715],[11.3346518985544,44.50326030437081],[11.33632268012086,44.50411843863194],[11.336637982542934,44.50426588403686],[11.33768000748446,44.504789034346075],[11.337781401100544,44.50483245691786],[11.338395818538803,44.5051584501268],[11.338444757551349,44.50518432029027],[11.339007901875876,44.50546680678167],[11.339420449528077,44.50563815224522],[11.33961857327048,44.50570640043266],[11.339652120081544,44.5058373754581],[11.33982971954924,44.5065491424767]]],"type":"Polygon"},"properties":{"codice_area_statistica":33,"geo_point_2d":{"lon":11.33080913578013,"lat":44.50376112541679},"area_statistica":"ZANARDI","cod_quar":13,"quartiere":"Porto - Saragozza","cod_zona":"P","zona":"Saffi"}},{"type":"Feature","geometry":{"coordinates":[[[11.430606764968417,44.510900838000275],[11.430618436232647,44.510960339418816],[11.43062781113058,44.51102875724782],[11.430631325351136,44.511055780099724],[11.430635155968247,44.511102511803685],[11.430634550377418,44.5111575302932],[11.430633043064859,44.511236244695354],[11.43063319434431,44.51128223551262],[11.430632173990649,44.511328188260144],[11.43062213276047,44.511412557930214],[11.430619132925615,44.511455383928826],[11.430611250849626,44.51151694916948],[11.430599798721568,44.51160127685791],[11.430586705180861,44.51167366610177],[11.430574523796242,44.511728660996354],[11.430561078213012,44.511792586331254],[11.430542753049046,44.5118571647203],[11.430525071417426,44.51190696521921],[11.430503480193519,44.51196864230249],[11.430478106638626,44.51203012983947],[11.430447854556837,44.51209532226488],[11.430419105628289,44.51215733178399],[11.430398946250996,44.51220080220851],[11.430371655307852,44.51225340001388],[11.43034360968806,44.51230207076309],[11.430310542579198,44.5123570601772],[11.430278211737614,44.51240555206929],[11.430255047578568,44.512441515295535],[11.430226538643401,44.512488125292315],[11.430192381955099,44.5125380964399],[11.430131226221897,44.51262258198662],[11.430085134182482,44.512679018955915],[11.430051210704226,44.51271917231545],[11.430009489066924,44.51276876430091],[11.429964403271445,44.51281914809063],[11.429920391192695,44.512865097755935],[11.429882892297325,44.512907622826305],[11.429840302010849,44.51295115651855],[11.429799496457319,44.51298950274554],[11.429760206839552,44.51302497188366],[11.429721796416652,44.51305737943195],[11.429675121656132,44.513099514582],[11.42964538600603,44.51312571475271],[11.429607439217657,44.51315444835587],[11.429557743776995,44.51319050801285],[11.429513480039695,44.51322133859203],[11.429467345637931,44.51325256907023],[11.429409087945379,44.51329179974298],[11.429350899795665,44.513329678523306],[11.429308651771752,44.51335452444041],[11.429267512625948,44.51337880658996],[11.429209473351147,44.51341119057429],[11.429161714219246,44.51343633377087],[11.429098967648109,44.51346746749144],[11.429011578054284,44.513505067254236],[11.429002548265043,44.51355117240498],[11.42897402565878,44.5136035440047],[11.428946941418987,44.51362392594041],[11.428910737158638,44.513654944888614],[11.428868037823557,44.513690738342085],[11.428836620973886,44.51371827944274],[11.428791893351727,44.51374947070997],[11.428739548005213,44.51378597350117],[11.428632301075078,44.51385136322639],[11.428535457244282,44.513906718742945],[11.428486048295976,44.51393486759676],[11.428417809853265,44.513973139767906],[11.428320173999893,44.51402761169578],[11.428273525292289,44.51405255084521],[11.428213983783893,44.51408514632859],[11.428141759736757,44.51412107242963],[11.428045628836744,44.51416029780125],[11.427984360512605,44.51418464755085],[11.42793138880763,44.51420882079828],[11.427882351429114,44.51422472702287],[11.427825389302493,44.51424673445852],[11.427773386826347,44.51426395505541],[11.427710388958854,44.51428302093649],[11.427668047627796,44.51429717320016],[11.427630980463393,44.51430956581395],[11.42758891730994,44.514320723286],[11.427535102482475,44.514336721960674],[11.427455553856868,44.51436019982693],[11.427373782208194,44.51438165432448],[11.42729598831013,44.51440194387284],[11.427236645921715,44.514418149972634],[11.427171464909526,44.51443312980833],[11.427134742715875,44.51444080659263],[11.426818641555974,44.514492756236606],[11.426665941876086,44.51450897524629],[11.426529764218662,44.514523123344766],[11.426233546635773,44.514540042888875],[11.425941471255145,44.5145358166703],[11.42562364536594,44.5145174537433],[11.425282305422321,44.51448699496593],[11.425038718692944,44.51445967094798],[11.424655502133954,44.51438724780899],[11.424500627645262,44.51435408612212],[11.424084631973601,44.51426183147279],[11.42396549461197,44.51422907145639],[11.42370675982072,44.51415166098991],[11.42344853157869,44.514075526544985],[11.423412522674846,44.514064911812255],[11.4227166421837,44.51382528947411],[11.422005178856034,44.5135616866292],[11.421262416689945,44.51328983070545],[11.420145873034679,44.51287511163221],[11.419465072927188,44.51262497677],[11.41889823815486,44.512414284735954],[11.418157927662703,44.5121428967193],[11.417646552279763,44.51196180328594],[11.417404041254134,44.51186584970199],[11.416755568723211,44.51163355023471],[11.416307368202546,44.51149495565448],[11.416160603164757,44.51145070886066],[11.416070609090003,44.51142543500062],[11.416001692004041,44.5114075471904],[11.415627521447691,44.51131914771808],[11.41504089868161,44.51120103235065],[11.41494292268122,44.51120361832806],[11.413752543301337,44.51095049093134],[11.41259404274549,44.510712008669586],[11.412352446672987,44.51066228010248],[11.412301837715264,44.51073585620696],[11.411953141778765,44.51066515448243],[11.41164780715785,44.51060283523509],[11.411497631566588,44.51058007156275],[11.411309298221521,44.510551523881134],[11.411029178408734,44.51051790162645],[11.4107302186854,44.510493274007814],[11.41041973814354,44.51048092530067],[11.41010989489645,44.51048402868263],[11.409687364543766,44.51049295808111],[11.40896346764187,44.51053575805449],[11.408916452864844,44.510463730499076],[11.408867672480437,44.51041845976827],[11.408809384951548,44.51038183403653],[11.408756935507776,44.51036170379872],[11.408670262264836,44.510356141631576],[11.408459254130397,44.51033935690462],[11.408090425494317,44.510312991609965],[11.407976623972322,44.51030428315427],[11.407810580293843,44.51028565743982],[11.407689890679375,44.510271296345685],[11.406499093850824,44.51010152863891],[11.40534109767411,44.50994265261213],[11.404353894631566,44.509805221608396],[11.403460273258037,44.50968126908324],[11.402287472073654,44.509522664740125],[11.402110583505861,44.50950118007539],[11.401660902733989,44.50944656185224],[11.401238100601118,44.5093893148561],[11.400191166840196,44.50925761453645],[11.399860020075987,44.509195815435596],[11.39969065579496,44.50916174529395],[11.399553458466595,44.5091257833749],[11.399441927034232,44.50909137938928],[11.399146851048405,44.50899157641094],[11.398382844581738,44.508713346727454],[11.398076192451894,44.50859960516249],[11.397785534680397,44.50850372997569],[11.39765017376354,44.50847137322251],[11.397371589079027,44.50842137250529],[11.397023407163715,44.50836610768089],[11.39646117977259,44.50829487283807],[11.396524932341773,44.507997089096335],[11.396413030251079,44.507983926960925],[11.3963953230651,44.50804299538977],[11.395675564988702,44.50794224932717],[11.395393857281704,44.50789667555533],[11.395358156756688,44.507937576131454],[11.394308950305836,44.50780809306292],[11.393803463280376,44.50774623296283],[11.392598273565538,44.507592637320215],[11.391618241628601,44.507468881599515],[11.391407037438837,44.50744477732696],[11.391284820318033,44.50742789213164],[11.39095028195482,44.50738080334343],[11.390651862841898,44.50734357115344],[11.390059398147002,44.50726497070625],[11.389921495513713,44.50724904264705],[11.389381529144103,44.50718672347413],[11.388473890042103,44.507067087979664],[11.38849114004949,44.50696923829032],[11.38835433800775,44.50696513267772],[11.388239412787401,44.50693823384146],[11.386808310766003,44.506756533901594],[11.386475487230456,44.50671767847551],[11.386210380029112,44.50668243898501],[11.386062474734903,44.506658712071804],[11.385894560642441,44.50662558138101],[11.38572147056642,44.506582754827846],[11.385501909091866,44.50653251778561],[11.385296554232877,44.50646632800064],[11.385193492041852,44.50643166105879],[11.384903153896492,44.50632402495895],[11.38464329841955,44.50621422989602],[11.384500810244319,44.506144384685484],[11.384331127829386,44.50607986967694],[11.384098004882967,44.50600857711258],[11.383765325332012,44.505942252937174],[11.383536322040323,44.50589761080996],[11.383546366345007,44.505861336804394],[11.383175662322639,44.50579910881735],[11.382976060200548,44.50576312438062],[11.382356854445222,44.50568675259135],[11.381956719436426,44.50563974602888],[11.381912301760558,44.50563022989614],[11.381815545916,44.5056187269423],[11.381752934359318,44.50561129185503],[11.381615897219573,44.50558959204633],[11.381539368975346,44.50558948720106],[11.381489925412287,44.50557733897908],[11.381603461354924,44.505366785937554],[11.381664398981568,44.50537451710694],[11.38171669832604,44.50538111410398],[11.381784084774491,44.50538965592635],[11.3819262477511,44.50540749450608],[11.381972574929936,44.505408922494944],[11.382345839417221,44.50544887362893],[11.382702276335287,44.50549355003457],[11.382977651126394,44.50551823040151],[11.383322911949124,44.50554486296657],[11.383530920907395,44.50555564412771],[11.383673989779796,44.505559579656115],[11.38391495622396,44.50555796856592],[11.38409433363992,44.5055517916319],[11.384308557429094,44.5055483885703],[11.384524056933381,44.505533084074244],[11.384878552282327,44.50550236174004],[11.385236774252819,44.505485595433136],[11.3855253493559,44.50547335337873],[11.385668010604158,44.505467302076504],[11.385899544095752,44.50547191565226],[11.386042095709731,44.50547550792052],[11.386143109460274,44.505475737096965],[11.386320472085648,44.50548462405776],[11.386470255422296,44.50549895771475],[11.386641745191014,44.50551805883041],[11.38676410690272,44.50554169791198],[11.387230642874446,44.505604124771594],[11.388533313142775,44.50577842402053],[11.388655962148754,44.505793052494184],[11.388779708780321,44.505807756894484],[11.388800021044473,44.50572298680245],[11.389542691047284,44.505824169962175],[11.391051137154603,44.50602072625625],[11.392927478136265,44.506269949205866],[11.39378518998545,44.506375309920216],[11.393946444986339,44.50639503779049],[11.394135654855134,44.50641818526351],[11.394378308274362,44.50644816068288],[11.394869130424883,44.50650514945053],[11.395120021741267,44.50653321296454],[11.395333677760314,44.50655794310895],[11.395482756408285,44.50657614180634],[11.395526110278244,44.5065762042779],[11.39559778360866,44.506576302592975],[11.395678806518767,44.506574620191934],[11.395844231935008,44.50656531461376],[11.39600790340753,44.50655680182609],[11.39612713569234,44.50655059902805],[11.396220276103927,44.50654898597514],[11.39627518782197,44.50654896758694],[11.396682490002899,44.506511995553225],[11.39672615585717,44.50650800886764],[11.396770103681376,44.50656459448639],[11.396745180427386,44.50664371015657],[11.396862348912228,44.50665927310446],[11.39697967381953,44.50667496768565],[11.397243756806235,44.5067430539881],[11.397377706239059,44.506761036780134],[11.397487896363423,44.50674845959439],[11.397587257946663,44.50673565061284],[11.397627328212304,44.50673723966853],[11.397667936047698,44.50674273353317],[11.397709562675402,44.50676693131239],[11.39775652173113,44.50679538330958],[11.3978034240672,44.506817237600934],[11.397850272473164,44.50682060174392],[11.398619240433467,44.506795794643715],[11.399222237272225,44.506736975217876],[11.399635756710746,44.50669732323733],[11.40078370538579,44.5066989688538],[11.40135906024878,44.50675835595827],[11.401703670893266,44.50683216495683],[11.402277864977819,44.50692692490195],[11.405308143372395,44.507313897729105],[11.406947299110735,44.5075234958166],[11.40786881384928,44.5076930338244],[11.408817279134128,44.507876867886935],[11.40980209732979,44.508170604066045],[11.410760294109881,44.50859524198642],[11.411419067136544,44.508907246796525],[11.411840615429654,44.50910347300923],[11.412149097007566,44.5091971171757],[11.412662490028113,44.509289724601636],[11.412899890630946,44.509322067247815],[11.413387228208956,44.50938565777215],[11.413786449724729,44.50942637051745],[11.41450510062832,44.50940927216767],[11.415096902673959,44.509331061039866],[11.41545988911429,44.50924352792673],[11.41593199905117,44.509049749621845],[11.416446185322352,44.50883946820827],[11.416910494959179,44.50874715674594],[11.417963293048066,44.50864890607192],[11.419224572156951,44.50853208438264],[11.420572041402286,44.50840081749468],[11.421691223483856,44.50829822585585],[11.422440802346104,44.508292871880904],[11.423084243713186,44.508306447795896],[11.42327233943287,44.50829197586751],[11.42324614445905,44.50812653381372],[11.42391045017232,44.50810782909709],[11.424045885271916,44.50800604199624],[11.424719737898267,44.50804950854464],[11.424943674412214,44.507824584970365],[11.425228892108299,44.50786294412905],[11.42521712596575,44.50790955728432],[11.42530791901952,44.507920771976096],[11.425326209824224,44.50788284268735],[11.426377632186648,44.5080243266573],[11.426760908133254,44.50808368913507],[11.42718151590309,44.508145587473386],[11.427415831826284,44.50818354707144],[11.42762598637766,44.50822830382176],[11.427726043963519,44.508243559758505],[11.428041184695573,44.50834073734736],[11.428218592750689,44.50839881113159],[11.428308179853419,44.5084481929157],[11.429292578079062,44.50899077123904],[11.42935945668145,44.509042219919706],[11.429390389157973,44.50906604854422],[11.429513432949015,44.509172090600934],[11.42963543296519,44.509283277193276],[11.429808359463713,44.50945738778249],[11.429886056750442,44.50953693689673],[11.429955618406128,44.50962233075577],[11.430130453277435,44.50984834495799],[11.430168511987851,44.50989830911279],[11.430217282852306,44.50994659578144],[11.43026174658372,44.509998404102696],[11.430300104704488,44.51005556388068],[11.43032633913705,44.51010253880931],[11.430358369877773,44.51015578213381],[11.430387389933754,44.51020620873393],[11.430412697090556,44.510255084918356],[11.43043383417315,44.51030351873525],[11.430460877525633,44.51036389021194],[11.430487123343967,44.51042474679588],[11.430502464229807,44.510468424629934],[11.430519979322437,44.51052656828242],[11.430537276343589,44.510585517802284],[11.430553439532565,44.510638378728274],[11.430562656516129,44.51066942132903],[11.430571012906196,44.51072514924833],[11.430586409050317,44.51078648890088],[11.430599239782842,44.51084392205404],[11.430606764968417,44.510900838000275]]],"type":"Polygon"},"properties":{"codice_area_statistica":46,"geo_point_2d":{"lon":11.413676510030802,"lat":44.50971081310222},"area_statistica":"SCALO MERCI SAN DONATO","cod_quar":14,"quartiere":"San Donato - San Vitale","cod_zona":"Q","zona":"San Donato"}},{"type":"Feature","geometry":{"coordinates":[[[11.382991117080733,44.5024584088089],[11.382871248055075,44.50260128816477],[11.382676847636864,44.50284298686501],[11.38258839393255,44.502950208193035],[11.382283350474731,44.503365912508286],[11.382167620074874,44.50353295765493],[11.38201189790535,44.50379044876211],[11.381872786044871,44.504044703234825],[11.381802940364974,44.504186960762866],[11.38171724240426,44.504369322338896],[11.381641847411196,44.50455509692026],[11.381582816815465,44.50472138157187],[11.381537350033401,44.50486025847542],[11.381491894715888,44.50500775957733],[11.381456209885078,44.50514281333377],[11.381419615187657,44.5052888871935],[11.381409802966134,44.50534231506412],[11.38125968073711,44.505323327500584],[11.381109315328933,44.50530238225247],[11.38087555969195,44.505261714009706],[11.380729891310594,44.50523099253535],[11.38058928164468,44.505200615504904],[11.380384862931974,44.505154383026195],[11.380157862111512,44.505094207932615],[11.379998183066222,44.505046861834884],[11.379889172516432,44.5050173555443],[11.379653359080496,44.50494431845584],[11.379536474183231,44.50489751100088],[11.379387715074092,44.50484335553792],[11.37924913150646,44.50478575587076],[11.379114164799331,44.50473356321579],[11.378978577251695,44.50467229074668],[11.378857192191496,44.504613792018574],[11.37871840560514,44.50454808462151],[11.378557557249925,44.504468531676565],[11.378405107954919,44.50438546355215],[11.378234316329083,44.50428442113443],[11.378019402067599,44.50416250242208],[11.377850058078115,44.504050626185716],[11.377731952128277,44.50397062283219],[11.37761666719029,44.50388264734003],[11.377488815932532,44.50378880270702],[11.37731210724526,44.503641158804434],[11.377144679096636,44.50349898397753],[11.377024946806317,44.503382022196455],[11.376917789429754,44.503268030368965],[11.37679557899765,44.503139596655046],[11.376649244269432,44.50296233100162],[11.376530363382182,44.50281365291677],[11.376438712273544,44.50269115446446],[11.376389758511829,44.50260709930379],[11.376353304915158,44.50255204225109],[11.376286476011892,44.502449102662126],[11.376179684760947,44.50226047119389],[11.376087511560982,44.50207865637627],[11.376021183199938,44.501941577459434],[11.375946231865449,44.50174707052803],[11.375851012835657,44.50149057055061],[11.375479504741243,44.50160085948648],[11.375438322195428,44.50128261133437],[11.375394061745013,44.500940606395],[11.375285339743124,44.500107006885614],[11.375235391748607,44.49972124162751],[11.375148351376561,44.49945348863437],[11.375137941264565,44.49938610490721],[11.375119959797,44.499219031161374],[11.375105850186012,44.499119405160634],[11.375098440038109,44.4990391663489],[11.375100519221057,44.49896462678259],[11.375087373280467,44.49890327767866],[11.375041667075772,44.49857078227366],[11.374984163737242,44.498155618556716],[11.374962756265308,44.49799026350657],[11.374929913739601,44.49773660601716],[11.374888052959628,44.49740583100382],[11.374827793508437,44.49695030290314],[11.374799755322412,44.496737174020126],[11.374764721391884,44.496462964126756],[11.374743619909223,44.49627165719733],[11.37472677719046,44.496086104336136],[11.374717341913527,44.49594388882777],[11.374711431692498,44.495829318924216],[11.374706239167704,44.49570206745941],[11.374706581500002,44.495637088724244],[11.374707733089679,44.49557407372088],[11.374709800645425,44.49550790676442],[11.374713160997944,44.49544353143418],[11.3747244569582,44.4953320515678],[11.374735915314062,44.49523014706496],[11.374744972087779,44.49514839528127],[11.374770346802812,44.49500450131387],[11.374797180255513,44.49487670961427],[11.374815868448126,44.49479395622044],[11.374859840301802,44.49463104899081],[11.374910839037867,44.49447114645099],[11.37495654734943,44.49433025937324],[11.374977815499989,44.494221227751595],[11.375102018660286,44.494242599455106],[11.375409841374754,44.49429555734699],[11.376187960386938,44.494424565287254],[11.376399301747222,44.49446264898331],[11.376888085755727,44.49454699058419],[11.377092647183806,44.494582252317386],[11.37720169528354,44.49460144360388],[11.37724598188098,44.49460919981815],[11.377485723778639,44.49465066018291],[11.377520868607926,44.4946563020287],[11.377771285297005,44.49469952002805],[11.378148143413643,44.49476836246408],[11.3785262320649,44.49482754525267],[11.378906640199254,44.494897040417854],[11.379765379568978,44.495044140445835],[11.380756855211294,44.49520882954986],[11.381657699327414,44.495369153206326],[11.382349222041384,44.4954836220989],[11.382787355225616,44.4955561217717],[11.38296506099024,44.49558251684089],[11.38391741418915,44.495712380928026],[11.384132713921378,44.49574057280384],[11.384664995892013,44.49581027961752],[11.384866327415452,44.49583551197683],[11.385579668839751,44.495924928380894],[11.386294296524255,44.49602269482962],[11.387438886408008,44.49616780319793],[11.387544899840846,44.496181826557],[11.387761908814655,44.49621051597968],[11.388018983078329,44.49624393043066],[11.38832456295648,44.496279615394606],[11.38845969951222,44.49629436995472],[11.388395633854019,44.49636135721389],[11.388352369766066,44.49641042620929],[11.387907895666673,44.496914524547975],[11.387554098384477,44.4973156166628],[11.387010107846702,44.49793258755007],[11.386957324359798,44.497994404655195],[11.386586095973069,44.49842946481462],[11.386221864170135,44.49884007053663],[11.385917216809267,44.49919098498717],[11.385693236643444,44.499439329907375],[11.385612513129244,44.499528891068024],[11.385249197676046,44.49994502006174],[11.38482244456223,44.50038310711609],[11.384410625156454,44.500834672551974],[11.382991117080733,44.5024584088089]]],"type":"Polygon"},"properties":{"codice_area_statistica":63,"geo_point_2d":{"lon":11.380276655452843,"lat":44.49912112195634},"area_statistica":"SCANDELLARA","cod_quar":14,"quartiere":"San Donato - San Vitale","cod_zona":"T","zona":"S. Vitale"}},{"type":"Feature","geometry":{"coordinates":[[[11.421657008158494,44.496131697174114],[11.421658880563314,44.496133782058536],[11.421689304602088,44.49616775150558],[11.421601255205756,44.49618649027091],[11.41924774436723,44.49668261568121],[11.419392735117325,44.496881524409226],[11.419393841821392,44.49688304039249],[11.419397242546445,44.49688771266962],[11.419398015722242,44.49688876758823],[11.419437763649931,44.4969435160056],[11.419456010401195,44.49696834546168],[11.419561119098871,44.49711258042057],[11.420495430347051,44.49839414813923],[11.42049868444684,44.49839861643238],[11.41978859229081,44.49828487173665],[11.417616863835471,44.49784968294961],[11.416529154651714,44.49762960936563],[11.416143103279508,44.497561124472156],[11.414737019081825,44.497311644884746],[11.414108039721482,44.49721580148593],[11.413755102819145,44.49716202057148],[11.413119443109858,44.49706515164155],[11.411221813824673,44.49674780448889],[11.410465344752893,44.49661051229708],[11.40860793524863,44.49631188888844],[11.408604803597937,44.49623616229491],[11.408576963982373,44.496093743823124],[11.40852070508428,44.495940491710996],[11.408485653527265,44.495865438603126],[11.40843273657946,44.4957936252428],[11.408365988278875,44.49572496649411],[11.408270473025809,44.495681923770974],[11.408121114783413,44.4956163400848],[11.40797424865395,44.49552696384045],[11.407868202235107,44.49545296701255],[11.407723943953755,44.49534259544262],[11.40764347728797,44.49525933536061],[11.407508447792138,44.495111894310384],[11.407401451687587,44.49497293647853],[11.407343881517432,44.49488916628767],[11.407309137174172,44.49485116093001],[11.407273121488991,44.49482443559279],[11.407200460866337,44.494798474016505],[11.40714422809119,44.49478965797819],[11.407054895751193,44.49478279123703],[11.406992357080355,44.4947903667473],[11.406837762870738,44.494809867093814],[11.406341869949735,44.49489407094314],[11.406275888194834,44.49490295199526],[11.406206310710303,44.49490942409368],[11.406127035221344,44.49489234277153],[11.406075439228111,44.49486843917948],[11.406042699312279,44.49483663897348],[11.405830873847753,44.49448369230865],[11.405672930939014,44.49425208075058],[11.40535341280919,44.49382766258106],[11.405191427145915,44.49362488075106],[11.40507756776849,44.4934885680302],[11.404900709680398,44.493306084851966],[11.404675059994451,44.493083397429565],[11.404405628796914,44.49281538550217],[11.404172636671959,44.4925841012163],[11.403995115977487,44.49242789108576],[11.403948019300135,44.49238639074957],[11.40376782710786,44.492250222247804],[11.403500415797025,44.49207339775773],[11.403373062039856,44.491991103832085],[11.403313043764257,44.491974866449866],[11.403232501289464,44.49196907200719],[11.403106902465819,44.491971716193625],[11.4030280424009,44.49196462582696],[11.40297842828872,44.491946926889696],[11.402936970811199,44.49191530928845],[11.402780265544942,44.4917262227691],[11.402535389947658,44.49144235808268],[11.402191805882223,44.49104347354449],[11.402023956116139,44.49085515163514],[11.401621790530168,44.490414150594724],[11.4013524946895,44.490095173859125],[11.401216186030759,44.489926298977295],[11.400376652683494,44.488960144476614],[11.400547824628243,44.48889321174179],[11.401337339191835,44.48865383686193],[11.401680882535523,44.48855051579086],[11.40237382807615,44.48833718435377],[11.402904839466377,44.48819278739566],[11.40319183308188,44.48812340354871],[11.403602699615819,44.48802520420293],[11.403816715997346,44.48796173065319],[11.404072571466383,44.487877722911904],[11.404352558387068,44.4877866434335],[11.404505593917655,44.4877244530111],[11.405128764110755,44.48752131607962],[11.40611439232401,44.48722972005812],[11.406313597690293,44.48717747414761],[11.406515471934734,44.48711643911504],[11.40663023227131,44.48708781315874],[11.406715227551054,44.487077279665534],[11.406855620417533,44.487078676832425],[11.406975217030388,44.487093629105736],[11.407110939785966,44.48713006346959],[11.407231870608062,44.48717773874768],[11.407414858059905,44.48725032068172],[11.40763783510657,44.487330782382216],[11.407871264183745,44.48741828825918],[11.407994153213975,44.48744476534298],[11.408106474040105,44.48744975100337],[11.408189700393628,44.48744328688679],[11.408291784298326,44.48743055517763],[11.4083945231637,44.487406547323594],[11.408493669756002,44.48736951640901],[11.408636174480197,44.4873162031225],[11.408803128353952,44.48725376726227],[11.409018713507244,44.487155302804055],[11.409071877493604,44.48711267890304],[11.409113021135534,44.48707469292305],[11.409165556330153,44.487016804859586],[11.409213150654221,44.48691315287423],[11.409268364356603,44.48677221338585],[11.409339702952712,44.486578520465905],[11.409412029906765,44.48640883453944],[11.409445011205806,44.4863207772828],[11.40949071977001,44.48624555913595],[11.409549078111917,44.48618099409095],[11.409613226257948,44.486117468132],[11.409715187679817,44.48606610763107],[11.409907784720804,44.48599770925837],[11.410182150452757,44.48590829157379],[11.410538814980516,44.48579883307701],[11.410953454204854,44.486382383523825],[11.411299770749979,44.486262869258844],[11.411433799013889,44.48644335765825],[11.41184598942407,44.486306209460714],[11.411319902186392,44.48555378732915],[11.411371308286492,44.48553754105445],[11.412525570450931,44.485169631244624],[11.413259376486,44.48494670053551],[11.413663686286464,44.484829518047555],[11.414091826912037,44.48470689672632],[11.41429225525417,44.48464322273016],[11.41460886363184,44.4845505062527],[11.414789442249912,44.48449829743569],[11.414856076611457,44.48447538061683],[11.415178570569458,44.48434311570957],[11.415434686797013,44.484240918712985],[11.415550464360019,44.484195445412894],[11.415664407366974,44.4841661524606],[11.415767517698358,44.48415013339902],[11.41603011734751,44.48385723104241],[11.416216985335788,44.483884919865616],[11.416618493689583,44.48394438998696],[11.416907726914893,44.48409691903515],[11.417050310364468,44.48409671783046],[11.417445284160825,44.48409598804957],[11.417455113565458,44.48409587891284],[11.417543398806222,44.484095728681844],[11.41764216657797,44.48408997282012],[11.417658456133411,44.48408916868249],[11.417836697392213,44.48407878555887],[11.417999093989632,44.48406932295743],[11.418184229086004,44.48400515583553],[11.418492678544007,44.484004292781755],[11.418673869363184,44.484003820725924],[11.418986187166098,44.48400040766298],[11.419966862572933,44.483989812614126],[11.420765542886077,44.48393685853547],[11.42108053288136,44.483913856451686],[11.421396789627446,44.48389047552597],[11.4214926097889,44.48388340145879],[11.42149812614948,44.48388299635585],[11.421510812512652,44.48388203403611],[11.421538906469355,44.48387992562892],[11.421607847185218,44.48387452899168],[11.422218119304917,44.483845817349476],[11.422814594477384,44.483863533546945],[11.423175083896952,44.48389525896502],[11.423621790035634,44.48392121859669],[11.42393550285334,44.48396181202235],[11.424467685028029,44.48405909927943],[11.42470774788777,44.484124328465214],[11.425085055009498,44.48423952270574],[11.425338024502052,44.48435062362703],[11.42538077637724,44.48439692484005],[11.42538081593477,44.48439696901249],[11.425504147938181,44.48452933326304],[11.425504200060256,44.48452937716846],[11.425682399977433,44.48469602754031],[11.425682452099794,44.484696071445654],[11.42573195237692,44.484797748075046],[11.425428164531375,44.48494269009462],[11.425342216067502,44.48498346146779],[11.425115631329742,44.4850726747478],[11.424754065840125,44.48528066320421],[11.42432780107817,44.48546358402435],[11.424038653230747,44.485712227286264],[11.423975136143818,44.485796967047015],[11.423930662591854,44.48585631121158],[11.423943054309293,44.48588980777407],[11.423943196620383,44.48588990378057],[11.423943223985944,44.48588995721498],[11.423971617161422,44.485909313021644],[11.424020716146295,44.48594277730447],[11.424058819021772,44.48604713637263],[11.424122894352523,44.486136098605634],[11.424152222851891,44.48617680664156],[11.424152392529928,44.486176956082126],[11.424213271543646,44.48623065999634],[11.424213441221996,44.48623080943681],[11.42432354199932,44.48632790471211],[11.424379371788719,44.48642817811404],[11.424412714216746,44.48648804835747],[11.424536707246281,44.48665420427934],[11.424656129354704,44.486823842124764],[11.424656298663118,44.486823982569824],[11.424853525488311,44.48699687393265],[11.424853695543423,44.48699703236672],[11.424908348421564,44.4870491576714],[11.424908518849847,44.48704932510006],[11.424981582957475,44.48708658309792],[11.425105992239953,44.487148650667244],[11.425277648091592,44.48723221174338],[11.425503869107024,44.48730448523928],[11.42569982515546,44.48729651321043],[11.42583901897603,44.487331141016924],[11.425990512947072,44.487371241887644],[11.42607097645009,44.487392515385],[11.426123840797471,44.48747455769011],[11.4261238548547,44.487474593401664],[11.427277402090576,44.48926680927178],[11.426439421885377,44.489549084866646],[11.424823125432907,44.49013091348588],[11.424781504270706,44.49014504941542],[11.424661250550836,44.49018580174998],[11.42464561740023,44.490190950194894],[11.424609188907917,44.49020353535114],[11.424551831337178,44.49022275880973],[11.4245229605751,44.49011912214656],[11.424465030676012,44.48991124061887],[11.424465029557503,44.48991121363488],[11.424249807290472,44.48939751504036],[11.424073305114723,44.48897621548275],[11.4240681126711,44.488963812160335],[11.424065489828449,44.488957575054],[11.420018140887594,44.48972742337985],[11.418044901481391,44.49037044111751],[11.41727551942721,44.49062081250945],[11.417275533108176,44.49062083922748],[11.417892064199794,44.491502350046794],[11.417892090819041,44.49150238549327],[11.4184765723277,44.49231583720267],[11.418482284627283,44.49232380049185],[11.418483405270669,44.49232535220002],[11.418557345339863,44.492427828406264],[11.418557359021868,44.492427855124106],[11.418580960669397,44.49246056556956],[11.41844576828618,44.49250282520132],[11.41842521866821,44.49250924729087],[11.418414900433902,44.49251247275814],[11.421657008158494,44.496131697174114]]],"type":"Polygon"},"properties":{"codice_area_statistica":70,"geo_point_2d":{"lon":11.414025197926911,"lat":44.49041279330389},"area_statistica":"STRADELLI GUELFI","cod_quar":14,"quartiere":"San Donato - San Vitale","cod_zona":"T","zona":"S. Vitale"}},{"type":"Feature","geometry":{"coordinates":[[[11.25216113674027,44.55451974878414],[11.252105620087045,44.55458650839544],[11.251876572115883,44.5548619035775],[11.251693425063346,44.55508208074523],[11.251246963904295,44.55561878463231],[11.251101922136627,44.555386805325846],[11.250479787485835,44.55435139526958],[11.250303625475922,44.554047171046975],[11.250230103462782,44.55407019036129],[11.250215884128094,44.5540459027865],[11.249115604612824,44.55440560345963],[11.249014480205325,44.55443867247001],[11.248887758077169,44.554477269077125],[11.245064941286362,44.55564175650936],[11.243395336780502,44.55318277354002],[11.243376363748668,44.553147082312044],[11.243051194838962,44.55258128999028],[11.242952582504731,44.55241993090067],[11.242182618976608,44.5512284939924],[11.241829067286282,44.55068359217725],[11.241307662792366,44.54989173280791],[11.240578642404513,44.548781223619464],[11.240054213261056,44.54797852458262],[11.239819874034069,44.54762600154178],[11.239827784263461,44.547605770706554],[11.239940602196306,44.5473343005514],[11.239888629984682,44.54726297602539],[11.23988860275472,44.547262922544526],[11.239892034249785,44.5472545818932],[11.2398429255613,44.54719095233422],[11.239006210677697,44.54624197136377],[11.238784427349836,44.545975227983426],[11.238471041006445,44.54559626340253],[11.238465110777978,44.545587701249815],[11.23846244523096,44.545583189236005],[11.23832705783101,44.54535573030154],[11.238274515434195,44.54524119505661],[11.237995640747014,44.54478043965793],[11.237940632116972,44.54467870918221],[11.237842647084097,44.54451688304128],[11.237731183677026,44.54431507070852],[11.237648319201192,44.54415654900472],[11.237581151044708,44.54399042752521],[11.237532206629588,44.543820248768114],[11.237507959490399,44.5437163936946],[11.237417424049186,44.54348905377104],[11.237332719482156,44.5433120226675],[11.237055668975602,44.54285275950514],[11.236969316200938,44.5428757876718],[11.236955858411608,44.5427610890508],[11.23692839545129,44.542655397317844],[11.236854928205949,44.5425021823988],[11.236663504807291,44.54208292209192],[11.236508553671118,44.54181030036193],[11.236336787366174,44.54149102359632],[11.236320298337326,44.54145949565089],[11.236224467243503,44.54130499891522],[11.236202068153357,44.541268698348],[11.236069022913059,44.54116697410389],[11.236039061813418,44.5411356829943],[11.235818661887023,44.54090385436321],[11.235594998272504,44.54063802361894],[11.235551899021832,44.54058641887622],[11.235524166862968,44.540548890234376],[11.235492478810945,44.54050535333854],[11.235423530615625,44.54041739835348],[11.235411130708403,44.540403228108794],[11.235363450712677,44.54034835504671],[11.235190513367856,44.53998208816574],[11.234986013680125,44.53946958956142],[11.23489224605597,44.53921063083042],[11.234852360495527,44.539100212338134],[11.234751780789866,44.538794123514066],[11.23474254251625,44.53877144692006],[11.234678699539936,44.538614198014066],[11.234532276805295,44.538303100697135],[11.234532156377936,44.53830291400109],[11.234532087637987,44.538302762303466],[11.234507988069426,44.53826505426506],[11.234430990504098,44.53814458599328],[11.234399762843802,44.538095260135606],[11.234347466718015,44.53801243407135],[11.234331320516201,44.5379868497887],[11.234319503467308,44.537967824645825],[11.234296406599073,44.53792999790754],[11.234240290353986,44.53783877517048],[11.234239913746812,44.53783814336102],[11.234237490095012,44.537834013617676],[11.234208637234788,44.5377868738562],[11.234202096573098,44.53777613580087],[11.234088501999926,44.53759063798826],[11.234072042350396,44.53756376343573],[11.233998608015257,44.53741168922923],[11.23395941679997,44.537330199970135],[11.233927764410154,44.537277974467905],[11.233887861875605,44.537211776412306],[11.233789641028567,44.53707078308482],[11.23372805467,44.53700334380064],[11.233685299890247,44.53694680719176],[11.2336239408182,44.53686522941438],[11.233371708985851,44.53650665076734],[11.233202673003138,44.536286523594434],[11.233053787502573,44.536049887447945],[11.23289184405711,44.53578442829891],[11.232889791424967,44.53576958724619],[11.232888201943219,44.53575665467575],[11.23263716047369,44.53526796431616],[11.232622950072226,44.53524029834346],[11.232606088748929,44.53520748974655],[11.232605122878745,44.535205600097264],[11.233095517007916,44.535064148038295],[11.233744261933337,44.53486522913437],[11.23449724634963,44.534611817400766],[11.234797255011566,44.5344984093053],[11.235201605182496,44.53433311937817],[11.235648416820343,44.534127664346656],[11.235997099613833,44.53394510557821],[11.236416756379217,44.5337008382887],[11.236903310475277,44.53338443560128],[11.237573340064804,44.53288085480764],[11.237924320764602,44.5325671140024],[11.238217771512774,44.53228334423444],[11.23832326956144,44.532165881108796],[11.238558701322594,44.53189898448516],[11.2387862092746,44.53161651531447],[11.23906789915591,44.531217579320774],[11.23942381220493,44.53074637255649],[11.239611293203687,44.530493522061064],[11.23978120065467,44.53040995787006],[11.239820354335123,44.53040045719095],[11.23996305498457,44.530339950911596],[11.24002713216216,44.53025279127109],[11.240185674974592,44.53010198437527],[11.240334813352453,44.529979989923945],[11.240605075377502,44.529775747388165],[11.240843518687688,44.52962034644922],[11.241030648367103,44.52950063018317],[11.241076213248592,44.52948013713596],[11.241136979260999,44.529471409058985],[11.241227511509035,44.5294696316926],[11.241297037490988,44.529469779109405],[11.241338505034117,44.52945238225613],[11.241364033183928,44.529403654381525],[11.241373654089621,44.52932508928759],[11.241365479479265,44.52927702312979],[11.241338885820696,44.529242876448066],[11.241281664619041,44.52921540780432],[11.241425539545581,44.529153148142775],[11.243911813074579,44.52810846008602],[11.244177329985217,44.5279981088966],[11.243972978625608,44.5278336702491],[11.243845054753365,44.52773211526558],[11.243214766356674,44.52682873569862],[11.242697926903915,44.52603958982939],[11.242480968440983,44.5256972265756],[11.242347374094637,44.525507412188134],[11.24228863257248,44.52543467303985],[11.242171373546183,44.52529534799747],[11.241957272190419,44.5250994261716],[11.241685245882769,44.52485230055334],[11.241111673847549,44.52437401222834],[11.240942118425073,44.524217239308115],[11.240774845917288,44.524008080455474],[11.240698486534766,44.52381252230282],[11.240695366934263,44.52361863244176],[11.240735738641375,44.5234260945433],[11.240774107908303,44.52333950202056],[11.240837236200669,44.52320255831547],[11.240433733345174,44.523073495169456],[11.240462637636583,44.523044272753694],[11.240516456682936,44.52299008338762],[11.240528371509274,44.52297821823525],[11.240548044096242,44.52295863867299],[11.24056618769661,44.52294086262062],[11.240615363081922,44.522887655601274],[11.240964341731239,44.5230151327015],[11.241959048133522,44.523367308445515],[11.242070111323358,44.52340694408241],[11.244932844653837,44.524432331825295],[11.245120271777804,44.52449946897516],[11.246281517567827,44.52491286178177],[11.246478753101732,44.524983656784045],[11.248155167168537,44.52559488640932],[11.249440289903161,44.52605443910334],[11.249577983444224,44.526106272266446],[11.24969818428213,44.52615155403818],[11.249866375164412,44.52609633064615],[11.250094452507927,44.52618971110431],[11.250131491361866,44.52619272610476],[11.250173059664098,44.526207805258686],[11.251484437270282,44.52667745835166],[11.254524199822582,44.52778205344711],[11.256134498877993,44.528447478122736],[11.256537015134555,44.52855922917058],[11.257217414012892,44.52876132568972],[11.258083747271515,44.52898649596848],[11.258290380802482,44.529040204802435],[11.258650416258382,44.5291030856727],[11.258723269937374,44.52907636504168],[11.259075723629483,44.52895489636178],[11.259555269318604,44.5287813070229],[11.260025489471975,44.52861364391488],[11.260582944565355,44.52841408388587],[11.261043796894693,44.528248402589824],[11.261713675676917,44.52800457734277],[11.262057595604425,44.527884051732265],[11.262375315708269,44.52776945485292],[11.262635185512284,44.52767833004766],[11.263481557758366,44.52737490118839],[11.263895567964921,44.527227449029816],[11.263941693870333,44.52721096886267],[11.26408820135205,44.527158612229364],[11.26415761590721,44.52713322569073],[11.264080388603508,44.527020019877995],[11.264002630204923,44.526912910267875],[11.263900966658152,44.526772812202275],[11.26372918033184,44.526519961263205],[11.263671153452847,44.52643455239894],[11.265828821082943,44.52566965167675],[11.267289601006421,44.52513085150584],[11.269335152012651,44.524399358947605],[11.272484489235817,44.523284580590555],[11.273353398871711,44.52297761383796],[11.273624474827498,44.523394362962584],[11.273696346549398,44.52351220631985],[11.274968061466232,44.52304400723579],[11.276878160976706,44.52234069081225],[11.279089734321328,44.52151014049579],[11.279886979846868,44.52125983034992],[11.281792639967588,44.52067911698574],[11.283923392843157,44.5200325610991],[11.284006533604634,44.52013890134151],[11.284392773102521,44.52056731073685],[11.284240488110797,44.52062388724949],[11.284316103278188,44.520720835132266],[11.283215043901771,44.52114751855145],[11.282331349459117,44.52154429646202],[11.282362757244082,44.52159550523104],[11.282046772968412,44.52175333541855],[11.281603423255191,44.522000594085846],[11.281070594877288,44.52240370875316],[11.280453892446726,44.522862367755344],[11.27986348245925,44.523443617220465],[11.279606871461699,44.52378448306839],[11.279446581317568,44.52401648371725],[11.27914363855843,44.524089799519814],[11.278920994298911,44.52414829577578],[11.277655561366918,44.52448078107297],[11.275941747201989,44.525100911660196],[11.274843570905816,44.52554098742602],[11.273531229635873,44.526042178229744],[11.272394695247586,44.52648283226536],[11.269274150284799,44.52766322212645],[11.268142530772579,44.52810373601913],[11.266630359789433,44.52864826666507],[11.265480078833479,44.52895971301217],[11.26553307333471,44.529033994616064],[11.2656832086343,44.52924446533676],[11.265778302879381,44.529377850208675],[11.266011321382779,44.52969591228147],[11.26613830998409,44.52986924720981],[11.26675349985806,44.53071599314427],[11.267197182301924,44.531341690575616],[11.267328240953205,44.53153117488465],[11.267508156919975,44.531890187752346],[11.267634110668887,44.53218120474554],[11.267695405374043,44.53243897229858],[11.267762746083797,44.53277432064357],[11.267781588935188,44.53299057448791],[11.267809879194372,44.533029722690955],[11.267958450502746,44.53316020675884],[11.268159611851239,44.53329503825254],[11.269066068880809,44.53222668865907],[11.269190330991385,44.53235926578226],[11.269843890695396,44.53339025218667],[11.270562609029872,44.53445267191317],[11.270501440270737,44.534482786701325],[11.270501413019453,44.534482733228096],[11.270493759363658,44.53447039893323],[11.270117709504085,44.53388174755583],[11.269847871927547,44.53346743283226],[11.269466804753472,44.532872397144835],[11.26917758980799,44.53244856319944],[11.2690918219086,44.532553311155866],[11.269086739650078,44.53254559796996],[11.269056507779228,44.532499250630394],[11.268497694456679,44.53322306096136],[11.26841183518148,44.533334265033936],[11.268387857603637,44.53336534113326],[11.267569992251286,44.53442465138625],[11.267457801558402,44.53456995723707],[11.267425661731574,44.53461159318789],[11.266360327359568,44.53599173577666],[11.266089878118633,44.53639390060991],[11.265967629112813,44.53657568484875],[11.26587623636824,44.53667200757746],[11.265744765315088,44.536811752720546],[11.265709144316856,44.53685748140322],[11.264354922482326,44.538603817706765],[11.264194790633471,44.53881031616545],[11.264177456747516,44.53883268016884],[11.264160021599784,44.53886476891514],[11.264076014650989,44.53896345538988],[11.263891981068642,44.53920055894171],[11.263667304158194,44.53957410031188],[11.26357242966325,44.53966849163666],[11.263279475860076,44.5399598965598],[11.262890370136622,44.540565558634505],[11.262828389003483,44.54066202505002],[11.262707140316547,44.54080578617531],[11.261901744339838,44.54176067531494],[11.261219652919307,44.54267443239982],[11.261119900002546,44.542888165784746],[11.26109033046257,44.542951544117635],[11.261076545371763,44.54298109338472],[11.261045272827202,44.543046981131994],[11.260944981227192,44.543057970063735],[11.260396245368169,44.5437580975215],[11.260357233004731,44.54380780774319],[11.260177283536228,44.544068906044],[11.25990432904336,44.5444649476526],[11.259446355428837,44.54500956444003],[11.258857337415133,44.54570999546369],[11.25872164154094,44.54590970074669],[11.258678692293104,44.54597291104227],[11.258660822340195,44.545998120588315],[11.258453838962403,44.54629001746874],[11.258081839404985,44.54681462557032],[11.25801458117663,44.54687592178415],[11.2579663526182,44.54692115015757],[11.257692883538244,44.54717341719324],[11.25756038798804,44.54734766164245],[11.256746472995793,44.54841647391946],[11.2566013843629,44.5487057213284],[11.256559469037292,44.54878927406879],[11.256459848289083,44.54889084717301],[11.256305130260227,44.54904861364584],[11.25609294595949,44.54936416851908],[11.256055135488264,44.549420407314585],[11.25575721734565,44.54980283412399],[11.254654558429486,44.55121823484843],[11.2543178047946,44.55165046154822],[11.253977484606503,44.552087285916514],[11.253740165657108,44.55239189936419],[11.253539149473871,44.552662801434685],[11.252644432035213,44.55386850459355],[11.252616070012506,44.55389797133905],[11.25216113674027,44.55451974878414]]],"type":"Polygon"},"properties":{"codice_area_statistica":2,"geo_point_2d":{"lon":11.251711550199072,"lat":44.53773950697039},"area_statistica":"VIA DEL VIVAIO","cod_quar":11,"quartiere":"Borgo Panigale - Reno","cod_zona":"C","zona":"Borgo Panigale"}},{"type":"Feature","geometry":{"coordinates":[[[11.356958208838321,44.510805559483124],[11.357204103349453,44.511307425314584],[11.357296555352875,44.51149565925219],[11.357624355574936,44.51216301923213],[11.35787638594911,44.51267634307215],[11.357894397166316,44.51271113503263],[11.35854952872293,44.5140501721969],[11.358822802551227,44.5146087158318],[11.359505443826654,44.51601595815237],[11.359628528676227,44.516263513884574],[11.359702258959501,44.516400260004694],[11.359751139412078,44.51648465678045],[11.36020082641934,44.517171140243775],[11.36036766469092,44.517425820753076],[11.360687622293248,44.51794930164212],[11.360779007534623,44.518110258882515],[11.360807644909864,44.5181606930866],[11.360832164206784,44.51820387537235],[11.359648398539694,44.518834583150266],[11.357217762148442,44.519889819107114],[11.35724243230593,44.51992867781642],[11.356357298006639,44.52023904921809],[11.355184180610118,44.5206503866962],[11.353919408824813,44.52107187547409],[11.35375458092725,44.521116253867575],[11.353379999235646,44.52121962902755],[11.353098634786866,44.521310530447806],[11.352812202711497,44.52140528968601],[11.35253724327893,44.521484048305275],[11.352190782637797,44.521584337301434],[11.352069737189368,44.52162327379193],[11.351927288652517,44.52167037532061],[11.350811716700942,44.522036306616926],[11.34958231573625,44.52243956288365],[11.348380486204507,44.522788466465045],[11.34833450333558,44.52267257738464],[11.348292123118055,44.522562411811336],[11.348246919190533,44.522425818814334],[11.348211435217067,44.52225491519685],[11.348189352184452,44.52204798678121],[11.348193356054079,44.52147977162442],[11.348237288034742,44.52090250673032],[11.348292818521466,44.52055029197675],[11.348305374659589,44.520349240808635],[11.348250013876905,44.51999901013603],[11.347809032990043,44.517344756816094],[11.347754200274766,44.51691292473374],[11.34770741855593,44.516484158934134],[11.347710737125691,44.515851742192474],[11.347725362054828,44.515434677078844],[11.347684668603938,44.51504748580428],[11.347665618470652,44.51495287360951],[11.347564889422094,44.51465349453979],[11.347403339136761,44.51409972045952],[11.34737935465908,44.51401442829145],[11.3473049856147,44.51370372182501],[11.347185776217756,44.51324044367112],[11.347119781892713,44.51298815350532],[11.34703974579999,44.51264591033759],[11.346891498287773,44.51200861516785],[11.346871856976255,44.51195593087498],[11.347550123329626,44.51186335595305],[11.348809736184535,44.51168322214089],[11.349343013337398,44.51161202100675],[11.350447600188135,44.51145969055649],[11.351481992583587,44.51131897729632],[11.352912235401844,44.5111204739315],[11.353450644442374,44.51104574484047],[11.35588927934244,44.51070751305537],[11.35595690858299,44.51070235422159],[11.35687729108609,44.51063186931164],[11.356958208838321,44.510805559483124]]],"type":"Polygon"},"properties":{"codice_area_statistica":15,"geo_point_2d":{"lon":11.353169364400062,"lat":44.516272309364965},"area_statistica":"VIA FERRARESE","cod_quar":12,"quartiere":"Navile","cod_zona":"B","zona":"Bolognina"}},{"type":"Feature","geometry":{"coordinates":[[[11.373379743889597,44.50173492173857],[11.373209324775194,44.50178179424998],[11.373050191614379,44.50184144060366],[11.37176382043615,44.50226935674712],[11.371211765227242,44.502446103822926],[11.370677042116272,44.502617293792895],[11.369531652552963,44.502991527286476],[11.369091647997958,44.50313242154844],[11.368404669481501,44.50334848755265],[11.368275916367152,44.503423278416435],[11.368189646910135,44.50349441498632],[11.368038919486823,44.503715863185555],[11.367618850382446,44.50375066604186],[11.367254260290764,44.50379611922204],[11.366773104452404,44.50391763813657],[11.366541067133793,44.50396813689542],[11.36634211147324,44.50400925292997],[11.366221322756429,44.50402916775655],[11.366094098112864,44.50404050136966],[11.36594248961243,44.50405017061045],[11.365799729754256,44.50405312939916],[11.36565967292775,44.50404734451286],[11.365513004212884,44.504028624738936],[11.365366059528212,44.50400339263448],[11.365258906551492,44.5039807028136],[11.365127331972795,44.503945771250095],[11.36496466189191,44.503895630240635],[11.363959470953855,44.503385299411626],[11.363190900276265,44.50298848119315],[11.362380630537583,44.502568087753815],[11.362158908283256,44.502451042336496],[11.36205388128451,44.50239898412596],[11.361826860397576,44.50227249597008],[11.361683599508451,44.50218914330808],[11.361569386604375,44.50210864651472],[11.361489200015576,44.50203435967777],[11.361388896952603,44.50193976499891],[11.361318350637777,44.501865269615],[11.361226991920404,44.501753231838734],[11.36108464679414,44.50157319884807],[11.36093719800249,44.50138637525901],[11.360900384507099,44.50133884683896],[11.360866849118082,44.5012955538399],[11.360796725743716,44.50120501579458],[11.360867018179093,44.501156748665395],[11.360925193108853,44.50113330913625],[11.361323737481637,44.500963019327784],[11.3615899117822,44.50084506185976],[11.361912440128734,44.500701918900575],[11.36235076985893,44.50050495590426],[11.36311814553064,44.50016479996369],[11.363370184570243,44.50005488216788],[11.363601640929145,44.49995547287817],[11.36399637629565,44.49979403008926],[11.364609557446487,44.499545030388944],[11.364861871373137,44.499442665759176],[11.36542099682337,44.49921609963175],[11.365493118174713,44.49919920172954],[11.365563439992098,44.49917140294387],[11.365680048622963,44.4991242706235],[11.367324289276903,44.498459850314525],[11.368484519353528,44.49798645558777],[11.36912836614576,44.49772720753496],[11.369664759576132,44.49750788929268],[11.369843843477957,44.49743513981487],[11.370561578029351,44.49714214747316],[11.37064910315831,44.49725648108774],[11.371091355487563,44.497080991151904],[11.372088950753456,44.496681553947106],[11.372731722469592,44.49642569283039],[11.373157657940153,44.49625445914907],[11.373371887425417,44.496168342842005],[11.374048880009791,44.49589872705251],[11.374422623575438,44.495747659543426],[11.374633386808734,44.495667338602864],[11.37467095171943,44.49565358443992],[11.374706581500002,44.495637088724244],[11.374706239167704,44.49570206745941],[11.374711431692498,44.495829318924216],[11.374717341913527,44.49594388882777],[11.37472677719046,44.496086104336136],[11.374743619909223,44.49627165719733],[11.374764721391884,44.496462964126756],[11.374799755322412,44.496737174020126],[11.374827793508437,44.49695030290314],[11.374888052959628,44.49740583100382],[11.374929913739601,44.49773660601716],[11.374962756265308,44.49799026350657],[11.374984163737242,44.498155618556716],[11.375041667075772,44.49857078227366],[11.375087373280467,44.49890327767866],[11.375100519221057,44.49896462678259],[11.375098440038109,44.4990391663489],[11.375105850186012,44.499119405160634],[11.375119959797,44.499219031161374],[11.375137941264565,44.49938610490721],[11.375148351376561,44.49945348863437],[11.375235391748607,44.49972124162751],[11.375285339743124,44.500107006885614],[11.375394061745013,44.500940606395],[11.375438322195428,44.50128261133437],[11.375479504741243,44.50160085948648],[11.375238919802781,44.50160434434156],[11.375175780758699,44.501608259849824],[11.375125597477501,44.50161060938594],[11.375065563000453,44.50162034791872],[11.374932475953614,44.5016541037336],[11.374770360646567,44.50170314648448],[11.37468095383766,44.501730231642846],[11.374613031309398,44.50175698684445],[11.3742818300842,44.501907413097996],[11.374234734676634,44.50192633476744],[11.374187374422695,44.50193873506187],[11.373915258868434,44.501972131267294],[11.37373670617649,44.5019893932078],[11.373681136187617,44.501701980334104],[11.373379743889597,44.50173492173857]]],"type":"Polygon"},"properties":{"codice_area_statistica":49,"geo_point_2d":{"lon":11.36910214537296,"lat":44.50037968514607},"area_statistica":"VIA MONDO","cod_quar":14,"quartiere":"San Donato - San Vitale","cod_zona":"Q","zona":"San Donato"}},{"type":"Feature","geometry":{"coordinates":[[[11.348305374659589,44.520349240808635],[11.348292818521466,44.52055029197675],[11.348237288034742,44.52090250673032],[11.348193356054079,44.52147977162442],[11.348189352184452,44.52204798678121],[11.348211435217067,44.52225491519685],[11.348246919190533,44.522425818814334],[11.348292123118055,44.522562411811336],[11.34833450333558,44.52267257738464],[11.347976899737729,44.52279247428749],[11.347813204295631,44.52284741679172],[11.347678571106554,44.522892506744554],[11.34752499904166,44.52293947143651],[11.347462230562938,44.52296043281203],[11.347347159824672,44.52299444306198],[11.347239539885535,44.52302817395387],[11.347148149738407,44.52304585258859],[11.347088583916966,44.52306040111124],[11.34702349187973,44.52307960050815],[11.346950838366377,44.52309977456293],[11.346886166691611,44.52310876535386],[11.346819149926104,44.523122656692685],[11.346748630647001,44.52313707012453],[11.346684209349892,44.523149476621185],[11.34660775160797,44.523163291842295],[11.346530240990784,44.52317595832424],[11.346459990390949,44.523187665290656],[11.346388535904627,44.5231975964504],[11.346331924522724,44.52320425163406],[11.346277220810784,44.52321140773221],[11.346222326328927,44.523216947266775],[11.346148399733545,44.523224858500875],[11.346027982838425,44.52323732617414],[11.3459451392199,44.523242539722155],[11.34586156682297,44.52324840736742],[11.345768035769032,44.52325384041666],[11.345670078719515,44.5232587341593],[11.345538578860234,44.52326188635624],[11.345401552028148,44.52326497190959],[11.34531810360527,44.52326452582441],[11.345262320673728,44.523263610319795],[11.34519307299152,44.52326269233594],[11.34511783997992,44.523260006736955],[11.345036697466254,44.52325744248798],[11.344949591295032,44.523253650306934],[11.344855069802431,44.5232469495157],[11.344729390905524,44.52323836792313],[11.344585535620208,44.52322494704652],[11.344515381368483,44.52322464143926],[11.344475340987955,44.52321150085327],[11.34433139681482,44.523154779232854],[11.343561639181143,44.52301339161413],[11.34267550995043,44.52271003657436],[11.341467736956934,44.52223107000398],[11.339863558263959,44.52163310970506],[11.339005936383204,44.52131977906537],[11.338263456984013,44.52100886382449],[11.337543337606226,44.52073422526542],[11.336846027872788,44.52040552301696],[11.336728242639888,44.520332042660726],[11.336589835354605,44.520245696530736],[11.336374339698102,44.52030902900409],[11.336107413130176,44.52014221908368],[11.335738328248286,44.51983727514719],[11.335382898070323,44.519491674199635],[11.33524506840923,44.51935765509334],[11.33493895154417,44.518961862963415],[11.334823215660249,44.51879845720936],[11.334617385369313,44.518446345899164],[11.334485703069495,44.518149875073675],[11.334392241137662,44.51781070659908],[11.33435346338069,44.51737324620619],[11.334316206280311,44.51705919772059],[11.334474304374053,44.51705855739537],[11.335640158297144,44.51705608131149],[11.33575029258474,44.51705199131956],[11.335962134860909,44.51704359633824],[11.336016772861045,44.51703616745129],[11.336079532556527,44.51703077795822],[11.336117897008272,44.51702921862315],[11.336203034480771,44.516889593126066],[11.33630000140287,44.51675443379375],[11.336448429020338,44.51656827492406],[11.336627642790518,44.51630560314253],[11.33671244066256,44.51617767852436],[11.337128400419408,44.515596339361686],[11.337334340343503,44.51529547955726],[11.33744208284019,44.5151366739349],[11.337581004559324,44.5149370153079],[11.337728951366682,44.51472583746169],[11.337820534751136,44.51462800362461],[11.337922685217446,44.51452573109282],[11.338086606682117,44.51438872177386],[11.338339232412514,44.51421216548405],[11.339292525488794,44.51357639078796],[11.339455903686712,44.51349353201375],[11.339595128720958,44.5134478624674],[11.339730678166264,44.51341755443429],[11.340585338125976,44.51330476862793],[11.340954277013022,44.513255323411386],[11.34133283690895,44.51320548161335],[11.341436247051956,44.513177262149036],[11.341596906045096,44.51312178785245],[11.341492425775984,44.51269587725128],[11.34242675066293,44.51256834480706],[11.34246840875305,44.512563969969655],[11.343383874641269,44.51244157903187],[11.34417602164918,44.51233350657437],[11.345233180735214,44.51219063597509],[11.346871856976255,44.51195593087498],[11.346891498287773,44.51200861516785],[11.34703974579999,44.51264591033759],[11.347119781892713,44.51298815350532],[11.347185776217756,44.51324044367112],[11.3473049856147,44.51370372182501],[11.34737935465908,44.51401442829145],[11.347403339136761,44.51409972045952],[11.347564889422094,44.51465349453979],[11.347665618470652,44.51495287360951],[11.347684668603938,44.51504748580428],[11.347725362054828,44.515434677078844],[11.347710737125691,44.515851742192474],[11.34770741855593,44.516484158934134],[11.347754200274766,44.51691292473374],[11.347809032990043,44.517344756816094],[11.348250013876905,44.51999901013603],[11.348305374659589,44.520349240808635]]],"type":"Polygon"},"properties":{"codice_area_statistica":14,"geo_point_2d":{"lon":11.342507653464052,"lat":44.51779833979365},"area_statistica":"ARCOVEGGIO","cod_quar":12,"quartiere":"Navile","cod_zona":"B","zona":"Bolognina"}},{"type":"Feature","geometry":{"coordinates":[[[11.275349499180484,44.532245192663254],[11.27493371151583,44.5330412468074],[11.274227772930066,44.53475122034187],[11.273646321304295,44.535896573327534],[11.27314283770616,44.53664975059454],[11.272891095444628,44.53710066781318],[11.272608142507671,44.53747418082307],[11.272266358953717,44.537906030251605],[11.272253573316267,44.53788927896149],[11.271867337888368,44.537366644958325],[11.27079304597024,44.535932543870764],[11.27059323061047,44.535655648270115],[11.27033493632111,44.535308705277394],[11.27025830729711,44.535205988863275],[11.270225502922964,44.53514209305072],[11.270231529621624,44.535105125805515],[11.270562392988918,44.53495506291627],[11.270562689930985,44.53495493097451],[11.27066155466095,44.53492383228625],[11.270707129049052,44.53487558140581],[11.270714396801615,44.534826192951215],[11.270501440270737,44.534482786701325],[11.270562609029872,44.53445267191317],[11.269843890695396,44.53339025218667],[11.269190330991385,44.53235926578226],[11.269066068880809,44.53222668865907],[11.268159611851239,44.53329503825254],[11.267958450502746,44.53316020675884],[11.267809879194372,44.533029722690955],[11.267781588935188,44.53299057448791],[11.267762746083797,44.53277432064357],[11.267695405374043,44.53243897229858],[11.267634110668887,44.53218120474554],[11.267508156919975,44.531890187752346],[11.267328240953205,44.53153117488465],[11.267197182301924,44.531341690575616],[11.26675349985806,44.53071599314427],[11.26613830998409,44.52986924720981],[11.266011321382779,44.52969591228147],[11.265778302879381,44.529377850208675],[11.2656832086343,44.52924446533676],[11.26553307333471,44.529033994616064],[11.265480078833479,44.52895971301217],[11.266630359789433,44.52864826666507],[11.268142530772579,44.52810373601913],[11.269274150284799,44.52766322212645],[11.272394695247586,44.52648283226536],[11.273531229635873,44.526042178229744],[11.274843570905816,44.52554098742602],[11.275941747201989,44.525100911660196],[11.277655561366918,44.52448078107297],[11.278920994298911,44.52414829577578],[11.27914363855843,44.524089799519814],[11.278897457122499,44.52447497313444],[11.27885312975058,44.524486102941516],[11.278689282876915,44.52452992114489],[11.277948156614633,44.52597839582803],[11.2776699286581,44.526698515846604],[11.277333998337056,44.527305453892765],[11.276982324419336,44.52796325423274],[11.276890071015867,44.52827046072056],[11.276856552852404,44.52838205863883],[11.276807904612713,44.52890881366735],[11.275349499180484,44.532245192663254]]],"type":"Polygon"},"properties":{"codice_area_statistica":3,"geo_point_2d":{"lon":11.272377456032672,"lat":44.53034883813196},"area_statistica":"BARGELLINO","cod_quar":11,"quartiere":"Borgo Panigale - Reno","cod_zona":"C","zona":"Borgo Panigale"}},{"type":"Feature","geometry":{"coordinates":[[[11.303372529360972,44.50128316846527],[11.30322002792151,44.5013462566606],[11.303064700899373,44.50140212757259],[11.30222440810295,44.501618475363195],[11.300705086318867,44.50200620239707],[11.29984724992578,44.502225343942456],[11.299547366035108,44.502306088590984],[11.29878871546655,44.50251035944499],[11.298361381851437,44.50262808425712],[11.298149093241609,44.502689542568646],[11.297797493044195,44.502786988226354],[11.29629874066274,44.50323201203797],[11.29577669161999,44.503388650968645],[11.295059879214515,44.50360383096267],[11.294728516918902,44.50370212063587],[11.294374492677731,44.50380797685812],[11.293441030374964,44.504090680918395],[11.293162248414324,44.50417236221179],[11.292644205802773,44.50432797904544],[11.291587291444253,44.504642387568744],[11.291482192445757,44.50446214109392],[11.29132775310761,44.50418936610607],[11.291195238148207,44.503955023992475],[11.291109058524526,44.50377759334149],[11.29105097640757,44.503624733920745],[11.290995679832246,44.503432198214924],[11.29096250167151,44.503205395901695],[11.290976664537174,44.5025115979598],[11.290984682603334,44.502045580525845],[11.290991518084219,44.50179337108464],[11.291005954480438,44.50126001151671],[11.291001802468537,44.50115404443139],[11.290988613755895,44.50106945978157],[11.290972603917563,44.50097611821791],[11.290965257864192,44.500944657578394],[11.290915187047057,44.50079616554435],[11.290902879688671,44.50073984930644],[11.290889642151571,44.500659469825635],[11.290774592149091,44.50046353272372],[11.290530992773293,44.50003814232193],[11.290265438235778,44.49955310860371],[11.290213996771595,44.49945914537202],[11.290049558825867,44.49914991950801],[11.289927409108635,44.498861505334816],[11.289873375816839,44.49869618542484],[11.28980147918385,44.49847619999555],[11.28966743099481,44.497988238789375],[11.289483858018508,44.49734493172829],[11.289348674468764,44.49694477706398],[11.289143506357618,44.49652946085141],[11.289022724497473,44.49625387385709],[11.28900601621588,44.49619719549065],[11.288983447308256,44.49607594203197],[11.28894497104166,44.49601487474101],[11.28887787538107,44.4959344045238],[11.288825820557845,44.49585001365919],[11.288489928917237,44.495163791426855],[11.288104145462412,44.494374894310624],[11.288046263052411,44.49425335814888],[11.288006136751779,44.494157771648965],[11.287959855965363,44.49403217680954],[11.287908542495233,44.4938743815138],[11.287822674377026,44.49349910988974],[11.28780706363035,44.49332253080599],[11.287807820721198,44.49322034520959],[11.28783987173805,44.49306643373079],[11.287890125394497,44.492891712541244],[11.288007717433342,44.49261347127114],[11.288148607053143,44.49263725904523],[11.288295421244088,44.492638880534784],[11.288417090057221,44.49263044586701],[11.289077446514483,44.49240397084423],[11.289165091812363,44.49236110749962],[11.289228807246795,44.49233474858148],[11.289426885215006,44.49199674403224],[11.289448201078562,44.49196037818233],[11.289592180829247,44.49199758808829],[11.28997053781259,44.4921045929381],[11.290249420916858,44.49218068777081],[11.290619881543767,44.49228447290782],[11.29093293889464,44.492371817773254],[11.291172399106552,44.4924390237006],[11.291487066455346,44.49252857637382],[11.29180013536913,44.49261582859532],[11.292002486510347,44.49267351481286],[11.292113867699896,44.492707468902815],[11.292250394108695,44.492750811822894],[11.29239855604131,44.49280221231247],[11.2924958093748,44.49283509934265],[11.292599290109312,44.49287187638156],[11.292694347156953,44.49290744510936],[11.292777293907745,44.49293791845029],[11.292864392782336,44.49297163929341],[11.292990038659488,44.493022942092665],[11.293140092436689,44.49308438651868],[11.293267178940319,44.49314034142038],[11.293365920624097,44.49318229042484],[11.293449803356154,44.49322057672629],[11.293532482366656,44.49326023753865],[11.293610492576041,44.49329630103286],[11.293691275747037,44.49333572073998],[11.293848444506446,44.493414666351455],[11.2939292896691,44.493458865019534],[11.294031255527678,44.493512443022986],[11.29411977200844,44.49355981835472],[11.294221245636784,44.493620076999434],[11.29430709956132,44.4936701074435],[11.294387934216546,44.493717546928224],[11.294456119366624,44.493759298891135],[11.29454977727848,44.49381620332035],[11.29463050730748,44.4938670567168],[11.294706287068514,44.493916758203035],[11.294785647268492,44.49397115903722],[11.294863285588205,44.49402334378257],[11.295035928116802,44.49414716068182],[11.295103909601178,44.494196838628234],[11.295203450419342,44.49427189049631],[11.295285780509253,44.49433784460835],[11.29536814819958,44.49440154725655],[11.295442052295995,44.49446271025023],[11.295520495372202,44.49452094610713],[11.295570049780546,44.49456897773292],[11.295798016684431,44.49475956046064],[11.29611166384706,44.49502125035358],[11.296419143157133,44.49527954343486],[11.296718738672975,44.49552629992766],[11.296906632894062,44.49568915742322],[11.297124448681155,44.49587084909467],[11.297263195127355,44.49598643209246],[11.297401984884024,44.49610310336053],[11.297500251472703,44.49618718142941],[11.297633627156968,44.496298244731605],[11.29842395389473,44.496954666183484],[11.298498780707659,44.49701193747793],[11.298551186169123,44.49705238421971],[11.29862589143957,44.497109756905466],[11.298703659198287,44.49716823821008],[11.29878747173824,44.49723009974187],[11.298857927689332,44.49727855525732],[11.298946398233005,44.497340511922964],[11.299014264898505,44.49738388801158],[11.299138601781001,44.497465819144864],[11.299204700520294,44.4975086905706],[11.29928269617583,44.497557264041845],[11.299363938216144,44.497608103739296],[11.2994436621682,44.49765232104662],[11.299505422701458,44.49768753745756],[11.299645351154794,44.497768973911164],[11.299873017041584,44.49788727269143],[11.3001491118147,44.49803438477451],[11.300651623347408,44.498299899596184],[11.301026306747962,44.49850090162358],[11.302567189056932,44.4993108981587],[11.303866273358695,44.50001774995049],[11.304356217132662,44.50026639707809],[11.305021502693716,44.50062450212509],[11.305094517569941,44.50066711342666],[11.305219195956974,44.50073816486757],[11.305414384080612,44.50085845874348],[11.305616166197442,44.500992834176955],[11.305706327013104,44.50105745218956],[11.305820408826527,44.501138223721135],[11.305764548626124,44.50117530833054],[11.305469925030689,44.50137093425454],[11.305393773355622,44.50140161353121],[11.305296927877562,44.501423969152434],[11.305212286904633,44.50144607823868],[11.304098792504277,44.501357511482155],[11.30397119075513,44.50133740940918],[11.303850390763712,44.5012888027927],[11.303758400589809,44.50123358291502],[11.303657602761616,44.501166486246404],[11.303372529360972,44.50128316846527]]],"type":"Polygon"},"properties":{"codice_area_statistica":37,"geo_point_2d":{"lon":11.294845739904067,"lat":44.498579811670375},"area_statistica":"BATTINDARNO","cod_quar":11,"quartiere":"Borgo Panigale - Reno","cod_zona":"A","zona":"Barca"}},{"type":"Feature","geometry":{"coordinates":[[[11.376371026732404,44.479327551404005],[11.37635578180421,44.47964695692373],[11.37634967956103,44.47984842710092],[11.376340351902854,44.48015624910401],[11.376329423261405,44.48051660757693],[11.3763243348366,44.48067957051371],[11.376307628443463,44.48107260262772],[11.376301373108914,44.48121952920721],[11.376249292486566,44.48251692430778],[11.376246095775414,44.48259642976024],[11.376235396028951,44.482785643987214],[11.376233364402216,44.482884237694186],[11.376106585198393,44.48292796454384],[11.375604978012882,44.48312092310959],[11.374493926980955,44.483548499142735],[11.373423857966857,44.483960330969495],[11.373149682731457,44.48406584296641],[11.372796185535087,44.48420805023015],[11.37258058019062,44.48429361800192],[11.372464986103344,44.484336694203606],[11.372314595468875,44.48439496060203],[11.371425356772987,44.48473947518968],[11.370938821933233,44.484935845163854],[11.370500010511552,44.48509503161679],[11.369874223267114,44.485332459674105],[11.369123900460407,44.485617553954114],[11.368654416460998,44.48497223193357],[11.368300277913699,44.48442832384756],[11.367919793432703,44.48386123928131],[11.36755819508308,44.483322822072324],[11.367166404303825,44.48273762209079],[11.366881728684623,44.48232478717983],[11.366619101638962,44.48191974080184],[11.366242406904428,44.48135660499989],[11.366157347729143,44.48122592189329],[11.366113533030576,44.481169843619135],[11.365659656421384,44.480472438344336],[11.365588694449544,44.480401122882235],[11.365004485787418,44.479515227449646],[11.364911153238292,44.479497976510714],[11.36476633477188,44.47947807399876],[11.364612749692682,44.479478959852855],[11.364466682598938,44.479507192727766],[11.364783641135014,44.47913685897377],[11.364943670203425,44.47893796219311],[11.365303049029997,44.47912446834977],[11.365335888118555,44.47910630485309],[11.365643028803923,44.47902858565136],[11.36638640417919,44.478827364273954],[11.367371465543046,44.478460249585545],[11.367526157456473,44.4783960397627],[11.368074471467594,44.478187104358405],[11.368181189142044,44.47814644036643],[11.368594981715159,44.47798876312199],[11.369554963428197,44.47761718949365],[11.370116100490598,44.47740669070954],[11.370498304308295,44.477251363901026],[11.371335078676228,44.47692483500768],[11.371693672930977,44.47679582310347],[11.371970841117433,44.47670442243051],[11.372206684634529,44.476625268149704],[11.372327733390916,44.47659087435946],[11.37258563577924,44.47654565981708],[11.372725980807365,44.476529463924976],[11.37281218086003,44.47652281978031],[11.37289008128595,44.47652018320383],[11.372979437292912,44.47652036032257],[11.373043290153447,44.47652106753988],[11.37342037771475,44.476551804086085],[11.373969874157213,44.476602315793166],[11.374172044505917,44.476621463958594],[11.374512050927367,44.47664687334297],[11.374568900788116,44.47664975996441],[11.374700852730939,44.476651075246956],[11.374809922329879,44.47664778894882],[11.374897652951823,44.476642920909484],[11.37502766224247,44.476631069409585],[11.37512085251307,44.476621001135534],[11.375243158709276,44.4765940862604],[11.375310056659334,44.47657966749067],[11.375350404720582,44.47657096864244],[11.375456658708648,44.47654292913737],[11.375550580955125,44.476515587288006],[11.375754283434581,44.476439912344674],[11.375938184305243,44.476367394976506],[11.376400203193905,44.476179733240656],[11.376485616393191,44.476145995857486],[11.376483619217844,44.47619899075514],[11.376473462110523,44.476440553028205],[11.376463337330826,44.47673059364034],[11.376451772565973,44.47711459738026],[11.376437651638994,44.47753783363903],[11.376422717602392,44.477923401904654],[11.376406277207959,44.47835114268425],[11.3763894391713,44.478837210562546],[11.376371026732404,44.479327551404005]]],"type":"Polygon"},"properties":{"codice_area_statistica":58,"geo_point_2d":{"lon":11.371435774805452,"lat":44.480627961805666},"area_statistica":"DAGNINI","cod_quar":15,"quartiere":"Santo Stefano","cod_zona":"O","zona":"Murri"}},{"type":"Feature","geometry":{"coordinates":[[[11.27295089233889,44.52234094685407],[11.272993234275107,44.52240720882774],[11.273251504331844,44.52282097293958],[11.273353398871711,44.52297761383796],[11.272484489235817,44.523284580590555],[11.269335152012651,44.524399358947605],[11.267289601006421,44.52513085150584],[11.265828821082943,44.52566965167675],[11.263671153452847,44.52643455239894],[11.263489332623584,44.526166910815846],[11.263357581973064,44.52599237088016],[11.26081018967734,44.522480943529374],[11.259347416874942,44.52300191129751],[11.258961834614395,44.523074720458396],[11.258494672101385,44.5232029056064],[11.258711208426192,44.523107389507345],[11.258851837433165,44.52304536110426],[11.25916211147536,44.522891984390434],[11.2595186277637,44.52270180736985],[11.26014759332477,44.52235361508129],[11.260371192734349,44.52223069623969],[11.260710242227937,44.5220426528414],[11.261009626788283,44.52186795261786],[11.26119034969219,44.52174760986773],[11.261344319759312,44.52163832977603],[11.261490605497773,44.521518767740524],[11.261667019138935,44.52136029373941],[11.261734985971954,44.52129277836013],[11.26181687693465,44.521207567107666],[11.261966073035232,44.52103744243919],[11.262098285638775,44.52086939160756],[11.262282218422099,44.520590610489656],[11.262551464323462,44.5201899900562],[11.263171992038687,44.51924432225674],[11.264172918388354,44.517721685734394],[11.264266031371783,44.51758176659674],[11.26452714100935,44.517171237853546],[11.264680664299298,44.516940175378316],[11.264919498787364,44.51660012755088],[11.265066472747774,44.51641539564058],[11.265247831358579,44.51620464801926],[11.265401859837231,44.51604063462468],[11.265598076764428,44.515837054703404],[11.265807007345273,44.515639172792355],[11.266046774423183,44.515430235407536],[11.266309640247515,44.515226807646094],[11.266509659522598,44.515078921545665],[11.26664147741671,44.51497922063571],[11.266887517045324,44.51481763645647],[11.267376239373847,44.51453030937175],[11.267456375952444,44.5144810760908],[11.267515535483804,44.51445446875831],[11.26774142355914,44.51434500274623],[11.267820952403875,44.51453011809215],[11.26821879651342,44.51491276320852],[11.268723740342866,44.51565214774013],[11.269142690745285,44.51631942728835],[11.269615468175699,44.517058681864526],[11.269939915531111,44.51752698100122],[11.27069270757903,44.51868469229819],[11.270852858351262,44.51894105043128],[11.270883167377697,44.51905591434268],[11.271292516116745,44.51975780241011],[11.271872109395837,44.520657012973736],[11.271922515913447,44.52073787005837],[11.272384990899415,44.52143164768405],[11.272603438215157,44.52178265698773],[11.27295089233889,44.52234094685407]]],"type":"Polygon"},"properties":{"codice_area_statistica":7,"geo_point_2d":{"lon":11.26674861675797,"lat":44.52099847356423},"area_statistica":"DUCATI-VILLAGGIO INA","cod_quar":11,"quartiere":"Borgo Panigale - Reno","cod_zona":"C","zona":"Borgo Panigale"}},{"type":"Feature","geometry":{"coordinates":[[[11.390999594188424,44.489100998622924],[11.39090709536211,44.489137938106936],[11.390145982580849,44.489442328962234],[11.389163565404644,44.48982524901561],[11.388911464472784,44.48992216246467],[11.388941079960821,44.489971371988304],[11.388679304059037,44.49006729905723],[11.388342684858088,44.490193131600215],[11.387958916084692,44.49032948322687],[11.387848928425772,44.49037558160259],[11.387801935193693,44.490396982470564],[11.3877281327985,44.49042865788319],[11.387398746265308,44.49056262772876],[11.386978915362679,44.490728565538724],[11.386330803207594,44.4909898222238],[11.384294815405884,44.49183915977857],[11.384264752022895,44.49180542485187],[11.384234749291688,44.49170900366389],[11.384208117177286,44.491623378184876],[11.384187776386911,44.491550161895816],[11.384172157174389,44.4914940419219],[11.3842165803147,44.49148852277341],[11.383487566320916,44.48923479841263],[11.382867269479037,44.489339115764345],[11.38234733023782,44.48945854826907],[11.381775582272198,44.48958437092767],[11.381624649643557,44.48961181801337],[11.38152461378112,44.489635241212106],[11.381488070431145,44.48964584342859],[11.381390141257267,44.48967467812581],[11.381155124889874,44.48974638889157],[11.381113306653775,44.48975717304011],[11.381070591277279,44.48976445587541],[11.380993681456687,44.48976867984802],[11.380925776068228,44.489769186945196],[11.38082138906071,44.48976142529667],[11.380758061353662,44.48975512989227],[11.380480004314395,44.48970873173021],[11.3803353984789,44.489687701284566],[11.38025830000987,44.489678325786976],[11.38017269581644,44.489673178753534],[11.380112255150236,44.48968065076537],[11.379945687490254,44.489688282838685],[11.379881399423748,44.489691144594794],[11.379621874815776,44.48974165791995],[11.379201527090638,44.48988879850352],[11.379130705918026,44.489900798588046],[11.378943438031492,44.48997186072297],[11.37881235403907,44.49000809107901],[11.378696835192255,44.490034004068704],[11.378563089036545,44.489683133389875],[11.378503693380768,44.48957094740124],[11.378309676062802,44.48923289153214],[11.378201103106528,44.48903707862629],[11.37801277626065,44.488632878689835],[11.377993014312453,44.48858172354424],[11.377947184128983,44.48846318690769],[11.377910136328495,44.48837692163545],[11.377706985278001,44.48781397221274],[11.377694864085731,44.48777782721999],[11.377303574904976,44.48661007648411],[11.377243376673977,44.486490686420666],[11.377224258121615,44.48642469045863],[11.376999244366859,44.485769630244604],[11.376982938266579,44.485678440434214],[11.376985439146612,44.485598238281916],[11.377003994588094,44.4855108058387],[11.377040560651732,44.48542250320784],[11.377080860918715,44.48533511308928],[11.377137615373227,44.485262711725554],[11.377201516300623,44.485198137806215],[11.377282740066955,44.4851365070462],[11.377351656454783,44.485093857936405],[11.3774692408367,44.48502585216841],[11.377600893867944,44.48498190526693],[11.378797633706414,44.48463123209803],[11.379486522805395,44.484432870390826],[11.379742164940994,44.48435518744162],[11.38022345747069,44.4841742296412],[11.381239333016538,44.48367804793513],[11.38139118454859,44.483618244860125],[11.381545880701555,44.48355202640414],[11.381690275384692,44.48350491011261],[11.381865340510686,44.48345438988561],[11.382003707961806,44.48341893128241],[11.382282122434614,44.48334758240641],[11.382693465234649,44.48324836808995],[11.383111725173158,44.4831458119618],[11.383300698895987,44.483096286535755],[11.383601829913072,44.48302670179777],[11.38386908144097,44.48298393130819],[11.383989780081519,44.48294141213462],[11.384123654967487,44.48291951266382],[11.384261772997794,44.482901449541906],[11.384434191513668,44.482879887980026],[11.385437834952738,44.482788311888584],[11.386080957113306,44.482755524161774],[11.386491219342357,44.48273212057806],[11.387429253209842,44.482675370238034],[11.387076267897097,44.481932178833794],[11.386995569965888,44.48185130350543],[11.386085413507912,44.47996760595756],[11.385733730718222,44.479235149959884],[11.387009669591649,44.47876076796192],[11.38804199132951,44.478374229257824],[11.388382822297817,44.47824754409762],[11.38857961389356,44.478175330827725],[11.389108995056835,44.47798039244056],[11.389321643626337,44.477899320551444],[11.39022458700879,44.47755864648466],[11.390666168428837,44.477390845570845],[11.39073771582955,44.47748906895605],[11.390874919296913,44.47768194791276],[11.391213881444854,44.478210718746816],[11.392259457111086,44.479875313461704],[11.392718265271778,44.48062786625469],[11.392903787624922,44.480918650383416],[11.392986094142955,44.48103776685288],[11.39341083398864,44.48172676136692],[11.394682074366473,44.48373695508264],[11.394709104851579,44.48378380468457],[11.394750389045262,44.48385015195645],[11.395798521362078,44.48549408813671],[11.395925103331797,44.48572334708819],[11.395972970584722,44.48605045076233],[11.396019008472956,44.486333183028314],[11.396049569603294,44.486490428950155],[11.39611496269507,44.48665680155215],[11.396240714332754,44.48686630785749],[11.396257930512176,44.48688932617849],[11.396308294091748,44.48696507901736],[11.395837018905414,44.48715597727379],[11.395195695322627,44.48741494531167],[11.394691291126323,44.48761791322558],[11.394509788122665,44.48769767552116],[11.39417356345756,44.487832204522284],[11.393784306381878,44.4879886226178],[11.393725077919726,44.48800995841367],[11.39309941714154,44.48826551631454],[11.392504536505312,44.4884955245044],[11.391557564597383,44.48887719115585],[11.391139238506002,44.489045210382365],[11.390999594188424,44.489100998622924]]],"type":"Polygon"},"properties":{"codice_area_statistica":79,"geo_point_2d":{"lon":11.387114001850508,"lat":44.485304897334224},"area_statistica":"FOSSOLO","cod_quar":16,"quartiere":"Savena","cod_zona":"N","zona":"Mazzini"}},{"type":"Feature","geometry":{"coordinates":[[[11.407343881517432,44.49488916628767],[11.407401451687587,44.49497293647853],[11.407508447792138,44.495111894310384],[11.40764347728797,44.49525933536061],[11.407723943953755,44.49534259544262],[11.407868202235107,44.49545296701255],[11.40797424865395,44.49552696384045],[11.408121114783413,44.4956163400848],[11.408270473025809,44.495681923770974],[11.408365988278875,44.49572496649411],[11.40843273657946,44.4957936252428],[11.408485653527265,44.495865438603126],[11.40852070508428,44.495940491710996],[11.408576963982373,44.496093743823124],[11.408604803597937,44.49623616229491],[11.40860793524863,44.49631188888844],[11.406883706049953,44.496016602895466],[11.405569396368206,44.495778866947674],[11.404345308196737,44.49556230714008],[11.403847119208312,44.4954354561025],[11.403794140996334,44.495420142036885],[11.403411851358529,44.49530964578713],[11.402591079442834,44.4950617171206],[11.402066652378597,44.49494015489076],[11.401950184614034,44.494923655237564],[11.401753247138707,44.49489495761999],[11.401890956907259,44.49512639716129],[11.402331752250042,44.495907682545024],[11.402095075499796,44.49597262939461],[11.400345145264538,44.49572705639778],[11.399783763299402,44.49565116560793],[11.399452308837947,44.49560571128508],[11.39740458703442,44.495329522793135],[11.397607003670519,44.4944951347767],[11.396375792064223,44.494336939636504],[11.395800830281773,44.49426130528411],[11.395313668594216,44.494198445875696],[11.394822298606151,44.49412370824512],[11.394508307130486,44.49407316481547],[11.393885741097307,44.49396794660999],[11.393558593772047,44.49391367931085],[11.393430731557734,44.493898625219366],[11.39329496001331,44.49388023480876],[11.39290980507982,44.4938237788471],[11.392471001009945,44.493759461444256],[11.39231529461444,44.49372907311823],[11.392230195619199,44.49371246427483],[11.391830315330232,44.49365817679147],[11.391787406922061,44.49358665910041],[11.391734427495365,44.49352537227584],[11.39168211912853,44.49348049207188],[11.39163251294009,44.49344540405152],[11.391573683252766,44.49341266986999],[11.391516414652475,44.49338458429409],[11.391242751153504,44.49367236816716],[11.390875875562065,44.49352394816923],[11.391101557000413,44.49324660495484],[11.39103658990763,44.49323663154074],[11.390958292430216,44.49322638814516],[11.390888287676455,44.49322886270064],[11.390829870371839,44.49311174731223],[11.390689128259151,44.49286308185914],[11.39062278348604,44.49274585330393],[11.39052217826967,44.49259784215385],[11.390473939557191,44.49251339984339],[11.39031753961068,44.49222251560057],[11.390199525560766,44.49200301008179],[11.390114925040345,44.49170152950698],[11.38988085767116,44.49143843231781],[11.389710272548896,44.49120376821981],[11.3892105411548,44.49038905196555],[11.388941079960821,44.489971371988304],[11.388911464472784,44.48992216246467],[11.389163565404644,44.48982524901561],[11.390145982580849,44.489442328962234],[11.39090709536211,44.489137938106936],[11.390999594188424,44.489100998622924],[11.391139238506002,44.489045210382365],[11.391557564597383,44.48887719115585],[11.392504536505312,44.4884955245044],[11.39309941714154,44.48826551631454],[11.393725077919726,44.48800995841367],[11.393784306381878,44.4879886226178],[11.39417356345756,44.487832204522284],[11.394509788122665,44.48769767552116],[11.394691291126323,44.48761791322558],[11.395195695322627,44.48741494531167],[11.395837018905414,44.48715597727379],[11.396308294091748,44.48696507901736],[11.396692151726072,44.486811952574],[11.396796443009864,44.486769881385364],[11.397113565955198,44.486643037862336],[11.39760156220822,44.48644516621552],[11.397893680864508,44.48633120625439],[11.398170254912065,44.486215717584095],[11.398678874998094,44.48601003491712],[11.39901875718455,44.48587289501907],[11.39920134677705,44.48579936849816],[11.399734717536269,44.485584707476576],[11.400134100286037,44.48542298767735],[11.400566529961681,44.485249327279426],[11.400613864458599,44.48523032665848],[11.401032215875027,44.48506424365388],[11.401401822671883,44.484914407945446],[11.401948478248183,44.48469413654801],[11.402040221128395,44.4846571949981],[11.40239196272877,44.48451555525587],[11.402852033024049,44.4843305823716],[11.40343490753524,44.48409531733808],[11.40396533945746,44.48388149960437],[11.40438356561679,44.48371252609421],[11.4048238347667,44.48353562352073],[11.405157167174838,44.483400448813164],[11.405395887942145,44.48330363730192],[11.405874537752553,44.48311223795977],[11.406114447559828,44.483016876306415],[11.406404086444617,44.48289877858028],[11.406787936449968,44.48274430388141],[11.40721213869402,44.48257457280024],[11.407585211316047,44.48242446387871],[11.40793693229216,44.48228388775159],[11.408246200132975,44.482160149773684],[11.408627442542077,44.48200671417081],[11.408950257388344,44.48187611653964],[11.409311341360889,44.48173129641258],[11.409610246706123,44.48160920485617],[11.409875419002312,44.48150466852195],[11.410234672414957,44.481362530874605],[11.410589882962128,44.481217533621326],[11.41104922275807,44.48103286713258],[11.411080468016499,44.48102028774335],[11.411481464876541,44.4808598804446],[11.411665622605145,44.4807864088378],[11.411819978764447,44.480723631496296],[11.411877514263303,44.48070518488443],[11.411912974568947,44.48069725157189],[11.411948014479128,44.48071633491347],[11.412112937236696,44.48080403733231],[11.412186043769195,44.48086284588763],[11.41218626476871,44.48086302126944],[11.412357384849114,44.48100067380152],[11.41235761878425,44.4810008579122],[11.412653969600264,44.481154939908144],[11.412969155812883,44.48123210993905],[11.413283728751201,44.48130750054641],[11.413678190143722,44.481407281607595],[11.41392866230841,44.48144130850189],[11.414018343402963,44.481468076246294],[11.414243794444289,44.481535374013376],[11.414301838890523,44.48155821030906],[11.414351803849042,44.481577841489134],[11.414670436376593,44.48170306177626],[11.414746719509886,44.48175892065344],[11.414845811001223,44.481831473918035],[11.415019617154488,44.481958730628186],[11.415042938736242,44.482003700313584],[11.415049881106931,44.482017129344726],[11.41506307683038,44.48204283164615],[11.414992557074692,44.482215570902646],[11.415002731372097,44.48250378968414],[11.415023044484514,44.48259620365603],[11.415093716419653,44.48270892433781],[11.415093803625517,44.4827089044876],[11.415093870530187,44.482709002100584],[11.415187418728607,44.482691394353395],[11.41521275775036,44.482736789448786],[11.415302659519092,44.48290042689926],[11.415315799063158,44.482924455874695],[11.415317011218143,44.4829267078821],[11.415374770800256,44.48305986739931],[11.41540428712533,44.483085818489634],[11.415424909804548,44.48313514843557],[11.415504068129486,44.48332027716616],[11.415709010984829,44.483601196311035],[11.415709179891255,44.4836013277754],[11.415709193569736,44.48360135449369],[11.415865330110977,44.48373235977964],[11.415865525632436,44.483732526690844],[11.41597642121279,44.483834096545664],[11.416029654631606,44.48385698876344],[11.41603011734751,44.48385723104241],[11.415767517698358,44.48415013339902],[11.415664407366974,44.4841661524606],[11.415550464360019,44.484195445412894],[11.415434686797013,44.484240918712985],[11.415178570569458,44.48434311570957],[11.414856076611457,44.48447538061683],[11.414789442249912,44.48449829743569],[11.41460886363184,44.4845505062527],[11.41429225525417,44.48464322273016],[11.414091826912037,44.48470689672632],[11.413663686286464,44.484829518047555],[11.413259376486,44.48494670053551],[11.412525570450931,44.485169631244624],[11.411371308286492,44.48553754105445],[11.411319902186392,44.48555378732915],[11.41184598942407,44.486306209460714],[11.411433799013889,44.48644335765825],[11.411299770749979,44.486262869258844],[11.410953454204854,44.486382383523825],[11.410538814980516,44.48579883307701],[11.410182150452757,44.48590829157379],[11.409907784720804,44.48599770925837],[11.409715187679817,44.48606610763107],[11.409613226257948,44.486117468132],[11.409549078111917,44.48618099409095],[11.40949071977001,44.48624555913595],[11.409445011205806,44.4863207772828],[11.409412029906765,44.48640883453944],[11.409339702952712,44.486578520465905],[11.409268364356603,44.48677221338585],[11.409213150654221,44.48691315287423],[11.409165556330153,44.487016804859586],[11.409113021135534,44.48707469292305],[11.409071877493604,44.48711267890304],[11.409018713507244,44.487155302804055],[11.408803128353952,44.48725376726227],[11.408636174480197,44.4873162031225],[11.408493669756002,44.48736951640901],[11.4083945231637,44.487406547323594],[11.408291784298326,44.48743055517763],[11.408189700393628,44.48744328688679],[11.408106474040105,44.48744975100337],[11.407994153213975,44.48744476534298],[11.407871264183745,44.48741828825918],[11.40763783510657,44.487330782382216],[11.407414858059905,44.48725032068172],[11.407231870608062,44.48717773874768],[11.407110939785966,44.48713006346959],[11.406975217030388,44.487093629105736],[11.406855620417533,44.487078676832425],[11.406715227551054,44.487077279665534],[11.40663023227131,44.48708781315874],[11.406515471934734,44.48711643911504],[11.406313597690293,44.48717747414761],[11.40611439232401,44.48722972005812],[11.405128764110755,44.48752131607962],[11.404505593917655,44.4877244530111],[11.404352558387068,44.4877866434335],[11.404072571466383,44.487877722911904],[11.403816715997346,44.48796173065319],[11.403602699615819,44.48802520420293],[11.40319183308188,44.48812340354871],[11.402904839466377,44.48819278739566],[11.40237382807615,44.48833718435377],[11.401680882535523,44.48855051579086],[11.401337339191835,44.48865383686193],[11.400547824628243,44.48889321174179],[11.400376652683494,44.488960144476614],[11.401216186030759,44.489926298977295],[11.4013524946895,44.490095173859125],[11.401621790530168,44.490414150594724],[11.402023956116139,44.49085515163514],[11.402191805882223,44.49104347354449],[11.402535389947658,44.49144235808268],[11.402780265544942,44.4917262227691],[11.402936970811199,44.49191530928845],[11.40297842828872,44.491946926889696],[11.4030280424009,44.49196462582696],[11.403106902465819,44.491971716193625],[11.403232501289464,44.49196907200719],[11.403313043764257,44.491974866449866],[11.403373062039856,44.491991103832085],[11.403500415797025,44.49207339775773],[11.40376782710786,44.492250222247804],[11.403948019300135,44.49238639074957],[11.403995115977487,44.49242789108576],[11.404172636671959,44.4925841012163],[11.404405628796914,44.49281538550217],[11.404675059994451,44.493083397429565],[11.404900709680398,44.493306084851966],[11.40507756776849,44.4934885680302],[11.405191427145915,44.49362488075106],[11.40535341280919,44.49382766258106],[11.405672930939014,44.49425208075058],[11.405830873847753,44.49448369230865],[11.406042699312279,44.49483663897348],[11.406075439228111,44.49486843917948],[11.406127035221344,44.49489234277153],[11.406206310710303,44.49490942409368],[11.406275888194834,44.49490295199526],[11.406341869949735,44.49489407094314],[11.406837762870738,44.494809867093814],[11.406992357080355,44.4947903667473],[11.407054895751193,44.49478279123703],[11.40714422809119,44.49478965797819],[11.407200460866337,44.494798474016505],[11.407273121488991,44.49482443559279],[11.407309137174172,44.49485116093001],[11.407343881517432,44.49488916628767]]],"type":"Polygon"},"properties":{"codice_area_statistica":69,"geo_point_2d":{"lon":11.401707297810217,"lat":44.488816857284604},"area_statistica":"CROCE DEL BIACCO","cod_quar":14,"quartiere":"San Donato - San Vitale","cod_zona":"T","zona":"S. Vitale"}},{"type":"Feature","geometry":{"coordinates":[[[11.286179015709882,44.50199119338566],[11.286542655466272,44.502290979323305],[11.286597157838145,44.50233591782706],[11.287130291286639,44.502777716393105],[11.287231691222734,44.50286190250026],[11.287583550028703,44.50315480907631],[11.287941609935679,44.50345532348317],[11.288077112088693,44.50356513987775],[11.28825710863765,44.50370934533475],[11.28852512006679,44.50394403549566],[11.288665992877615,44.50406662620276],[11.2887079365492,44.504102695854996],[11.28901065748174,44.50435790804029],[11.289367563979509,44.504658783130836],[11.289804925010063,44.50502428427452],[11.289930541556497,44.505127868886845],[11.289897001259893,44.50515029191394],[11.28752029325122,44.505861747373565],[11.285287453956121,44.506529662636204],[11.285141929286445,44.506573186412666],[11.283588832739396,44.507039314671324],[11.283239780941562,44.50714692737351],[11.282888882178135,44.5072491563921],[11.282485040057432,44.50737480530776],[11.282423747874025,44.50739508924133],[11.282142026659763,44.50748831663526],[11.28178765500444,44.507609967225356],[11.281258425764062,44.50779704884759],[11.280482643785744,44.508097408599774],[11.280152678870353,44.50824021772049],[11.279201077455856,44.50865205727872],[11.278890254895185,44.50879714531055],[11.278512060065118,44.508980937911474],[11.277958307142173,44.509255026402975],[11.277751704622512,44.50936219235379],[11.277682250455527,44.50926867302671],[11.276718666765731,44.50798801308549],[11.27577867819604,44.50650024721831],[11.275298269560624,44.50549799678189],[11.275244325090467,44.50538546842556],[11.275218499906474,44.50532344223211],[11.274831278134911,44.504393324526866],[11.27462518882517,44.50390584527206],[11.274024147905001,44.501976611086526],[11.273897590403644,44.50200189058888],[11.273715507487795,44.502029095123326],[11.273584541944672,44.500901285167004],[11.273539588268736,44.50056460156125],[11.273495782500962,44.50042177472723],[11.273463668564116,44.50033345074467],[11.273421726689074,44.500156376933894],[11.273380126804623,44.49998841591124],[11.273331104081562,44.49979323482786],[11.27331295375685,44.49965445230834],[11.273326196642735,44.498913779884305],[11.273350312356483,44.49876824996196],[11.273847760729206,44.49879459600583],[11.27398862660543,44.49879780380046],[11.274113280734477,44.49740118890714],[11.274363767554068,44.495114384196214],[11.274466738185009,44.49382613225933],[11.274621149166451,44.492464546190305],[11.274839625411312,44.490556881836916],[11.274966385645268,44.490589519938794],[11.274984145717278,44.49059409043038],[11.275003811487657,44.49059915409455],[11.275634302709564,44.49076158001995],[11.275879917844659,44.490816280819914],[11.275880335707742,44.49081635351265],[11.276137081402661,44.4908697515434],[11.27649809813398,44.49094082139608],[11.27657183632501,44.49095278277991],[11.276594703024259,44.49095703511952],[11.276626772909106,44.49096314750661],[11.276783336185733,44.49097559957261],[11.276856289788515,44.49098517272699],[11.277213204277137,44.49103224018546],[11.277561503604252,44.49108026163384],[11.277648625820735,44.49109227038549],[11.277698576940935,44.491099268064616],[11.278418184491057,44.49120186072994],[11.278422309612843,44.49120153532822],[11.278428533283428,44.49120245541345],[11.278247916472973,44.491514372054844],[11.27816541667462,44.49165302898845],[11.276868330768453,44.49277586395535],[11.276359627777547,44.49320619598651],[11.276342355312183,44.49333309887328],[11.276215615156861,44.49426872683687],[11.27608041160733,44.49526588494006],[11.276070872460474,44.495336205318274],[11.27598919135804,44.49593828865268],[11.2759635363504,44.49612745842442],[11.276163277665251,44.496463314755836],[11.276303676685357,44.49670478253655],[11.276330018119763,44.496749774374855],[11.276732095310972,44.49740125877116],[11.276817484454813,44.49749031084419],[11.276959433065953,44.4976383450205],[11.277035741477677,44.49769218887572],[11.277218040860959,44.497770737118174],[11.277448978531146,44.49787376505324],[11.27756223929749,44.4979242876005],[11.27803289737168,44.49811096382003],[11.278178725203315,44.49816408579752],[11.279056654594207,44.4984838078939],[11.279938408452493,44.49881975051022],[11.280174447387335,44.49893627392794],[11.280497903910291,44.499095901438835],[11.280915504424883,44.499303674384464],[11.281370720386446,44.49952859120988],[11.281654453612637,44.49967999767903],[11.282234301299336,44.49998698122834],[11.282678233475155,44.50020388102559],[11.283210122508759,44.500463033553075],[11.283628598504952,44.50065568166407],[11.283873039760932,44.500766015574385],[11.28409983956847,44.50085653615256],[11.284468409445624,44.501001574757446],[11.28475479867494,44.50111979981576],[11.284992963771925,44.50122071418983],[11.285115862839469,44.50126936179571],[11.285250663217159,44.5013441125773],[11.285334073595088,44.50138816690358],[11.285389961005711,44.501419025233545],[11.285485044249292,44.501471749313176],[11.285708992388455,44.5016008458172],[11.285846606148592,44.50171598815748],[11.286179015709882,44.50199119338566]]],"type":"Polygon"},"properties":{"codice_area_statistica":11,"geo_point_2d":{"lon":11.279561510530991,"lat":44.50211759938362},"area_statistica":"CASTELDEBOLE","cod_quar":11,"quartiere":"Borgo Panigale - Reno","cod_zona":"C","zona":"Borgo Panigale"}},{"type":"Feature","geometry":{"coordinates":[[[11.364783641135014,44.47913685897377],[11.36470485675648,44.479074779615935],[11.363772141243317,44.478192468461785],[11.362547945003344,44.477028702278126],[11.36212877136234,44.476615343673316],[11.362096988078896,44.47658613970219],[11.36205087081811,44.47656254385681],[11.361684874598957,44.476211722659436],[11.361195047435709,44.47574782320786],[11.360013881110362,44.47634658802276],[11.359850947871388,44.47641073297946],[11.35962102985,44.47649753549226],[11.359537747040282,44.47651482246798],[11.359192479532126,44.47657019452047],[11.358955620866276,44.47658779205666],[11.358722291954816,44.47660530716426],[11.35860223167066,44.476617942804715],[11.358486223791974,44.476627550741576],[11.358469632010863,44.47658993854866],[11.358446882453894,44.476535249593866],[11.358372374013609,44.47638775978578],[11.358334009086452,44.47628379805303],[11.35832004275237,44.47619214296423],[11.358319051361589,44.47610389288598],[11.358342911598928,44.47599489153111],[11.35836292082208,44.47592012562098],[11.358389654489846,44.475852476882956],[11.358429369165245,44.47577497217347],[11.358474500626635,44.47569928209411],[11.358550249697084,44.47559523137478],[11.358627221643749,44.475502498622504],[11.35869976235646,44.4754174375731],[11.358944108978372,44.475171478727766],[11.359118915224512,44.47498397002014],[11.35923037343688,44.474838507080435],[11.359288888320958,44.47475363649284],[11.359378288994698,44.474596556780355],[11.359417015327633,44.47456819037519],[11.35944954416097,44.474598171923724],[11.359483520348794,44.47463005910786],[11.359524284423102,44.47467125871757],[11.35960833830453,44.47475548722967],[11.35987142433023,44.47503272172814],[11.360109797093315,44.4749140907267],[11.36017245316433,44.474905746265364],[11.360194743884373,44.47493781181799],[11.360235370289447,44.47494908034549],[11.360274318247491,44.474946789624234],[11.360312703257094,44.47493833474036],[11.360355141857463,44.47491659820418],[11.360398546512553,44.474875170977846],[11.360405956234752,44.474835991457645],[11.36036825648564,44.47479908606593],[11.36055264785468,44.47468382995505],[11.36026080717475,44.47440602121483],[11.360186184350363,44.47432338970784],[11.360152397923166,44.47428997736756],[11.360099028368484,44.47424174648216],[11.360331817173108,44.4740224732495],[11.360271315468427,44.473990684635154],[11.360236684629063,44.473972495184654],[11.360071656314929,44.47388568302284],[11.360027778888691,44.47387141175667],[11.36005715289696,44.47383501009679],[11.36013436326511,44.473730531974766],[11.360209132932368,44.473590480934874],[11.360299959824786,44.473417427365945],[11.360307198564069,44.47338149231889],[11.360324830603695,44.47327997441972],[11.360334345183052,44.47303080149437],[11.360342481291868,44.472909251065545],[11.360372115906335,44.47272812696077],[11.360414215101612,44.47253746341639],[11.360432222119744,44.472429041734486],[11.360604925537057,44.472439712642114],[11.361020121471322,44.47233163814173],[11.361281999849746,44.472266174055186],[11.361360446633975,44.472233267277126],[11.36196103076759,44.472166142299315],[11.362273794701348,44.47218055652787],[11.362723088761886,44.4721109315633],[11.362746047575056,44.47216888331522],[11.362956873602835,44.472700606950944],[11.363011950293187,44.472865835108365],[11.363269638002672,44.4732196867655],[11.363334742577527,44.473309085227974],[11.363500202201315,44.473449152183306],[11.36366100545477,44.473592205147234],[11.363974800352635,44.47383146953025],[11.364068850800242,44.473887579656065],[11.364145182806645,44.47391217841885],[11.364297132027694,44.47372270442083],[11.36456703616329,44.47337160283104],[11.364634528438936,44.47328105194046],[11.364685787382482,44.473229053360996],[11.36475115154894,44.47317421482386],[11.364830620524986,44.4731165273107],[11.364959142473591,44.47304000734135],[11.365231352935215,44.47292410357907],[11.365752222273525,44.4727212394447],[11.366036199458135,44.47260506289293],[11.36640391303058,44.47246406711663],[11.366925033906671,44.47225518766182],[11.367620453308334,44.47199206921003],[11.367702192801065,44.47197756313573],[11.367773419453489,44.47197295286738],[11.367901832429311,44.471977491344326],[11.36800797227171,44.4719914943246],[11.368140305079532,44.472014604629685],[11.368188468746931,44.472044061287505],[11.368222495314544,44.47206934591784],[11.368256891519794,44.47210407561074],[11.368583925455303,44.47254097508029],[11.368607765198337,44.472599420513674],[11.368678246441913,44.472572336626456],[11.369010497686622,44.472557753725305],[11.369577317776985,44.47257881270761],[11.37000841177592,44.47263738290073],[11.370048461082256,44.472591547359194],[11.370102846610656,44.472555416049374],[11.370175414365768,44.472536408270315],[11.370564241939254,44.47248082758634],[11.370615766839578,44.47245975378513],[11.370639074838422,44.472431766773624],[11.370633395686026,44.47229186711634],[11.370656501402697,44.47225888785272],[11.370700750536912,44.47223046593574],[11.370828018486582,44.472182818758085],[11.371055348956784,44.47210559013182],[11.371399860597657,44.47199090666026],[11.37144780408235,44.47196741315853],[11.371491432476828,44.471923996477344],[11.371592759856323,44.4718393824703],[11.371870738686818,44.4716335959826],[11.372175817989696,44.47140723284729],[11.372441144925723,44.47121075549694],[11.372860715154683,44.470907415365495],[11.372935917847826,44.47084338300953],[11.373003729606685,44.47089692531261],[11.373273704599935,44.47112744229718],[11.373421960425597,44.471245886182395],[11.373453907829221,44.47121830413513],[11.37355778928567,44.47115708707536],[11.373527778962014,44.47113322396401],[11.373614371351627,44.47108281836465],[11.373803667759875,44.47097039165764],[11.373881588420883,44.47092627895492],[11.373832544621257,44.470874858623304],[11.373858460154246,44.47085510813048],[11.373906353039024,44.4708263841274],[11.374129672280855,44.47102491975897],[11.374413223136619,44.471261138425604],[11.374510517245053,44.47134747527474],[11.37457672382774,44.471397349952944],[11.374629579194027,44.471422763151594],[11.374684407881613,44.47143576568806],[11.374743958140707,44.47144335843438],[11.37480306628338,44.4714403642742],[11.37485464451614,44.471433988710366],[11.374917758068422,44.47140793649873],[11.375179640852313,44.47129101749363],[11.37546102365169,44.47116513962342],[11.3755545484032,44.47111489438246],[11.375623112215818,44.47107321685927],[11.375709601637801,44.47102310889879],[11.375755220891254,44.4710040552298],[11.37584149619258,44.47099142049383],[11.375942681251829,44.470984020976175],[11.376064575043898,44.471570362648656],[11.376197471048227,44.472232844257164],[11.376229927389366,44.472430253063834],[11.376314967242946,44.47301017741005],[11.376364469027402,44.47337406765744],[11.376405557982778,44.47378125549035],[11.376457434673627,44.47447328625123],[11.376478220293722,44.47491238778454],[11.376488684362274,44.47529918296384],[11.376490083574824,44.475749770242004],[11.376485616393191,44.476145995857486],[11.376400203193905,44.476179733240656],[11.375938184305243,44.476367394976506],[11.375754283434581,44.476439912344674],[11.375550580955125,44.476515587288006],[11.375456658708648,44.47654292913737],[11.375350404720582,44.47657096864244],[11.375310056659334,44.47657966749067],[11.375243158709276,44.4765940862604],[11.37512085251307,44.476621001135534],[11.37502766224247,44.476631069409585],[11.374897652951823,44.476642920909484],[11.374809922329879,44.47664778894882],[11.374700852730939,44.476651075246956],[11.374568900788116,44.47664975996441],[11.374512050927367,44.47664687334297],[11.374172044505917,44.476621463958594],[11.373969874157213,44.476602315793166],[11.37342037771475,44.476551804086085],[11.373043290153447,44.47652106753988],[11.372979437292912,44.47652036032257],[11.37289008128595,44.47652018320383],[11.37281218086003,44.47652281978031],[11.372725980807365,44.476529463924976],[11.37258563577924,44.47654565981708],[11.372327733390916,44.47659087435946],[11.372206684634529,44.476625268149704],[11.371970841117433,44.47670442243051],[11.371693672930977,44.47679582310347],[11.371335078676228,44.47692483500768],[11.370498304308295,44.477251363901026],[11.370116100490598,44.47740669070954],[11.369554963428197,44.47761718949365],[11.368594981715159,44.47798876312199],[11.368181189142044,44.47814644036643],[11.368074471467594,44.478187104358405],[11.367526157456473,44.4783960397627],[11.367371465543046,44.478460249585545],[11.36638640417919,44.478827364273954],[11.365643028803923,44.47902858565136],[11.365335888118555,44.47910630485309],[11.365303049029997,44.47912446834977],[11.364943670203425,44.47893796219311],[11.364783641135014,44.47913685897377]]],"type":"Polygon"},"properties":{"codice_area_statistica":59,"geo_point_2d":{"lon":11.368268357690026,"lat":44.47485184628613},"area_statistica":"CHIESANUOVA","cod_quar":15,"quartiere":"Santo Stefano","cod_zona":"O","zona":"Murri"}},{"type":"Feature","geometry":{"coordinates":[[[11.29572104449957,44.52233210444737],[11.295643892293503,44.5223512649926],[11.295736111750065,44.52250580277791],[11.295939423809262,44.52285736868238],[11.296021677556988,44.52305414857742],[11.29648220311197,44.52411346081493],[11.296524994341077,44.524207405822665],[11.29667848705804,44.524545910568825],[11.2964590944586,44.52453081579653],[11.296370779100704,44.524527604998354],[11.293825217916828,44.52438195215778],[11.293713922510506,44.52438061446073],[11.2936051517522,44.52437851472819],[11.291326426485321,44.52424804233118],[11.288548279046578,44.52412658348677],[11.28815744063507,44.52397608135914],[11.28800468794916,44.52390066783262],[11.287951521527084,44.52387401457518],[11.287912323309483,44.523853788242086],[11.287879330130785,44.52383680448955],[11.287791465618534,44.5237914010536],[11.2875885191313,44.52367330350832],[11.28749262978871,44.52361641134977],[11.287360558341245,44.52352471103325],[11.287132720119128,44.52334932404604],[11.28701840873184,44.52325159589102],[11.28691746265805,44.523157750044554],[11.286838462566894,44.52307803960504],[11.286769370264832,44.52300390127277],[11.286566268308418,44.52277141856179],[11.286279912496449,44.5224382258603],[11.286041411700435,44.52215575776465],[11.28594488372638,44.52204126973188],[11.285798437159551,44.52187145219047],[11.285651743503287,44.521701729428955],[11.285494876094813,44.52151959758229],[11.285086416087974,44.52104012416322],[11.284868692371388,44.520791519378996],[11.28462895644045,44.5205144384961],[11.284606091779441,44.52048802345974],[11.284920122047584,44.520365524297304],[11.284964892215992,44.52041859850283],[11.285199346148968,44.52034437862401],[11.285439882533549,44.52026161009634],[11.286045258611445,44.52006479214237],[11.28682108926533,44.519826070529156],[11.287841993736665,44.519528560948835],[11.289173054332547,44.51918633710076],[11.290035737760688,44.518968934456794],[11.290854523473135,44.518729323667486],[11.291063810357608,44.518668587461406],[11.292070029577573,44.51837660123184],[11.293616485923017,44.51792906376498],[11.297272935838667,44.51687048829984],[11.297369220670804,44.51684274927011],[11.297593676149969,44.51678220894898],[11.2978507809342,44.51731169594644],[11.297995251227869,44.517493385257914],[11.298293570190442,44.51788335711168],[11.298626264041973,44.51815452242692],[11.298322022020779,44.51825740774766],[11.298281082543575,44.51826904406258],[11.298237252594774,44.51828397047402],[11.29814655910427,44.518316675111166],[11.298003100505719,44.51840171144869],[11.297939199378598,44.51843675739013],[11.297781031017434,44.51849395656062],[11.297697356051685,44.518565968774915],[11.297665781241466,44.5185872921831],[11.297723737346628,44.51865768698125],[11.29776895031672,44.518747360654636],[11.297804842872381,44.51884031879812],[11.297816247497373,44.518870193787684],[11.297866032700023,44.51898621589593],[11.297899173704101,44.51907895031397],[11.297917261259897,44.51911909772286],[11.297938508496042,44.519179437277494],[11.297954311119035,44.51922131415375],[11.297991976332828,44.51931901690515],[11.298010240914804,44.51936366201252],[11.298050302053047,44.519462450833075],[11.298093784147328,44.51956791368426],[11.29819965193781,44.519840351333244],[11.298229620173878,44.51992245448148],[11.298240133367853,44.519949808649585],[11.298258654349123,44.520000642309164],[11.298268309301438,44.52002633027523],[11.298382425409862,44.52030816238571],[11.298445058688483,44.52048075866314],[11.298458078275056,44.52051200546299],[11.298468547461392,44.520538235174186],[11.298476966420399,44.52057184324755],[11.298452061715883,44.52061848278968],[11.297948056548138,44.52078110586113],[11.297897897312579,44.52079512425334],[11.297955190886453,44.52087644334202],[11.298091465612597,44.52105555162823],[11.298195133503889,44.52118912409531],[11.298063006321755,44.52125274033662],[11.297787741716991,44.521395039193045],[11.297317919928053,44.52163261985398],[11.296891807424197,44.52184582244843],[11.29663867925717,44.521981272300636],[11.296545575167851,44.522026447672985],[11.296457361384306,44.522058380862795],[11.296286046277507,44.52212106389118],[11.296312964391968,44.52216273538724],[11.296099331057516,44.522252655874674],[11.295919897857878,44.52232044403987],[11.295885363546638,44.52227388419968],[11.29572104449957,44.52233210444737]]],"type":"Polygon"},"properties":{"codice_area_statistica":5,"geo_point_2d":{"lon":11.292372456220976,"lat":44.52104834914221},"area_statistica":"LA BIRRA","cod_quar":11,"quartiere":"Borgo Panigale - Reno","cod_zona":"C","zona":"Borgo Panigale"}},{"type":"Feature","geometry":{"coordinates":[[[11.357127733028719,44.510627895546854],[11.357041871111647,44.510626742646394],[11.35687729108609,44.51063186931164],[11.35681022527969,44.51051027899532],[11.356494224214321,44.50986205544221],[11.356414458642782,44.50970907403355],[11.355915357768065,44.50868824013134],[11.355491076563299,44.50778912315451],[11.355466541585551,44.50772098486005],[11.355208662729709,44.507214086755184],[11.355114633115942,44.5070350571601],[11.354948727123325,44.50669036864867],[11.354810203032395,44.50641327346649],[11.354773972668106,44.50634082997112],[11.35443087349495,44.50562707140086],[11.354131961917263,44.505023240092775],[11.354080777254891,44.504919901852425],[11.35382086880408,44.50439508210996],[11.353738925430122,44.504210130462184],[11.353678227982249,44.50407357063175],[11.354445678369528,44.503764107369854],[11.355366189170661,44.50339627709856],[11.356523777992892,44.50293432098832],[11.357276531244887,44.50263391055042],[11.357844705947146,44.502407545865736],[11.358517483271221,44.50213965793884],[11.359895215956012,44.501590952438015],[11.3607118360157,44.50126373966124],[11.360796725743716,44.50120501579458],[11.360866849118082,44.5012955538399],[11.360900384507099,44.50133884683896],[11.36093719800249,44.50138637525901],[11.36108464679414,44.50157319884807],[11.361226991920404,44.501753231838734],[11.361318350637777,44.501865269615],[11.361388896952603,44.50193976499891],[11.361489200015576,44.50203435967777],[11.361569386604375,44.50210864651472],[11.361683599508451,44.50218914330808],[11.361826860397576,44.50227249597008],[11.36205388128451,44.50239898412596],[11.362158908283256,44.502451042336496],[11.362380630537583,44.502568087753815],[11.363190900276265,44.50298848119315],[11.363959470953855,44.503385299411626],[11.36496466189191,44.503895630240635],[11.365127331972795,44.503945771250095],[11.365258906551492,44.5039807028136],[11.365366059528212,44.50400339263448],[11.365513004212884,44.504028624738936],[11.36565967292775,44.50404734451286],[11.365799729754256,44.50405312939916],[11.36594248961243,44.50405017061045],[11.366094098112864,44.50404050136966],[11.366221322756429,44.50402916775655],[11.36634211147324,44.50400925292997],[11.366541067133793,44.50396813689542],[11.366773104452404,44.50391763813657],[11.367254260290764,44.50379611922204],[11.367618850382446,44.50375066604186],[11.368038919486823,44.503715863185555],[11.367891245796393,44.50379345879955],[11.367790307060329,44.50387265956792],[11.367582731506698,44.50406712627443],[11.367026173361127,44.50460036714625],[11.366746203118097,44.50487269323216],[11.366038619231897,44.50555447886733],[11.365776716258589,44.50581651623171],[11.365369112509125,44.506181563688195],[11.365187001220283,44.506372122363366],[11.365157099914896,44.50645425113832],[11.365131525682274,44.50652610834907],[11.365087884436369,44.50669680094434],[11.36497284461253,44.50670939328217],[11.364893196288373,44.506734819167356],[11.364813822260322,44.506767027249],[11.364600768662992,44.50691861469472],[11.364274684870741,44.507239531422876],[11.36266145498148,44.508796958798854],[11.362583141988344,44.50889909327657],[11.362367600600217,44.50916253083122],[11.362290927734149,44.50925017304537],[11.362238104898742,44.50931097116017],[11.3621160538667,44.50942603783306],[11.361968462323132,44.50955727029807],[11.361722729686946,44.50974679909751],[11.361462509245316,44.50990224628967],[11.361167492829983,44.51006153651505],[11.361001844902024,44.510146696988436],[11.360875726874514,44.51019263474634],[11.360366063580425,44.51033760965845],[11.3600497976466,44.51040354768365],[11.35972405057884,44.51045092848831],[11.35870035858995,44.51052265282481],[11.358222329495701,44.51055633202007],[11.357127733028719,44.510627895546854]]],"type":"Polygon"},"properties":{"codice_area_statistica":47,"geo_point_2d":{"lon":11.35990011120483,"lat":44.50593689601149},"area_statistica":"VIA DEL LAVORO","cod_quar":14,"quartiere":"San Donato - San Vitale","cod_zona":"Q","zona":"San Donato"}},{"type":"Feature","geometry":{"coordinates":[[[11.393543789746074,44.51597030933288],[11.393613176901633,44.516006773112],[11.393686481419426,44.51606238414994],[11.393157932028721,44.51640568755473],[11.392559005237763,44.51611197577542],[11.392280248736549,44.515956528428525],[11.390976939676603,44.51530442139139],[11.390581084515084,44.515096542991095],[11.390122159917517,44.51486438954504],[11.389739114612858,44.514669320693244],[11.389396674939373,44.51447582228113],[11.389135831292036,44.51433496348818],[11.388589153478284,44.51401767579271],[11.387941865648273,44.51362279058211],[11.387276245299251,44.513229509412675],[11.387223049659001,44.513198077670026],[11.38668467590105,44.512855318934086],[11.386278316403637,44.512590289841995],[11.3861459988307,44.512515759881666],[11.385429987148076,44.51208449511583],[11.385083824645076,44.511877656645055],[11.384405349462469,44.511466829120835],[11.384286098985495,44.511395760097734],[11.383584997046942,44.510974021028744],[11.382936886531773,44.51061683607393],[11.382864077267882,44.51057603494338],[11.382747268944996,44.5105218831426],[11.382082729506378,44.510210796241026],[11.381986118893932,44.51017124744272],[11.381657682680295,44.510031745850625],[11.38110786557578,44.50979505143082],[11.380939444463316,44.50972028719866],[11.380781660492476,44.509650918461396],[11.380797678075076,44.50962101098024],[11.380822850950635,44.50956846916426],[11.380916564208617,44.509308069062584],[11.381013454804059,44.50902006376656],[11.381099312384778,44.50868915724662],[11.381142481741982,44.50846538034484],[11.381180390243491,44.50824495408324],[11.381186412410774,44.50817259190413],[11.381207488107876,44.507971935282136],[11.381217432694534,44.507780918526755],[11.381289484675596,44.506402428399625],[11.381291056351845,44.50618993509287],[11.381306432885658,44.50596303777516],[11.38136402266229,44.505563382847086],[11.381489925412287,44.50557733897908],[11.381539368975346,44.50558948720106],[11.381615897219573,44.50558959204633],[11.381752934359318,44.50561129185503],[11.381815545916,44.5056187269423],[11.381912301760558,44.50563022989614],[11.381956719436426,44.50563974602888],[11.382356854445222,44.50568675259135],[11.382976060200548,44.50576312438062],[11.383175662322639,44.50579910881735],[11.383546366345007,44.505861336804394],[11.383536322040323,44.50589761080996],[11.383765325332012,44.505942252937174],[11.384098004882967,44.50600857711258],[11.384331127829386,44.50607986967694],[11.384500810244319,44.506144384685484],[11.38464329841955,44.50621422989602],[11.384903153896492,44.50632402495895],[11.385193492041852,44.50643166105879],[11.385296554232877,44.50646632800064],[11.385501909091866,44.50653251778561],[11.38572147056642,44.506582754827846],[11.385894560642441,44.50662558138101],[11.386062474734903,44.506658712071804],[11.386210380029112,44.50668243898501],[11.386475487230456,44.50671767847551],[11.386808310766003,44.506756533901594],[11.388239412787401,44.50693823384146],[11.38835433800775,44.50696513267772],[11.38849114004949,44.50696923829032],[11.388473890042103,44.507067087979664],[11.389381529144103,44.50718672347413],[11.389921495513713,44.50724904264705],[11.390059398147002,44.50726497070625],[11.390651862841898,44.50734357115344],[11.39095028195482,44.50738080334343],[11.391284820318033,44.50742789213164],[11.391407037438837,44.50744477732696],[11.391618241628601,44.507468881599515],[11.392598273565538,44.507592637320215],[11.393803463280376,44.50774623296283],[11.394308950305836,44.50780809306292],[11.395358156756688,44.507937576131454],[11.395393857281704,44.50789667555533],[11.395675564988702,44.50794224932717],[11.3963953230651,44.50804299538977],[11.396413030251079,44.507983926960925],[11.396524932341773,44.507997089096335],[11.39646117977259,44.50829487283807],[11.397023407163715,44.50836610768089],[11.397371589079027,44.50842137250529],[11.39765017376354,44.50847137322251],[11.397785534680397,44.50850372997569],[11.398076192451894,44.50859960516249],[11.398382844581738,44.508713346727454],[11.399146851048405,44.50899157641094],[11.399441927034232,44.50909137938928],[11.399553458466595,44.5091257833749],[11.39969065579496,44.50916174529395],[11.399860020075987,44.509195815435596],[11.400191166840196,44.50925761453645],[11.401238100601118,44.5093893148561],[11.401660902733989,44.50944656185224],[11.402110583505861,44.50950118007539],[11.402287472073654,44.509522664740125],[11.403460273258037,44.50968126908324],[11.404353894631566,44.509805221608396],[11.40534109767411,44.50994265261213],[11.406499093850824,44.51010152863891],[11.407689890679375,44.510271296345685],[11.407810580293843,44.51028565743982],[11.407976623972322,44.51030428315427],[11.408090425494317,44.510312991609965],[11.408459254130397,44.51033935690462],[11.408670262264836,44.510356141631576],[11.408756935507776,44.51036170379872],[11.408809384951548,44.51038183403653],[11.408867672480437,44.51041845976827],[11.408916452864844,44.510463730499076],[11.40896346764187,44.51053575805449],[11.408688431860163,44.510564716553205],[11.40853070443067,44.5105900829434],[11.408363803577425,44.51062243058707],[11.40807984370781,44.510689476660104],[11.407930277561908,44.51074011127151],[11.406396267547763,44.51126663752287],[11.405240678987784,44.511747080214924],[11.404154042730319,44.51222109855145],[11.403118326482517,44.51263532888373],[11.401254254910203,44.51326036197277],[11.39932629267714,44.51392159239405],[11.398591167909323,44.514164140106814],[11.397578018228815,44.51449845235827],[11.39741019845219,44.51455390381049],[11.396704660500058,44.514776444461795],[11.396582795503889,44.51481488726484],[11.396539115491585,44.5147524083549],[11.39547799463373,44.51512786944529],[11.395442707435226,44.515146110915744],[11.395404197061724,44.51517811289315],[11.39537860643294,44.51521712680708],[11.395240144874473,44.515267871831725],[11.394389621718254,44.5155604913253],[11.39431799230639,44.51558875837547],[11.39429102532228,44.51560863448262],[11.39426084647053,44.51563856178016],[11.394242967855801,44.515663144636804],[11.394224330804985,44.515707296938196],[11.394219107218959,44.51574410089584],[11.394220719907716,44.51579943275622],[11.394033657599833,44.51582699681849],[11.393674881266557,44.51587471716875],[11.393629549683862,44.51587998896937],[11.393582349862262,44.515879583307154],[11.393543789746074,44.51597030933288]]],"type":"Polygon"},"properties":{"codice_area_statistica":44,"geo_point_2d":{"lon":11.392645590130007,"lat":44.51076269959373},"area_statistica":"PILASTRO","cod_quar":14,"quartiere":"San Donato - San Vitale","cod_zona":"Q","zona":"San Donato"}},{"type":"Feature","geometry":{"coordinates":[[[11.366886576357636,44.52885781237173],[11.366895599166616,44.52927521692959],[11.366858038237304,44.529405488219865],[11.366562517607852,44.52941643167741],[11.366339792168105,44.5294519907073],[11.366156158264848,44.52948294893694],[11.365884254465662,44.52953789162714],[11.365377727304255,44.529655662998664],[11.364908325781418,44.52977968495482],[11.364537239847232,44.52990344199188],[11.364115197601876,44.53004406161345],[11.363777686043846,44.530146054897166],[11.36382795634074,44.530263721339594],[11.363761163923625,44.53028356865473],[11.36365604645306,44.53029806078214],[11.363545798895773,44.530307383548255],[11.36322006811348,44.53033698493715],[11.3628155778437,44.5303647136867],[11.362548571149038,44.530387822121455],[11.362033927746745,44.53042661433131],[11.361847680993995,44.530441019012514],[11.361685934407715,44.53045316100927],[11.361365318932782,44.53048792675388],[11.361164476611293,44.530506161241355],[11.360461281263943,44.53059861233511],[11.359786516380783,44.529560022970124],[11.359321695845571,44.52883090986625],[11.359167006867088,44.52887405119891],[11.358912265342475,44.528486787033465],[11.358430280858645,44.52774350376071],[11.358037971432333,44.5271385715192],[11.357830734695959,44.52691705955057],[11.357649224501628,44.526716180822675],[11.35717998225843,44.52617219720821],[11.357104955403512,44.52608521547038],[11.357174306340402,44.5260514913085],[11.357355143340223,44.52596727423829],[11.357515303206476,44.52588834529076],[11.357691754816607,44.52580493845821],[11.357840705263865,44.5257351530886],[11.357989154691461,44.52566231700922],[11.358144721928543,44.525588433441804],[11.358320110743518,44.52550648799647],[11.35837527037374,44.525480060266],[11.358459182262163,44.52543984974267],[11.360722422435233,44.524358602695266],[11.36076328123845,44.52440029471608],[11.360828483534162,44.524467356570355],[11.360912931421682,44.52455072006105],[11.36115093163497,44.52477764889164],[11.361179997912412,44.524804973554964],[11.361344147323377,44.52494699612244],[11.361560101956027,44.52512688270788],[11.361864294137558,44.52537607229755],[11.362071115235722,44.52551921845565],[11.362464203842007,44.52577174336272],[11.362986182132817,44.52609201676096],[11.363094359911734,44.526157404454395],[11.363316402261534,44.52628626128682],[11.363511393918872,44.52638849010474],[11.364717844864158,44.52711635933502],[11.365340334245598,44.52748878896512],[11.365498569840605,44.52758346664242],[11.365705508107427,44.52773157312253],[11.36585555744555,44.52784968251324],[11.365918467253726,44.527908992731575],[11.365982032996587,44.527983872711964],[11.366223165677317,44.527959834170694],[11.36641542092188,44.52792466396727],[11.366510848053228,44.527889790388585],[11.366612828867469,44.52783745097138],[11.366685412477434,44.527786999319396],[11.366752246536304,44.52770646331496],[11.366795176899101,44.52796528741999],[11.36683969814489,44.528400024099845],[11.366886576357636,44.52885781237173]]],"type":"Polygon"},"properties":{"codice_area_statistica":22,"geo_point_2d":{"lon":11.36184947571376,"lat":44.52777542019547},"area_statistica":"LA DOZZA","cod_quar":12,"quartiere":"Navile","cod_zona":"E","zona":"Corticella"}},{"type":"Feature","geometry":{"coordinates":[[[11.31903211057837,44.538663055629385],[11.317809325178668,44.53910231258933],[11.317785914059693,44.539030038505004],[11.317670406972798,44.538641061813124],[11.317558549861786,44.538343692638286],[11.317499243014973,44.538188369705196],[11.317424898049907,44.53804898042039],[11.316965584846995,44.53734722118941],[11.31687122502386,44.5371747303451],[11.316740791274622,44.5368039255774],[11.315892495518828,44.53706858222664],[11.314404625555643,44.53757702635221],[11.313813858497673,44.53777615599442],[11.313532404639778,44.53773586662308],[11.313183829712111,44.537270855919566],[11.313075966668778,44.537118477131],[11.312962731510797,44.53696709833685],[11.312861312894793,44.53683439433107],[11.312763387696705,44.536700899252345],[11.312670666698336,44.53657485177743],[11.312561915873053,44.53644130576395],[11.312480101967457,44.536323679598986],[11.312390498094421,44.536206391224695],[11.31227445980081,44.53605723811752],[11.312174635251822,44.53591702908918],[11.312090126192146,44.53580440861797],[11.312020739884526,44.53572119015236],[11.31179006378121,44.53541681397731],[11.31177646160337,44.53537811747355],[11.311728105351657,44.5353301229662],[11.311674156554753,44.5352518131253],[11.311579093769554,44.53511735877548],[11.311491565201838,44.53500470896479],[11.31140208877408,44.53488417629507],[11.311319295179167,44.53477666094556],[11.31122830799714,44.5346624604984],[11.311139103506667,44.53453923035164],[11.311071797050236,44.53445092776277],[11.311025362489659,44.53439389150925],[11.310993231589528,44.53434844901137],[11.310966148136341,44.53429697165073],[11.310952419972685,44.534264930466],[11.310941415839308,44.53422221114171],[11.31093479433878,44.53415347579084],[11.310931403496413,44.53410277013402],[11.310941213909816,44.534013536451475],[11.310969821477546,44.53388756098773],[11.311005885879707,44.533752513039644],[11.31104990378368,44.53360217979699],[11.311093991909344,44.53347589088772],[11.311137138598239,44.53332899620775],[11.311186934153158,44.53318187686806],[11.311233344287148,44.53305067051275],[11.311273308941656,44.53292833610225],[11.311311406909335,44.53280972150909],[11.31133625551448,44.53268102225209],[11.311381252277759,44.532590445889994],[11.31143114623263,44.53249004760765],[11.311467923921915,44.532414410797145],[11.311509679096423,44.53232462022236],[11.311551625335483,44.532252380711604],[11.311588914184577,44.53217726465866],[11.31161141610005,44.53202395489772],[11.311632635437356,44.53194286245837],[11.31164234801047,44.53187694724446],[11.31168150292373,44.53176281237617],[11.311733433596872,44.53161214754059],[11.311791723487197,44.53144090912747],[11.311840131466068,44.53126834938066],[11.311878050446477,44.531142086036965],[11.311885096921419,44.531030761964274],[11.31189235458218,44.5309215942219],[11.31188340926143,44.53082913925086],[11.31187036456516,44.53072246226346],[11.311858406406435,44.53057614308826],[11.31182782472221,44.53046486985592],[11.311797993886938,44.53036302507265],[11.311742516943388,44.53027142239084],[11.311685487320187,44.530153302630445],[11.311619213623752,44.53003374057311],[11.311569701453397,44.52995291909234],[11.311484512211113,44.52984193229733],[11.311417976191315,44.529763427017905],[11.311323386075047,44.52962158068455],[11.311166471449225,44.52940267400153],[11.311074995109262,44.52927587968004],[11.310964784129501,44.52907379818611],[11.310932848059936,44.528990892109924],[11.310911557102447,44.52895565504995],[11.310863865181798,44.52886353421866],[11.310633396860997,44.528547627911216],[11.310379357195743,44.528208431474106],[11.310072367632815,44.527800275194515],[11.309762111616488,44.52738228135432],[11.309433493128106,44.526948534573066],[11.309302503686547,44.52676430068947],[11.30897624521736,44.52632322174345],[11.308696626740254,44.52593493477628],[11.308321316816937,44.52551882870913],[11.308268941231017,44.525442393862185],[11.308446002229037,44.52548571670435],[11.30947611495682,44.52580950738473],[11.309903036799776,44.52597432148537],[11.310110098351315,44.52606211042314],[11.310313111247462,44.52614806338016],[11.31077881770738,44.5263623684566],[11.311330649731428,44.5266251800338],[11.31291335883183,44.52736461418854],[11.315371339524633,44.528540769884664],[11.31543653481374,44.52858027404141],[11.315574926416918,44.528646183289965],[11.319186248153361,44.53036593435091],[11.319472309552092,44.53049263061831],[11.319607665086139,44.53055252892543],[11.320115253550991,44.530766601809724],[11.320579102772683,44.53095068288637],[11.320994876299128,44.53110525697436],[11.321502983159819,44.531286840960746],[11.32262085693494,44.53163156711551],[11.323611080737995,44.53189386974741],[11.324049149747974,44.53198781487813],[11.324099876867926,44.53199779221003],[11.324138275394322,44.53200537378311],[11.32467537301381,44.532115512381154],[11.325576424754072,44.53228376382834],[11.325876854038782,44.532326940820795],[11.325989915296152,44.53234314633901],[11.326096467641474,44.53235835005826],[11.326520840108413,44.532418850277715],[11.326763998227582,44.532443836696046],[11.32693971254429,44.532461320921605],[11.327028040600696,44.53246829783886],[11.327224227918368,44.53248693972047],[11.327323596814663,44.53249588793766],[11.3272863497022,44.532575653576124],[11.326439158147423,44.53346279255279],[11.325597830052912,44.53433440234759],[11.325383793985699,44.53455610181388],[11.325113156105674,44.53487106769943],[11.324411255759316,44.53563538119093],[11.323736690404475,44.536256776820366],[11.323192573832236,44.53681588087444],[11.32241528686516,44.53736734786812],[11.321586739315299,44.537896220416556],[11.321164851478432,44.53816699848416],[11.320189344387929,44.53842894417984],[11.319756805783697,44.53836153744406],[11.31903211057837,44.538663055629385]]],"type":"Polygon"},"properties":{"codice_area_statistica":24,"geo_point_2d":{"lon":11.317315470903308,"lat":44.53318379823532},"area_statistica":"LA NOCE","cod_quar":12,"quartiere":"Navile","cod_zona":"I","zona":"Lame"}},{"type":"Feature","geometry":{"coordinates":[[[11.31355938590527,44.49790363217471],[11.313614117419187,44.497995591635764],[11.31402112235143,44.49867981169317],[11.314200716761658,44.498981718656644],[11.31451601603138,44.499520495667035],[11.315033884898595,44.5003860627145],[11.315187939353192,44.50064246479376],[11.315617023867398,44.5013566147624],[11.316585192549674,44.502989961717994],[11.315449594639414,44.50340408210607],[11.314615747494114,44.50370939886007],[11.313437147451125,44.50414158401568],[11.311440945503744,44.50484198192215],[11.310311463631447,44.505233150728834],[11.30929736687061,44.50556804879447],[11.309241049226674,44.50546429907054],[11.30897760311001,44.50506050603449],[11.30886151027891,44.50487306187128],[11.30876420167378,44.5047210229137],[11.308729336939724,44.50466416557673],[11.30869864996612,44.50460256040266],[11.308681783474054,44.504560904500345],[11.308660089187908,44.504506895670616],[11.308642363132606,44.504443470913245],[11.308624404237044,44.50437383008174],[11.308604258265028,44.504304233476816],[11.308542421324855,44.504059686689544],[11.308517079500419,44.50396840890689],[11.308485067299634,44.503889473501495],[11.308449424053464,44.5038268971737],[11.308257841793795,44.50354854943146],[11.307980648918976,44.503155889038155],[11.307567201029956,44.50257871070314],[11.307516935528872,44.5025216961563],[11.307397921768095,44.50241457645632],[11.307321990256241,44.50236955888864],[11.307046307820697,44.50214143275616],[11.30687981414777,44.502002556683145],[11.306771799170592,44.501913669339736],[11.30662420850603,44.50179220900611],[11.30647114597839,44.50166531344736],[11.30623387951237,44.50147016880675],[11.305977448376842,44.50126109669821],[11.305898372006126,44.50120165654897],[11.305820408826527,44.501138223721135],[11.305896527599053,44.50108088818369],[11.30624483354272,44.50081218300077],[11.306309139814834,44.50043370270011],[11.306330642378953,44.50017520028644],[11.306298345553337,44.500059575447786],[11.306214133141637,44.499933665179405],[11.306147979849893,44.49986409728285],[11.306414086979089,44.49975161740674],[11.30674715691927,44.49963613633279],[11.306896325464885,44.49958442700863],[11.30771852340529,44.49936079437529],[11.308838826869106,44.499052399308404],[11.309604726801421,44.498847383723145],[11.309792969420062,44.49879974144328],[11.310834823469992,44.498513917084146],[11.31183900920873,44.498239586137494],[11.313020095900784,44.497917135322666],[11.313501991209932,44.497801580747165],[11.31355938590527,44.49790363217471]]],"type":"Polygon"},"properties":{"codice_area_statistica":34,"geo_point_2d":{"lon":11.311221116474513,"lat":44.50157387917001},"area_statistica":"VELODROMO","cod_quar":13,"quartiere":"Porto - Saragozza","cod_zona":"P","zona":"Saffi"}},{"type":"Feature","geometry":{"coordinates":[[[11.346837618268744,44.52328450288754],[11.346459044665659,44.52340850818374],[11.346410852191491,44.52342426297302],[11.346109291217534,44.52352291735316],[11.345692579389208,44.52365617532792],[11.34533481915407,44.523771826955226],[11.344933461123887,44.523912418861094],[11.344849884644136,44.523928557753266],[11.344687765814395,44.52398186092671],[11.344495134375663,44.524044351973096],[11.344434415291591,44.524063757161244],[11.34432551313048,44.52409980728316],[11.34414425053027,44.52415931847898],[11.344081954622913,44.524179575091395],[11.343730552146834,44.52429451496285],[11.343385837593049,44.52440806510292],[11.341414536559014,44.52507216746784],[11.33936543763921,44.52574739979185],[11.338582696107245,44.525965968354484],[11.338425064953828,44.52601094235414],[11.33836114478765,44.526035991456965],[11.338235992743638,44.52607905751838],[11.338125875158097,44.52611731422803],[11.33792856879021,44.52619100806644],[11.337893022759767,44.52620402454323],[11.337872860389714,44.526142337933],[11.337860743538926,44.52610559463857],[11.337809646188726,44.525986295110116],[11.337743088537056,44.52584638125749],[11.337708415757932,44.52577209112954],[11.337668946757942,44.525699645703256],[11.337629547327122,44.52562893632881],[11.337610182989325,44.52557177060656],[11.337592852375991,44.525504102277935],[11.337605510692114,44.52545500425991],[11.33762931974566,44.5253795165003],[11.33765735454407,44.525288241761],[11.337678990513554,44.52521977546255],[11.337683937593754,44.525160374392044],[11.337675433946728,44.525130894152745],[11.337644081851312,44.52507919539934],[11.3375763811814,44.52503176097258],[11.337482348256414,44.5249970641586],[11.33736373785503,44.524957631032464],[11.337210526787416,44.524906698767516],[11.337126378258239,44.52487528326568],[11.337059254066569,44.52484350115583],[11.337003629923684,44.52479405464272],[11.33696572229991,44.524759972851484],[11.336926742500475,44.524699715590195],[11.336894022899472,44.524613177763804],[11.336859547396179,44.52442202127977],[11.336837408736596,44.524295151482015],[11.336806628001774,44.52419635747929],[11.336782886779357,44.52409045139236],[11.336751073304022,44.523965517112956],[11.33665435489153,44.523803524560165],[11.336535119913052,44.523687356637645],[11.336289403627434,44.523517970485806],[11.33613844039864,44.52340071400936],[11.336075513226435,44.52335141648818],[11.336004584292013,44.52328484474523],[11.335922029759969,44.523171418528975],[11.335860079281113,44.52308547853726],[11.335790823815929,44.522999687985646],[11.335733460577414,44.52290666808135],[11.335682104791175,44.5228414691369],[11.335638750544518,44.52273247110167],[11.335586324359136,44.522580050318616],[11.335541634326464,44.52243794119166],[11.335498616519548,44.522337659682385],[11.335487026746145,44.522287284473705],[11.33544549567578,44.522106768816606],[11.335413268143405,44.52197137263132],[11.335372481238958,44.52186581494469],[11.335303634413163,44.52172943039513],[11.335273288488768,44.52164109700832],[11.33523827316357,44.521558089616306],[11.335173120186925,44.521453030309374],[11.335147055563338,44.52141167463511],[11.335093109128513,44.52134299940524],[11.33502224251686,44.52121712595667],[11.334964198630932,44.52110668162181],[11.334901276998174,44.52099634602846],[11.334874612115215,44.52093932912626],[11.334844476135206,44.52085622180202],[11.334837369231778,44.52080055135009],[11.334815443715456,44.52073995350779],[11.334776887343452,44.520690165781076],[11.3347042221567,44.52058002035457],[11.334465544672117,44.52022037034053],[11.334376819097962,44.5201349680566],[11.334332682838228,44.519721231080325],[11.334315053864023,44.519587363522845],[11.334271482154204,44.51937829698451],[11.334234837300682,44.51914669943129],[11.33417171625637,44.518938041592946],[11.334110283729604,44.518771328094374],[11.334040460544585,44.518590796150825],[11.334018737790348,44.518432219195006],[11.333997386358861,44.51833144904154],[11.333990022130314,44.51824347360983],[11.333968979974763,44.518077986763956],[11.333931650070861,44.51798732906407],[11.333885290537609,44.51791033278839],[11.333783648542768,44.517798816603985],[11.333720645433798,44.51773512420406],[11.333581463118236,44.517581208045414],[11.333486854868076,44.51746556867267],[11.333421404687803,44.51729614609993],[11.33343098739835,44.51706472857849],[11.334316206280311,44.51705919772059],[11.33435346338069,44.51737324620619],[11.334392241137662,44.51781070659908],[11.334485703069495,44.518149875073675],[11.334617385369313,44.518446345899164],[11.334823215660249,44.51879845720936],[11.33493895154417,44.518961862963415],[11.33524506840923,44.51935765509334],[11.335382898070323,44.519491674199635],[11.335738328248286,44.51983727514719],[11.336107413130176,44.52014221908368],[11.336374339698102,44.52030902900409],[11.336589835354605,44.520245696530736],[11.336728242639888,44.520332042660726],[11.336846027872788,44.52040552301696],[11.337543337606226,44.52073422526542],[11.338263456984013,44.52100886382449],[11.339005936383204,44.52131977906537],[11.339863558263959,44.52163310970506],[11.341467736956934,44.52223107000398],[11.34267550995043,44.52271003657436],[11.343561639181143,44.52301339161413],[11.34433139681482,44.523154779232854],[11.344475340987955,44.52321150085327],[11.344515381368483,44.52322464143926],[11.344585535620208,44.52322494704652],[11.344729390905524,44.52323836792313],[11.344855069802431,44.5232469495157],[11.344949591295032,44.523253650306934],[11.345036697466254,44.52325744248798],[11.34511783997992,44.523260006736955],[11.34519307299152,44.52326269233594],[11.345262320673728,44.523263610319795],[11.34531810360527,44.52326452582441],[11.345401552028148,44.52326497190959],[11.345538578860234,44.52326188635624],[11.345670078719515,44.5232587341593],[11.345768035769032,44.52325384041666],[11.34586156682297,44.52324840736742],[11.3459451392199,44.523242539722155],[11.346027982838425,44.52323732617414],[11.346148399733545,44.523224858500875],[11.346222326328927,44.523216947266775],[11.346277220810784,44.52321140773221],[11.346331924522724,44.52320425163406],[11.346388535904627,44.5231975964504],[11.346459990390949,44.523187665290656],[11.346530240990784,44.52317595832424],[11.34660775160797,44.523163291842295],[11.346684209349892,44.523149476621185],[11.346748630647001,44.52313707012453],[11.346819149926104,44.523122656692685],[11.346886166691611,44.52310876535386],[11.346950838366377,44.52309977456293],[11.34702349187973,44.52307960050815],[11.347088583916966,44.52306040111124],[11.347148149738407,44.52304585258859],[11.347239539885535,44.52302817395387],[11.347347159824672,44.52299444306198],[11.347462230562938,44.52296043281203],[11.34752499904166,44.52293947143651],[11.347678571106554,44.522892506744554],[11.347813204295631,44.52284741679172],[11.347976899737729,44.52279247428749],[11.34833450333558,44.52267257738464],[11.348380486204507,44.522788466465045],[11.348334671290011,44.52279916774009],[11.348097923679386,44.52287623829417],[11.347763489404858,44.522983405465695],[11.34756039116592,44.52304924985145],[11.34735993134289,44.52311468852086],[11.347119574568804,44.52319282153881],[11.346837618268744,44.52328450288754]]],"type":"Polygon"},"properties":{"codice_area_statistica":13,"geo_point_2d":{"lon":11.338995896747827,"lat":44.522812701496804},"area_statistica":"CNR","cod_quar":12,"quartiere":"Navile","cod_zona":"B","zona":"Bolognina"}},{"type":"Feature","geometry":{"coordinates":[[[11.327610029030389,44.49695776451777],[11.327574954573176,44.49706535834619],[11.327282539338738,44.497033158282896],[11.326677069387141,44.49695453837757],[11.326614732511201,44.49694727445136],[11.326506840980759,44.496934718134426],[11.325963673023367,44.496950351097134],[11.325831437686753,44.49695916714807],[11.325378326886266,44.49698392757161],[11.32458644459793,44.497014910076665],[11.324585424136325,44.49695253395149],[11.32457988455577,44.49686064035343],[11.324517520621317,44.49685173736112],[11.324504765791067,44.49669825096192],[11.324450545357726,44.496672077198824],[11.324087404349523,44.49551687723207],[11.324065247562613,44.49544073432551],[11.324012275979724,44.495211418585455],[11.323933223295118,44.495072110470836],[11.323772632376656,44.49479042076704],[11.323560610245805,44.49440450144072],[11.323301948489867,44.49398837296953],[11.322924680613962,44.493409982104666],[11.32254678205477,44.492815515141494],[11.322440414472906,44.492643794189284],[11.322125559240838,44.49211007099129],[11.32182646363119,44.491574630938366],[11.321408238321563,44.49084379873811],[11.321293790722253,44.49060773739976],[11.321067398578526,44.49013333081517],[11.320878882544497,44.48968248770594],[11.320913401233295,44.48960948607584],[11.32059217574786,44.48953922440265],[11.320605487253184,44.48949086194466],[11.32062804799226,44.48937353164305],[11.320643238445538,44.48919913067648],[11.320636688699745,44.489162740300465],[11.320614700885038,44.48912300870577],[11.32059050009119,44.48909184754967],[11.320537863388147,44.489029602310126],[11.320431509698398,44.488920987284054],[11.320326120885376,44.48883668655804],[11.32022655334885,44.488727924398646],[11.320128598501798,44.48861668967024],[11.320052844676821,44.488557227706046],[11.319928414623664,44.488443704057296],[11.319736156465021,44.48824411640736],[11.319670740975228,44.48816276585067],[11.319600260272107,44.488065628597454],[11.319546571638451,44.48799995627003],[11.31950993859738,44.48797208136621],[11.31948033111376,44.48795360645269],[11.319423529071026,44.48792136994962],[11.319378264099774,44.48790003522279],[11.319324240864336,44.48788205633856],[11.319281263274469,44.48786226855922],[11.319244743772826,44.48783756917913],[11.319201261964247,44.48780506194249],[11.319168485770824,44.48776280344611],[11.319131160501737,44.48771745944061],[11.319102706533776,44.48767192619706],[11.319101006194828,44.48762903636043],[11.319108303330578,44.48758914165347],[11.319122071775437,44.4875443531047],[11.319133565469064,44.48749801730731],[11.3190966800105,44.48746947220152],[11.319065559638226,44.4873668266264],[11.31903423469415,44.48725901770636],[11.318980260915037,44.48712584042086],[11.318875901381968,44.48690461492186],[11.318720849833449,44.48658758704306],[11.318610066544856,44.48634067230903],[11.318572930888276,44.48622265528572],[11.318566256726543,44.486145323483],[11.318545558876345,44.48600670773501],[11.318549263231514,44.48595897274071],[11.318552756498526,44.48592019061642],[11.318568404192998,44.48579779756338],[11.318596427465794,44.48564814535095],[11.318612764507858,44.48557805238985],[11.318621958445576,44.48553429307131],[11.318629581328338,44.485491826025566],[11.31863457438549,44.485455984291484],[11.318640053981902,44.48541338072525],[11.318651579675489,44.485279007891336],[11.31867139308595,44.485061831854345],[11.318690869517553,44.4849059613558],[11.318696533406564,44.48484579896993],[11.318700990143878,44.48479008137935],[11.318703852310646,44.484748071126546],[11.318715267523313,44.4846683463018],[11.318857571163484,44.48466865168124],[11.321431357891965,44.4844452555536],[11.3214399768346,44.48440512674062],[11.321564129006907,44.48441197364939],[11.321747525428783,44.484411250662376],[11.322034264263007,44.48438797143264],[11.322550808182735,44.48421428211489],[11.322631802348672,44.4842154520321],[11.324806363905278,44.4846066429421],[11.324817309203256,44.48476340736942],[11.324905144784937,44.48477848940059],[11.32492699644877,44.48483375244921],[11.325174727767015,44.48541103991129],[11.325162238602461,44.48549231768367],[11.32524037115548,44.485641024599836],[11.32523860201926,44.485725604035686],[11.325269950113979,44.485803990305286],[11.325334850085731,44.48588869714149],[11.325450991441159,44.486060594575406],[11.325589303898122,44.48625050454198],[11.325657444771753,44.486380014108924],[11.325662813177837,44.48651505172837],[11.325650366266675,44.486705566190835],[11.325689017927848,44.48674968369761],[11.325835738836314,44.48695933578137],[11.325869176587375,44.48701148173998],[11.325916359262736,44.48708448573165],[11.325964968981832,44.48714688257568],[11.326030464201962,44.48721043877315],[11.326091467075784,44.48724767285427],[11.326175702830373,44.48727490873407],[11.326275837721512,44.48730664594801],[11.326379959746069,44.48732542810738],[11.3265244303422,44.487341794399434],[11.326692612771788,44.4873605220396],[11.326748576871482,44.487372237079754],[11.326793979628247,44.48739413323573],[11.326918584619449,44.487511778026835],[11.32705346339704,44.4876556268633],[11.327194606913567,44.48781783915267],[11.32739300720044,44.488045080005506],[11.32743817720353,44.48809682424942],[11.32749700785576,44.48813789195284],[11.327607278528477,44.48817524601235],[11.327918650515832,44.48821783484804],[11.328111714673657,44.48824990797672],[11.328196642777066,44.48829037105414],[11.328201459376746,44.48836209551724],[11.32819567724381,44.48844179637789],[11.328212709236404,44.48851930344262],[11.32823849516303,44.48860662484325],[11.328290127426474,44.488733804716794],[11.32837523624452,44.488959195250764],[11.328544216307845,44.48891252704805],[11.329328245902751,44.48877147659268],[11.329934903790132,44.488663479578626],[11.330073157449917,44.48904649984744],[11.330141218846986,44.4892333458085],[11.32982046993083,44.489298418383434],[11.330058769368158,44.48980263320882],[11.330183701531602,44.48994587107481],[11.329861208859885,44.490080929494205],[11.329721728731062,44.49015974002435],[11.329650983100143,44.4902004261095],[11.329604140265674,44.490235925005535],[11.329549988888141,44.49034749188259],[11.329545246978553,44.49047916152482],[11.329558712450513,44.49054979114462],[11.329553127682127,44.49075376878982],[11.329499593234566,44.49097241786549],[11.329450682998333,44.4911094991032],[11.329439547572353,44.49114537659177],[11.329199835257592,44.49192932504193],[11.329083677190525,44.49232389286201],[11.32862331324508,44.49378797688543],[11.328318730124225,44.49472387773811],[11.328019378254773,44.49563944216427],[11.327859223868773,44.496162373357414],[11.327610029030389,44.49695776451777]]],"type":"Polygon"},"properties":{"codice_area_statistica":73,"geo_point_2d":{"lon":11.324533960066354,"lat":44.49011341366896},"area_statistica":"SAN GIUSEPPE","cod_quar":13,"quartiere":"Porto - Saragozza","cod_zona":"F","zona":"Costa Saragozza"}},{"type":"Feature","geometry":{"coordinates":[[[11.305744646874572,44.488215268645725],[11.305811439415258,44.48823473354357],[11.305642237841852,44.48866801608017],[11.30422720953633,44.48824367536801],[11.304012550808789,44.48846125254466],[11.30398472109548,44.48851302100011],[11.301199694400738,44.4874490031957],[11.300801493377163,44.48729668427033],[11.300352748074946,44.48711837467431],[11.30025374718723,44.48707929072532],[11.298616314838203,44.486433747286554],[11.298272194494281,44.48629720140691],[11.298158807239284,44.48624365000405],[11.298076494872715,44.48630598458523],[11.29797924146249,44.4863686198716],[11.297843541902731,44.48646771526692],[11.297744887418721,44.486494692246225],[11.297660613056015,44.486507092581625],[11.29754477624316,44.486477302722356],[11.297444720871356,44.48646861232566],[11.297376368030596,44.48650568324243],[11.297243402619651,44.48654761940405],[11.297118988729176,44.48655368802202],[11.296976348462163,44.48643026073056],[11.296933949336198,44.486376621104725],[11.296901028943344,44.48631392318345],[11.296866808855507,44.486243104048505],[11.296843719167136,44.486180631434436],[11.29682965957242,44.48612041683511],[11.296823179834194,44.48605050697043],[11.29682240443143,44.485992959939416],[11.296823133513463,44.4859340142424],[11.296826665002326,44.48585643979396],[11.296827763439612,44.48578159707268],[11.29683221837804,44.48573042667825],[11.296676970138016,44.48567434005487],[11.29667698023178,44.4856742768336],[11.296677301497331,44.48567381123749],[11.296681436597389,44.48555843172421],[11.296681830247195,44.48554827787223],[11.296669801521974,44.485482125684634],[11.296669787896821,44.48548209895095],[11.2966461530691,44.4854201414026],[11.296620061162237,44.48533627593404],[11.296614933380296,44.48528573945812],[11.296619719296158,44.48520743756882],[11.296630043443109,44.48515040543992],[11.29663962296166,44.485093946451634],[11.296654561222669,44.485034003676816],[11.296668950424307,44.48498025673379],[11.296667534972864,44.484924018944135],[11.296668586590377,44.4848508606426],[11.296673038268871,44.48474386517246],[11.296671421485051,44.48468313913253],[11.296673118775537,44.48464596924801],[11.296678992295368,44.484575513743],[11.296682454896578,44.48444268269039],[11.296684194112311,44.48438639943395],[11.296690737072295,44.484252912232776],[11.296692792887534,44.48408520638152],[11.296696494480988,44.483959104458435],[11.29670115424489,44.48385773141434],[11.296721584171648,44.48373747771978],[11.2967484690719,44.48366153100573],[11.296781514178269,44.4835826605343],[11.296808493755782,44.48352866925206],[11.296799808124424,44.48348776512003],[11.296775269205853,44.48336335669573],[11.29675127906279,44.483232743430655],[11.296703214286689,44.48309076708567],[11.296703187743784,44.48309073160926],[11.296522162640414,44.48306398968702],[11.296131718471836,44.483008267281406],[11.296014995597437,44.48299767822079],[11.295916783937443,44.48295858360406],[11.295829162770247,44.482928836682724],[11.295604650287089,44.482875401898134],[11.295467832183176,44.482833707254606],[11.295329641953572,44.48279709949993],[11.295183929665326,44.48276908725668],[11.294904957928555,44.48268973819263],[11.294770446661376,44.48264688001285],[11.294714566338088,44.48260303528189],[11.294616933468108,44.482378258157816],[11.294571751369164,44.48224807037871],[11.294514156492786,44.48204216807645],[11.294471213356678,44.48192994046217],[11.294471186110146,44.481929886994166],[11.293891879704342,44.48202819724245],[11.29361489795638,44.48185768963634],[11.293614845933321,44.48185764566854],[11.293370384315695,44.48181642770603],[11.293354608700163,44.481820426696984],[11.292905812279574,44.48193435827331],[11.292470353146904,44.48203312993606],[11.292347771319998,44.482073852601786],[11.292280688684958,44.4821067087679],[11.292184821199898,44.48216715069554],[11.292085681390253,44.48224453813279],[11.29193150978042,44.48238154731212],[11.291831643915529,44.48246064159363],[11.29169885053199,44.48254151313296],[11.291587033236143,44.48259608995502],[11.29151661955534,44.482624511233965],[11.291507137910282,44.48262707824998],[11.291437542876707,44.48264558018016],[11.291427476884708,44.48264703359316],[11.291340382157799,44.48265955789416],[11.291161364152316,44.48268397399575],[11.291042215081797,44.4826919919118],[11.290975864004222,44.48267387787494],[11.290887092155653,44.482583193596966],[11.290869570464388,44.48251659283313],[11.290853580894652,44.48242970545503],[11.290862064145903,44.4823248799133],[11.290885295646769,44.482215824266056],[11.290885981583516,44.48221310971873],[11.290933466768353,44.48204262869125],[11.290930827705992,44.482034642324265],[11.290930850370565,44.4820345788512],[11.290930042234733,44.48203224538855],[11.290928116309367,44.48202641433847],[11.290906841415557,44.4819651194095],[11.290901581031758,44.481949920542306],[11.290901555197287,44.481949903055536],[11.29090154122342,44.481949867325525],[11.290601406303683,44.48177134557107],[11.290302164828699,44.48166668049535],[11.290288422397786,44.48162464394795],[11.29052142467467,44.4813937695592],[11.290521397784126,44.48139372508571],[11.290483012007073,44.48133603233742],[11.290482972551688,44.48133598811603],[11.290207336365638,44.48134151822119],[11.289770010094015,44.481272085298755],[11.289414011499694,44.48113016917955],[11.28956209907169,44.48097868316788],[11.289923727132827,44.48072048199061],[11.290186894395134,44.480557089896244],[11.290656512788438,44.480026641574824],[11.290656460417086,44.48002658861004],[11.290301398678869,44.47970799821105],[11.290330600455215,44.47968400555502],[11.290919782317024,44.47919987036189],[11.291649487563765,44.47925556164536],[11.291647956797428,44.47941650503844],[11.29164795174925,44.47941701828857],[11.29190218850317,44.47936330024133],[11.292107078992798,44.47932007019056],[11.29210702697318,44.479320026221984],[11.291716948453287,44.47901057872535],[11.291716908646327,44.479010525508826],[11.291331962866662,44.47879319639016],[11.291253995548578,44.478687360143354],[11.291214367609465,44.478558733963],[11.291214315591203,44.478558689993974],[11.291050051727037,44.47841686465469],[11.291050012625481,44.47841682942899],[11.290811690359819,44.47820953758484],[11.290811650554243,44.47820948436796],[11.290604393912108,44.477953197643465],[11.29060432933068,44.47795315392625],[11.290157477303062,44.47763807021705],[11.290149464324571,44.47754866396935],[11.290142136222794,44.47746679717306],[11.290377817151526,44.47740466821511],[11.290462399179065,44.47733713507646],[11.291079392447989,44.47713908412365],[11.290980673748884,44.476905872024176],[11.291124118417768,44.476816334039256],[11.291430583525226,44.47667514370801],[11.291727371851474,44.47632766284679],[11.291814825286485,44.47621280732504],[11.291805734440064,44.47614152707454],[11.291805682423592,44.476141483105735],[11.291553915582393,44.475951909716215],[11.291553863566278,44.4759518657473],[11.2914345816398,44.4759159989881],[11.291426191040713,44.475922640288935],[11.291301200607563,44.47602164812133],[11.29049980441102,44.476387139932825],[11.290488321341687,44.47639123245445],[11.290302276387841,44.476456660076494],[11.290297554866173,44.476455854541065],[11.289780766281249,44.47636725574359],[11.289269022638196,44.47638315481626],[11.289263297708384,44.47638434093258],[11.28926315950609,44.47638434370403],[11.289252420154714,44.47638655764583],[11.289250122026614,44.47638663073899],[11.288926390409172,44.47645390785672],[11.28887908047139,44.476463679000574],[11.288873066805909,44.47646455579498],[11.28840260983548,44.476532756603596],[11.288196209933648,44.476137483881956],[11.288151149303781,44.47605459973368],[11.28798283388936,44.475745087374754],[11.287959402415654,44.47552781972026],[11.28798580020631,44.47535848259186],[11.288353907013892,44.47509044252742],[11.28838388349862,44.47506861345854],[11.288665118092855,44.47490830158042],[11.289348538463345,44.47478504529749],[11.289361236017768,44.47478275606537],[11.289361445374645,44.474782643835454],[11.2893674385549,44.47478156936847],[11.289639992738026,44.47463698568522],[11.289650798333513,44.47463133137818],[11.289839791309896,44.474500945804124],[11.290057010768004,44.474204120452676],[11.290234926215813,44.47396100058956],[11.29043290097614,44.473934270026554],[11.290433739417738,44.47393481136657],[11.290487738528247,44.47397136787455],[11.290489744082267,44.47397121060059],[11.290489808659096,44.47397125431799],[11.290712141645008,44.473953622326285],[11.290712264813534,44.47395355683644],[11.290715699414855,44.47395328985939],[11.291011888934504,44.47379791161013],[11.291029140178452,44.47378894088838],[11.291017121229295,44.473743034674925],[11.291017069567733,44.47374299970124],[11.29072746762012,44.4735102959459],[11.290727427817993,44.47351024272886],[11.29055273930484,44.47350418717149],[11.290056998242358,44.47352482814923],[11.290108318793703,44.47341132890883],[11.290245021455306,44.473249924293555],[11.290381608174727,44.47302549450019],[11.290432514443049,44.47294063174787],[11.290451636311253,44.472867659969815],[11.290451585706904,44.47286765198252],[11.290451596861864,44.47286761574823],[11.290361906033596,44.472842992572986],[11.290694400568695,44.47214371364952],[11.290694337049965,44.47214369691884],[11.29069434855671,44.47214366968009],[11.290328337888456,44.47204749233908],[11.29010571082317,44.47206096126796],[11.289588015482584,44.472083165948966],[11.28953788383012,44.47140455452785],[11.289490477499703,44.470775330760326],[11.28953698581263,44.470618544605486],[11.289666891950148,44.470584988135755],[11.28984927862779,44.470366401245734],[11.290117472087307,44.46999136463977],[11.290258981440996,44.46974767855497],[11.291504239759117,44.47025155725686],[11.291138609596313,44.47078409999814],[11.291104329765659,44.470834023326354],[11.291104417704124,44.47083402156146],[11.291104381776737,44.47083406729561],[11.291633209716124,44.4708341478153],[11.29179191699636,44.47065315998916],[11.29183547670763,44.470606822249536],[11.292009159185158,44.47042204945776],[11.292026948867196,44.47039988793159],[11.292140217977401,44.47025873023359],[11.292302850437355,44.47005605657582],[11.292448007305136,44.46981007089348],[11.292634561964674,44.46938172472909],[11.292654182925213,44.46933667766511],[11.29268858871121,44.46915200005543],[11.292712258791093,44.46902320126985],[11.292712816885592,44.4690197960719],[11.29274488015613,44.46884529343583],[11.292742340874504,44.46883984383107],[11.292742351322707,44.46883978960548],[11.292716603730467,44.4687845804698],[11.292716564282275,44.46878453624894],[11.2923873134358,44.46884839604637],[11.292385541580702,44.46884873771592],[11.292322129290238,44.468859364796074],[11.292303110454068,44.46885782913874],[11.291216031290116,44.468770234712736],[11.290752210092775,44.46848302346124],[11.29061581048784,44.46828945819472],[11.291639052570615,44.46793357414313],[11.291642908303691,44.46785190594323],[11.291642869913407,44.46785188870864],[11.2916428685048,44.467851852726405],[11.290658466313548,44.46761282016612],[11.290465625192665,44.466299560097916],[11.2904655871557,44.46629955185847],[11.290465585747892,44.466299515876194],[11.290346139244688,44.466278838647064],[11.289308734963148,44.46647296587549],[11.289217659803981,44.46645286184137],[11.289197866710733,44.46628843863273],[11.289197814353473,44.46628838566687],[11.289153546014608,44.466240380089346],[11.289153493657432,44.466240327123444],[11.289066285973895,44.466198233017224],[11.289175660333344,44.46566041941849],[11.289192994610495,44.46527971972723],[11.289245394418952,44.46507274279798],[11.2894047782025,44.46470832499035],[11.289559128884257,44.464336121581155],[11.289638222786813,44.464188809659234],[11.289785765017495,44.46402380299492],[11.289944262708627,44.46385800921159],[11.289968106074973,44.46376470479234],[11.290104554509965,44.46357741366339],[11.29033025325262,44.463321937383974],[11.290364884183644,44.463312248957855],[11.29043872023334,44.46327258739498],[11.290513253884054,44.463239834811475],[11.290589005650661,44.46320640954813],[11.290652527458358,44.46317013273051],[11.290706941255843,44.46312629637559],[11.290758060264318,44.4630911056181],[11.29084595904534,44.462988062148916],[11.290919167362999,44.46277109701649],[11.290971548255582,44.462724474502565],[11.291245443179895,44.46260698479906],[11.291304576265205,44.46258161686567],[11.29133433896186,44.46256414855221],[11.29161639859093,44.46239868109268],[11.291953965968382,44.46209088320969],[11.291823504853364,44.46134797626134],[11.291823452146277,44.46134791430102],[11.291779409649946,44.461304991661166],[11.291842243967901,44.461023523208205],[11.291911345964822,44.46095229345447],[11.292097324746615,44.460760584461504],[11.292198277446774,44.46068609525527],[11.292163179473782,44.46061251923972],[11.292163141440332,44.46061251100075],[11.292163114206604,44.460612457531774],[11.291616142045694,44.46046759412807],[11.29134609656696,44.460372878377775],[11.291122064622607,44.460228831345084],[11.290928222714006,44.46019390215191],[11.290298647576625,44.46002593280583],[11.290174636500337,44.460028987867545],[11.29002393408571,44.46001231329124],[11.289913227032482,44.45995377522796],[11.289805699340572,44.45985470643208],[11.289805646988766,44.459854653466344],[11.289646269480857,44.4598173473017],[11.28935120006529,44.45974505913191],[11.28918030824728,44.45975467990228],[11.288933888437109,44.45970110385658],[11.288809216150321,44.45962709011065],[11.288616856362307,44.45950778155715],[11.288616791451645,44.45950772884263],[11.288351225223503,44.45944665806621],[11.288183284362894,44.45961091050917],[11.288095765005256,44.45932187050578],[11.288095725215658,44.45932181728747],[11.286552429256497,44.45914965777159],[11.286572601888953,44.45898220976695],[11.286331000251824,44.458529057488164],[11.286273780261363,44.457285615497526],[11.28591010376154,44.4558784032412],[11.285876161379196,44.455733357116976],[11.285594030566545,44.45500642494225],[11.28559395275333,44.45500636348165],[11.285169443857775,44.4546542789283],[11.285169430245567,44.45465425219284],[11.28514027462117,44.45460121605857],[11.285039126077553,44.45421352523107],[11.284811757018089,44.45366105540239],[11.284630108542302,44.45332810888943],[11.284394572929575,44.452896365031584],[11.283744131893387,44.45170528375351],[11.283610887511719,44.45092755458227],[11.28366351243337,44.450806712622516],[11.283663536147317,44.450806676137546],[11.283782154103855,44.45046174339461],[11.283792088704656,44.45043288021269],[11.28251944589641,44.44694347201786],[11.282166637520756,44.44599232789335],[11.281951701331048,44.44545514168194],[11.281080430294773,44.443318173049896],[11.283277821972607,44.44311009940543],[11.285547588641535,44.44289513286306],[11.287784320898515,44.442683240896514],[11.288112242717927,44.44267101514038],[11.288240355012888,44.44267030185377],[11.288308129360681,44.442677468871004],[11.288341757496331,44.44269195527677],[11.288375281758645,44.44272019081631],[11.28838656497337,44.44275457986656],[11.28838680052036,44.44279439390907],[11.28838591816429,44.44294136200966],[11.288390744546193,44.44320006471149],[11.288402628167542,44.443476649259686],[11.288408823662268,44.44369060829061],[11.288411668970545,44.44376345478295],[11.288416553554946,44.443833172483856],[11.288416812836154,44.443923139853354],[11.288415725317362,44.443950313670655],[11.288407658824454,44.44399313896625],[11.288390160698563,44.44407183085721],[11.288355426608936,44.44420826018859],[11.28834866947039,44.44425726206337],[11.288347518587239,44.44431080593339],[11.28834889080992,44.444373607974974],[11.28836125627178,44.444440844028044],[11.288371404056399,44.44447864983265],[11.2883967000225,44.44451690820631],[11.288423071525738,44.444554388790905],[11.288466867181912,44.44459460799402],[11.288522416231707,44.44463072942415],[11.288584214880862,44.44466051370654],[11.288641240650533,44.44467878021294],[11.288692641757684,44.44469171284751],[11.288748240922104,44.444701446374125],[11.288844114849434,44.44471659322787],[11.288907195645427,44.4447238629908],[11.288976811238896,44.44473177592048],[11.28902542182107,44.444745331524096],[11.289066025972703,44.444771075197544],[11.289101917811859,44.44480293612419],[11.289130604166386,44.444860085944846],[11.289166821920984,44.44494241821208],[11.289224496016706,44.445057990143994],[11.289276816696473,44.445122102181955],[11.289325187778399,44.44516843212906],[11.289394630703145,44.4452275463723],[11.289442189761848,44.44525373560596],[11.289577068211903,44.445324717313795],[11.289660760780816,44.44535259447055],[11.28986302141021,44.445406784801435],[11.29013763130326,44.44545905526971],[11.290394835250682,44.44551708489076],[11.290524945114637,44.44553837645933],[11.290633742987128,44.44554813998388],[11.290756594325101,44.44554417143695],[11.290860523242749,44.44553611716183],[11.290956243131296,44.445531207410426],[11.291083159506833,44.44552417705526],[11.291290854122355,44.445503578765916],[11.291496172042253,44.44547555560094],[11.291697308206613,44.445447616013176],[11.2918795465044,44.44541558114831],[11.292034860770116,44.445388551879674],[11.292260147671485,44.44534737864988],[11.292413877214338,44.44532417980618],[11.29258818579176,44.44530276412996],[11.292712879040305,44.445290645093],[11.292842005727277,44.44527685240872],[11.293094700187929,44.445246272346076],[11.293445403477746,44.44520539532564],[11.293710998419202,44.44517115172402],[11.293874612096797,44.44515424323196],[11.293991825956175,44.445155245911636],[11.294108051619272,44.4451708076185],[11.294170430034656,44.445190278179275],[11.294223556614144,44.44521610145662],[11.294281318974786,44.44525376006184],[11.294336797215697,44.445307219190425],[11.294409747342897,44.44539157535475],[11.29448476894527,44.445455336774394],[11.294536367148549,44.44549571190656],[11.294611478320578,44.44553897239526],[11.294730370201833,44.44559274115968],[11.29480860781316,44.445625657640505],[11.294872249097097,44.44564815432959],[11.29500698438649,44.44568128532071],[11.295150129226194,44.44571575052362],[11.295210665320646,44.44574366603225],[11.29537881076921,44.44577663800697],[11.295482975182063,44.44580314497903],[11.29552019561143,44.445806906884634],[11.295579618251113,44.44582211483234],[11.295684436398574,44.44583643688517],[11.295751395011127,44.445842553562215],[11.295849713089119,44.44585102841702],[11.295960362637855,44.44585477185615],[11.296047978535682,44.445855998580086],[11.296108638077675,44.44586075630034],[11.296177856838026,44.44587131059002],[11.29625142021606,44.44588626077007],[11.296360862622626,44.4459124267061],[11.296484887254833,44.44595152409372],[11.297462228359528,44.445991726856704],[11.29767726993523,44.44612482443957],[11.297937267538678,44.446639233354645],[11.29829969866593,44.446923434214604],[11.298362300739692,44.44697350699176],[11.298428269487898,44.447028346375525],[11.298496877901938,44.44708319559168],[11.298561110029311,44.44713861002208],[11.29861242400129,44.4471751538892],[11.298696860466329,44.44723045850978],[11.298738979348679,44.44726038146537],[11.298793626779803,44.447296678073485],[11.298827228446445,44.447317400743955],[11.298943735502794,44.44739667261916],[11.29901843902389,44.447446051198355],[11.299103686865518,44.447505678453034],[11.299152911755767,44.44754533405181],[11.299182830703277,44.44756956079659],[11.299259806733968,44.447613428837506],[11.299344167036763,44.44767028296426],[11.299450583393206,44.4477248922347],[11.299535749180638,44.44776575928989],[11.299563026128238,44.44778286403906],[11.299599915357343,44.447807283365115],[11.299631667898844,44.44782826811128],[11.299703702742713,44.44788006769299],[11.299775946947076,44.447934635827686],[11.29985635251135,44.44798932758155],[11.299930745174972,44.44805347616817],[11.299955997798671,44.44808143379011],[11.299997264808821,44.44812739815788],[11.300081871507853,44.44819657139845],[11.300146094158254,44.44825199411826],[11.300184017481362,44.44828993240464],[11.300246576915315,44.44834780128948],[11.300289113598717,44.448383521957524],[11.300330235830506,44.44842066652192],[11.300390958903483,44.44847913049368],[11.300456074821934,44.448534562044],[11.300516886398338,44.44859303316672],[11.300542924414126,44.44862593528926],[11.300585480464246,44.44869221945267],[11.300621912411533,44.44875968933032],[11.300646263246385,44.44884242809053],[11.300659634530005,44.44891792492078],[11.300674234472103,44.44897734526226],[11.300684958084728,44.44904142607131],[11.300697710249365,44.4490873976782],[11.300729280257933,44.449138904775204],[11.300766295217729,44.44918888870907],[11.300795437161963,44.449230730863384],[11.300818108440241,44.44925757897231],[11.300852772669385,44.449285787832615],[11.300896023113715,44.44931181603451],[11.3009509145033,44.44934464065805],[11.301056186242052,44.44939974862387],[11.301112957565357,44.449437873846676],[11.301176742139738,44.449489442667826],[11.301216838132769,44.449530181643645],[11.301277030100232,44.44959522777218],[11.30127922919346,44.449641286007186],[11.30129196184271,44.44970050083304],[11.301291880782736,44.44975857855498],[11.301284167103933,44.4498069612422],[11.3012688776793,44.44988484527932],[11.3012458065191,44.449947320601076],[11.301229066056367,44.450003627525376],[11.301211175035323,44.450040565934984],[11.301167408278012,44.45009642735134],[11.301145565250035,44.45012522599525],[11.301131071919526,44.450148519909256],[11.30112085940639,44.450173609085546],[11.30111686610705,44.450204406615235],[11.301118332422124,44.45023917229388],[11.301127492472792,44.45028230839564],[11.301142989836572,44.45032456053025],[11.301175988606133,44.45043704063593],[11.301195527279877,44.45051209797143],[11.301207740148175,44.45055040112323],[11.301215065300685,44.45058713731058],[11.301219845068681,44.45061378782607],[11.30122872909425,44.45063997749579],[11.301247400854722,44.45067761028408],[11.301276612606067,44.450703606238434],[11.301322889519392,44.450726980500086],[11.301426896244989,44.45077284988722],[11.301483010886498,44.45080413714076],[11.301517791686535,44.450827283953494],[11.301550262128258,44.45085656312427],[11.301577236428122,44.45088830278571],[11.301622519372833,44.450946186106094],[11.301644017056754,44.45099111701493],[11.301659867760854,44.451054500165775],[11.301669317201993,44.45109763038371],[11.301685797722657,44.45113482113423],[11.301726845895256,44.45120199049811],[11.301752534657897,44.45124866441905],[11.30177767333897,44.45128389805849],[11.301796664941667,44.451314943369105],[11.301811976974127,44.45135213965519],[11.301821409963443,44.451382054305],[11.301843725663936,44.45142764387755],[11.301891633821269,44.45147235729629],[11.301932626156484,44.45152849946641],[11.301940637447222,44.451559973223034],[11.30195337711744,44.45159695127945],[11.301963151322806,44.45163810334106],[11.30197221879782,44.45167662287463],[11.30198323096828,44.45171953249477],[11.301991149042534,44.451753429838384],[11.301995980237738,44.45180887874404],[11.302005637596846,44.45189470428601],[11.302022101258405,44.45196886918959],[11.302028200268568,44.45199901309713],[11.302025645471101,44.45202674775078],[11.302021025313845,44.452058854325095],[11.302023325147934,44.45209530467412],[11.302029707488865,44.452127540484035],[11.302044779778903,44.45216118552357],[11.302067065555583,44.45219864626133],[11.302094967270122,44.452238928607265],[11.302120133902088,44.45227965321557],[11.302164457490331,44.45235561496036],[11.302225508595518,44.45243729812571],[11.302255865440118,44.45247032880212],[11.302292367038921,44.452502047196845],[11.302337742600624,44.452537295700424],[11.302381632452862,44.452569918369726],[11.302435832300887,44.452612226989125],[11.302475431232901,44.452647916039844],[11.302547744806452,44.452719054842966],[11.302594093708759,44.45276882288226],[11.302623427870076,44.45282826083791],[11.302635448086164,44.45285906850552],[11.302652568377239,44.45289012440298],[11.302682292153898,44.45291918856382],[11.302711741361893,44.45293903054461],[11.302739959189491,44.45297006963816],[11.302760749260502,44.453011665611626],[11.30283587742647,44.45311185300131],[11.302865854237583,44.45315501915226],[11.30287288247922,44.45318384788319],[11.302875868049307,44.453212470080366],[11.30287701827004,44.45324172347576],[11.302880888031126,44.4532778090332],[11.302889474099015,44.45330885699799],[11.302910304994974,44.45333901876065],[11.302957487931385,44.45337417653649],[11.303005454729341,44.45340401592195],[11.303102134789611,44.45345294842089],[11.303182141147785,44.45350232526781],[11.303258371677414,44.453553164646415],[11.303305044500888,44.453598991698925],[11.303344158030589,44.453632214508524],[11.303392484311363,44.453660957156664],[11.303482701265782,44.453671452413495],[11.303501942216409,44.45369920643164],[11.303522461055994,44.45374155495342],[11.303537832944903,44.453793009972046],[11.303587232339268,44.45383784561421],[11.303603062535686,44.453871232073126],[11.303657457960691,44.453967029860074],[11.303702385390787,44.45403940475104],[11.303734146614357,44.454070390092504],[11.303765790181146,44.454093590513345],[11.303808849192967,44.45412229523608],[11.303869373646503,44.45416587993865],[11.30392548769143,44.45420917550809],[11.303980767580128,44.45426417331478],[11.304051675377247,44.454346763869125],[11.304076420066888,44.454381815879884],[11.304147648072027,44.45446007864181],[11.304185710978954,44.454499156075364],[11.304208581488309,44.45452139011228],[11.304239539556475,44.454546962928326],[11.304272374750184,44.45457040923331],[11.304308802526121,44.45460178636046],[11.304346583385055,44.454634648606934],[11.304406930664598,44.45468840057919],[11.304458904196775,44.45474399604767],[11.30448315329927,44.45477858083198],[11.304503190495863,44.454811216039396],[11.30452198627815,44.45484232784933],[11.304568165768693,44.45490047994716],[11.304598722295328,44.4549334069256],[11.304633484081544,44.45496811254641],[11.304666557200768,44.45499759470526],[11.304703558776446,44.45502980636815],[11.304808668922686,44.45512037547859],[11.304844688627542,44.45514839368248],[11.304893422494645,44.455182970171435],[11.304929157534847,44.45521269559497],[11.304962997722814,44.45524696958924],[11.304992046530057,44.45528117826967],[11.305017537581051,44.45531536875241],[11.305042075334455,44.45534737283086],[11.305068959720073,44.45538438900511],[11.305089798330311,44.45541980774535],[11.305107973354872,44.45544982466506],[11.305164943011205,44.45553491960394],[11.305216098671723,44.45557991712096],[11.305276913747681,44.45561549184895],[11.30533410706234,44.455631540934576],[11.305399769619514,44.455638587366764],[11.30552649531091,44.45564503973912],[11.305704735682198,44.45564525699211],[11.305783776211635,44.45565241111193],[11.305845162797313,44.45567024779374],[11.305886275737668,44.4556839476196],[11.305930110823915,44.45570038326328],[11.305962461895843,44.45571884239014],[11.305992672587362,44.45574072073357],[11.306031406001178,44.45577155558453],[11.306070092716205,44.45580886426382],[11.30610232461931,44.455844403766285],[11.306129858868646,44.45588034424756],[11.306157384296586,44.455916059834166],[11.306181283176194,44.45594937295028],[11.306219721153933,44.45600270229899],[11.3062896829957,44.45606624295524],[11.306367349825466,44.45611860867094],[11.306441865622524,44.456157984169025],[11.306487721753903,44.456185190933894],[11.306531711751756,44.456210013674884],[11.306569661364449,44.4562336980758],[11.306635598081437,44.45628725489402],[11.30669839380617,44.456343395880204],[11.30674050869461,44.456390492947904],[11.306769977230347,44.456435315801414],[11.306790071681602,44.456477015098294],[11.306801928239935,44.456516036021654],[11.306808830530384,44.45655181707628],[11.306815246239788,44.45658258449015],[11.306820021352953,44.45660903678085],[11.30682745714626,44.456635705385175],[11.306839085445409,44.45666414381281],[11.306853106510841,44.45669110246762],[11.306874090107126,44.4567202701125],[11.306901934191963,44.45674905604566],[11.306950559680951,44.4567916641891],[11.307015363810693,44.456836547121334],[11.307091551700763,44.456886106393156],[11.307135508071314,44.4569173934721],[11.307178415047822,44.45694980006452],[11.307217117111627,44.45698235464362],[11.307289086217201,44.45705435259799],[11.30736793797841,44.45711408483968],[11.30745503128871,44.45717626120643],[11.307524311422574,44.457224663431255],[11.307573261897192,44.45726337559674],[11.307617342554272,44.457302906391895],[11.307658751376584,44.45733938526981],[11.307685567228416,44.457364707772925],[11.307718339729966,44.45740371089904],[11.307766373644284,44.457498897050286],[11.307815647317257,44.45755058437974],[11.307837220036895,44.45757490551691],[11.307918183216204,44.45762311632475],[11.308023860491598,44.45770582066355],[11.30808926737509,44.457775835157676],[11.308144966039752,44.45784095041066],[11.308207629572435,44.45792363299737],[11.308251988491437,44.45799507226458],[11.308291386453405,44.45805290080926],[11.308365592834393,44.45815894581813],[11.308395983486667,44.45821243713647],[11.30842468693765,44.45827573942712],[11.308436591811992,44.45832583243495],[11.308430461434513,44.45837726242554],[11.308419699160112,44.45841546217664],[11.308407192976096,44.45846713812663],[11.308380978165008,44.45853903211692],[11.308364151938612,44.458585708927224],[11.308343419793063,44.458644906358195],[11.30833071499049,44.45872407136223],[11.308335588702564,44.45882251566644],[11.30832639751179,44.45891811145203],[11.308307406567483,44.45898449377954],[11.308291706044907,44.459046020168195],[11.308282571385003,44.45908182830154],[11.308269746521242,44.459135311202445],[11.308261172436922,44.45918916728547],[11.30827493917411,44.45925205141204],[11.30829956442144,44.459313608650646],[11.308321546270768,44.4593830426241],[11.30833930872797,44.45943504278348],[11.308368442230003,44.45950158633178],[11.308384002972135,44.45955481034902],[11.30840041725495,44.459597799113524],[11.308416946964748,44.459643396305374],[11.308446595084439,44.45969046572898],[11.30848247897601,44.45973628371632],[11.308516517590435,44.45977770070867],[11.308551113712515,44.45981572142579],[11.308584538676588,44.45984890439361],[11.308646429877786,44.459901722587496],[11.308735419316621,44.45997454572719],[11.308823079629427,44.460015886458045],[11.308884698913166,44.46004681561409],[11.308938460203553,44.460078020706035],[11.309000263972418,44.46011617518307],[11.309048762954188,44.46015546299393],[11.309082496699705,44.46019168245835],[11.309107896096942,44.46023076228236],[11.309127713951712,44.46026250082064],[11.309176354849388,44.460335662616686],[11.309212108869682,44.46040557404412],[11.309234308932018,44.46044289102098],[11.309267809066025,44.460480510562626],[11.309317739352723,44.46051655536286],[11.309358155164437,44.46053765018557],[11.309427984511037,44.46057274322534],[11.309506152474135,44.46061495965802],[11.309609787175505,44.4606804187515],[11.309699300806699,44.46073396488831],[11.309759591081233,44.46077355398178],[11.30982919471875,44.46082266844072],[11.309953998302865,44.46087951549855],[11.310036090101015,44.46090965165763],[11.310092965523078,44.460929584906076],[11.310173725075925,44.460960360104096],[11.310224246726406,44.460983968903534],[11.310298930997927,44.46102260922303],[11.310362812450496,44.461056345627405],[11.310425814460018,44.46111717071108],[11.310440080976543,44.46116047271798],[11.312885716321517,44.46217138710543],[11.312901687920435,44.462209747816246],[11.313057537739224,44.46269433460495],[11.313058686562014,44.46272277764403],[11.313068148805536,44.46280732767628],[11.313071385644824,44.46288639520852],[11.313087283706132,44.463275121719555],[11.313171547610345,44.46326370047069],[11.313236351977999,44.46354308929798],[11.313409060341044,44.46428776191826],[11.313752984553918,44.46425637660222],[11.31387855072195,44.46424698954191],[11.313974048210339,44.4643763121546],[11.314160280904161,44.464846471371736],[11.314206557406331,44.4649349293451],[11.314216188133267,44.46496040059903],[11.314235732013168,44.46501244470181],[11.31425902696349,44.46507446869119],[11.314314159352692,44.465265142961435],[11.314355463141752,44.465511454702856],[11.314402156980107,44.46566259841502],[11.314456553597836,44.46597613734689],[11.314483581560204,44.46610299452676],[11.314895471951198,44.465962745412895],[11.314983457631719,44.4659375813701],[11.314951495439503,44.4661701551636],[11.314707325316368,44.466784584060065],[11.314691483167888,44.466928884256085],[11.314542531787225,44.467081131858],[11.314583375237845,44.46708966647461],[11.314315163343856,44.46735310147863],[11.31412536225576,44.46754187207404],[11.314053533588732,44.4676065985613],[11.314041315528716,44.467655937536804],[11.314127117388534,44.46782319548531],[11.314208093863087,44.46795519788521],[11.314224421625168,44.468031758287886],[11.314184306490995,44.46812625280182],[11.314273548451999,44.46828986684879],[11.313876403594554,44.46841589674779],[11.313948559726796,44.468469467203406],[11.31406552380761,44.468546283358236],[11.31414056955997,44.46848308512023],[11.314333430565721,44.46851218797321],[11.314625620335704,44.46857364857965],[11.314891453531228,44.468758618719264],[11.314856460991765,44.46885737585363],[11.314744635190872,44.468940108821734],[11.314604081571009,44.468977051654655],[11.314448887254198,44.46901128426949],[11.31420905502656,44.46904037250354],[11.314112586196977,44.46908004908277],[11.31411908427826,44.469288940222505],[11.314136210063019,44.46944546373186],[11.314186953305256,44.47006624608629],[11.314190528023367,44.470109917351245],[11.314211564726397,44.470195537935645],[11.314254449165169,44.47028266917501],[11.314329522755566,44.47043062671287],[11.314342808472231,44.47046869952465],[11.314343585710175,44.47049503443527],[11.31433869145956,44.470525787578204],[11.314323495050212,44.47055259036893],[11.31425030429386,44.4705991682793],[11.314268257338412,44.47067610981708],[11.314018926503472,44.470808884324406],[11.314081246100393,44.47087465455771],[11.314356805070888,44.47116546156651],[11.314304058865773,44.47117998081798],[11.314830414399923,44.47158605798112],[11.314908714711871,44.471695355452916],[11.315014960134448,44.47190244876728],[11.315127024885076,44.472150160802094],[11.315310054027787,44.47254699321274],[11.315202942503461,44.472584734926066],[11.31521533026926,44.47272975891558],[11.315185517499177,44.47276180068355],[11.315269255340874,44.47273070883894],[11.315336151186234,44.47286693905683],[11.315438225853548,44.47299012212087],[11.315485813110332,44.47306476987094],[11.315548996271017,44.473116351643284],[11.315575453700598,44.473145685657876],[11.315500497172476,44.47314736811557],[11.315428782440796,44.47316520748496],[11.315340176925673,44.47316575326737],[11.315267407064074,44.47319442607741],[11.315358915224653,44.47354788535392],[11.315370694156808,44.473586924860484],[11.315341135055279,44.473608860585855],[11.315316070303606,44.473627446202606],[11.31528620940459,44.47368148235849],[11.315381955122938,44.473740632180096],[11.315333846469084,44.473734495869415],[11.315357466356273,44.47379094034182],[11.315358508086312,44.47394090278057],[11.315397960088331,44.474013933040226],[11.315302660886335,44.474034096218745],[11.31502223494669,44.47462198251012],[11.314828608193979,44.474627763516956],[11.314863835220562,44.474834298365735],[11.314856101492786,44.4750946127207],[11.31484381459975,44.47518196215824],[11.315286354135422,44.475248825571455],[11.315192644948297,44.47567314672301],[11.315475325490649,44.47580381194119],[11.315542009733173,44.47592346345363],[11.315621318485155,44.47610159188314],[11.315619711268319,44.47613310661942],[11.31560723782102,44.4763780956426],[11.315699625864275,44.47644092332635],[11.31569874064035,44.476470028721565],[11.315893943170789,44.47648453316041],[11.316014721670474,44.47644819702636],[11.316178458282813,44.47647143270579],[11.316223301164037,44.4765630516958],[11.31644690634114,44.47726871251025],[11.31670066052149,44.477127389583444],[11.31682983137254,44.47721058998562],[11.316936161200308,44.477142757899706],[11.316983950283657,44.47733954829594],[11.316985628363478,44.47739971469133],[11.317114113219903,44.477422377135],[11.317206676686755,44.477420327216265],[11.318560408687993,44.47738411681781],[11.318823080751114,44.47769548433815],[11.318961330004049,44.47763547344954],[11.319255273807109,44.478030199046124],[11.319814474337559,44.477760146673965],[11.319860626463818,44.47780849807269],[11.320563617959658,44.47780162796413],[11.321171794975243,44.47798859907715],[11.32115988719933,44.47802504969457],[11.32082753241882,44.478676312807394],[11.313523438616173,44.47793625915583],[11.313418483350848,44.47792544941013],[11.313359674014649,44.47791589207117],[11.313349547058918,44.47773256107998],[11.31334382568442,44.477624411630806],[11.31334777304437,44.477505749254],[11.313339045593464,44.47743065528623],[11.313317556042543,44.47736097843081],[11.31329344628618,44.477297539460764],[11.313276739048687,44.477239099973175],[11.313261511737581,44.477145574326265],[11.31325431073355,44.477072511013965],[11.313253829247957,44.47702406871762],[11.313258076486752,44.476985829585665],[11.313278727487123,44.47695446013564],[11.313325499423632,44.47690954358012],[11.313424982237844,44.476839539842786],[11.313569783494332,44.476759110815195],[11.313689165783396,44.476698858494125],[11.313751519797705,44.47666135018905],[11.31378834784763,44.47663239856012],[11.313815574088224,44.47661119472822],[11.31384115682269,44.476588493758136],[11.313864424506535,44.47656607377451],[11.313887675560336,44.476541961632165],[11.313911103235666,44.47651086888084],[11.313933268717593,44.47647011489876],[11.313945318479853,44.476424110375106],[11.313952138497259,44.47637335944921],[11.313954423831367,44.47631954052409],[11.313956347080211,44.476276279999325],[11.313961655382826,44.47622291294637],[11.313970936961496,44.47617844996074],[11.313976121003918,44.47614197432573],[11.313994359237887,44.47610048069815],[11.314015785018368,44.476066781734644],[11.314039158265038,44.47603463675269],[11.314061386066157,44.475993557385756],[11.31407924263314,44.47595799519955],[11.314080690924225,44.475927528008185],[11.314071560386832,44.475898220535626],[11.314061148393582,44.475869893315505],[11.314045409482759,44.47584167407552],[11.314027996985068,44.4758188273073],[11.31397791958952,44.47575371820903],[11.313927995152598,44.475694700756506],[11.313867674446108,44.47561410768354],[11.313839536881733,44.47557472441172],[11.313810523563555,44.47551955029459],[11.313791378277463,44.47546336592358],[11.313782781164965,44.47541606039273],[11.31377119175493,44.475358264447316],[11.313756978792437,44.47530534707595],[11.313750258982218,44.475268950669715],[11.313741201819154,44.47523513137112],[11.313729008579141,44.47518750260641],[11.313718157438744,44.47514678765353],[11.313710027323006,44.4751192423894],[11.313701017780788,44.47509171494862],[11.313692899889507,44.475064160432666],[11.313686503772491,44.475035949839295],[11.313679053972772,44.47500334932034],[11.313630619780643,44.4750160343536],[11.313567365261601,44.47501418341793],[11.313281856635804,44.47503124963535],[11.313352373311542,44.47520759526651],[11.313302568636667,44.475217742187866],[11.312922137150798,44.47520287218265],[11.31260629539919,44.475201996897106],[11.312293377734361,44.47520543677825],[11.312035891189195,44.47520938262923],[11.31209672464913,44.4752848888191],[11.311822068009395,44.47529056834737],[11.311561750537109,44.47529574980037],[11.31127020918474,44.47530274217994],[11.311056328734526,44.47530896285778],[11.310861110894706,44.47531336493232],[11.310661181551037,44.47531913140757],[11.310336942938475,44.4753294750083],[11.310270992871525,44.475337381615276],[11.310125513187419,44.47533726481281],[11.309985343537596,44.475331197678756],[11.309951026476243,44.475490689190316],[11.309916334892248,44.47557061416601],[11.309893857427928,44.47560320831699],[11.30995502010767,44.47566831996951],[11.310237337533033,44.475701219145115],[11.310298484905285,44.47568980870931],[11.310387205933747,44.47568540238273],[11.310441440763803,44.47569285720696],[11.310481287488061,44.475711676429796],[11.310505155476871,44.475742972573876],[11.3105236664497,44.47579463301822],[11.310535050952897,44.475856871728034],[11.310549799139705,44.475902396523196],[11.310563992175267,44.47598927255097],[11.31056616719198,44.47629690181817],[11.310361751224754,44.47630057994873],[11.310173296590648,44.476304393839506],[11.31015756651315,44.476483071922615],[11.310125504417428,44.476527050323426],[11.309900598589552,44.47658280825978],[11.309851304054714,44.47651832069812],[11.309839749526889,44.476454626942704],[11.309834689824106,44.47625093718195],[11.309758166863698,44.47625827419539],[11.309638499607175,44.476247668609126],[11.309560493046115,44.47621741358812],[11.309485847266084,44.47616972448213],[11.309395101600108,44.4761238014477],[11.30925356474117,44.476122325399665],[11.309106789536814,44.47619330913409],[11.308978382698134,44.476240037223064],[11.30895446920045,44.476384760764255],[11.308930796048099,44.47657350221046],[11.308919218077572,44.47671410511518],[11.3085585081493,44.47669259186631],[11.308340180109187,44.476994534170224],[11.308058375153553,44.47696806581675],[11.308063443155682,44.47638499019073],[11.308025494644463,44.476277203937876],[11.307935568736266,44.47627499786112],[11.307900450791308,44.47639934972759],[11.30773534174574,44.47660873940582],[11.307666686514496,44.476718680785034],[11.307640374025674,44.4767634335178],[11.307602208884155,44.476792356175785],[11.307552177474003,44.476805422014664],[11.307340614078983,44.47670919317804],[11.30729667428236,44.47673420828389],[11.307240116958065,44.47676672549124],[11.30714924496582,44.476824738384416],[11.307057220208707,44.47687297065712],[11.30698687272695,44.47691291450469],[11.306920735390735,44.47695440270137],[11.306859498205238,44.47699580084081],[11.306799357524312,44.477039499463665],[11.306770221486314,44.47705442938159],[11.306700536909533,44.477109925172314],[11.30586390451649,44.477292943659556],[11.305832178829615,44.477313003119086],[11.305835815229964,44.47735072263174],[11.305836288036836,44.477394951915],[11.305836757192875,44.477434301856256],[11.305838125015766,44.47746901530554],[11.305838741878512,44.47750445512949],[11.30583981267556,44.477531630389635],[11.305842037034576,44.47755840423931],[11.305846754797239,44.4775922938033],[11.305858010226427,44.477634459751314],[11.305872808209074,44.47767111656413],[11.305888496683716,44.477702290802505],[11.305902352724578,44.47773259278901],[11.305914475895321,44.47776103922857],[11.305925275920822,44.477785902346774],[11.30593941392426,44.47781378593306],[11.30595977286072,44.47784382151568],[11.305983385817072,44.47786964115922],[11.306010497023173,44.477891699061274],[11.30604665210481,44.477914474525505],[11.306089347962086,44.47794017873524],[11.306132113370854,44.47796541338806],[11.306165889237505,44.47798396964026],[11.306211736957477,44.47800892593218],[11.306259118282277,44.478034508413366],[11.306302187677504,44.47805724313747],[11.306338958592628,44.47807713423385],[11.306368857499459,44.47810196254885],[11.306402292698813,44.4781332463019],[11.30643586680319,44.478163906058406],[11.306461996681149,44.47818785622179],[11.306486884772484,44.47821060711384],[11.306512367141368,44.47823376011318],[11.30654038477957,44.47825870741664],[11.306570084598334,44.47828581736106],[11.306601220853986,44.47831332139626],[11.306629051832777,44.47833767827687],[11.30667121170102,44.47837273780616],[11.30671110599362,44.47840295468181],[11.306749715150662,44.478429596467926],[11.306782963168462,44.4784516562146],[11.306812270435628,44.47847071669139],[11.30683945185001,44.47848911791556],[11.30691605215353,44.47853820065431],[11.307112620329939,44.4786602557021],[11.30729866462807,44.478774654833444],[11.307623894993945,44.47895572229783],[11.307660390929763,44.47891664242975],[11.307713328292426,44.47887199966589],[11.307745714085984,44.478835514586],[11.307841273188611,44.478781187571975],[11.3078902970438,44.478729781859215],[11.308022264563386,44.47861377095479],[11.308129361137471,44.47852680103715],[11.308217627345499,44.47845974742852],[11.30826891424534,44.478411536732374],[11.308314065151329,44.47837353300971],[11.308354973254353,44.47834272712456],[11.308408732947292,44.47830301884213],[11.308447568262673,44.478267483454886],[11.308479228008283,44.47823524407277],[11.308549079306632,44.478150836451576],[11.308605484630183,44.47810170285646],[11.308694623553691,44.47802397213559],[11.30874460139027,44.47797861451708],[11.308794615777177,44.47793322912938],[11.308846860020388,44.47789337123598],[11.308902230491896,44.47785020914838],[11.308951618953195,44.47781446014173],[11.309001598648027,44.47778094980756],[11.309083952054003,44.47772661877357],[11.309167191226052,44.47768199258212],[11.30921771433534,44.47763676776644],[11.30925534912568,44.4776026968039],[11.309293678756156,44.47756393041509],[11.309326400092742,44.47753599057322],[11.309354946073658,44.47750930552767],[11.30940821635542,44.4774731627023],[11.309449046952315,44.477477063055076],[11.309486726836216,44.47746644290508],[11.309544686094767,44.47745990476749],[11.309562132874012,44.477436181015335],[11.309615958297098,44.47737619694966],[11.309669969608535,44.47740407458204],[11.309747110880538,44.47742701890371],[11.30982257476933,44.477446648141665],[11.30993410376141,44.477473361831414],[11.310028313223055,44.477494844266],[11.31008196071892,44.47751381647974],[11.310170390795989,44.47754656098102],[11.310257438478954,44.4775837806796],[11.310411451278515,44.477661984302934],[11.310546178936674,44.47772497652913],[11.310685241945485,44.477778977260144],[11.31078800810015,44.47782034368182],[11.310906460030488,44.47786472344506],[11.311007989118858,44.47791391997316],[11.311100227028106,44.477964411832026],[11.311173675389853,44.47801193505347],[11.311223673255835,44.47805659304276],[11.311256395699305,44.478097144484295],[11.311045626673216,44.47816680656305],[11.31090517535589,44.47822096472752],[11.310851669514946,44.478241583514475],[11.310791611251126,44.478265035695735],[11.31084537654819,44.478425157080196],[11.310867903265324,44.47855777764784],[11.310865335157574,44.47871690574061],[11.310310757449928,44.478752761836866],[11.310365680020835,44.47896960345998],[11.310391353254019,44.47904403958832],[11.31042469457019,44.47914071000287],[11.310463054959257,44.479143480643685],[11.310543167890733,44.47936039749558],[11.310596605345687,44.47950042278274],[11.310773192374109,44.47994696980468],[11.310804074860561,44.480034840303475],[11.310922324289654,44.48033537531473],[11.311397281952814,44.48030747522652],[11.311762946287818,44.480294660225475],[11.311769567240582,44.48023372253722],[11.311841741078208,44.48022884893923],[11.311905602045623,44.48030255635637],[11.31196016688206,44.48038189858516],[11.312017610287864,44.48040456509273],[11.312099765876354,44.48059787961333],[11.312214181225434,44.48087469702048],[11.31233273148113,44.48115143054464],[11.312373577913299,44.481263207749535],[11.31241115399746,44.4813762305252],[11.312436516196644,44.48149424507425],[11.312445616200753,44.48153613891426],[11.312456879753121,44.481611775703655],[11.312475606854033,44.48170857947001],[11.312488468792727,44.481761659357964],[11.31250920298836,44.48182524785943],[11.312536546327603,44.48188870247085],[11.312571585166395,44.481958510063265],[11.31262629236301,44.482043934828795],[11.31266715735712,44.48209347653214],[11.312719992904015,44.48215285862323],[11.31277029579343,44.48221051848715],[11.312824987304044,44.48229044288039],[11.312845058916015,44.48233248350251],[11.312857448324632,44.48236150895642],[11.3128701102486,44.48239710979112],[11.312883892951767,44.482435613762746],[11.312895553743223,44.482471973091414],[11.312904119187415,44.482507647917096],[11.31291204310625,44.482552860494785],[11.312914592795979,44.482591592052955],[11.312913521510154,44.48264210936293],[11.31291114335581,44.48268533403412],[11.31290346147309,44.482723543681956],[11.312893615915502,44.4827588713207],[11.312879003095077,44.48280307308497],[11.312857385482653,44.4828510808275],[11.312818223315574,44.482920663158524],[11.312774479865912,44.483003509099895],[11.312754123563584,44.48305734295978],[11.312744027676048,44.483112427366926],[11.312739932091928,44.483163744155696],[11.312740735252838,44.483209830214335],[11.312748305975305,44.48327187581925],[11.312755170759198,44.4833163806495],[11.312764956368087,44.48335715324214],[11.312777647634974,44.48339349170072],[11.312790967913648,44.48342029266026],[11.312805213647028,44.483444419100586],[11.312908264593137,44.48363234016741],[11.312980132246011,44.483771981824574],[11.31304663809433,44.483973201841756],[11.31308069193498,44.48409406496291],[11.313126521998758,44.48431525751444],[11.313156444424543,44.484479515835794],[11.313173031578,44.48461691952525],[11.313166916510824,44.48469921017622],[11.313064057477657,44.484725187288774],[11.312989243449774,44.484754071077326],[11.312894207642998,44.48478994542993],[11.31277427872005,44.48483234677511],[11.312642132175071,44.484880307041415],[11.312516842391044,44.4849238970312],[11.31241323623515,44.4849593054116],[11.312335858700148,44.4849869803348],[11.312253136032034,44.48501305297827],[11.312170873246144,44.48503803593493],[11.312094931820067,44.48506037007244],[11.31202816836663,44.48508296840603],[11.311954764176642,44.48510109186135],[11.311942832941789,44.48517022139882],[11.311971044585169,44.485245118838826],[11.311995145990574,44.48529333478474],[11.312009126671997,44.48534384430472],[11.312026548198725,44.48541173117363],[11.312044238802281,44.485483879821864],[11.312057249309278,44.4855422952614],[11.312081400828065,44.4857056894346],[11.312100981475838,44.485811019383156],[11.312124169605449,44.48590802987929],[11.312137127983632,44.48596989435734],[11.3121561446778,44.486025631392316],[11.312182760430385,44.486084950586616],[11.312212280174675,44.486138197217926],[11.312235277515292,44.48618073682373],[11.31226023066553,44.486232986623925],[11.31233789123159,44.48639314525041],[11.31199640678436,44.486528069791575],[11.311546705001318,44.486704048874934],[11.310791000150253,44.485933448771945],[11.310394120255596,44.48529781398167],[11.3099778503079,44.48454892126679],[11.308441263850645,44.48496599967924],[11.308386480873281,44.484892277854094],[11.308084035285829,44.48435825520104],[11.307959595417591,44.4841126414163],[11.307905139939656,44.48370863424211],[11.307998479033754,44.48350475575552],[11.307767518392916,44.483188716313535],[11.307547367173875,44.482807756170764],[11.307571701489403,44.48246855028795],[11.307456647202864,44.48246075702534],[11.307423981858834,44.48225042324079],[11.307264180156425,44.48214393842743],[11.307197083742505,44.482014873781175],[11.306880655540109,44.482124123388886],[11.306773530743076,44.48217805310386],[11.306965320469843,44.48247743917029],[11.306848515240985,44.482763948812455],[11.306917693100612,44.48320253512587],[11.30680673810185,44.48363746042327],[11.30666852355978,44.48373984909991],[11.306662610415732,44.48422778361354],[11.306388130830328,44.484462328661955],[11.306170363860717,44.48511828246597],[11.306727919481045,44.48524598158518],[11.306367997611016,44.48590480809328],[11.306468507264274,44.48598210830306],[11.306530323672192,44.48601034283204],[11.306676609557014,44.48606850567735],[11.306770080729635,44.48610442784991],[11.30696205778274,44.486166807515126],[11.307126971168111,44.48621577079148],[11.307266433929469,44.486273089491135],[11.307381203748587,44.48638507576958],[11.307642257249856,44.486458184558],[11.307893058600104,44.486563720318124],[11.30799568999064,44.48660419165688],[11.308083636165886,44.4866492090461],[11.308306801850842,44.48673191389316],[11.308530097763864,44.48685455119635],[11.308691674655204,44.486962285620066],[11.30886110670176,44.48708740700276],[11.308895602365235,44.48712659081634],[11.308921714776119,44.48717322728135],[11.308958047959734,44.48718249428635],[11.308995764339564,44.48719207540102],[11.309037088994664,44.487206408911156],[11.309073722144031,44.48722677901791],[11.309139230614683,44.487274248017535],[11.3092123541649,44.48732984532731],[11.309320981653533,44.48741829505473],[11.309491460949964,44.487557132268975],[11.309556540705293,44.487646282723404],[11.309339211424037,44.4877520126717],[11.30877061405848,44.4880150913846],[11.308352594627884,44.4881999598309],[11.308038213261419,44.488344974513836],[11.307927847347509,44.48838745648038],[11.30769884523941,44.488316032121695],[11.306953257866923,44.488101328680244],[11.306000620580605,44.4878243818692],[11.305744646874572,44.488215268645725]]],"type":"Polygon"},"properties":{"codice_area_statistica":76,"geo_point_2d":{"lon":11.299373397919936,"lat":44.466107531188364},"area_statistica":"SAN LUCA","cod_quar":13,"quartiere":"Porto - Saragozza","cod_zona":"F","zona":"Costa Saragozza"}},{"type":"Feature","geometry":{"coordinates":[[[11.348261162859515,44.552114970172006],[11.348067673039704,44.5521357760991],[11.348005139941451,44.55214019525733],[11.347949459910842,44.55214471648903],[11.34789075584892,44.55216169634645],[11.347890480544796,44.552161738019045],[11.347352948971066,44.55229601924118],[11.346767367979252,44.552468421108564],[11.345992758959216,44.552694785929866],[11.345602374785255,44.552809713116716],[11.345101550879106,44.55295730035115],[11.344504961407049,44.553129916748766],[11.34449413400837,44.55313305594133],[11.343855144472812,44.553306800840424],[11.343677970860307,44.55299005739073],[11.343601884170337,44.55283914406895],[11.343475297796184,44.55254804510701],[11.34343568398451,44.55248300501358],[11.343435579012677,44.55248289913848],[11.343392179150316,44.552438327434935],[11.343392074178647,44.552438221559804],[11.343311735854869,44.552397117881874],[11.34311831072551,44.552302627963755],[11.342956718869456,44.55221704500218],[11.34263515465854,44.55202784913713],[11.342239590044352,44.551817664512114],[11.342006306516899,44.551690798286714],[11.341839412438308,44.551589081989384],[11.341839321855097,44.55158902083016],[11.341694448454495,44.55148574524669],[11.34169433162988,44.55148565761815],[11.341344232774176,44.551231766245614],[11.341118319574425,44.55109236856544],[11.340968691481516,44.55101048050096],[11.340825836961073,44.5509408317889],[11.340508319762701,44.55079318350195],[11.340397479792827,44.550715630809925],[11.340397401431167,44.550715560396455],[11.340332304006946,44.55065851376715],[11.340332290345582,44.550658487039705],[11.340262823540147,44.55057441438908],[11.340121144177113,44.55035786472891],[11.340121079477468,44.5503578210427],[11.340121039575786,44.55035776784564],[11.34007907498398,44.550331620588736],[11.339990208565128,44.55031318665416],[11.339849452648599,44.55029581628554],[11.33972822301394,44.55027466957683],[11.339660739900035,44.55024005170173],[11.339589671578844,44.550192624673635],[11.339589593218863,44.55019255425959],[11.339528511671208,44.550137666483614],[11.339347431336485,44.54989945309383],[11.339282381408344,44.549788254774484],[11.339265517640742,44.54970139302668],[11.339271152975519,44.54962588150427],[11.33928348878511,44.54952154166227],[11.339275882562758,44.54941028244245],[11.339247754816975,44.54931690863531],[11.339210360171348,44.549228216973674],[11.339158511029868,44.549131935296664],[11.339077964246092,44.54902668997765],[11.338940808071175,44.54886406119033],[11.338940703114112,44.54886395531073],[11.338856709715182,44.54878703934073],[11.338768549723419,44.548688134511664],[11.338698294040844,44.548604050035635],[11.338521609339939,44.548376989358275],[11.338413565075387,44.54825370767814],[11.33841347269926,44.54825360154032],[11.338354550658488,44.54819471677593],[11.338354445703722,44.54819461089572],[11.338265024687411,44.548142436543195],[11.338186493049774,44.54810690978241],[11.338084691468648,44.54807973679308],[11.337832305241001,44.54800557582258],[11.337742565136388,44.54796521889235],[11.33763397138253,44.547906117641936],[11.337543826425772,44.54783269360629],[11.337543799827404,44.54783265814089],[11.337497099237071,44.54776613159742],[11.337437222956028,44.54766608839077],[11.33741375587008,44.54759060569484],[11.337395740892774,44.54739630418858],[11.337370086107688,44.54716839967404],[11.337359902667181,44.5470712729912],[11.337329954354352,44.5469914307252],[11.337301731046308,44.54693517573184],[11.337181515707272,44.54674295772598],[11.336992983084729,44.54643568169822],[11.336831789621447,44.546182986093726],[11.336749083393773,44.54606257803359],[11.336706805815497,44.545989181710155],[11.336688064512847,44.545874783252245],[11.336667113369742,44.545724987112905],[11.336645208995245,44.545433429824705],[11.33662511221741,44.54520652761562],[11.336609262928514,44.54500711316623],[11.336568123685632,44.54458878897553],[11.336520445727075,44.544125018825355],[11.33648824676528,44.54379259365365],[11.336473161084918,44.54367136840803],[11.336435792298708,44.543562986716026],[11.3363911970509,44.54349075399738],[11.336391065872814,44.54349062164446],[11.336191571413002,44.543279913474166],[11.336032709881682,44.543084550959826],[11.336032366663732,44.543084152870094],[11.335958492772889,44.542982981867915],[11.33594611728928,44.54298829453198],[11.335939148665197,44.542991254923784],[11.335886950116922,44.543014010150465],[11.335886925321306,44.543014019660376],[11.335144252610949,44.54333780300193],[11.334552060090058,44.54359916846123],[11.333736095436658,44.5439506388424],[11.333101866747624,44.5442235601389],[11.333101944732174,44.544223621562644],[11.333431699264507,44.54460165804909],[11.33343176503133,44.54460172872488],[11.333752240827767,44.54496419952345],[11.333752306595398,44.54496427019901],[11.333955082283461,44.54519635049557],[11.333955135473365,44.5451964214282],[11.334271244410829,44.545576075798856],[11.334271972185537,44.54557696116847],[11.334272447664345,44.54557751860409],[11.334722689233423,44.54611351223905],[11.334722742425129,44.54611358317127],[11.334739926860365,44.546134378612216],[11.334939912568677,44.546376443951544],[11.334977642207482,44.54642210717643],[11.334977814362897,44.54642231971538],[11.334503775081316,44.546522526554135],[11.334494421755835,44.54652441931373],[11.33419393765764,44.54658513733245],[11.33389808031417,44.54664351833568],[11.333803112831829,44.54666909157244],[11.33371985405722,44.54669217472788],[11.333591059452068,44.546737569694685],[11.333350030627647,44.546829155001674],[11.333179366835783,44.546890034425225],[11.333058865945343,44.5469262567555],[11.332942992015997,44.54696013376696],[11.332829132973098,44.54698552512356],[11.332671608381407,44.54702082019376],[11.332461483977124,44.54705887330279],[11.332332604154605,44.547082329456046],[11.332122973403704,44.547132750314745],[11.332001656580363,44.54716843004081],[11.331844563412798,44.54723408964401],[11.331680523164755,44.547303275878996],[11.331578230790464,44.547342500655],[11.331491780528479,44.54736452205502],[11.33140078699674,44.547371448935685],[11.331225095703738,44.5473654764009],[11.330808763030573,44.54734303642021],[11.330410322708833,44.54731688971371],[11.330377252965903,44.54731472003424],[11.330066639313133,44.547299121582064],[11.329745747076297,44.54730229525043],[11.329444582812348,44.54730675791006],[11.329098186991246,44.547301456680316],[11.328884496961548,44.54728587593978],[11.328867641548863,44.547284644376674],[11.328678700683236,44.54725925872764],[11.32865246170583,44.54725569785118],[11.328647069436693,44.547254961614804],[11.328304144879102,44.54721863650844],[11.328015141260483,44.54719246386281],[11.327646414570706,44.54716003892803],[11.327512048724683,44.54714478264622],[11.327406563021139,44.54712386896405],[11.327306796210463,44.547088200496226],[11.327208186567617,44.54704239852329],[11.327153079171223,44.5470002558863],[11.32715302598772,44.5470001849504],[11.327078093175212,44.546915144338776],[11.327078014834536,44.54691507391568],[11.326999471091431,44.546837975062886],[11.326999405329614,44.54683790438331],[11.32693754882495,44.54680487473156],[11.326937510013332,44.54680484851518],[11.326867722571274,44.54679108383553],[11.326779694267302,44.54679343632444],[11.326697656147392,44.546808054114415],[11.326561472605071,44.5468457145462],[11.326349252889676,44.54691024849515],[11.326130698182206,44.54697377682325],[11.32596937903889,44.54701251590434],[11.32574423056946,44.547068867802444],[11.32556510401892,44.54711472100804],[11.32551938556081,44.5471325321199],[11.32551809926827,44.5471327923899],[11.32528026332428,44.547168362959866],[11.325033867616355,44.54722260755063],[11.325032029645524,44.547222924064236],[11.324689064585296,44.54726423561665],[11.324494084906387,44.54728790369323],[11.3243150959775,44.54729773306264],[11.324254966145592,44.547299191451444],[11.324169670108569,44.547301261230956],[11.324023415133842,44.547301988305826],[11.32398047385199,44.547190988262976],[11.323908056929927,44.54705234737521],[11.323907991171527,44.54705227669378],[11.323779228540849,44.54691937407814],[11.323779150562126,44.54691931264794],[11.323657265479037,44.546820020324176],[11.323657187142524,44.54681994989864],[11.32345155192758,44.546694166239604],[11.323233946709765,44.5466237662441],[11.322814837722403,44.54653102590036],[11.322550476422439,44.54645201532687],[11.32245461590806,44.54641570497302],[11.322395262376498,44.5463860248812],[11.322395197336384,44.546385972189306],[11.322094537826558,44.54616534220384],[11.32158764349229,44.545784618968206],[11.320743192960594,44.54514357977042],[11.320743114987433,44.54514351833798],[11.320599368246581,44.54502891275389],[11.320599302852049,44.545028851065645],[11.320536433400859,44.54503068727681],[11.320537368626598,44.54506720049212],[11.32053923064181,44.545142864832016],[11.320540818762574,44.54526832767669],[11.32050353414506,44.54528042878514],[11.319740484285047,44.545528922836],[11.318017434269205,44.54605620047818],[11.316767195968987,44.54643169837145],[11.316120661882085,44.54666366943051],[11.315899713421429,44.54673089975382],[11.315560913905804,44.54683383861715],[11.315132290854656,44.54696818950237],[11.314956379820021,44.54702326943801],[11.313985655473617,44.54734040332621],[11.313656409978682,44.54749462825511],[11.31186998911328,44.5479917595554],[11.311265789724171,44.54818738475457],[11.311446749200028,44.547645379158816],[11.311546397009453,44.547408665731226],[11.311702955311183,44.54699129851404],[11.311802831311583,44.54677025360528],[11.311926177416755,44.54656618915076],[11.312175589768295,44.54615719450129],[11.312229173808056,44.546076625891224],[11.312443363614687,44.54581139412259],[11.312823102201877,44.5453939062242],[11.31303554118271,44.54517039946739],[11.313081589851683,44.54511257045784],[11.313267500688871,44.54490552625916],[11.31330815505503,44.54483547301576],[11.313379421323983,44.54466145944739],[11.313401973905108,44.5443919170297],[11.313497443176292,44.5433356337917],[11.313506639438074,44.54304386468248],[11.313516981981426,44.542730196195194],[11.313418607925115,44.542471305736505],[11.313386647861828,44.542389040184275],[11.313249586661946,44.54195430404185],[11.313110814991626,44.54148269200979],[11.313077635689899,44.54136994150392],[11.313037367965297,44.54131593205848],[11.31287088277358,44.54113478959119],[11.312848717562018,44.54111067979072],[11.312844388919265,44.541105951141624],[11.312785321813577,44.54104160949009],[11.312779040135796,44.5410346067585],[11.312675607683873,44.54091924632873],[11.312001981682227,44.54025609966207],[11.311878356926238,44.54013806859339],[11.311835058733841,44.54007772829189],[11.31164946043184,44.539787203257156],[11.311435252712956,44.53967028580628],[11.31098275238257,44.53942225415677],[11.310922585730985,44.53938728202533],[11.310757565907162,44.539237768641954],[11.31054208070044,44.53904075285097],[11.310312501761267,44.53874517411107],[11.310134797509273,44.538519935173184],[11.309951592935002,44.538286074797675],[11.309510228500491,44.53769284391866],[11.309330167925102,44.53743650260086],[11.309044095826023,44.53689603387688],[11.308907887041672,44.53666949446875],[11.308693301622071,44.53635156188426],[11.30832528612548,44.53609406866838],[11.30801842431794,44.53585199251623],[11.30780856019038,44.53562785019345],[11.307712690669609,44.53548232681172],[11.307627474153541,44.535332455831124],[11.307639412186498,44.53512174424476],[11.307675645868658,44.53485093571846],[11.307692447490094,44.534776055071966],[11.307741872607568,44.53461581005063],[11.307798800157153,44.53445432402379],[11.308068737128263,44.53380114302255],[11.308177281384664,44.533522219341485],[11.308236919201873,44.53338796495966],[11.308312379162475,44.53321809165542],[11.30845641694092,44.53280583357971],[11.308565223649587,44.532492244411884],[11.308803709391366,44.53202415955981],[11.30901958432332,44.53178329649705],[11.309061636698873,44.53173500250176],[11.309159478252438,44.53162265222171],[11.309407239495608,44.5315068188455],[11.30956917291911,44.53132781313169],[11.309636973805748,44.5312346244534],[11.309494698476398,44.530654147386876],[11.309444990490734,44.5305746793319],[11.30941761322616,44.530483857411404],[11.309402875024736,44.53044850551465],[11.309305181182987,44.529970214322205],[11.30907666622646,44.529512925492206],[11.308918659995953,44.5293394106002],[11.308659815220437,44.52901858271883],[11.308597420894705,44.529072455432626],[11.308592340302281,44.529065545199586],[11.308259314295023,44.52935534662396],[11.308009713264132,44.529572556352306],[11.30796029846475,44.529525913978866],[11.307936050264727,44.52949924355681],[11.307913828570106,44.52947480980162],[11.307883644471275,44.52944442429464],[11.307862042395643,44.529422930835956],[11.307851316983347,44.529389730235565],[11.30785401774358,44.52933640759094],[11.30783167451832,44.52929328699791],[11.30781177105093,44.52925139543747],[11.307821766997458,44.52919414423976],[11.30783426025332,44.52911123031895],[11.307837353987447,44.52908473630776],[11.307840019194362,44.52904803307384],[11.307831655260006,44.528995285220006],[11.307836210920216,44.52895546489694],[11.307842824288768,44.528906249330724],[11.307857288745817,44.52886016996859],[11.307863251248783,44.528822193730356],[11.307868143164336,44.52877655096403],[11.307869999824641,44.52874932574721],[11.307872913756293,44.528706495752814],[11.30787171251497,44.52867609144236],[11.30786810270704,44.52864142360797],[11.30785361349295,44.528581120418814],[11.307849778186174,44.52855284894813],[11.307845783153528,44.52852340137317],[11.307842674580447,44.528480396050945],[11.307841972591756,44.52845370869881],[11.307840207537886,44.52838705353966],[11.307839413342132,44.528356758031265],[11.307833612759493,44.52831282585462],[11.3078293942771,44.528280907095926],[11.307823562876061,44.528236831500614],[11.307820742673389,44.528207495210225],[11.307821223467778,44.52817411305977],[11.30781966870245,44.52814049298271],[11.30780864771047,44.528096936419324],[11.307797638440148,44.528064506762114],[11.307786638065956,44.528024019646814],[11.30777686235416,44.52797885345662],[11.307771081111001,44.52794273509173],[11.30776718204285,44.527906794736815],[11.30776024196767,44.52787606531469],[11.307750712167211,44.52783393700984],[11.307740071104453,44.52779107495553],[11.307736496968777,44.527747430854326],[11.307720302852978,44.52771149598438],[11.307711491406419,44.52768563875625],[11.30769103747229,44.52763967113717],[11.307673856938159,44.52760106444022],[11.307667492637046,44.52756674936118],[11.307660596784052,44.527512288329255],[11.307655080747407,44.52747714587206],[11.307647221534518,44.527444490471986],[11.307633879945467,44.52741322425963],[11.30760282966543,44.52736756985671],[11.307598206602416,44.52733623542632],[11.30759566280298,44.527307838806166],[11.30759468453271,44.52727574650315],[11.307575015179358,44.527214908800524],[11.3075641595216,44.52717043060551],[11.307555742346185,44.52713065646061],[11.307536479263764,44.52709475659084],[11.307531974746052,44.52705622672632],[11.307536761634001,44.52700632788129],[11.307509920333855,44.52697578466554],[11.307461227452373,44.52693651855321],[11.307417420331598,44.52691357430627],[11.307379958734511,44.526901853991305],[11.307344423878744,44.5268959013616],[11.307298970980613,44.526889275939574],[11.307253167501932,44.526883332776215],[11.307200957030576,44.52686237680644],[11.30716995375733,44.52683605879983],[11.30715197711961,44.526804364059444],[11.307171618911882,44.52677402461208],[11.30720816648998,44.526762924010484],[11.307276603174886,44.526782408691176],[11.307316023334932,44.526804847495534],[11.307365437545227,44.52680885412398],[11.30737803007422,44.52675967075681],[11.307385635837372,44.52671072322339],[11.307384844178015,44.52666965160534],[11.307389774541756,44.52663517122487],[11.307394058319494,44.52659802115475],[11.307394794579821,44.52655867414872],[11.307383798720496,44.526510957849304],[11.307376452487695,44.5264823612078],[11.307369392987788,44.52645369575218],[11.307359708042256,44.526414316318004],[11.307351811284539,44.52638038328953],[11.30734374542396,44.5263259188699],[11.307337196716887,44.52626748967093],[11.307323263041331,44.52622918639008],[11.307283477132062,44.52618823674016],[11.307242017422348,44.5261514260677],[11.30723372131761,44.5260971823531],[11.307197511825802,44.52601231798388],[11.307176591624751,44.52596694484987],[11.30713562589485,44.52591778166153],[11.307118156775307,44.525893512757875],[11.307099238663541,44.52585740777909],[11.307086985786,44.525832979432586],[11.307073113235642,44.52580482075384],[11.307058557277875,44.525775289492714],[11.307043274863467,44.525744251480745],[11.307021071844849,44.52571195793553],[11.306988997667437,44.52567029416908],[11.306975726253773,44.52562453235146],[11.306982950533495,44.5255703800711],[11.306983645611952,44.52553858703123],[11.30698135192247,44.52550376651858],[11.306940915624981,44.5254144591995],[11.306907503969223,44.525348479548065],[11.306857264364398,44.52526171097158],[11.30683340697215,44.525221294510885],[11.306822280341862,44.525196699333385],[11.306806074047989,44.52516679627248],[11.306784458682417,44.52513471586667],[11.307405199440822,44.52523571960093],[11.307661831278459,44.52529120015767],[11.30788372319989,44.52533915415983],[11.308268941231017,44.525442393862185],[11.308321316816937,44.52551882870913],[11.308696626740254,44.52593493477628],[11.30897624521736,44.52632322174345],[11.309302503686547,44.52676430068947],[11.309433493128106,44.526948534573066],[11.309762111616488,44.52738228135432],[11.310072367632815,44.527800275194515],[11.310379357195743,44.528208431474106],[11.310633396860997,44.528547627911216],[11.310863865181798,44.52886353421866],[11.310911557102447,44.52895565504995],[11.310932848059936,44.528990892109924],[11.310964784129501,44.52907379818611],[11.311074995109262,44.52927587968004],[11.311166471449225,44.52940267400153],[11.311323386075047,44.52962158068455],[11.311417976191315,44.529763427017905],[11.311484512211113,44.52984193229733],[11.311569701453397,44.52995291909234],[11.311619213623752,44.53003374057311],[11.311685487320187,44.530153302630445],[11.311742516943388,44.53027142239084],[11.311797993886938,44.53036302507265],[11.31182782472221,44.53046486985592],[11.311858406406435,44.53057614308826],[11.31187036456516,44.53072246226346],[11.31188340926143,44.53082913925086],[11.31189235458218,44.5309215942219],[11.311885096921419,44.531030761964274],[11.311878050446477,44.531142086036965],[11.311840131466068,44.53126834938066],[11.311791723487197,44.53144090912747],[11.311733433596872,44.53161214754059],[11.31168150292373,44.53176281237617],[11.31164234801047,44.53187694724446],[11.311632635437356,44.53194286245837],[11.31161141610005,44.53202395489772],[11.311588914184577,44.53217726465866],[11.311551625335483,44.532252380711604],[11.311509679096423,44.53232462022236],[11.311467923921915,44.532414410797145],[11.31143114623263,44.53249004760765],[11.311381252277759,44.532590445889994],[11.31133625551448,44.53268102225209],[11.311311406909335,44.53280972150909],[11.311273308941656,44.53292833610225],[11.311233344287148,44.53305067051275],[11.311186934153158,44.53318187686806],[11.311137138598239,44.53332899620775],[11.311093991909344,44.53347589088772],[11.31104990378368,44.53360217979699],[11.311005885879707,44.533752513039644],[11.310969821477546,44.53388756098773],[11.310941213909816,44.534013536451475],[11.310931403496413,44.53410277013402],[11.31093479433878,44.53415347579084],[11.310941415839308,44.53422221114171],[11.310952419972685,44.534264930466],[11.310966148136341,44.53429697165073],[11.310993231589528,44.53434844901137],[11.311025362489659,44.53439389150925],[11.311071797050236,44.53445092776277],[11.311139103506667,44.53453923035164],[11.31122830799714,44.5346624604984],[11.311319295179167,44.53477666094556],[11.31140208877408,44.53488417629507],[11.311491565201838,44.53500470896479],[11.311579093769554,44.53511735877548],[11.311674156554753,44.5352518131253],[11.311728105351657,44.5353301229662],[11.31177646160337,44.53537811747355],[11.31179006378121,44.53541681397731],[11.312020739884526,44.53572119015236],[11.312090126192146,44.53580440861797],[11.312174635251822,44.53591702908918],[11.31227445980081,44.53605723811752],[11.312390498094421,44.536206391224695],[11.312480101967457,44.536323679598986],[11.312561915873053,44.53644130576395],[11.312670666698336,44.53657485177743],[11.312763387696705,44.536700899252345],[11.312861312894793,44.53683439433107],[11.312962731510797,44.53696709833685],[11.313075966668778,44.537118477131],[11.313183829712111,44.537270855919566],[11.313532404639778,44.53773586662308],[11.313813858497673,44.53777615599442],[11.314404625555643,44.53757702635221],[11.315892495518828,44.53706858222664],[11.316740791274622,44.5368039255774],[11.31687122502386,44.5371747303451],[11.316965584846995,44.53734722118941],[11.317424898049907,44.53804898042039],[11.317499243014973,44.538188369705196],[11.317558549861786,44.538343692638286],[11.317670406972798,44.538641061813124],[11.317785914059693,44.539030038505004],[11.317809325178668,44.53910231258933],[11.31903211057837,44.538663055629385],[11.319756805783697,44.53836153744406],[11.320189344387929,44.53842894417984],[11.321164851478432,44.53816699848416],[11.321586739315299,44.537896220416556],[11.32241528686516,44.53736734786812],[11.323192573832236,44.53681588087444],[11.323736690404475,44.536256776820366],[11.324411255759316,44.53563538119093],[11.325113156105674,44.53487106769943],[11.325383793985699,44.53455610181388],[11.325597830052912,44.53433440234759],[11.326439158147423,44.53346279255279],[11.3272863497022,44.532575653576124],[11.327323596814663,44.53249588793766],[11.327463363985753,44.532506362054015],[11.327722803309873,44.53252489274255],[11.32779221324414,44.532527717553904],[11.327878087225047,44.532533114396806],[11.328022733293102,44.53254189488443],[11.328270101012478,44.532556898452185],[11.32874689163153,44.532574333415006],[11.329904946719177,44.53258595676135],[11.330547940755876,44.53257202990356],[11.331113216201803,44.5325426267391],[11.33160112465249,44.53250813917102],[11.33264496996736,44.53240775321139],[11.332919604815846,44.53237563738679],[11.333158725114378,44.53234768575738],[11.333542131531031,44.5322889483261],[11.333780442577668,44.53225241451444],[11.334424203699337,44.53214317628226],[11.335157986011172,44.532005562455076],[11.335443720408804,44.53194989692435],[11.335526471088524,44.531932899582756],[11.335619046646546,44.531899424573744],[11.33679822647966,44.53169413373046],[11.33706772361996,44.53164353185429],[11.337563519509063,44.53155042183168],[11.337681003994485,44.53152836342969],[11.33807700325571,44.531454021544974],[11.338436185821925,44.53139532268659],[11.339162702010151,44.53125021578821],[11.339935289884897,44.531105105138266],[11.34113965996142,44.53087909635252],[11.341280562680176,44.530857652264025],[11.341793021159164,44.530757016075206],[11.341884682154534,44.53074292819836],[11.341970714562352,44.53087189800343],[11.342014493212321,44.53096936153402],[11.342050389361582,44.53108649526795],[11.342072812263757,44.531157632386325],[11.342111899829073,44.531301933290116],[11.342160204642145,44.531449168938565],[11.342184629994001,44.53153508311857],[11.342227171384426,44.53163462452181],[11.342269256589807,44.53171368549738],[11.342302507765995,44.53176703643223],[11.342338671787415,44.53181801393522],[11.342420094811446,44.53195280357364],[11.34245147223776,44.532004302380415],[11.342566826263994,44.53217987030142],[11.342603435668693,44.53225951165016],[11.342639031481477,44.53232548993464],[11.342718165639418,44.532489467525515],[11.342762267762197,44.53258300800314],[11.342787060458159,44.53268682954268],[11.342810150493992,44.532788363366265],[11.34284703474409,44.53287828888455],[11.342870994613792,44.53291741728135],[11.342913184596743,44.53298272898362],[11.342970946060218,44.53306222414648],[11.343016486876747,44.533121957482294],[11.343044112363843,44.53317433435209],[11.343089317465527,44.53327149807963],[11.343132667112199,44.53336978017774],[11.343379122720325,44.53383959564615],[11.343428684107908,44.53392484947503],[11.343487127383085,44.53402192131538],[11.343551464372295,44.534135382769335],[11.34363169078831,44.53425148879763],[11.343682094622082,44.53435332588324],[11.34372484263934,44.534446605681445],[11.343766142676207,44.53456433005786],[11.343817246300096,44.53468359061385],[11.343883033029531,44.534804287144624],[11.343941233984516,44.5349181714396],[11.343983843142592,44.5350079700042],[11.344027842988027,44.535071578640164],[11.3440720527012,44.535140413419235],[11.344118200095274,44.5351970009583],[11.34417953313197,44.53526723055378],[11.344240714005204,44.535333979261026],[11.344322016900348,44.535415997099435],[11.344435896176934,44.53552002320502],[11.344508983962916,44.535579550260415],[11.344545048674393,44.535627630257046],[11.344590086141892,44.53571736970736],[11.34460784726574,44.535795470955286],[11.344625468317526,44.53587008209501],[11.344638362572153,44.53594828329987],[11.344616751279418,44.53607775144117],[11.344590540580096,44.53621430000744],[11.344611650678662,44.536314991829165],[11.344653723229458,44.53645187536929],[11.344721171749624,44.536553361863234],[11.344818371418222,44.53672747276217],[11.344867100792502,44.5367874999273],[11.34494172938013,44.53688534581293],[11.345023595379843,44.53698130548143],[11.345135668863756,44.53710105936416],[11.345270585745304,44.53724301217764],[11.345350983139646,44.53730237949542],[11.345489097839883,44.53746344172671],[11.34559559367927,44.537565871856934],[11.345667007275052,44.5376209132823],[11.345707009383368,44.53771462681989],[11.345729713283804,44.53785931701909],[11.345729788953607,44.537918228000414],[11.345721969156697,44.53800838695248],[11.34574460312673,44.53811592515207],[11.345759854896588,44.53826779944668],[11.345797061499391,44.53845358521059],[11.345880194631022,44.53864334252586],[11.34590143687416,44.53871653764128],[11.346022793268343,44.53885323165236],[11.346248804101384,44.53889604779224],[11.346482314528131,44.5389550849166],[11.34658868952074,44.53898235449363],[11.346714731854865,44.53904360029665],[11.346816232625626,44.53909584384211],[11.346888212707237,44.539146425594396],[11.34703459236877,44.53925798214356],[11.347152544208724,44.539345582150794],[11.347313895618775,44.53945944122235],[11.34753811142046,44.539568046151494],[11.347731715896161,44.5396804130998],[11.347863668796908,44.53979091490784],[11.347969432575447,44.54001516198638],[11.347995489513814,44.54004429833747],[11.348072500201074,44.540133216634274],[11.348222952866449,44.54030555391856],[11.348360447538743,44.540444245072116],[11.348534346756187,44.54061362388808],[11.348667958956524,44.54076497106559],[11.34880621386919,44.54092250631362],[11.348976877072905,44.54112026395887],[11.349174649034872,44.54133632374269],[11.349320674412452,44.541468545392824],[11.349492569081988,44.541587648879734],[11.349687183607957,44.54172516272785],[11.349867858787867,44.54184408490456],[11.350023070628941,44.54198555117574],[11.350165871334564,44.54215421730146],[11.35022524136489,44.542287573642845],[11.350177297602423,44.54230079516205],[11.349622610274725,44.54245370653287],[11.34903645930611,44.54261529292645],[11.348146077458825,44.54286073663229],[11.347503652597782,44.543044934721046],[11.347150418085374,44.54313665105312],[11.347091654019023,44.54315192127037],[11.347045480279602,44.54312841980956],[11.346836241477058,44.54292455648546],[11.346721309603069,44.54281799782693],[11.34669039563612,44.54278172302039],[11.346576685849504,44.54266202241761],[11.346324482745834,44.54279193654582],[11.347038580227542,44.54342271901169],[11.347435668794011,44.543798619318345],[11.347725251945473,44.54407199401864],[11.347937431949001,44.54427712754794],[11.348013290533158,44.54437825893263],[11.348063200682699,44.544475845882644],[11.348129260640256,44.54469014233588],[11.348234052006667,44.54501043885657],[11.348275661792865,44.54514074955519],[11.348297674745128,44.54521887968029],[11.348307219318022,44.54525273985158],[11.348316993461614,44.545287612583536],[11.348325297046376,44.54531722208712],[11.348365105550693,44.54554012467662],[11.348408677477046,44.54569634920468],[11.348393437893707,44.54576282221821],[11.348426800454778,44.54592436119495],[11.348476003128136,44.546034349957594],[11.348536271867294,44.54612275705696],[11.348620487647098,44.5462128050177],[11.348704875594096,44.546307125567296],[11.348745443644905,44.54635110537485],[11.348786269804524,44.546401498650205],[11.348813306103006,44.54647992140973],[11.348835346774027,44.54665663738748],[11.348848666492742,44.54676522172279],[11.34885625918181,44.54680562181916],[11.348913926606567,44.54697732848785],[11.348942789893185,44.547051086322746],[11.34903541166816,44.547279275617676],[11.349122463398071,44.547485406264435],[11.349229306369795,44.54777069374923],[11.349345418899668,44.54807826061653],[11.349392695385758,44.548203169743445],[11.349412490560065,44.54824864813499],[11.349450691750336,44.54830477576903],[11.349540502665036,44.54843143811046],[11.349652753890222,44.548584204887646],[11.349721478989196,44.54869492553564],[11.349782271175647,44.548800281896725],[11.349906318567186,44.54913595269061],[11.350029345022765,44.549445915173145],[11.35006842178943,44.54953407350347],[11.350092880969328,44.54955872296418],[11.350144449495446,44.54958066269159],[11.350189786432725,44.54958415851481],[11.350248823498752,44.549579594078565],[11.350316537174633,44.5495700886354],[11.350422412925354,44.54955003865725],[11.350896534530607,44.54945195159769],[11.351704704652217,44.54925330991804],[11.351892207188584,44.54921728089726],[11.351935720829971,44.54921271133254],[11.351978025350395,44.54921000317653],[11.352027911245646,44.54921735664383],[11.352084325420241,44.549229256879194],[11.35212304761543,44.549246058905545],[11.352154460577383,44.54926673857094],[11.35217744640367,44.54929292136382],[11.35221214820382,44.54934272838712],[11.352414876940582,44.54967607286223],[11.352592844884615,44.54998850129779],[11.352642978254643,44.550089745575406],[11.352653864623944,44.55014088052618],[11.352658812392532,44.550186484295146],[11.352651292903623,44.550235747964834],[11.352632741366907,44.550313659927944],[11.352610696552487,44.550394236605705],[11.352562567003206,44.55054512032],[11.352540613126877,44.55062826982512],[11.352544255662554,44.550718642966935],[11.352561831544458,44.55079581035038],[11.352612003851183,44.550874889649414],[11.352662800645948,44.55096945837496],[11.352720818149093,44.55106387825248],[11.352782563125999,44.55116081399353],[11.352865436352717,44.55124437760093],[11.352357792226737,44.55156869449144],[11.352398254234641,44.551611441802656],[11.351937388343822,44.551890446442535],[11.351799243703736,44.551957435543095],[11.35168653929662,44.551991833434606],[11.351639251707356,44.55200246731962],[11.351520481148464,44.552029112822936],[11.351516964051894,44.55202962639874],[11.350702987417971,44.55214883110882],[11.35062519269056,44.55217068875596],[11.350366045329089,44.552203032444936],[11.350036792118365,44.552214321584586],[11.349699689235011,44.55220607386678],[11.348928737781568,44.55215162213951],[11.348270187600754,44.552113974292155],[11.348261162859515,44.552114970172006]]],"type":"Polygon"},"properties":{"codice_area_statistica":23,"geo_point_2d":{"lon":11.33158197244754,"lat":44.540952045764875},"area_statistica":"LAGHETTI DEL ROSARIO","cod_quar":12,"quartiere":"Navile","cod_zona":"I","zona":"Lame"}},{"type":"Feature","geometry":{"coordinates":[[[11.305833122621364,44.524244300633036],[11.305926370106711,44.524305515929136],[11.306076126000766,44.52439047265732],[11.30625535524669,44.52447768754898],[11.30630852074114,44.52450855447762],[11.306337999301242,44.52453836951491],[11.30639418562485,44.524587738626984],[11.306452200574684,44.52465059259233],[11.306474887905589,44.5246843348813],[11.306533348950005,44.52477059542],[11.306612020793645,44.52488778541832],[11.30669863496395,44.52501074754989],[11.306784458682417,44.52513471586667],[11.305860302752457,44.52498173555584],[11.305561154474892,44.52496298480473],[11.30492557939009,44.52492312777814],[11.304251515754064,44.524880857220566],[11.304051141803424,44.524870731668685],[11.30277026609144,44.524805948600935],[11.302048995050688,44.524765409523916],[11.301408522842893,44.52474775090857],[11.30011811220562,44.52468611911878],[11.299920074400651,44.524677442660646],[11.299315145748286,44.52465094487107],[11.298506893275393,44.52461444899962],[11.297534385087967,44.52457003623673],[11.297170316543324,44.524560150216075],[11.296856031084396,44.52454771294068],[11.29667848705804,44.524545910568825],[11.296524994341077,44.524207405822665],[11.29648220311197,44.52411346081493],[11.296021677556988,44.52305414857742],[11.295939423809262,44.52285736868238],[11.295736111750065,44.52250580277791],[11.295643892293503,44.5223512649926],[11.29572104449957,44.52233210444737],[11.295885363546638,44.52227388419968],[11.295919897857878,44.52232044403987],[11.296099331057516,44.522252655874674],[11.296312964391968,44.52216273538724],[11.296286046277507,44.52212106389118],[11.296457361384306,44.522058380862795],[11.296545575167851,44.522026447672985],[11.29663867925717,44.521981272300636],[11.296891807424197,44.52184582244843],[11.297317919928053,44.52163261985398],[11.297787741716991,44.521395039193045],[11.298063006321755,44.52125274033662],[11.298195133503889,44.52118912409531],[11.298091465612597,44.52105555162823],[11.297955190886453,44.52087644334202],[11.297897897312579,44.52079512425334],[11.297948056548138,44.52078110586113],[11.298452061715883,44.52061848278968],[11.298476966420399,44.52057184324755],[11.298468547461392,44.520538235174186],[11.298458078275056,44.52051200546299],[11.298445058688483,44.52048075866314],[11.298382425409862,44.52030816238571],[11.298268309301438,44.52002633027523],[11.298258654349123,44.520000642309164],[11.298240133367853,44.519949808649585],[11.298229620173878,44.51992245448148],[11.29819965193781,44.519840351333244],[11.298093784147328,44.51956791368426],[11.298050302053047,44.519462450833075],[11.298010240914804,44.51936366201252],[11.297991976332828,44.51931901690515],[11.297954311119035,44.51922131415375],[11.297938508496042,44.519179437277494],[11.297917261259897,44.51911909772286],[11.297899173704101,44.51907895031397],[11.297866032700023,44.51898621589593],[11.297816247497373,44.518870193787684],[11.297804842872381,44.51884031879812],[11.29776895031672,44.518747360654636],[11.297723737346628,44.51865768698125],[11.297665781241466,44.5185872921831],[11.297697356051685,44.518565968774915],[11.297781031017434,44.51849395656062],[11.297939199378598,44.51843675739013],[11.298003100505719,44.51840171144869],[11.29814655910427,44.518316675111166],[11.298237252594774,44.51828397047402],[11.298281082543575,44.51826904406258],[11.298322022020779,44.51825740774766],[11.298626264041973,44.51815452242692],[11.298293570190442,44.51788335711168],[11.297995251227869,44.517493385257914],[11.2978507809342,44.51731169594644],[11.297593676149969,44.51678220894898],[11.298124421873895,44.51663906173605],[11.299375982873503,44.51771589822684],[11.299405220049927,44.51774103862285],[11.299460329888772,44.51777008711088],[11.299721333270288,44.51790762791277],[11.299796717688526,44.51791151075523],[11.299897924706586,44.51806381162332],[11.2999112645484,44.518088164858945],[11.299927433145728,44.51812140964355],[11.299978276899488,44.51823354741531],[11.300038899006504,44.518370335204004],[11.300107602867694,44.51852702681917],[11.300187459770674,44.518724104195016],[11.3002628633006,44.51891352004452],[11.30027359181828,44.51900194303656],[11.300280888323254,44.519061996106295],[11.30034356928211,44.51957962238622],[11.300341586413444,44.51973477638465],[11.30050517438908,44.5204847866238],[11.3005117464223,44.52051492077018],[11.300467850987056,44.5206001232979],[11.300474923271365,44.5206400871571],[11.30050117059234,44.520738811376326],[11.300521074181416,44.520817353668434],[11.3005470592259,44.52091644326216],[11.300573596529112,44.52101038126022],[11.300692492248647,44.521172623785475],[11.300759537996019,44.52126406183669],[11.30069363172688,44.52128880578673],[11.300713456057366,44.521351262072336],[11.300750996921769,44.52146961824163],[11.30097313495188,44.52195857984658],[11.301149218537814,44.522167598730455],[11.301493507865036,44.52247339762418],[11.301699756989821,44.522782690057284],[11.301823891058405,44.52283145660166],[11.301893268371,44.52288168728126],[11.301942119159772,44.52292067353657],[11.30198768216113,44.52295637712163],[11.302169055880032,44.52302195809684],[11.302369696291594,44.523304057663665],[11.30232736278491,44.52331710993356],[11.302283460384787,44.52330791251566],[11.302247380396796,44.52331264631228],[11.302200083332975,44.52333002983805],[11.302128078825119,44.52333418272669],[11.302060128141227,44.523342214942176],[11.302002603463222,44.52335776105866],[11.302133281778362,44.52349784320305],[11.302162841278493,44.52352658639019],[11.302347612127972,44.523719196572856],[11.302402376758339,44.52369108437519],[11.302460242922422,44.52368100472067],[11.30269905843089,44.523782498747096],[11.302901657576646,44.52385907462552],[11.302967451334041,44.523785456831575],[11.303122506722683,44.52369662433349],[11.303312524924955,44.52375890518786],[11.303413051793504,44.52376322359152],[11.303531115148633,44.523773147725485],[11.303806340121731,44.523796185697925],[11.303862904964697,44.523800976799784],[11.303934353811323,44.52384175675563],[11.30399261355664,44.52387037934575],[11.304047178046734,44.52388188161909],[11.304293241608796,44.52392488948518],[11.304555046952052,44.523974249913785],[11.304643559722964,44.52398821743782],[11.304740970817138,44.523994884221864],[11.30482206561187,44.5239930668607],[11.304916943021654,44.52400249441802],[11.305043133099657,44.52403370597256],[11.305181102014261,44.52407034213467],[11.305262552422462,44.52410623796215],[11.30538134467293,44.52416330981686],[11.305451075681338,44.5242160068767],[11.305486040065597,44.524244541012926],[11.305510161603632,44.52421993601564],[11.30553418297561,44.52420044648427],[11.3055206175747,44.524159632823576],[11.305517667487097,44.52412314205395],[11.305502735976265,44.52409044027088],[11.305456970475515,44.52408061551593],[11.305411714362059,44.52407540776572],[11.30534962024759,44.52405487560678],[11.30526368458149,44.52402426488917],[11.305191134422595,44.52397186771083],[11.305234420388034,44.52397689927283],[11.305339860023583,44.52400843950711],[11.305486037441302,44.524058242305564],[11.30559258528462,44.524101913365875],[11.305712858604307,44.52417131546206],[11.305833122621364,44.524244300633036]]],"type":"Polygon"},"properties":{"codice_area_statistica":6,"geo_point_2d":{"lon":11.299774935653067,"lat":44.522209271536525},"area_statistica":"LUNGO RENO","cod_quar":11,"quartiere":"Borgo Panigale - Reno","cod_zona":"C","zona":"Borgo Panigale"}},{"type":"Feature","geometry":{"coordinates":[[[11.34229555486088,44.4989936493882],[11.342343862197973,44.49906130282988],[11.342774324033517,44.499052460261666],[11.343220956681435,44.499055104517794],[11.34378273764162,44.49906663609567],[11.343885007810716,44.49942138944602],[11.34399085761985,44.49978852874915],[11.344040604983226,44.49996106792788],[11.344272406774335,44.50075013704188],[11.344402657007217,44.501202407291764],[11.344476497056,44.501432698102306],[11.344519138668613,44.501565357517826],[11.344531618526664,44.501604604500315],[11.344599237473364,44.50181744096049],[11.344606645107305,44.50184312620358],[11.344644569479483,44.50197451406034],[11.344686767417837,44.5021196150699],[11.344704590801134,44.502181060653626],[11.344876392083865,44.502773394078865],[11.345044371261297,44.50339391174007],[11.345144076335327,44.50374295477317],[11.345169001426207,44.50383527723514],[11.345198662846387,44.50394720001275],[11.34522722659442,44.50405182624122],[11.345240351259264,44.50411464662123],[11.345413138479032,44.50470742693938],[11.345435897314765,44.50477301119009],[11.345455804229163,44.50483053371425],[11.345656669883002,44.505494370125184],[11.345731229164636,44.50574074178542],[11.345742841981021,44.50578122177373],[11.345583689063062,44.50579964343988],[11.345441271884107,44.50582444594381],[11.345335536932982,44.50583228999449],[11.34513790674491,44.505850844381214],[11.344880828823262,44.50587738051994],[11.344517177114716,44.50592536147709],[11.343381769757881,44.506077069890864],[11.34184507893239,44.50628255301379],[11.340464644377027,44.50646374582657],[11.33982971954924,44.5065491424767],[11.339652120081544,44.5058373754581],[11.33961857327048,44.50570640043266],[11.339420449528077,44.50563815224522],[11.339007901875876,44.50546680678167],[11.338444757551349,44.50518432029027],[11.338395818538803,44.5051584501268],[11.337781401100544,44.50483245691786],[11.33768000748446,44.504789034346075],[11.336637982542934,44.50426588403686],[11.33632268012086,44.50411843863194],[11.3346518985544,44.50326030437081],[11.333647096159075,44.502764777420715],[11.333224188985206,44.502580343911944],[11.332716563283904,44.502284306648704],[11.332152731497112,44.50199754473345],[11.331188392777491,44.50151252156545],[11.330123121044508,44.50098418650621],[11.327173666567164,44.49948272958368],[11.326946869190042,44.49947061710166],[11.326890568764664,44.49940206675492],[11.326807109583756,44.4992942785559],[11.326802618366862,44.49919342416937],[11.32693152815573,44.499114508669265],[11.32705588212208,44.49903838666821],[11.32745926089286,44.49909044428579],[11.32757331679935,44.499113028915154],[11.327715191834129,44.499060288748986],[11.329349030213953,44.49848925539081],[11.329548118563805,44.498419707990585],[11.329887881845757,44.4982967666689],[11.3310196094102,44.497887136667764],[11.33163560877054,44.497673285629475],[11.332192152255232,44.49748008254532],[11.332629461203869,44.49732813238071],[11.332955968146253,44.497214680433395],[11.333692496304506,44.49695876161759],[11.334011820637599,44.496844769283975],[11.33492337700637,44.49652115633141],[11.33587983395625,44.4962005604446],[11.336611010584669,44.49594701892026],[11.336776378827595,44.49589524500232],[11.33701608092284,44.495834629969146],[11.337254575019264,44.496333882800634],[11.337347428798441,44.496532847242776],[11.337541442316686,44.49694185002443],[11.337623636333108,44.497110090629974],[11.337763916401368,44.49740668878408],[11.337890900649414,44.49767963919583],[11.33791992257359,44.49773699443073],[11.338188691454002,44.49832451658768],[11.338503516033251,44.499001678539685],[11.338655294300795,44.499003070464205],[11.338936226716644,44.49899056274988],[11.33919712218764,44.498968328031296],[11.339339613880561,44.498953596668656],[11.339836519668255,44.49889614000305],[11.339942480390798,44.49889171740488],[11.340166480266621,44.498890492558246],[11.34033270433045,44.49887977472457],[11.34055617660953,44.498865056060495],[11.341215247510556,44.49879358224729],[11.341367489225906,44.49878708380031],[11.341897122719686,44.498800967515436],[11.342008310306968,44.49882907011524],[11.342080537261142,44.498865840219814],[11.342248853375045,44.498848324736436],[11.34229555486088,44.4989936493882]]],"type":"Polygon"},"properties":{"codice_area_statistica":29,"geo_point_2d":{"lon":11.337680350891802,"lat":44.50126632402442},"area_statistica":"MARCONI-2","cod_quar":13,"quartiere":"Porto - Saragozza","cod_zona":"M","zona":"Marconi"}},{"type":"Feature","geometry":{"coordinates":[[[11.37548510376616,44.49325787506237],[11.37533300222846,44.49354670110029],[11.375102018660286,44.494242599455106],[11.374977815499989,44.494221227751595],[11.374892077999636,44.49420644677353],[11.374809683770481,44.49419222635848],[11.374719591708692,44.49417644653017],[11.374656899206585,44.49416545318791],[11.374564835830155,44.49414944416818],[11.374348765733265,44.49411193256229],[11.373854601478904,44.49402841215622],[11.372939614836245,44.493870634435694],[11.372491845150474,44.49379901737162],[11.372200833491037,44.49374673754072],[11.37177294264019,44.49367523569831],[11.371451912443714,44.49362735873839],[11.371194924613988,44.49358904371427],[11.370991914563502,44.49356085120647],[11.370532582920879,44.49350765180394],[11.370073086556864,44.49345688466722],[11.369479217085935,44.493401522844486],[11.36906052810534,44.49336763966007],[11.368281141745582,44.493324313918755],[11.367816918244774,44.49330892588348],[11.367408154643051,44.493303945104984],[11.367200827303565,44.493301393713516],[11.366913305564607,44.493297876023],[11.36588408069108,44.49331287419259],[11.364719838242229,44.4933565065157],[11.364731263898873,44.493281674421524],[11.364780263202869,44.49299296379866],[11.364940921117222,44.492241079619674],[11.364846493349193,44.49217360793978],[11.36477420407872,44.49211397794763],[11.364748236644234,44.492047824733234],[11.364732558425377,44.49194810378802],[11.36463789298794,44.49176461153473],[11.364378270779987,44.49134689470983],[11.36507466128595,44.49111877426907],[11.365891091748235,44.49084027696805],[11.36594031858591,44.49082538371213],[11.36607397534844,44.49078162467289],[11.366175957790372,44.4893725954357],[11.366278063169352,44.48821882271283],[11.366370746314747,44.48681292939434],[11.36634772788367,44.48664214125234],[11.367181991949655,44.48632183496486],[11.367559699838445,44.48618804656038],[11.369123900460407,44.485617553954114],[11.369874223267114,44.485332459674105],[11.370500010511552,44.48509503161679],[11.370938821933233,44.484935845163854],[11.371425356772987,44.48473947518968],[11.372314595468875,44.48439496060203],[11.372464986103344,44.484336694203606],[11.37258058019062,44.48429361800192],[11.372796185535087,44.48420805023015],[11.373149682731457,44.48406584296641],[11.373423857966857,44.483960330969495],[11.374493926980955,44.483548499142735],[11.375604978012882,44.48312092310959],[11.376106585198393,44.48292796454384],[11.376233364402216,44.482884237694186],[11.376229825719635,44.48298535649],[11.376218862310994,44.48329811880799],[11.376210941920657,44.483524185796995],[11.376189248083586,44.48414337669199],[11.376185822169885,44.484241081137526],[11.376160308465757,44.4849693368683],[11.376148206060362,44.48531474819412],[11.37613988356053,44.485552283782276],[11.376126874732819,44.48592337133085],[11.376114823002677,44.48626755719818],[11.376108980066789,44.48643486594136],[11.376101402730303,44.48665050067927],[11.376155998833001,44.4866493642386],[11.37609527365502,44.48893651171547],[11.3760870684413,44.489222757734424],[11.376170251085936,44.489992746005726],[11.376160580108237,44.49015312133006],[11.376110552495037,44.49098008689647],[11.37608227113887,44.49131113346195],[11.376068610630096,44.491471141661066],[11.37599541933337,44.491744984282725],[11.375909177477952,44.492067559384495],[11.37586436088298,44.49221853822927],[11.375710841468607,44.49264047950745],[11.375571018092748,44.493032111920336],[11.37548510376616,44.49325787506237]]],"type":"Polygon"},"properties":{"codice_area_statistica":67,"geo_point_2d":{"lon":11.371337476875162,"lat":44.489233913124124},"area_statistica":"MENGOLI","cod_quar":14,"quartiere":"San Donato - San Vitale","cod_zona":"T","zona":"S. Vitale"}},{"type":"Feature","geometry":{"coordinates":[[[11.362942197449808,44.48912118491204],[11.362591168294097,44.489226218720944],[11.361849207041635,44.489448271912295],[11.361605899731321,44.489521104229084],[11.361547956256315,44.48953846260042],[11.361302585450417,44.48961191312397],[11.361229245521523,44.489633568958546],[11.36095732390069,44.48971385174017],[11.360734546357303,44.48978093706009],[11.360573017222993,44.48982965948806],[11.36026971779114,44.489920915456096],[11.359679367474092,44.49009849777475],[11.359502139090988,44.490150604085805],[11.359394502503891,44.49018226730745],[11.359260634135918,44.490221494595005],[11.358810842190255,44.49035403522231],[11.35866834842683,44.49040082216745],[11.3585175402297,44.490450391469714],[11.357661435006355,44.490686695092876],[11.357452676961966,44.49057195626406],[11.357466164875127,44.49045102503114],[11.357518902224014,44.49018805960947],[11.357551167467708,44.48991175199791],[11.357544942467817,44.489724230596806],[11.357599498487186,44.48912542195688],[11.357681930094918,44.48852336374057],[11.3578202441902,44.48737767301019],[11.357963762587008,44.486148114293016],[11.357978166747799,44.48607335630565],[11.35799852520464,44.48599437914129],[11.358013883734108,44.48584939020328],[11.35801675630717,44.4857980430873],[11.358005028373169,44.485752309097144],[11.357983294262498,44.48570324377663],[11.357945428889366,44.485657068395845],[11.357895746256347,44.48561317168048],[11.356728020236467,44.4848162309933],[11.356692056421757,44.48478100810015],[11.356661594464686,44.48474406914954],[11.356614703517094,44.484658918357056],[11.356490524365737,44.48455317164447],[11.356625090247913,44.48446566126596],[11.357368910953138,44.483951883407805],[11.35767545274722,44.483725169075186],[11.358518873547254,44.483131174987065],[11.358691962438327,44.48302336660152],[11.35935055580467,44.48256988060682],[11.359448973606154,44.48250360390192],[11.35974367988084,44.48228749959564],[11.359976196470608,44.48213487918561],[11.360402064243367,44.48185604117194],[11.360664962263973,44.48169043056754],[11.360712792720745,44.48166851039271],[11.360896632517857,44.481585512541734],[11.361485035864709,44.48132200722729],[11.362129441585036,44.48104136943841],[11.362345812632157,44.48095038597512],[11.362862634831401,44.48070198478598],[11.363066545843449,44.48058774306996],[11.363248805976506,44.48045895088262],[11.363742763745806,44.48010015200946],[11.364096675708863,44.47982168276557],[11.364406664549346,44.479558211253725],[11.364466682598938,44.479507192727766],[11.364612749692682,44.479478959852855],[11.36476633477188,44.47947807399876],[11.364911153238292,44.479497976510714],[11.365004485787418,44.479515227449646],[11.365588694449544,44.480401122882235],[11.365659656421384,44.480472438344336],[11.366113533030576,44.481169843619135],[11.366157347729143,44.48122592189329],[11.366242406904428,44.48135660499989],[11.366619101638962,44.48191974080184],[11.366881728684623,44.48232478717983],[11.367166404303825,44.48273762209079],[11.36755819508308,44.483322822072324],[11.367919793432703,44.48386123928131],[11.368300277913699,44.48442832384756],[11.368654416460998,44.48497223193357],[11.369123900460407,44.485617553954114],[11.367559699838445,44.48618804656038],[11.367181991949655,44.48632183496486],[11.36634772788367,44.48664214125234],[11.366370746314747,44.48681292939434],[11.366278063169352,44.48821882271283],[11.366175957790372,44.4893725954357],[11.365881185394201,44.48942378110367],[11.36568999318716,44.48946969557333],[11.365574393531796,44.48949746048404],[11.365209096684179,44.489585179946644],[11.365159614673889,44.48960556075211],[11.36501631032905,44.4896539028648],[11.364952355068016,44.48968025506653],[11.36458740271908,44.4892364705823],[11.364550067131654,44.48924558935374],[11.364385772377796,44.489293915338],[11.364123322316715,44.48937533287034],[11.364004822286525,44.489184780461215],[11.363929368679049,44.48920668886465],[11.363788242480046,44.489252913735214],[11.36370301426578,44.48927880548055],[11.363573112131832,44.489086463133],[11.363520341938965,44.489099547193604],[11.363496577806966,44.48906388482628],[11.363080526425364,44.48919031515178],[11.363033501528433,44.48910466569246],[11.362942197449808,44.48912118491204]]],"type":"Polygon"},"properties":{"codice_area_statistica":56,"geo_point_2d":{"lon":11.362602942313229,"lat":44.48533969428255},"area_statistica":"MEZZOFANTI","cod_quar":15,"quartiere":"Santo Stefano","cod_zona":"O","zona":"Murri"}},{"type":"Feature","geometry":{"coordinates":[[[11.359378288994698,44.474596556780355],[11.359288888320958,44.47475363649284],[11.35923037343688,44.474838507080435],[11.359118915224512,44.47498397002014],[11.358944108978372,44.475171478727766],[11.35869976235646,44.4754174375731],[11.358627221643749,44.475502498622504],[11.358550249697084,44.47559523137478],[11.358474500626635,44.47569928209411],[11.358429369165245,44.47577497217347],[11.358389654489846,44.475852476882956],[11.35836292082208,44.47592012562098],[11.358342911598928,44.47599489153111],[11.358319051361589,44.47610389288598],[11.35832004275237,44.47619214296423],[11.358334009086452,44.47628379805303],[11.358372374013609,44.47638775978578],[11.358446882453894,44.476535249593866],[11.358469632010863,44.47658993854866],[11.358486223791974,44.476627550741576],[11.35831562386592,44.4766322456466],[11.358056195647505,44.476653296444006],[11.357963745934393,44.476662471225985],[11.35792207978831,44.47666660882294],[11.357709583862654,44.47668596919734],[11.357679371896328,44.47665077181443],[11.357626049440661,44.47661651086038],[11.357597406138424,44.476598088923566],[11.357510515925176,44.47651679836161],[11.357296281194031,44.47633316709317],[11.357107482881112,44.476169167032396],[11.357073109767676,44.47612117267641],[11.35702875451696,44.4760438648707],[11.356977667750263,44.475855612863896],[11.356906675460843,44.475722570686415],[11.35687561085687,44.47549758871096],[11.357026825174666,44.475311038436125],[11.357198950640122,44.47511674604036],[11.357285955065867,44.47499398138029],[11.357349920725051,44.47486549862386],[11.357467528633576,44.47474181375353],[11.357503337760857,44.47469437769946],[11.357526676898033,44.47466885944347],[11.357588700093528,44.47464105682885],[11.357880527177134,44.474254408131976],[11.357997754122158,44.4740807570891],[11.358052854319046,44.47393170603489],[11.358051560176252,44.47386557258843],[11.358026165147235,44.473800108033814],[11.35798075814377,44.47374973109862],[11.357924145583201,44.47370489714316],[11.357832705441789,44.473635404163936],[11.357776647073212,44.4735796655292],[11.357763606116178,44.47353996329111],[11.357766116980507,44.47348400522106],[11.35778955157304,44.47345057164113],[11.357809982224587,44.47338064950306],[11.357849426661554,44.47332672838707],[11.357905560300468,44.47328759592367],[11.357931336935971,44.47325643661133],[11.35801068561168,44.47319434505227],[11.35805704318538,44.47318406976133],[11.358088293299467,44.473170181389904],[11.358072250926678,44.47314180345127],[11.358082603406258,44.47311165591966],[11.35814195821446,44.47308850845431],[11.358183524325545,44.47306541334498],[11.358202271288704,44.47303765813371],[11.358216710874146,44.4729220363926],[11.35825396640834,44.472826289207944],[11.358270761263503,44.47280001472993],[11.358322134320574,44.47278004793675],[11.358371725700609,44.4727657895741],[11.358418246552098,44.472756456036926],[11.358485471034541,44.4727258086765],[11.358620832464073,44.47262632391124],[11.358833067853848,44.47239903390473],[11.35893180070213,44.472325062820616],[11.35898105419152,44.47223068792974],[11.358966041764905,44.472188874937665],[11.358931262659123,44.472146381096316],[11.358806164745443,44.472062180925576],[11.358802065711345,44.472025985098384],[11.358783145557465,44.471987034634495],[11.35878994273402,44.47193450798272],[11.358886561332906,44.47180809539026],[11.35898933607871,44.471737731799934],[11.358995956368123,44.47166179299417],[11.358994789709515,44.47160789145347],[11.358998559293852,44.471529850928825],[11.359016147978966,44.47147025926725],[11.359044781182181,44.471422664911685],[11.35906899702729,44.47127795162072],[11.359077386887783,44.471226580377746],[11.359093834721211,44.47112776988697],[11.359099119034038,44.4710991674109],[11.359115675304455,44.47100772781465],[11.359153016955641,44.47093601551013],[11.359180685332557,44.47091751949831],[11.359419932625878,44.47084559537153],[11.35950493433437,44.47080845819272],[11.359617531457364,44.47074728073044],[11.359663268322665,44.47071948052334],[11.35972541506234,44.470623767464744],[11.359815050776163,44.47043339979819],[11.359873772570568,44.470346300937074],[11.359870631243906,44.47026246151163],[11.359845903147393,44.47012623199389],[11.359733477365928,44.46991033267373],[11.359638861574226,44.469737016569724],[11.359424543486544,44.46936370571906],[11.359229639586504,44.46904779000626],[11.359150542465809,44.4689194359067],[11.359022030870461,44.468843948987605],[11.358978568874763,44.46867641717945],[11.358825097173066,44.468430765217164],[11.35874308526197,44.46836106908573],[11.358626679095794,44.468280200089666],[11.358582821199212,44.4682244888018],[11.358548119633717,44.468171370126385],[11.358470547991887,44.46804648603668],[11.358288533351605,44.46783806368418],[11.358246483832819,44.467771052629104],[11.358167609160224,44.46757634393021],[11.358096372954803,44.467440165451485],[11.35805538309341,44.46733390802389],[11.358030594134217,44.467284347515566],[11.357995036385605,44.467199647158175],[11.357859497790159,44.46700574856938],[11.357670070270931,44.46680666097765],[11.357292891979656,44.46655617419019],[11.356974501505142,44.466370011426406],[11.356719459835592,44.466236285591755],[11.356242591737308,44.46593879807362],[11.355851840073408,44.46577870287628],[11.355555956330354,44.46563303356682],[11.35529930442718,44.465554424801375],[11.354980552858873,44.465456804663845],[11.354891176311362,44.46542944393814],[11.354857079551344,44.46541373553409],[11.354786708101225,44.465350674394294],[11.354705205067246,44.46523057714964],[11.354668909549911,44.46516488647457],[11.354632545885586,44.46509906215356],[11.354575180776985,44.46499522980576],[11.35453362971705,44.4649295124473],[11.354472879950068,44.46483341108782],[11.354439366980687,44.46477437890084],[11.354396585424759,44.464699000047375],[11.354336190319126,44.4645926373097],[11.354313065655532,44.46455809403011],[11.354284113718764,44.46452869438854],[11.354240759329047,44.46450752307582],[11.354176420740222,44.46448127489326],[11.354047447303445,44.46443797620589],[11.353986778450711,44.46442795599014],[11.35393244536492,44.464421685225894],[11.353846300073522,44.46439897441947],[11.35365189635988,44.4643444657625],[11.353504026683508,44.46429359774238],[11.353328499486498,44.464217363141834],[11.353199586940317,44.46415647111178],[11.353017419661365,44.4640685794726],[11.35284791689921,44.463976744440195],[11.352713803537497,44.46387399782312],[11.352585149890299,44.46377258795139],[11.352437481082454,44.4636766022539],[11.352365100889584,44.46360535259622],[11.351951225724328,44.4633196026884],[11.351817410506055,44.4631803882321],[11.351670482403076,44.46301201416946],[11.351530291190153,44.462870509012156],[11.351414678366256,44.46275252541276],[11.351329886741995,44.4626507507652],[11.35115410267484,44.46246180521078],[11.351085450511125,44.46236122841132],[11.3510216622465,44.462265943970074],[11.350961124700397,44.462195259740504],[11.35086690179908,44.46194621595135],[11.350780940983183,44.461824659181225],[11.3506105440495,44.46161949612649],[11.350448114677848,44.461399845578924],[11.350236015121757,44.46040026644296],[11.35018334645295,44.460165400880676],[11.350122046649165,44.45998481877659],[11.350111681753123,44.45986124600757],[11.350164421039604,44.45969388168979],[11.350261746458429,44.459560349551765],[11.350330402586339,44.45952022471288],[11.35041517456515,44.459512069449886],[11.35044990686044,44.45947702729307],[11.350478416178303,44.45942411700092],[11.350505865783196,44.459325081040426],[11.350536308775466,44.459241747041325],[11.350560865550653,44.45916866219462],[11.350585444655923,44.45909613504515],[11.350611254965589,44.45905396641474],[11.35061668851017,44.45901334269446],[11.350738164090625,44.45894726470518],[11.350818809220566,44.458901149007865],[11.350933596854455,44.45884476932894],[11.351083917534766,44.45879272620095],[11.35119157700437,44.45875448932801],[11.351284733955387,44.45874638578373],[11.351890502859577,44.45874796011966],[11.351749042665576,44.458551133105495],[11.351558969850316,44.458474034019076],[11.351299830931149,44.45843774372539],[11.351218263420805,44.45842141850948],[11.351081748408406,44.45840622491668],[11.350937190682991,44.45838669547813],[11.350822745101048,44.45837329772892],[11.350744182603297,44.45835354330668],[11.350646453309196,44.458306599445315],[11.350530494546623,44.45825643880716],[11.350489127530729,44.45825769569014],[11.350440485027171,44.45823583955993],[11.350407732812986,44.458218418628384],[11.350370441954341,44.45820379192394],[11.350329391934656,44.458187892209395],[11.350279490288766,44.458161281537166],[11.350233284408269,44.458140626517704],[11.350187093763985,44.45812348219206],[11.350142278979757,44.45811243131198],[11.350085141576379,44.45810127399178],[11.350022546655,44.45809193949231],[11.349973284608655,44.45808909146875],[11.349913601528616,44.45808653896709],[11.349849963679695,44.45808253739437],[11.349799262000063,44.45807826950622],[11.349736650825811,44.45806821497374],[11.349682888727452,44.458065990607324],[11.349620231128963,44.45806448946656],[11.349575526956409,44.45806558963963],[11.349539733451447,44.45806947726535],[11.349481026647684,44.458074025525256],[11.349414807300318,44.45808713682753],[11.349359119756324,44.45810741350173],[11.349316999952979,44.45811340283104],[11.349272615887092,44.45810055122112],[11.349016943027467,44.45817252207431],[11.348960492732656,44.45818475689385],[11.348811474735234,44.45820159714236],[11.348715307736862,44.45821392881545],[11.348668031563918,44.45821985294565],[11.348625562151346,44.458232799244115],[11.348589326526499,44.45825073977292],[11.348554753028436,44.45828034951581],[11.348534112899666,44.458309483541065],[11.348506250082412,44.458332473314655],[11.348472801098358,44.458360349397964],[11.348417075610305,44.45839066432641],[11.348349444487338,44.458425005249914],[11.348292347903893,44.45844589555976],[11.3482429232735,44.45845780544625],[11.34818545829116,44.458457286020746],[11.348141794720373,44.45842008503805],[11.348188072223534,44.45837514625886],[11.348233157156956,44.45835908542628],[11.348208803173378,44.45831598665202],[11.348194749702278,44.458268957903044],[11.348193524176072,44.45810831314424],[11.348200713288504,44.457810511241135],[11.348202155113306,44.457586298031785],[11.348199617126609,44.45745028444968],[11.348195804825822,44.45735521404382],[11.34819055816658,44.45726480949733],[11.348173100138048,44.45715261769126],[11.348150921374014,44.457044007003994],[11.348128928455592,44.456940028844045],[11.348110866519713,44.456812770033885],[11.348112034925334,44.456680470304796],[11.34811391437677,44.45664677980076],[11.34813356170202,44.45657095159948],[11.348169346696926,44.45648286295519],[11.348201887925681,44.45641638432677],[11.348256674954671,44.45632822887149],[11.348311694840996,44.45624588430048],[11.348408048086291,44.456103497079724],[11.348465551024047,44.45600252891576],[11.348498133408977,44.455926434538156],[11.348503033080561,44.45588688419315],[11.348498072543688,44.455844052680185],[11.348480296237103,44.4557643579551],[11.348424678339526,44.45567035329779],[11.348379543859899,44.45562149722875],[11.34832826014607,44.45558071696595],[11.34826408072679,44.45554370397932],[11.348200708151852,44.45549859899558],[11.34812521701807,44.45543400947276],[11.348074944947161,44.45539211896676],[11.348044828031474,44.45535854642954],[11.34802159877311,44.45531430813419],[11.348006977589474,44.45527284564386],[11.347999102623147,44.45523819442755],[11.347988783804684,44.45518271636426],[11.347980018862732,44.455085425106404],[11.347974967242981,44.45496601001483],[11.347960138296472,44.45487233650038],[11.347940145322443,44.45481820974496],[11.3479038715582,44.45476210416494],[11.347855359146664,44.45472364338052],[11.347799570874846,44.45470622733425],[11.347627111519795,44.45468773565601],[11.347560007984004,44.454670552191395],[11.347469631793757,44.45463875884338],[11.347428133050192,44.454614089730136],[11.347376613848976,44.454581506273705],[11.347331376370636,44.45454414826548],[11.347285162997336,44.45448244016797],[11.3472660470887,44.454409722816635],[11.34724942831509,44.45431839968104],[11.347237226887163,44.45413532986539],[11.347241011872562,44.45406794832384],[11.347253442267185,44.45401431609644],[11.34728036327052,44.453942776752704],[11.347354813204369,44.45380114683973],[11.347447522212903,44.45360017412845],[11.347531122767766,44.45342094996353],[11.347571381667834,44.453323460736655],[11.347614123689114,44.45319604967498],[11.347648354633279,44.45305071832456],[11.347665342767964,44.45294367868742],[11.347665785435721,44.452893578901936],[11.34766696664165,44.45283117532574],[11.347649838319873,44.45275473506617],[11.347626416436919,44.452707223673116],[11.347563605468116,44.452639978277226],[11.347460978068849,44.45258936926019],[11.347374323376842,44.452570066981],[11.347271146483946,44.45253615998474],[11.347162672286366,44.45249269297823],[11.34707513791658,44.452451433115506],[11.347009201768236,44.452428184545994],[11.346902931556535,44.452409285194555],[11.346745730977732,44.45240255100865],[11.346675644499472,44.45239836512981],[11.34660141911337,44.4523856127511],[11.346532986855143,44.45236154195995],[11.346465385751213,44.45232778520834],[11.346402084203639,44.452278995660045],[11.34633899072269,44.45221061205541],[11.346288581731006,44.45210998132741],[11.3462519035007,44.452021104897554],[11.346244051643083,44.45197820664899],[11.346234652729981,44.45192743587794],[11.346235378072555,44.45188436134181],[11.346246157382405,44.451847228970365],[11.346254874858458,44.45181980781042],[11.346287050948643,44.4517655537712],[11.346314856527789,44.45172456041521],[11.346332441210638,44.451683498048254],[11.346344584798354,44.451637127924194],[11.346328749096843,44.45159133287951],[11.346301897142794,44.45154977042992],[11.346272485857897,44.451514283342824],[11.346167369647768,44.45140617042046],[11.346117645652994,44.45135305046787],[11.346078894965663,44.45129368220894],[11.34605153685627,44.451240102572015],[11.34604490550658,44.45121417620821],[11.345974311906266,44.45105922408201],[11.345961678433866,44.451023392116966],[11.34596045382771,44.45092315486478],[11.345915280340789,44.450773703064776],[11.345855563526074,44.4506806815753],[11.345817443351653,44.45063735197496],[11.345760214335364,44.45060644255454],[11.345592444038015,44.450471537286674],[11.345528423631542,44.450410689465045],[11.345466629994174,44.45033576973853],[11.345436818592137,44.45029026170579],[11.345383105044533,44.45020714556272],[11.345328416350611,44.4500999853635],[11.345294120310173,44.450012464067534],[11.34525271946125,44.44995717414257],[11.34520915976421,44.44991796226032],[11.345122669756243,44.44985556822555],[11.344873633112837,44.44971832513864],[11.344611009197866,44.44959138051063],[11.344406267328647,44.44951136570737],[11.344219333280448,44.44945706550889],[11.34404160187241,44.44942261592533],[11.343906089359411,44.44939955181462],[11.343980052784028,44.449384511171864],[11.344040362813647,44.44936935471884],[11.344102956046006,44.4493616325474],[11.34417282258435,44.449356335742415],[11.344257067514626,44.44935074362819],[11.344337926891631,44.44935037049047],[11.344402651055468,44.449351616039756],[11.344463860358413,44.449354221116224],[11.344514243794192,44.449355761121176],[11.344561138743252,44.44935994750715],[11.344608188161372,44.44936799283545],[11.344658867625567,44.4493772419622],[11.344758611176044,44.449399653467225],[11.344822337163967,44.44942022995141],[11.3448951837855,44.44944448118663],[11.345208774655466,44.44955646003045],[11.345471146672256,44.44964632656917],[11.345567350637483,44.44967008846534],[11.34567578928402,44.44969745201464],[11.345717270650116,44.44966938466005],[11.345802695930354,44.44964398834242],[11.345891620789114,44.44962752268837],[11.345987185024285,44.44961993216745],[11.346086068412955,44.44961676567181],[11.34618837432973,44.4496202897343],[11.346489381768261,44.44964112883684],[11.346790266077837,44.44965857567928],[11.34715625498735,44.44969270642698],[11.347211354443665,44.44969494050657],[11.347283540738907,44.44969233090171],[11.347363633146488,44.44969068401046],[11.347438552912184,44.44967788112376],[11.347567909038078,44.44965045477806],[11.347671538529454,44.44960891907043],[11.347783795429342,44.449586345453106],[11.347952348155875,44.44955697819756],[11.348050883594533,44.44954482351428],[11.34817269360808,44.44952542900913],[11.348308315241624,44.44949787294281],[11.348398641026991,44.44947687519394],[11.348522224417726,44.44942366591655],[11.348551475053553,44.44940843484722],[11.348636402354883,44.44937065901488],[11.348738505957536,44.449330279060774],[11.34883954861262,44.449302308482075],[11.348951270028008,44.449283957970266],[11.349116932773748,44.449243674236996],[11.34931353810423,44.4492081100467],[11.349388604629203,44.44919867884969],[11.349607194820617,44.44920206626182],[11.349765682387655,44.449234823671496],[11.349832401114892,44.44925258094398],[11.350031101614437,44.44934756473135],[11.350177039719231,44.44938170524258],[11.350398601679979,44.4493805196316],[11.350447512743337,44.44938513922587],[11.350533126144935,44.44940364138185],[11.350568168561336,44.449415307471156],[11.350678964750555,44.44947381187562],[11.350875328035615,44.449589107263115],[11.35100088393144,44.449663062021756],[11.351053216413817,44.44971377644374],[11.351101426607904,44.449779205035924],[11.351114672194724,44.44983522575815],[11.351118408972523,44.449889182655845],[11.351091663424445,44.45004509209103],[11.351031726231566,44.45023546301262],[11.350980675260315,44.45045153348551],[11.350971774545712,44.45054290454624],[11.350965246031132,44.45061509613839],[11.350961177283942,44.45070974367531],[11.350964528628575,44.45083238065515],[11.35097630745725,44.45089068225187],[11.351025791353893,44.45106641199579],[11.351107157475978,44.451292142942584],[11.351161656604647,44.451436242078856],[11.351226772123388,44.45164880366472],[11.351274396535016,44.45181668526686],[11.351289709472265,44.45188505100227],[11.351298607525974,44.45193294182232],[11.351310723267176,44.45198052329417],[11.351319553539572,44.452024220278034],[11.351334605528756,44.452066672781434],[11.351349173554848,44.45209675662205],[11.351364325218798,44.452130420492026],[11.351417989956618,44.452222393387814],[11.351454083478677,44.45229932468614],[11.351478376144927,44.452356243119176],[11.3515109691446,44.452424243865686],[11.351523870225536,44.45245663068486],[11.351535577934415,44.452489033082465],[11.351561337328315,44.45254366162016],[11.351613412792588,44.45262702462315],[11.351670197377887,44.452710281588246],[11.351788612920865,44.452880098584565],[11.351818597622719,44.452922252382415],[11.35184404227051,44.452949312256166],[11.351885377943907,44.45298054605049],[11.351924375101495,44.45301238617315],[11.351950407638965,44.45303436542538],[11.352010533196943,44.453078734006446],[11.352058866590767,44.45305699607978],[11.352131416473311,44.453034237011295],[11.352186890208674,44.45302473953613],[11.352307218970072,44.453001491003384],[11.352412233426467,44.4529774776108],[11.352615029601013,44.452929626601865],[11.352685524656993,44.452913607491],[11.352960923351082,44.45282994148926],[11.353124160676996,44.45277353320291],[11.35326158193634,44.452724949007845],[11.353307508302471,44.452711515590316],[11.35335740460906,44.45268865557415],[11.353467385321096,44.45264375173649],[11.35357314544127,44.45260204071982],[11.353650176293387,44.45256821408297],[11.353711300128673,44.452535759679044],[11.353759751574337,44.452512920274614],[11.353816571745226,44.4524815898541],[11.35392310776885,44.45242323464025],[11.353983373820393,44.45238508110228],[11.354034887542365,44.452343687014164],[11.354068057231983,44.452312763144725],[11.35410674841918,44.452263801148106],[11.35413025377408,44.45222633358042],[11.354161641258566,44.452189846794774],[11.354201754627345,44.45213749745209],[11.354259369230336,44.45205340396461],[11.354312479952808,44.45197389565084],[11.354371516565969,44.4518864147934],[11.354423372188574,44.45181477361058],[11.354451394506311,44.45177274750442],[11.354473670135775,44.45174315552813],[11.354501905104783,44.451706733667606],[11.354515253737613,44.451682997468005],[11.354515200431177,44.451650093920186],[11.35449242415477,44.45162377183431],[11.354449908417202,44.45160884009033],[11.354392110792963,44.451603631269606],[11.354330162734804,44.451607105538415],[11.35428397095618,44.451616097538846],[11.354193064661978,44.45163331280208],[11.354083714347327,44.451665384585716],[11.353911014006549,44.45171921656808],[11.353786310841327,44.45175331514541],[11.353626328324943,44.451798367968784],[11.353454463246667,44.451845168982025],[11.353405005064198,44.45185576741841],[11.353362446977538,44.451862613527105],[11.353304386406077,44.45186806870111],[11.353265257798816,44.45187143207491],[11.35322352866533,44.451868880293055],[11.353183887222716,44.45185947946531],[11.353150129626373,44.45184824683569],[11.353104158678663,44.45181425520536],[11.353067796824059,44.45178262223614],[11.35304146369803,44.45174909004159],[11.352987852106402,44.45165817912132],[11.352960150598227,44.45159058211572],[11.35293898305193,44.45153733567463],[11.352923143870187,44.45149846465124],[11.352874036244202,44.45137167534589],[11.352845291521781,44.45130751181172],[11.352821293746826,44.45124325043223],[11.352785074457735,44.451170724438995],[11.352727106375504,44.45103046967708],[11.352700461909285,44.45095944781809],[11.352671089365286,44.4508799566751],[11.352663743976628,44.45081536106556],[11.352664749485987,44.45078125634445],[11.352672819528593,44.450745304529086],[11.352726312730608,44.45065558006052],[11.352753053354347,44.45061072694227],[11.35280675155118,44.450526111709685],[11.35284966447338,44.450468987745666],[11.352883948182193,44.45043420612646],[11.352929713150623,44.450388951847486],[11.352954695473631,44.45035946642007],[11.35302313748136,44.45028647568575],[11.353058605749883,44.45024301805818],[11.353105830295014,44.450176226310845],[11.353129138930809,44.45013511692336],[11.353159229820086,44.45006542837935],[11.353173721283362,44.450002561297076],[11.353209160038396,44.449840125313095],[11.353230065866903,44.449767367131656],[11.353300277021475,44.449623317911026],[11.353335995402867,44.449523849598954],[11.353395893029328,44.44943404678977],[11.353417691117592,44.449411657966195],[11.353454892468736,44.44937757224309],[11.353491526656743,44.44933531479842],[11.353545960278646,44.44927249744537],[11.353592379363667,44.44921384247816],[11.353619556060574,44.44915923029542],[11.353641125818228,44.44911020731555],[11.35365280242716,44.44905643685389],[11.353658316018123,44.44902162698881],[11.35366107917193,44.448986864829116],[11.353657668022706,44.44893637631604],[11.353655251554553,44.448910642568435],[11.353633300933822,44.4488466542217],[11.353623286905295,44.44880761816533],[11.353593226285716,44.44867597110239],[11.353586056677392,44.44863547198486],[11.353574332323921,44.4485851458595],[11.353554412603767,44.44853697828111],[11.353535344119255,44.44847590136316],[11.353473780963622,44.44832152387425],[11.35344623761898,44.448290366395426],[11.353405600748731,44.44824361618394],[11.353339478514025,44.44818251897629],[11.353315135883244,44.44816220668672],[11.353232425759924,44.448101451372835],[11.353049836057238,44.447966421395996],[11.35295629122209,44.44787714376615],[11.352838734873341,44.447775469168214],[11.352804511598059,44.44775039095508],[11.352735934078375,44.44769728432933],[11.352668392144349,44.44763522569532],[11.352648126540291,44.4476128396523],[11.352601744596374,44.447491854702626],[11.352568669293357,44.44739239991161],[11.352565657332274,44.44735182404187],[11.352566228904108,44.44730503451697],[11.35257267172185,44.44722919849478],[11.352601527982012,44.44710437630254],[11.352628405534462,44.44696408332088],[11.352642933587994,44.446887108377325],[11.352659712916026,44.44680110239342],[11.352666014545807,44.446753672619074],[11.352667939795642,44.44670335316202],[11.352654300411228,44.44663065880738],[11.352642301211748,44.446567824556176],[11.352636713126119,44.446395196938816],[11.352636095880936,44.44627875142131],[11.352635537426252,44.44619725296567],[11.352636010438763,44.44610795496457],[11.352627008813883,44.445984885236314],[11.352623549535828,44.44593254311577],[11.35262106416888,44.44590445206079],[11.352617066982809,44.44587251202135],[11.352590597348483,44.445786686125516],[11.35252466246887,44.44561906523242],[11.352461093672956,44.44548970180482],[11.352432760042234,44.44543850245281],[11.352392233482867,44.44534998630081],[11.35234007438126,44.445262204983415],[11.3522781014557,44.44517287934912],[11.352191971161464,44.445087526468015],[11.352042600098939,44.44500175702731],[11.351922734240555,44.44492406706339],[11.35186280179137,44.44488523102649],[11.35179132715071,44.44484405798747],[11.35175502178921,44.44480556338079],[11.351716490829183,44.444724460060776],[11.351704495863585,44.4446375885319],[11.351693030232228,44.44459426991544],[11.351643750469364,44.44445764359542],[11.351596300014007,44.444366271897486],[11.351541706723697,44.44427853134162],[11.351468270736829,44.444145886563554],[11.35140388503636,44.44406996106713],[11.35137804282587,44.44401880014897],[11.351375569692337,44.443970956992274],[11.351383499529135,44.4439124114687],[11.351386612187529,44.44386879253302],[11.351391508894427,44.44378101486032],[11.351391779060494,44.443694439809875],[11.351386910129223,44.44363355614601],[11.35135931737082,44.44355223638787],[11.351327297119951,44.44348145989452],[11.351249841309592,44.44336979290962],[11.351185391323773,44.443278771158646],[11.35114912883463,44.44322377360673],[11.351109464473906,44.44314443991891],[11.35108909745272,44.44306122475668],[11.351079426800734,44.4430021774784],[11.35106962975536,44.44293966678105],[11.351066682921864,44.44286654491771],[11.3510618715423,44.442807397558724],[11.351051786757507,44.442713914659535],[11.351042242153833,44.4426213659116],[11.351010659198224,44.44237982701133],[11.351005930515417,44.44232242445711],[11.350996539471602,44.44227033945969],[11.35095644016579,44.442224927655936],[11.350929417088535,44.442118937778595],[11.35107850265628,44.442084457169564],[11.351351752111212,44.44208276336552],[11.351659639544069,44.44208370434497],[11.35176476571029,44.442084239458744],[11.352022586641539,44.442093575049334],[11.352309038110977,44.44210395858166],[11.3524478922765,44.44215926340152],[11.352452694935861,44.442161199031275],[11.352462478797774,44.4422577759232],[11.352463102878271,44.44226392987926],[11.352495461151424,44.442539653472906],[11.352497168081726,44.442554310624715],[11.352497740160524,44.44255916927008],[11.352590393911264,44.44281270108861],[11.352590407550938,44.44281272781547],[11.352685568208479,44.44295310757694],[11.352780449610567,44.44300797682887],[11.353101594997614,44.44307138013598],[11.353102316116495,44.44307150031133],[11.35310819346486,44.4430726575379],[11.353433269958778,44.44312722830086],[11.353466418544969,44.44313281075329],[11.353666355341748,44.443105047682835],[11.353891925643694,44.44312852994898],[11.354230161089433,44.44320031925171],[11.354352459792038,44.44324162193741],[11.354396576893185,44.443256529716756],[11.35492450409049,44.44343581232936],[11.35514485532232,44.44353574225145],[11.355243696614076,44.44358056181644],[11.355326821660197,44.44366519118456],[11.355449098612418,44.44378967762251],[11.355451064146651,44.44379168066797],[11.355724938473529,44.444317257659065],[11.355724951753299,44.44431727539033],[11.355913637094364,44.44465433883868],[11.356009241298363,44.44482453239924],[11.356096386680772,44.44490062472805],[11.356150880247462,44.44494820433404],[11.356446269446751,44.44504733014262],[11.35665249367415,44.44507795826608],[11.356840649807495,44.44506399082195],[11.357240579770815,44.44503429794245],[11.357444605298818,44.44503932149101],[11.35759373728038,44.44510521093922],[11.357661103988868,44.445276526426305],[11.35766111763145,44.4452765531525],[11.357665819980452,44.44531252064053],[11.357765481096134,44.44607390475636],[11.357733731921376,44.446300175815196],[11.357711785603513,44.446652299441226],[11.35776775027369,44.44668421028101],[11.357751411019027,44.44684778371836],[11.357654607079095,44.447052369573896],[11.357580512051506,44.447218864299316],[11.357461187937728,44.44736603706915],[11.357438869616761,44.44751409632786],[11.3574736820467,44.44770616003646],[11.35752923810491,44.447873101083346],[11.357518923254013,44.44841683971621],[11.357513293979101,44.44894022559388],[11.357512439008852,44.449339915560664],[11.357524002529809,44.44959662115817],[11.357578746101536,44.44984417956218],[11.357636269805917,44.449965643535705],[11.3578105484654,44.45012264217073],[11.357910107413769,44.45018714232576],[11.358094836340667,44.450359868343526],[11.358371168189423,44.450600148011],[11.358453893594252,44.45064763836275],[11.358600769403779,44.45078351455069],[11.358747425535348,44.450913606387786],[11.358862599138302,44.451064613521986],[11.35896946571705,44.451210003499945],[11.35900630644191,44.4513221082879],[11.359130009276262,44.45148450727728],[11.35927573681686,44.451591471824536],[11.359412794917892,44.451684139124275],[11.359684141625062,44.45180007511565],[11.35991844785238,44.45189941911047],[11.360260394373139,44.4520630936205],[11.36065587164937,44.452251704762936],[11.360946974143578,44.45245694948376],[11.361236446400808,44.45262170630343],[11.361543723620384,44.452881999142996],[11.361703377348574,44.45303957337365],[11.361807744170235,44.45315231478079],[11.361852275987488,44.453284173318785],[11.361919472914993,44.4533593954403],[11.36198548366005,44.453431068018006],[11.362154452817272,44.45352816720539],[11.362365062570893,44.453623387125376],[11.362582188893741,44.45370315830267],[11.362681529238124,44.45374637654173],[11.362833840399121,44.453785995559194],[11.363070012075626,44.45386052817564],[11.363359762228583,44.453923769094466],[11.363626454133795,44.45397934832646],[11.363849127004446,44.45400121432563],[11.364110011427384,44.45398358621954],[11.364388405872225,44.45390653756171],[11.364685541371527,44.45380057966136],[11.364883264363932,44.45376796336895],[11.365045298542842,44.45376664107934],[11.365264146528473,44.45376414140448],[11.36529865491874,44.45378205284573],[11.365368335565467,44.453764602350624],[11.365454049328772,44.453744235828474],[11.365495494285849,44.45373410430745],[11.36563437070171,44.45369809675534],[11.365683434598084,44.45368366606605],[11.365722812006858,44.453672136887405],[11.36583465568965,44.453640560442075],[11.365997339689162,44.45359217555966],[11.366066621412244,44.453591927939605],[11.366225580297495,44.45372759779768],[11.365783138272798,44.453962959175996],[11.365170514488687,44.45428900845711],[11.365017750776374,44.45433785282777],[11.36480596147894,44.45444611279845],[11.364447524825644,44.45464953387707],[11.364391450983334,44.454684005046246],[11.364353068852976,44.45474947493952],[11.364330680439684,44.454804818699124],[11.364325695875758,44.45483048041541],[11.364320247279828,44.45485896956665],[11.364318640235332,44.4548845433236],[11.36431737636583,44.45491861746187],[11.364321196445164,44.45494785992095],[11.364326564328822,44.45498275098433],[11.364329370814001,44.45501957664839],[11.364337261260449,44.45505157063231],[11.364342451067897,44.455081738999944],[11.364360067823256,44.455125820128075],[11.364374869194082,44.45516523318278],[11.364392003203925,44.45519704471186],[11.364424405115711,44.45524744553432],[11.364453839126115,44.45528940033181],[11.364482993683813,44.455324743974145],[11.364520856844868,44.45534665534921],[11.36456561877923,44.45537599502754],[11.364627802860761,44.455411590738905],[11.364692624703828,44.455447140778105],[11.364785888654918,44.45550007084423],[11.365047826065698,44.45564218850539],[11.365325148224205,44.4558057461479],[11.365450798806451,44.45587596485203],[11.365474539655017,44.45589644003626],[11.365507012034747,44.45592303612442],[11.365637668636627,44.4559923946654],[11.365740139005558,44.456052578336546],[11.365843426504103,44.45613298289708],[11.36587459875155,44.456151035318676],[11.36601189500095,44.456212045419434],[11.366069466417825,44.45623733790243],[11.366232155770202,44.45628068040352],[11.366357394874925,44.45631235736172],[11.366447807942613,44.456343189679586],[11.366512799755158,44.45633717000303],[11.366649628388002,44.45633277590513],[11.36675405508661,44.45633371679593],[11.366845446059079,44.45633493687292],[11.366932743622524,44.456342480575024],[11.367033328533184,44.4563559695122],[11.367125600172637,44.456378975477584],[11.367271526039428,44.45643824765755],[11.367660940294373,44.45660305808402],[11.367787061693512,44.456656519542456],[11.367994654928669,44.4567347585937],[11.36804794522077,44.45676169633633],[11.36809476747879,44.45679031668361],[11.368131242660048,44.45683162030543],[11.368210949725626,44.45692029915643],[11.36825846482776,44.45696604607108],[11.36832968304916,44.45700923060162],[11.368316505445033,44.45715207865308],[11.368322809716714,44.45723461001347],[11.368337638003625,44.45730848404933],[11.368336113025231,44.45734567854538],[11.368327514062976,44.457388223323356],[11.368301012412635,44.457478853458504],[11.368281694505987,44.4575348364726],[11.368223345782248,44.45768307792807],[11.368167030446036,44.45779955190075],[11.368090449885392,44.457963827078665],[11.368038922746127,44.458056047599904],[11.367983914377545,44.458118757670604],[11.368028306984838,44.458352094208045],[11.368074464019971,44.458619415051395],[11.368079168708803,44.45873574844958],[11.368052017099803,44.458806910305235],[11.36795149651096,44.458789216713555],[11.367909326643021,44.458780566671244],[11.36787129182652,44.458779987222634],[11.367833244814607,44.45877941701692],[11.367784176562413,44.45878792498457],[11.367675543203438,44.45882761112722],[11.367321595454342,44.458989806009725],[11.367148505434299,44.45907682275283],[11.367049107049837,44.45912731800916],[11.366961179571025,44.459182967907346],[11.36691035732614,44.45922708125046],[11.366749775401694,44.459437615168596],[11.366642016521721,44.45960410220844],[11.366592484494598,44.459696946888926],[11.366552802656908,44.45975670974675],[11.36654971273156,44.45980155287239],[11.366483088137453,44.46003007933921],[11.366473902191986,44.46007462571121],[11.366736063292048,44.46078298192999],[11.367074965616816,44.46169976844145],[11.367195192205733,44.461997053782476],[11.36721057636032,44.462025291087414],[11.367251228096245,44.46204483903157],[11.3672881353155,44.46204203907673],[11.367402156704031,44.46197441446489],[11.367532505275154,44.461888094766884],[11.367637869592736,44.461817786628956],[11.367713565224253,44.46182078995809],[11.367755770370076,44.461813783771575],[11.367782353349474,44.46189326572264],[11.367903718313991,44.461876074034514],[11.367938701887558,44.462015312163494],[11.368000914693381,44.46200414576761],[11.368052840576022,44.462220382953106],[11.368097113491828,44.462598285931726],[11.36807013601168,44.462804636533164],[11.368048222332654,44.46282849793901],[11.368016466428136,44.46284212046552],[11.367965772139518,44.46286521047843],[11.367978936842073,44.46290631345007],[11.368001852751446,44.46297809313896],[11.36795062019641,44.4629903641552],[11.36791297082107,44.462999382526355],[11.367542814894858,44.46309709534044],[11.367282729372898,44.46315691003617],[11.367088205805317,44.46320753239111],[11.367036110962443,44.46321869554882],[11.366978906366592,44.463230954921634],[11.366925691959823,44.46324241132161],[11.366817308637899,44.463443976601944],[11.366573155285911,44.463819307343044],[11.366515214829276,44.463962344820615],[11.366443606423498,44.464170619521056],[11.366420223060231,44.46431023077264],[11.366429113941091,44.46436442229666],[11.366453242618755,44.464408701141984],[11.366511866133427,44.46447785032952],[11.366575774653192,44.4645122928481],[11.366545905314547,44.464541828496024],[11.366498762924305,44.4645539420437],[11.366510077013197,44.464590951336874],[11.366498915664014,44.46467247638695],[11.366484481894013,44.464741465605236],[11.366463865951662,44.4648472236462],[11.366461711170981,44.46490587537566],[11.366458415654835,44.4649798462046],[11.366570404195913,44.46543925996925],[11.366604644464529,44.46558034137754],[11.366614684325555,44.46561101221937],[11.366634418848566,44.46572600766607],[11.366665154227436,44.46584879636977],[11.36667625692866,44.465887097396255],[11.366756642224228,44.466168284083736],[11.366768636472798,44.46619971562199],[11.367139625688544,44.46614665906351],[11.367360153254284,44.46609626258156],[11.367370635572254,44.4661279144664],[11.367409900304903,44.46623153054995],[11.367447316769866,44.46633886702064],[11.367498618766291,44.46636491894087],[11.367614494505386,44.46635102833474],[11.367711110122793,44.46635763994093],[11.367792602751948,44.466387575841345],[11.368006246789959,44.46660738143314],[11.36811669946106,44.46675745046033],[11.368185699079387,44.466974521582195],[11.368230030098054,44.467100457785975],[11.368405627365872,44.46766245815315],[11.36842473319369,44.46771799501094],[11.368445318117066,44.467745458026506],[11.36848798823808,44.46776848365572],[11.36855573580241,44.46779297852308],[11.369010383779441,44.46795886116837],[11.369280946452738,44.468056785005984],[11.369894170467093,44.46827954621931],[11.370335615718524,44.46844115133649],[11.370527361851677,44.46850940666467],[11.37072232235809,44.46857879226173],[11.370757830190026,44.46858976723873],[11.370868864386894,44.468607104919535],[11.37094178691008,44.468845600076335],[11.371026452376311,44.46915392762247],[11.371049100110069,44.46924034144675],[11.371082695587406,44.469435936639485],[11.371091645499371,44.46953428435031],[11.371074848637269,44.469873500618235],[11.371063639472606,44.470029433639844],[11.371024964817897,44.47021963391201],[11.370986257967342,44.47037428351693],[11.370903505810023,44.470624123267655],[11.37084916066396,44.4707316538478],[11.370813909988387,44.470803416572586],[11.370778957500315,44.4708775767904],[11.370637654475676,44.4711476188283],[11.370557949680476,44.471247393502864],[11.370358276231585,44.47148592281765],[11.370144645131397,44.471731583560675],[11.370019505445745,44.47167995000955],[11.369551812133555,44.471428655437904],[11.369325582103569,44.47129048875471],[11.369267835512336,44.47123332337195],[11.369161939503993,44.471114120980545],[11.368973232349209,44.47088224986438],[11.368858102006252,44.47074174057996],[11.368817007534103,44.47070396313304],[11.368765863790113,44.470684417431215],[11.368442344433168,44.470641111699905],[11.368203456499336,44.470605096965926],[11.368077233333453,44.47057723264167],[11.367928748792774,44.470542015686625],[11.36785913982241,44.47050980781979],[11.367635235107405,44.47038853244269],[11.367399604675075,44.470253041602454],[11.366530483163546,44.46974447283636],[11.366474318573262,44.469738146998836],[11.36642904940719,44.469749429448896],[11.36640744888481,44.469782358661185],[11.36642487642199,44.469839947214346],[11.366662435224724,44.47058447191423],[11.366750997581494,44.47096043043137],[11.366760938842408,44.4710026266237],[11.366759569984888,44.47103562257121],[11.366752786535384,44.47106872177691],[11.366735265016993,44.471103970172564],[11.366709459809249,44.47113552818775],[11.366678095773313,44.47116331231625],[11.366628023471758,44.47119730898613],[11.366372257290015,44.471299560356286],[11.366229050955653,44.471356049417835],[11.366017265706706,44.471436610297715],[11.365643767575353,44.47157868799849],[11.365459936273965,44.47165194358934],[11.365348520198737,44.47171423666639],[11.36528680749008,44.471762310956635],[11.365235603491966,44.47182215895483],[11.36520477077226,44.47186778384614],[11.365181814836935,44.47192165396718],[11.365170221078218,44.471986325870695],[11.365165409340735,44.472013172324125],[11.365166842730964,44.47203899812535],[11.36508646990948,44.47204067235397],[11.364952669883467,44.47204345340288],[11.364950211056026,44.47198260167691],[11.364889124004181,44.47185232105495],[11.3647555888229,44.47164070818905],[11.36473563727597,44.47160962135467],[11.36468132249627,44.47163013811676],[11.364549322411083,44.471667802537894],[11.364570887443874,44.47171299908633],[11.364445093028007,44.47175458601811],[11.364527070398129,44.47198496633398],[11.364529992801273,44.47202618277423],[11.364509057560591,44.47206037620797],[11.364373310302533,44.47210023365397],[11.364264350183591,44.47213062356218],[11.364240405078233,44.47217777102347],[11.364261672657932,44.47224361677508],[11.364263400800048,44.4722863974018],[11.364243570086044,44.47234389367489],[11.364190894918059,44.47241000147634],[11.364115176232898,44.47245438604578],[11.363997347320524,44.47249805816827],[11.36389885335421,44.47252705164149],[11.363806749015977,44.47254957488045],[11.363718554693278,44.47255933240395],[11.36363377080112,44.47254364088402],[11.363586163667962,44.472516088335794],[11.363544856910064,44.472480474018795],[11.363332883626713,44.4720194637151],[11.363274126833954,44.471989152998205],[11.363251547079937,44.471937486329665],[11.363157125371107,44.47172572803656],[11.362772998527596,44.47179004474265],[11.362581767372385,44.47182585394983],[11.362304483278152,44.47130269793812],[11.362292384145167,44.471277047800406],[11.36205323341208,44.471161280477155],[11.361949243794706,44.471114187870086],[11.361866626262135,44.47109510123478],[11.361790264317099,44.47108304219205],[11.36183087189212,44.471065862291816],[11.36189181900587,44.4710557787278],[11.361704188012139,44.471001602879944],[11.361537559038837,44.47094725332562],[11.361464466357043,44.47089312924109],[11.361436717377241,44.47085040070072],[11.361193624352145,44.47076460179312],[11.361289627535415,44.470654584634815],[11.361215726722403,44.470657391628],[11.361033089103787,44.47083760246173],[11.360963808916763,44.47086551203888],[11.360942105313546,44.4709417899284],[11.360875884089852,44.47103681368607],[11.360737866609885,44.47120523506558],[11.3606529645375,44.4713006360115],[11.360607824225108,44.47136847690143],[11.3605709604625,44.471467898838924],[11.360509499648787,44.471796954878094],[11.360470221120726,44.47209713094168],[11.360443261368053,44.472346124482456],[11.360432222119744,44.472429041734486],[11.360414215101612,44.47253746341639],[11.360372115906335,44.47272812696077],[11.360342481291868,44.472909251065545],[11.360334345183052,44.47303080149437],[11.360324830603695,44.47327997441972],[11.360307198564069,44.47338149231889],[11.360299959824786,44.473417427365945],[11.360209132932368,44.473590480934874],[11.36013436326511,44.473730531974766],[11.36005715289696,44.47383501009679],[11.360027778888691,44.47387141175667],[11.360071656314929,44.47388568302284],[11.360236684629063,44.473972495184654],[11.360271315468427,44.473990684635154],[11.360331817173108,44.4740224732495],[11.360099028368484,44.47424174648216],[11.360152397923166,44.47428997736756],[11.360186184350363,44.47432338970784],[11.36026080717475,44.47440602121483],[11.36055264785468,44.47468382995505],[11.36036825648564,44.47479908606593],[11.360405956234752,44.474835991457645],[11.360398546512553,44.474875170977846],[11.360355141857463,44.47491659820418],[11.360312703257094,44.47493833474036],[11.360274318247491,44.474946789624234],[11.360235370289447,44.47494908034549],[11.360194743884373,44.47493781181799],[11.36017245316433,44.474905746265364],[11.360109797093315,44.4749140907267],[11.35987142433023,44.47503272172814],[11.35960833830453,44.47475548722967],[11.359524284423102,44.47467125871757],[11.359483520348794,44.47463005910786],[11.35944954416097,44.474598171923724],[11.359417015327633,44.47456819037519],[11.359378288994698,44.474596556780355]]],"type":"Polygon"},"properties":{"codice_area_statistica":87,"geo_point_2d":{"lon":11.358364783243166,"lat":44.45918497334572},"area_statistica":"MONTE DONATO","cod_quar":16,"quartiere":"Savena","cod_zona":"R","zona":"S. Ruffillo"}},{"type":"Feature","geometry":{"coordinates":[[[11.396739843135501,44.46645847330036],[11.396424941826606,44.46659674776101],[11.395978581831288,44.466863817251074],[11.395375582207187,44.46725795796203],[11.394970544843316,44.467555665513245],[11.394967634399986,44.467557968226394],[11.394447485674377,44.46796079975081],[11.394318071426195,44.467912559465105],[11.394233800847362,44.467871645598954],[11.393982415978442,44.46778408292136],[11.393818780609731,44.4677201299709],[11.393487713367188,44.46755038679693],[11.3933425770118,44.46747855510651],[11.39308573739349,44.467385109068644],[11.392885682641365,44.46724854695649],[11.392647838312136,44.46710829326688],[11.392351369958323,44.4669153510457],[11.392043603247595,44.46675259650143],[11.391945054876492,44.46669476712139],[11.39179814996124,44.46657955089839],[11.391637541747022,44.466487083110394],[11.391543530776982,44.46643813392369],[11.39144817579117,44.46635628124827],[11.391368859845,44.466308527497965],[11.391281789605198,44.466275907479705],[11.391172161319169,44.46625424797053],[11.391063523321987,44.46625652357329],[11.390957642710777,44.46627521610505],[11.390806420756292,44.466258919731565],[11.3905852754098,44.46622013155304],[11.390360314166472,44.46619040746067],[11.390302926125573,44.46616764418911],[11.390248438336972,44.466113383025395],[11.390154735019847,44.46607192542662],[11.390005497490625,44.466001678774425],[11.389929062183075,44.46597332736312],[11.38986755312716,44.465952153586734],[11.389806785595786,44.46589802368031],[11.389742724017523,44.465814010995906],[11.389692956894342,44.465773127654764],[11.389525100582837,44.465707762442186],[11.389294981796915,44.465654179239166],[11.388978541056403,44.46558593635356],[11.388632410541863,44.465558744598766],[11.388336949295187,44.465594878404545],[11.388172940173229,44.46562376912839],[11.387764221024597,44.46570270159435],[11.387480368501647,44.46576704762923],[11.387238975676713,44.46584697080707],[11.38698708296194,44.465925609594144],[11.386823649441203,44.46598222340253],[11.386598871521185,44.46604604324322],[11.386328917000704,44.46609211761897],[11.386023379651867,44.46613744968081],[11.385962603508457,44.466134227700394],[11.3859073022291,44.4661114185984],[11.38581808921298,44.466077344755696],[11.385724937705534,44.46604934889756],[11.38561629452413,44.466046866036756],[11.38553513519599,44.46600989586977],[11.385459881546982,44.46593552239777],[11.385301477174533,44.46587772270563],[11.385216435406015,44.465825366940635],[11.38504193855157,44.46567187221943],[11.38490744622434,44.46548262029929],[11.384802576376938,44.465362582672654],[11.38473167169638,44.46529771464652],[11.384566193508721,44.46518593796334],[11.38443702012448,44.465127517443676],[11.38431593939854,44.46508814833549],[11.38426378521309,44.46506478655677],[11.384226770549153,44.46499397984204],[11.384144246565432,44.464948754771086],[11.384107060637406,44.464928375258104],[11.384017871380507,44.4648935792929],[11.383946316038445,44.46481300578964],[11.383814018722472,44.464677830454804],[11.383689968444223,44.46456518735777],[11.383675511519197,44.46450960998394],[11.383652750108796,44.46442976390497],[11.383541155905537,44.4643238465757],[11.383450120761424,44.464243679493414],[11.383274119736395,44.464112909033354],[11.383225349215497,44.46405281746501],[11.383180018947684,44.46395772388886],[11.383126206762817,44.46377377145644],[11.383066100943903,44.46355502021328],[11.383013954419901,44.46329244906983],[11.38298325810544,44.46319705891406],[11.382950254718926,44.463105209925615],[11.382878299559671,44.462954801740864],[11.38274254239344,44.46273413643034],[11.38270049986602,44.46248008675058],[11.382613665179607,44.46226363963681],[11.3824981242882,44.46200065385047],[11.382460332370284,44.461910642150535],[11.382419807733523,44.46181371043707],[11.38237305067201,44.46174309740739],[11.38226747294971,44.46166498835885],[11.38213532884797,44.461533300825394],[11.381989855811952,44.4614333194227],[11.381872379756766,44.46136243531339],[11.381770658985921,44.4613191574952],[11.381670003114937,44.461302055002015],[11.381557034331943,44.46124832555372],[11.381474515871064,44.46122097761465],[11.381396133537027,44.461190239367816],[11.381356279775463,44.46117279543783],[11.381301201033978,44.461145406104755],[11.381260759942972,44.46112341006303],[11.381228601118744,44.461101682368756],[11.381193049603496,44.46107936824387],[11.381157387282338,44.46103949230024],[11.381057743323113,44.46095637892502],[11.381008532990505,44.46092862397298],[11.380928647804533,44.460892443153945],[11.380864346091373,44.460862041039476],[11.380762417835465,44.46082876856007],[11.380674969120617,44.46077443396804],[11.380622586794594,44.46074378313696],[11.380584932289068,44.46069817787578],[11.380550780617865,44.46065493926524],[11.380504412209635,44.46060462727039],[11.380458639239961,44.46056895911212],[11.380420984978109,44.460523353790364],[11.380322780845237,44.46045582029167],[11.380207198745971,44.46038009656166],[11.38013518556265,44.46032787941664],[11.380020682431597,44.460278996831626],[11.379958893025947,44.460226566415564],[11.379823779650998,44.46013171379756],[11.379703025191194,44.460054882028246],[11.379576269239312,44.45999770192765],[11.379422151084135,44.45994986958653],[11.379374757668934,44.45993647125012],[11.381986927050198,44.4589759160603],[11.38259872004234,44.45937723323028],[11.382598745893091,44.45937725069597],[11.38265262988966,44.459466125272584],[11.382652643547106,44.459466151995386],[11.382770310056262,44.45971291563938],[11.382770323713824,44.459712942362174],[11.383541659634698,44.460231325208284],[11.383541698411811,44.460231351406485],[11.384074862355092,44.460359740292695],[11.384707619313454,44.4605800155785],[11.38525322564071,44.46062551293614],[11.385383876828614,44.46070778565687],[11.386278541838797,44.4620944323548],[11.386278591345214,44.462094413314674],[11.386278698423514,44.46209457312348],[11.387078437929235,44.46186233866751],[11.386611302736608,44.46056000979576],[11.38797806877966,44.46047739278703],[11.387985170885958,44.46032420861734],[11.38949698433073,44.46056149016153],[11.390725806986753,44.461545144398904],[11.391411753104217,44.46193137510487],[11.392896552506734,44.461717939014775],[11.39312764713127,44.46181937947403],[11.393326837888171,44.46219603228799],[11.393669994481195,44.46284487609434],[11.393670033999987,44.46284492027876],[11.393736170754607,44.462907073927795],[11.39373622283351,44.46290711784883],[11.39394866525631,44.46305059386641],[11.393948716967698,44.46305062879243],[11.394106873386457,44.46313339496017],[11.394210379119043,44.46312841528719],[11.394333033115267,44.46324676588919],[11.394333072634836,44.46324681007337],[11.394491212999176,44.46340661145198],[11.394491252518973,44.46340665563609],[11.394838565983104,44.463638488342895],[11.395068820825674,44.46371636459052],[11.397397039257978,44.46194323814356],[11.397458968134368,44.4618961141781],[11.397459314246229,44.46189627795877],[11.39759166153213,44.46197312647237],[11.397609337319151,44.46196549010496],[11.397609621405508,44.461965367104085],[11.39762176323243,44.46196011562771],[11.398404619822093,44.46162590459725],[11.398447554723242,44.4616076544547],[11.398678099756163,44.46150921001715],[11.399132176847349,44.46129768482856],[11.399204385742053,44.46127232825868],[11.399616305508225,44.46112723525807],[11.399617999285011,44.46112623637245],[11.400220482721949,44.46084374331958],[11.400353183682967,44.46090190076234],[11.400353238714922,44.46090201663923],[11.400434901094032,44.46093771434113],[11.400563594276974,44.461202250878266],[11.400743742082858,44.46132337369317],[11.401036210952666,44.46121314309824],[11.401495030264789,44.4617880587164],[11.401592522045714,44.4619429953677],[11.401738017730688,44.46213798289982],[11.401886618920877,44.46233234673446],[11.401971115687997,44.46243859123054],[11.402270592617707,44.462786758421956],[11.402373636196637,44.46290442373847],[11.402373581766186,44.462960691249755],[11.402286613291883,44.46300471677023],[11.401899268859353,44.46317660723428],[11.401601394101695,44.463327474535106],[11.401486948805212,44.46339121707991],[11.401323190255974,44.46349762498554],[11.401147596650159,44.46362229583923],[11.401024183560502,44.46371660138332],[11.400901423402088,44.46380752608117],[11.40077043606895,44.46390874261635],[11.400648407740587,44.46399852632141],[11.400474618920533,44.46410964524854],[11.400341576281372,44.4641990930745],[11.400257104401144,44.4642464495286],[11.400248405315416,44.46424675847875],[11.400218222290416,44.4642476812083],[11.400190658454802,44.4642484048164],[11.400181765801708,44.46424859179481],[11.400040987648001,44.464341019735635],[11.399837135501457,44.46444714312618],[11.39924740515696,44.46476169439142],[11.398847003196375,44.465018239426215],[11.397358455620488,44.465985224569806],[11.3972589009995,44.46606777168289],[11.396739843135501,44.46645847330036]]],"type":"Polygon"},"properties":{"codice_area_statistica":86,"geo_point_2d":{"lon":11.39100451919519,"lat":44.46350359998752},"area_statistica":"OSPEDALE BELLARIA","cod_quar":16,"quartiere":"Savena","cod_zona":"N","zona":"Mazzini"}},{"type":"Feature","geometry":{"coordinates":[[[11.353738925430122,44.504210130462184],[11.35382086880408,44.50439508210996],[11.354080777254891,44.504919901852425],[11.354131961917263,44.505023240092775],[11.35443087349495,44.50562707140086],[11.354773972668106,44.50634082997112],[11.354810203032395,44.50641327346649],[11.354948727123325,44.50669036864867],[11.355114633115942,44.5070350571601],[11.355208662729709,44.507214086755184],[11.355466541585551,44.50772098486005],[11.355491076563299,44.50778912315451],[11.355915357768065,44.50868824013134],[11.356414458642782,44.50970907403355],[11.356494224214321,44.50986205544221],[11.35681022527969,44.51051027899532],[11.35687729108609,44.51063186931164],[11.35595690858299,44.51070235422159],[11.35588927934244,44.51070751305537],[11.353450644442374,44.51104574484047],[11.352912235401844,44.5111204739315],[11.351481992583587,44.51131897729632],[11.350447600188135,44.51145969055649],[11.349343013337398,44.51161202100675],[11.348809736184535,44.51168322214089],[11.347550123329626,44.51186335595305],[11.346871856976255,44.51195593087498],[11.345233180735214,44.51219063597509],[11.34417602164918,44.51233350657437],[11.343383874641269,44.51244157903187],[11.34246840875305,44.512563969969655],[11.34242675066293,44.51256834480706],[11.341492425775984,44.51269587725128],[11.341247286105034,44.51176270334807],[11.340958587631098,44.51069699507247],[11.340695051244934,44.50967405427971],[11.3405195135747,44.50893922711587],[11.340381416986016,44.50838907585252],[11.340206165925832,44.507709589970304],[11.342085880926891,44.50745579683357],[11.3426021450013,44.50738774905333],[11.342912110837185,44.5073468988021],[11.343316765170771,44.50729184249811],[11.34394505915541,44.50720885824611],[11.345862562929824,44.506950796938945],[11.346074452757366,44.506922279474956],[11.346032280808943,44.50677707052134],[11.34592019296828,44.506391219328805],[11.345876593277884,44.50624113324688],[11.345742841981021,44.50578122177373],[11.345898949443134,44.50575274358326],[11.345970407440893,44.505740291929236],[11.346256367336116,44.50569399323847],[11.346617977144536,44.50563595682971],[11.346943671868075,44.505579837018146],[11.347304087539408,44.50552029254777],[11.347391807792143,44.50550588514158],[11.347758082851088,44.505441906515266],[11.348035088243247,44.50539072808469],[11.348296646861039,44.50534241447294],[11.349013489137054,44.505202791044134],[11.349491766064649,44.505105803278624],[11.350155541276559,44.504965878487255],[11.35019079895954,44.504961407534076],[11.35042935621051,44.50493119861679],[11.35061888412478,44.50490304311526],[11.35083970616014,44.504871965187476],[11.351022189550399,44.50484570058758],[11.351181135429046,44.50481911026442],[11.351327168780621,44.504793947025334],[11.351487894846628,44.504764708860804],[11.351681194292649,44.50472588687959],[11.351973566576492,44.50464847290674],[11.352166831776662,44.50459537273156],[11.352321065114811,44.50455298838695],[11.352498281409435,44.50450216292035],[11.352668679999654,44.504447606585074],[11.352897334065828,44.504371773524625],[11.353052432188255,44.50431527234021],[11.3532886279562,44.50422649938541],[11.353592187501306,44.50410586335653],[11.353678227982249,44.50407357063175],[11.353738925430122,44.504210130462184]]],"type":"Polygon"},"properties":{"codice_area_statistica":17,"geo_point_2d":{"lon":11.348524300352018,"lat":44.50875650044556},"area_statistica":"PIAZZA DELL'UNITA'","cod_quar":12,"quartiere":"Navile","cod_zona":"B","zona":"Bolognina"}},{"type":"Feature","geometry":{"coordinates":[[[11.318470044966025,44.51106909813543],[11.318292473476783,44.51111538563638],[11.318143029238117,44.5111504696507],[11.317746566425539,44.51125124640661],[11.31755811719566,44.511299275054434],[11.317044784901979,44.511431779359214],[11.316702408185987,44.51151930119494],[11.316309835938963,44.51161964289641],[11.316002577912652,44.51169843774644],[11.315602164916763,44.51180099767372],[11.315212834014847,44.51190099976984],[11.31486210723899,44.51199066599303],[11.314483419137748,44.51208593949376],[11.314150256304746,44.512174716264184],[11.313772082862842,44.51227033707102],[11.313383000109937,44.51237040891047],[11.312980074340635,44.512473289628545],[11.31256421840344,44.51258011291395],[11.312042824121455,44.51271293806473],[11.311624147211976,44.512818824773355],[11.31134106037874,44.5128916260251],[11.311062632698901,44.51296390912858],[11.310850776539562,44.51163897830092],[11.310845305519624,44.51150378049011],[11.310832517960328,44.511342632346796],[11.31081832189596,44.51115572035831],[11.310859530035048,44.511154886178815],[11.311149514248745,44.511168263071596],[11.311281755749192,44.511171779425425],[11.311994116057965,44.511170848916336],[11.31208938340724,44.511169324522676],[11.312164031250296,44.511143973782794],[11.312263211914221,44.51113705846689],[11.312354506898089,44.51109014235296],[11.312545649337759,44.5110121522144],[11.312689925197965,44.510953206407144],[11.31273683691554,44.510934043807076],[11.312843039007197,44.51090586571409],[11.31295136793129,44.510886926075],[11.313088360511294,44.510816901133445],[11.313172521502889,44.51081895883783],[11.3133144695404,44.51074668159565],[11.313671776163735,44.51062154268423],[11.313979512332693,44.510524379176005],[11.314288888980782,44.510428955084315],[11.314545302803252,44.51035905498805],[11.314860114983068,44.510297998968085],[11.315205345413158,44.510234353597355],[11.315499414125389,44.51015116508579],[11.316020812006318,44.50981281342407],[11.316471612746566,44.50944842514275],[11.316745236638573,44.50927298485478],[11.317176963293223,44.50903254111728],[11.317543055704636,44.50870934426368],[11.318169682754121,44.50824357557864],[11.318410786123843,44.508034464874015],[11.318940537646755,44.50748484686606],[11.319191450592717,44.50722062854187],[11.319637207633695,44.50630718226191],[11.31983066028983,44.50604584056936],[11.320236911046068,44.50564366751904],[11.320682329682493,44.50496799080754],[11.321007650956483,44.50452549017236],[11.321235095367728,44.50415390258048],[11.321526880102796,44.50354689410294],[11.321662933024445,44.503323375004136],[11.321876752945679,44.50304352033311],[11.321997599436587,44.50288536272847],[11.322321886091414,44.502477197090656],[11.322459253852177,44.50225302908425],[11.32261140248595,44.501985194758525],[11.323339720531713,44.50221108480585],[11.324518571004637,44.5020180356376],[11.324661841372844,44.501998247311114],[11.324705993415947,44.50199790634091],[11.32476488597606,44.5020066818575],[11.32484391985286,44.502031008719726],[11.32523542527045,44.50220061054598],[11.32528397467311,44.50222954618501],[11.325329654723879,44.50225655068277],[11.325358855841126,44.502289877557736],[11.325383373678642,44.50234524810683],[11.325577413187107,44.502943387519586],[11.325743707709758,44.503449536348626],[11.325798566629249,44.503643369407484],[11.325996262648417,44.50425350593957],[11.326008553623163,44.50429367705411],[11.326040379244294,44.50436099799929],[11.326068947810972,44.50439830770492],[11.326128312095717,44.50444859276836],[11.326187091046751,44.504480686525035],[11.326295822454593,44.50452063884003],[11.326375717993287,44.50453932946339],[11.326433698643708,44.50454534990418],[11.326550830245552,44.50454728396369],[11.326658264836857,44.504541997424994],[11.326765601985285,44.50453173434829],[11.32686330315533,44.504513889363125],[11.326989169663793,44.50449318350375],[11.328334966697783,44.50426552474185],[11.328444194241355,44.50424684013209],[11.328528607772125,44.50423240665066],[11.32857042131425,44.50422479279186],[11.328609370171982,44.50422010917493],[11.328645050960137,44.50421549221063],[11.328685834839064,44.50421582157832],[11.328737534047153,44.5042198443789],[11.328786348718458,44.50422819322153],[11.328821948812815,44.50425407856635],[11.328854265609802,44.504302069181705],[11.328981447678741,44.504706300739485],[11.329150948051991,44.50524498635156],[11.329194517961614,44.50538942587655],[11.329218001419491,44.50546733210927],[11.329339759102112,44.50587105269715],[11.329368903784205,44.505920854380875],[11.329420045518644,44.505973042997375],[11.329494230574786,44.50601788339217],[11.329564389854008,44.50605735033552],[11.329626510359086,44.506086079176114],[11.32972713953911,44.506124933193995],[11.329836142613274,44.50615262407625],[11.329946125191087,44.50616953679002],[11.330045656165577,44.50618114415488],[11.330152478608557,44.506184419260016],[11.330984717360819,44.50605352770834],[11.33092476992018,44.50615062017529],[11.330733427870005,44.50646050642161],[11.330126565072735,44.507530859387245],[11.32998811302763,44.50777503527472],[11.329882918405104,44.50778963290334],[11.329443529481939,44.50785046380533],[11.329095399848589,44.5079031202735],[11.328918476755588,44.507930496704994],[11.328758731840235,44.50795960201835],[11.32860706004663,44.50798925362857],[11.328387005729455,44.508038935167995],[11.32823452822384,44.5080767950538],[11.328092663315836,44.50811578868429],[11.327902327105432,44.508172515385496],[11.327598259156522,44.50827055094067],[11.327254714906196,44.50838792678245],[11.327030052760255,44.50846824535485],[11.326887393879819,44.508515148922015],[11.326603271044469,44.50861465679942],[11.326374371881368,44.50869540253201],[11.326190075752054,44.508758575154445],[11.325978508883697,44.50883229599571],[11.325808382934637,44.508891488217955],[11.32555928696983,44.50897659593431],[11.325352804871823,44.50904535063926],[11.325192993587955,44.50909821008299],[11.324965964085647,44.509175133824165],[11.324740149481768,44.50925130316359],[11.324595042081851,44.50929747050079],[11.32440935978164,44.50935751757146],[11.324198260072587,44.50942411356614],[11.323995227075041,44.50948793419997],[11.323783216466447,44.50955347666473],[11.32355811480279,44.50962233706916],[11.323336516356173,44.509690405523806],[11.323138588956548,44.50975295038491],[11.322924688559308,44.50981879078561],[11.32272225808703,44.50988169663367],[11.322519394940718,44.50994353961965],[11.322313463353384,44.510007326204324],[11.322182628051328,44.51004833873531],[11.321993308307222,44.51010593514482],[11.321853422640899,44.51015064239071],[11.32166374838735,44.51020851554026],[11.321457225637024,44.5102733028828],[11.321233548575902,44.51034015816204],[11.32096298462472,44.51041722994971],[11.320756820996733,44.5104752567967],[11.320555818874752,44.51053020749958],[11.32034842169442,44.510585386865294],[11.320123816833652,44.51064477769311],[11.319907920195575,44.51070138036083],[11.319656666782938,44.51076455275663],[11.319440365596787,44.51082081165926],[11.319153940400001,44.51089460040177],[11.318939563567476,44.51094864964057],[11.31869528099056,44.511012848644164],[11.318470044966025,44.51106909813543]]],"type":"Polygon"},"properties":{"codice_area_statistica":32,"geo_point_2d":{"lon":11.322165890780111,"lat":44.507437413079316},"area_statistica":"SCALO RAVONE","cod_quar":13,"quartiere":"Porto - Saragozza","cod_zona":"P","zona":"Saffi"}},{"type":"Feature","geometry":{"coordinates":[[[11.396862348912228,44.50665927310446],[11.396745180427386,44.50664371015657],[11.396770103681376,44.50656459448639],[11.39672615585717,44.50650800886764],[11.396682490002899,44.506511995553225],[11.39627518782197,44.50654896758694],[11.396220276103927,44.50654898597514],[11.39612713569234,44.50655059902805],[11.39600790340753,44.50655680182609],[11.395844231935008,44.50656531461376],[11.395678806518767,44.506574620191934],[11.39559778360866,44.506576302592975],[11.395526110278244,44.5065762042779],[11.395482756408285,44.50657614180634],[11.395333677760314,44.50655794310895],[11.395120021741267,44.50653321296454],[11.394869130424883,44.50650514945053],[11.394378308274362,44.50644816068288],[11.394135654855134,44.50641818526351],[11.393946444986339,44.50639503779049],[11.39378518998545,44.506375309920216],[11.392927478136265,44.506269949205866],[11.391051137154603,44.50602072625625],[11.389542691047284,44.505824169962175],[11.388800021044473,44.50572298680245],[11.388779708780321,44.505807756894484],[11.388655962148754,44.505793052494184],[11.388533313142775,44.50577842402053],[11.387230642874446,44.505604124771594],[11.38676410690272,44.50554169791198],[11.386641745191014,44.50551805883041],[11.386470255422296,44.50549895771475],[11.386320472085648,44.50548462405776],[11.386143109460274,44.505475737096965],[11.386042095709731,44.50547550792052],[11.385899544095752,44.50547191565226],[11.385668010604158,44.505467302076504],[11.3855253493559,44.50547335337873],[11.385236774252819,44.505485595433136],[11.384878552282327,44.50550236174004],[11.384524056933381,44.505533084074244],[11.384308557429094,44.5055483885703],[11.38409433363992,44.5055517916319],[11.38391495622396,44.50555796856592],[11.383673989779796,44.505559579656115],[11.383530920907395,44.50555564412771],[11.383322911949124,44.50554486296657],[11.382977651126394,44.50551823040151],[11.382702276335287,44.50549355003457],[11.382345839417221,44.50544887362893],[11.381972574929936,44.505408922494944],[11.3819262477511,44.50540749450608],[11.381784084774491,44.50538965592635],[11.38171669832604,44.50538111410398],[11.381664398981568,44.50537451710694],[11.381603461354924,44.505366785937554],[11.381563031498631,44.50536189480953],[11.381459724584014,44.50534860168041],[11.381409802966134,44.50534231506412],[11.381419615187657,44.5052888871935],[11.381456209885078,44.50514281333377],[11.381491894715888,44.50500775957733],[11.381537350033401,44.50486025847542],[11.381582816815465,44.50472138157187],[11.381641847411196,44.50455509692026],[11.38171724240426,44.504369322338896],[11.381802940364974,44.504186960762866],[11.381872786044871,44.504044703234825],[11.38201189790535,44.50379044876211],[11.382167620074874,44.50353295765493],[11.382283350474731,44.503365912508286],[11.38258839393255,44.502950208193035],[11.382676847636864,44.50284298686501],[11.382871248055075,44.50260128816477],[11.382991117080733,44.5024584088089],[11.384410625156454,44.500834672551974],[11.38482244456223,44.50038310711609],[11.385249197676046,44.49994502006174],[11.385612513129244,44.499528891068024],[11.385693236643444,44.499439329907375],[11.385917216809267,44.49919098498717],[11.386221864170135,44.49884007053663],[11.386586095973069,44.49842946481462],[11.386957324359798,44.497994404655195],[11.387010107846702,44.49793258755007],[11.387554098384477,44.4973156166628],[11.387907895666673,44.496914524547975],[11.388352369766066,44.49641042620929],[11.388395633854019,44.49636135721389],[11.38845969951222,44.49629436995472],[11.388597188533804,44.496116672059316],[11.389392027866156,44.49518736508508],[11.389886148888284,44.49464425757531],[11.390612937057037,44.49381912207643],[11.390651390591861,44.49379984346238],[11.390875875562065,44.49352394816923],[11.391242751153504,44.49367236816716],[11.390961125610138,44.49396851049062],[11.391037303287929,44.49400378944452],[11.391071238166903,44.49401949933571],[11.391169780288726,44.494048971211136],[11.391252362296886,44.4940683073373],[11.391347107057081,44.494078422038235],[11.391430665553244,44.49408164996969],[11.391512261731357,44.49407779791115],[11.391735720747565,44.49435599516953],[11.39209019160569,44.49488729090542],[11.392200790957107,44.49506818465119],[11.39287147587174,44.496165045497555],[11.393016871516178,44.49640281648037],[11.393124672464909,44.49657911361862],[11.393221169742617,44.49673613005318],[11.393252280039539,44.49678880006258],[11.393314360399092,44.496900543825824],[11.393944025522272,44.49803378221835],[11.394772668394255,44.499365346589094],[11.395683257433314,44.50084748134557],[11.395727831528859,44.500916108713966],[11.396745611540144,44.50247994284172],[11.396907417506814,44.502727825044644],[11.39710377446466,44.50302863675634],[11.39716171068224,44.503157993334824],[11.397220765405136,44.503314928260686],[11.397258600542385,44.50346730335796],[11.397283836564572,44.50365508905319],[11.397293706831277,44.504066668123606],[11.397288428159447,44.5043655831248],[11.397267073366919,44.50452923009587],[11.397254390702198,44.504672439166654],[11.397248542941647,44.504895510484474],[11.397239170416487,44.50510932015864],[11.397213132904303,44.5052376223488],[11.397119599542755,44.505659106026556],[11.396923387319765,44.5064088995411],[11.396862348912228,44.50665927310446]]],"type":"Polygon"},"properties":{"codice_area_statistica":64,"geo_point_2d":{"lon":11.390169825922571,"lat":44.50162201664894},"area_statistica":"VIA LARGA","cod_quar":14,"quartiere":"San Donato - San Vitale","cod_zona":"T","zona":"S. Vitale"}},{"type":"Feature","geometry":{"coordinates":[[[11.366036199458135,44.47260506289293],[11.365752222273525,44.4727212394447],[11.365231352935215,44.47292410357907],[11.364959142473591,44.47304000734135],[11.364830620524986,44.4731165273107],[11.36475115154894,44.47317421482386],[11.364685787382482,44.473229053360996],[11.364634528438936,44.47328105194046],[11.36456703616329,44.47337160283104],[11.364297132027694,44.47372270442083],[11.364145182806645,44.47391217841885],[11.364068850800242,44.473887579656065],[11.363974800352635,44.47383146953025],[11.36366100545477,44.473592205147234],[11.363500202201315,44.473449152183306],[11.363334742577527,44.473309085227974],[11.363269638002672,44.4732196867655],[11.363011950293187,44.472865835108365],[11.362956873602835,44.472700606950944],[11.362746047575056,44.47216888331522],[11.362723088761886,44.4721109315633],[11.362273794701348,44.47218055652787],[11.36196103076759,44.472166142299315],[11.361360446633975,44.472233267277126],[11.361281999849746,44.472266174055186],[11.361020121471322,44.47233163814173],[11.360604925537057,44.472439712642114],[11.360432222119744,44.472429041734486],[11.360443261368053,44.472346124482456],[11.360470221120726,44.47209713094168],[11.360509499648787,44.471796954878094],[11.3605709604625,44.471467898838924],[11.360607824225108,44.47136847690143],[11.3606529645375,44.4713006360115],[11.360737866609885,44.47120523506558],[11.360875884089852,44.47103681368607],[11.360942105313546,44.4709417899284],[11.360963808916763,44.47086551203888],[11.361033089103787,44.47083760246173],[11.361215726722403,44.470657391628],[11.361289627535415,44.470654584634815],[11.361193624352145,44.47076460179312],[11.361436717377241,44.47085040070072],[11.361464466357043,44.47089312924109],[11.361537559038837,44.47094725332562],[11.361704188012139,44.471001602879944],[11.36189181900587,44.4710557787278],[11.36183087189212,44.471065862291816],[11.361790264317099,44.47108304219205],[11.361866626262135,44.47109510123478],[11.361949243794706,44.471114187870086],[11.36205323341208,44.471161280477155],[11.362292384145167,44.471277047800406],[11.362304483278152,44.47130269793812],[11.362581767372385,44.47182585394983],[11.362772998527596,44.47179004474265],[11.363157125371107,44.47172572803656],[11.363251547079937,44.471937486329665],[11.363274126833954,44.471989152998205],[11.363332883626713,44.4720194637151],[11.363544856910064,44.472480474018795],[11.363586163667962,44.472516088335794],[11.36363377080112,44.47254364088402],[11.363718554693278,44.47255933240395],[11.363806749015977,44.47254957488045],[11.36389885335421,44.47252705164149],[11.363997347320524,44.47249805816827],[11.364115176232898,44.47245438604578],[11.364190894918059,44.47241000147634],[11.364243570086044,44.47234389367489],[11.364263400800048,44.4722863974018],[11.364261672657932,44.47224361677508],[11.364240405078233,44.47217777102347],[11.364264350183591,44.47213062356218],[11.364373310302533,44.47210023365397],[11.364509057560591,44.47206037620797],[11.364529992801273,44.47202618277423],[11.364527070398129,44.47198496633398],[11.364445093028007,44.47175458601811],[11.364570887443874,44.47171299908633],[11.364549322411083,44.471667802537894],[11.36468132249627,44.47163013811676],[11.36473563727597,44.47160962135467],[11.3647555888229,44.47164070818905],[11.364889124004181,44.47185232105495],[11.364950211056026,44.47198260167691],[11.364952669883467,44.47204345340288],[11.36508646990948,44.47204067235397],[11.365166842730964,44.47203899812535],[11.365165409340735,44.472013172324125],[11.365170221078218,44.471986325870695],[11.365181814836935,44.47192165396718],[11.36520477077226,44.47186778384614],[11.365235603491966,44.47182215895483],[11.36528680749008,44.471762310956635],[11.365348520198737,44.47171423666639],[11.365459936273965,44.47165194358934],[11.365643767575353,44.47157868799849],[11.366017265706706,44.471436610297715],[11.366229050955653,44.471356049417835],[11.366372257290015,44.471299560356286],[11.366628023471758,44.47119730898613],[11.366678095773313,44.47116331231625],[11.366709459809249,44.47113552818775],[11.366735265016993,44.471103970172564],[11.366752786535384,44.47106872177691],[11.366759569984888,44.47103562257121],[11.366760938842408,44.4710026266237],[11.366750997581494,44.47096043043137],[11.366662435224724,44.47058447191423],[11.36642487642199,44.469839947214346],[11.36640744888481,44.469782358661185],[11.36642904940719,44.469749429448896],[11.366474318573262,44.469738146998836],[11.366530483163546,44.46974447283636],[11.367399604675075,44.470253041602454],[11.367635235107405,44.47038853244269],[11.36785913982241,44.47050980781979],[11.367928748792774,44.470542015686625],[11.368077233333453,44.47057723264167],[11.368203456499336,44.470605096965926],[11.368442344433168,44.470641111699905],[11.368765863790113,44.470684417431215],[11.368817007534103,44.47070396313304],[11.368858102006252,44.47074174057996],[11.368973232349209,44.47088224986438],[11.369161939503993,44.471114120980545],[11.369267835512336,44.47123332337195],[11.369325582103569,44.47129048875471],[11.369551812133555,44.471428655437904],[11.370019505445745,44.47167995000955],[11.370144645131397,44.471731583560675],[11.370358276231585,44.47148592281765],[11.370557949680476,44.471247393502864],[11.370637654475676,44.4711476188283],[11.370778957500315,44.4708775767904],[11.370813909988387,44.470803416572586],[11.37084916066396,44.4707316538478],[11.370903505810023,44.470624123267655],[11.370986257967342,44.47037428351693],[11.371024964817897,44.47021963391201],[11.371063639472606,44.470029433639844],[11.371074848637269,44.469873500618235],[11.371091645499371,44.46953428435031],[11.371082695587406,44.469435936639485],[11.371049100110069,44.46924034144675],[11.371026452376311,44.46915392762247],[11.37094178691008,44.468845600076335],[11.370868864386894,44.468607104919535],[11.370757830190026,44.46858976723873],[11.37072232235809,44.46857879226173],[11.370527361851677,44.46850940666467],[11.370335615718524,44.46844115133649],[11.369894170467093,44.46827954621931],[11.369280946452738,44.468056785005984],[11.369010383779441,44.46795886116837],[11.36855573580241,44.46779297852308],[11.36848798823808,44.46776848365572],[11.368445318117066,44.467745458026506],[11.36842473319369,44.46771799501094],[11.368405627365872,44.46766245815315],[11.368230030098054,44.467100457785975],[11.368185699079387,44.466974521582195],[11.36811669946106,44.46675745046033],[11.368006246789959,44.46660738143314],[11.367792602751948,44.466387575841345],[11.367711110122793,44.46635763994093],[11.367614494505386,44.46635102833474],[11.367498618766291,44.46636491894087],[11.367447316769866,44.46633886702064],[11.367409900304903,44.46623153054995],[11.367370635572254,44.4661279144664],[11.367360153254284,44.46609626258156],[11.367139625688544,44.46614665906351],[11.366768636472798,44.46619971562199],[11.366756642224228,44.466168284083736],[11.36667625692866,44.465887097396255],[11.366665154227436,44.46584879636977],[11.366634418848566,44.46572600766607],[11.366614684325555,44.46561101221937],[11.366604644464529,44.46558034137754],[11.366570404195913,44.46543925996925],[11.366458415654835,44.4649798462046],[11.366461711170981,44.46490587537566],[11.366463865951662,44.4648472236462],[11.366484481894013,44.464741465605236],[11.366498915664014,44.46467247638695],[11.366510077013197,44.464590951336874],[11.366498762924305,44.4645539420437],[11.366545905314547,44.464541828496024],[11.366575774653192,44.4645122928481],[11.366511866133427,44.46447785032952],[11.366453242618755,44.464408701141984],[11.366429113941091,44.46436442229666],[11.366420223060231,44.46431023077264],[11.366443606423498,44.464170619521056],[11.366515214829276,44.463962344820615],[11.366573155285911,44.463819307343044],[11.366817308637899,44.463443976601944],[11.366925691959823,44.46324241132161],[11.366978906366592,44.463230954921634],[11.367036110962443,44.46321869554882],[11.367088205805317,44.46320753239111],[11.367282729372898,44.46315691003617],[11.367542814894858,44.46309709534044],[11.36791297082107,44.462999382526355],[11.36795062019641,44.4629903641552],[11.368001852751446,44.46297809313896],[11.367978936842073,44.46290631345007],[11.367965772139518,44.46286521047843],[11.368016466428136,44.46284212046552],[11.368048222332654,44.46282849793901],[11.36807013601168,44.462804636533164],[11.368097113491828,44.462598285931726],[11.368052840576022,44.462220382953106],[11.368000914693381,44.46200414576761],[11.367938701887558,44.462015312163494],[11.367903718313991,44.461876074034514],[11.367782353349474,44.46189326572264],[11.367755770370076,44.461813783771575],[11.367713565224253,44.46182078995809],[11.367637869592736,44.461817786628956],[11.367532505275154,44.461888094766884],[11.367402156704031,44.46197441446489],[11.3672881353155,44.46204203907673],[11.367251228096245,44.46204483903157],[11.36721057636032,44.462025291087414],[11.367195192205733,44.461997053782476],[11.367074965616816,44.46169976844145],[11.366736063292048,44.46078298192999],[11.366473902191986,44.46007462571121],[11.366483088137453,44.46003007933921],[11.36654971273156,44.45980155287239],[11.366552802656908,44.45975670974675],[11.366592484494598,44.459696946888926],[11.366642016521721,44.45960410220844],[11.366749775401694,44.459437615168596],[11.36691035732614,44.45922708125046],[11.366961179571025,44.459182967907346],[11.367049107049837,44.45912731800916],[11.367148505434299,44.45907682275283],[11.367321595454342,44.458989806009725],[11.367675543203438,44.45882761112722],[11.367784176562413,44.45878792498457],[11.367833244814607,44.45877941701692],[11.36787129182652,44.458779987222634],[11.367909326643021,44.458780566671244],[11.36795149651096,44.458789216713555],[11.368052017099803,44.458806910305235],[11.368079168708803,44.45873574844958],[11.368074464019971,44.458619415051395],[11.368028306984838,44.458352094208045],[11.367983914377545,44.458118757670604],[11.368038922746127,44.458056047599904],[11.368090449885392,44.457963827078665],[11.368167030446036,44.45779955190075],[11.368223345782248,44.45768307792807],[11.368281694505987,44.4575348364726],[11.368301012412635,44.457478853458504],[11.368327514062976,44.457388223323356],[11.368336113025231,44.45734567854538],[11.368337638003625,44.45730848404933],[11.368322809716714,44.45723461001347],[11.368316505445033,44.45715207865308],[11.36832968304916,44.45700923060162],[11.36825846482776,44.45696604607108],[11.368210949725626,44.45692029915643],[11.368131242660048,44.45683162030543],[11.36809476747879,44.45679031668361],[11.36804794522077,44.45676169633633],[11.367994654928669,44.4567347585937],[11.367787061693512,44.456656519542456],[11.367660940294373,44.45660305808402],[11.367271526039428,44.45643824765755],[11.367125600172637,44.456378975477584],[11.367033328533184,44.4563559695122],[11.366932743622524,44.456342480575024],[11.366845446059079,44.45633493687292],[11.36675405508661,44.45633371679593],[11.366649628388002,44.45633277590513],[11.366512799755158,44.45633717000303],[11.366447807942613,44.456343189679586],[11.366357394874925,44.45631235736172],[11.366232155770202,44.45628068040352],[11.366069466417825,44.45623733790243],[11.36601189500095,44.456212045419434],[11.36587459875155,44.456151035318676],[11.365843426504103,44.45613298289708],[11.365740139005558,44.456052578336546],[11.365637668636627,44.4559923946654],[11.365507012034747,44.45592303612442],[11.365474539655017,44.45589644003626],[11.365450798806451,44.45587596485203],[11.365325148224205,44.4558057461479],[11.365047826065698,44.45564218850539],[11.364785888654918,44.45550007084423],[11.364692624703828,44.455447140778105],[11.364627802860761,44.455411590738905],[11.36456561877923,44.45537599502754],[11.364520856844868,44.45534665534921],[11.364482993683813,44.455324743974145],[11.364453839126115,44.45528940033181],[11.364424405115711,44.45524744553432],[11.364392003203925,44.45519704471186],[11.364374869194082,44.45516523318278],[11.364360067823256,44.455125820128075],[11.364342451067897,44.455081738999944],[11.364337261260449,44.45505157063231],[11.364329370814001,44.45501957664839],[11.364326564328822,44.45498275098433],[11.364321196445164,44.45494785992095],[11.36431737636583,44.45491861746187],[11.364318640235332,44.4548845433236],[11.364320247279828,44.45485896956665],[11.364325695875758,44.45483048041541],[11.364330680439684,44.454804818699124],[11.364353068852976,44.45474947493952],[11.364391450983334,44.454684005046246],[11.364447524825644,44.45464953387707],[11.36480596147894,44.45444611279845],[11.365017750776374,44.45433785282777],[11.365170514488687,44.45428900845711],[11.365783138272798,44.453962959175996],[11.366225580297495,44.45372759779768],[11.366066621412244,44.453591927939605],[11.36601827494747,44.45355068963155],[11.365842211506646,44.45338889721888],[11.365911511425566,44.45334648097021],[11.365832718430411,44.45311935698326],[11.365875432138912,44.453042948629594],[11.365934883673848,44.45295151906096],[11.366073754054531,44.45286843631083],[11.366298905118686,44.45274889577222],[11.366595089115926,44.452664720984465],[11.366730434296269,44.45263036076336],[11.366921114623262,44.45279929393269],[11.36723328225697,44.453076692053756],[11.367406489963244,44.45322995303268],[11.367689063932595,44.45347535606535],[11.36782302929849,44.45359460812772],[11.36790116838502,44.45366421617291],[11.36797039194259,44.45372532156054],[11.368085951420632,44.453828876404025],[11.368320037355206,44.454036905466424],[11.368471753679275,44.45417234432632],[11.368578761494593,44.4542720069002],[11.368652008150084,44.454338384959996],[11.368773181603608,44.4544542012301],[11.368996282216921,44.45466210572933],[11.369199883508184,44.45486332940838],[11.369294994939745,44.45496029433738],[11.369355784656971,44.45500889820757],[11.369717306728974,44.45546606489476],[11.369807696848818,44.45557428165642],[11.369893536331666,44.455683096964954],[11.370015239153535,44.45583888158686],[11.370231726898231,44.45614432938544],[11.370415631793774,44.45642418366667],[11.370438268792174,44.45645894990587],[11.37055372664016,44.45664979381847],[11.37067495533115,44.45687170287606],[11.37077785230935,44.457081658910866],[11.370802638196668,44.457133476440255],[11.37095595610661,44.457478558911525],[11.37105728686824,44.45772645727615],[11.371181195119371,44.45804236956893],[11.37120869921003,44.458112558921655],[11.371235265216368,44.458181309327195],[11.371317267769676,44.45839355339406],[11.371420091420699,44.458660541971035],[11.371432207492939,44.45869216857939],[11.371498028211303,44.45886857609983],[11.371619122154172,44.459195259452486],[11.371876655623444,44.45913907992345],[11.372293003200017,44.46014009095744],[11.372617297901307,44.46074739325525],[11.372622825444703,44.46081276346426],[11.37262768911958,44.46087012613161],[11.372629941736037,44.46092571553483],[11.372626171729255,44.460979098434585],[11.372818482905316,44.461536729927],[11.37288401063915,44.46172680864114],[11.373166425415347,44.46216608154847],[11.373459947794153,44.46215425341537],[11.373899509354816,44.462001206382574],[11.374077915931359,44.46228808284303],[11.374148834175534,44.46239707010576],[11.37420371321708,44.462454616827884],[11.374563725747507,44.462686778434254],[11.374820387595705,44.4628812164022],[11.374746886425173,44.46290694452196],[11.374188277960565,44.46308115126237],[11.373892962805627,44.46317660789889],[11.37354330004848,44.46329866222182],[11.373373152300326,44.46334856339197],[11.373825957616326,44.464388160622235],[11.373957256488572,44.46479629176075],[11.374321639740941,44.46592751770378],[11.374615087137464,44.46674644070015],[11.375002464556784,44.467841076308666],[11.375164036702152,44.46830703897109],[11.375512245097303,44.46925785156608],[11.37557178365817,44.46942040611485],[11.375671717235655,44.46975178321271],[11.375831587982901,44.47024865015666],[11.376012457493264,44.470977176094635],[11.375942681251829,44.470984020976175],[11.37584149619258,44.47099142049383],[11.375755220891254,44.4710040552298],[11.375709601637801,44.47102310889879],[11.375623112215818,44.47107321685927],[11.3755545484032,44.47111489438246],[11.37546102365169,44.47116513962342],[11.375179640852313,44.47129101749363],[11.374917758068422,44.47140793649873],[11.37485464451614,44.471433988710366],[11.37480306628338,44.4714403642742],[11.374743958140707,44.47144335843438],[11.374684407881613,44.47143576568806],[11.374629579194027,44.471422763151594],[11.37457672382774,44.471397349952944],[11.374510517245053,44.47134747527474],[11.374413223136619,44.471261138425604],[11.374129672280855,44.47102491975897],[11.373906353039024,44.4708263841274],[11.373858460154246,44.47085510813048],[11.373832544621257,44.470874858623304],[11.373881588420883,44.47092627895492],[11.373803667759875,44.47097039165764],[11.373614371351627,44.47108281836465],[11.373527778962014,44.47113322396401],[11.37355778928567,44.47115708707536],[11.373453907829221,44.47121830413513],[11.373421960425597,44.471245886182395],[11.373273704599935,44.47112744229718],[11.373003729606685,44.47089692531261],[11.372935917847826,44.47084338300953],[11.372860715154683,44.470907415365495],[11.372441144925723,44.47121075549694],[11.372175817989696,44.47140723284729],[11.371870738686818,44.4716335959826],[11.371592759856323,44.4718393824703],[11.371491432476828,44.471923996477344],[11.37144780408235,44.47196741315853],[11.371399860597657,44.47199090666026],[11.371055348956784,44.47210559013182],[11.370828018486582,44.472182818758085],[11.370700750536912,44.47223046593574],[11.370656501402697,44.47225888785272],[11.370633395686026,44.47229186711634],[11.370639074838422,44.472431766773624],[11.370615766839578,44.47245975378513],[11.370564241939254,44.47248082758634],[11.370175414365768,44.472536408270315],[11.370102846610656,44.472555416049374],[11.370048461082256,44.472591547359194],[11.37000841177592,44.47263738290073],[11.369577317776985,44.47257881270761],[11.369010497686622,44.472557753725305],[11.368678246441913,44.472572336626456],[11.368607765198337,44.472599420513674],[11.368583925455303,44.47254097508029],[11.368256891519794,44.47210407561074],[11.368222495314544,44.47206934591784],[11.368188468746931,44.472044061287505],[11.368140305079532,44.472014604629685],[11.36800797227171,44.4719914943246],[11.367901832429311,44.471977491344326],[11.367773419453489,44.47197295286738],[11.367702192801065,44.47197756313573],[11.367620453308334,44.47199206921003],[11.366925033906671,44.47225518766182],[11.36640391303058,44.47246406711663],[11.366036199458135,44.47260506289293]]],"type":"Polygon"},"properties":{"codice_area_statistica":88,"geo_point_2d":{"lon":11.369809340661067,"lat":44.46418889192814},"area_statistica":"VIA TOSCANA","cod_quar":16,"quartiere":"Savena","cod_zona":"R","zona":"S. Ruffillo"}},{"type":"Feature","geometry":{"coordinates":[[[11.327574954573176,44.49706535834619],[11.327446680346414,44.49745243804333],[11.326984989807844,44.498904063882456],[11.32693152815573,44.499114508669265],[11.326802618366862,44.49919342416937],[11.326807109583756,44.4992942785559],[11.326890568764664,44.49940206675492],[11.326559431227075,44.49951481246696],[11.325074623073522,44.500024208710165],[11.324273322333235,44.50029807242078],[11.324080809543846,44.50036532511298],[11.323547436211312,44.50055165213007],[11.32285197041365,44.500775736945734],[11.322366172919123,44.500943940421415],[11.321651064649197,44.50119723476533],[11.320969771291438,44.501438700917014],[11.32083835723652,44.50148527830116],[11.319414848394004,44.50198546824167],[11.319009852601058,44.5021222711147],[11.317037933328963,44.502827945437325],[11.316585192549674,44.502989961717994],[11.315617023867398,44.5013566147624],[11.315187939353192,44.50064246479376],[11.315033884898595,44.5003860627145],[11.31451601603138,44.499520495667035],[11.314200716761658,44.498981718656644],[11.31402112235143,44.49867981169317],[11.313614117419187,44.497995591635764],[11.31355938590527,44.49790363217471],[11.313501991209932,44.497801580747165],[11.313743199220678,44.4977518322244],[11.31442654795848,44.497636979796376],[11.31467772834357,44.49759611071924],[11.314841471755937,44.497573858007236],[11.315002523715803,44.49755797045254],[11.315295837522395,44.49754148880813],[11.31595280618089,44.497502910012116],[11.316098894377593,44.49749286107877],[11.316412712186587,44.49748056087302],[11.316703403023734,44.49746520014056],[11.316947690123447,44.497450411404664],[11.317040508494301,44.49744034412913],[11.317118410241434,44.49743189393399],[11.317333012137945,44.497399638733974],[11.317812813152342,44.49732550233518],[11.317906042766433,44.49730741370573],[11.31800893197946,44.497280747448926],[11.318242128404295,44.497205467719944],[11.318545796892234,44.4971006141336],[11.318790656738697,44.4970118175797],[11.31886689753783,44.49699131846063],[11.318975642688528,44.49696485647029],[11.319051259770953,44.496957495665825],[11.319141924018005,44.4969537182341],[11.319188203614154,44.49695859368929],[11.319328926293082,44.49698678457079],[11.320040338036067,44.497126416546116],[11.320245723088261,44.49715263491369],[11.320428723254144,44.497170080283496],[11.320563427330033,44.49718287152587],[11.320616327521188,44.49718373170242],[11.320727237364755,44.497177596883965],[11.320866737871578,44.49717147485845],[11.321034844242444,44.497163213594405],[11.321797508271255,44.49712961809978],[11.322148883913988,44.497112316000795],[11.322232090141547,44.49710919196844],[11.323029012643326,44.49707932058856],[11.323303377654033,44.49706375310943],[11.323625120491624,44.49704745466833],[11.323678269324551,44.49704476134544],[11.324291568336388,44.497026441993626],[11.32458644459793,44.497014910076665],[11.325378326886266,44.49698392757161],[11.325831437686753,44.49695916714807],[11.325963673023367,44.496950351097134],[11.326506840980759,44.496934718134426],[11.326614732511201,44.49694727445136],[11.326677069387141,44.49695453837757],[11.327282539338738,44.497033158282896],[11.327574954573176,44.49706535834619]]],"type":"Polygon"},"properties":{"codice_area_statistica":35,"geo_point_2d":{"lon":11.320217799393948,"lat":44.499269886715},"area_statistica":"VIA VITTORIO VENETO","cod_quar":13,"quartiere":"Porto - Saragozza","cod_zona":"P","zona":"Saffi"}}]}